{"0.20": {"activatedMoleculePct": 0.21396143201460635, "activatedTokens": {"C": 221114, "c": 42943, "O": 31514, "n": 26661, "N": 21050, "F": 18831, "s": 17278, "[nH]": 17140, "#": 11630, "S": 10673, "=": 9417, "Cl": 8811, "others": 3539, ")": 2420, "1": 2385, "Br": 1687, "2": 1580, "3": 1336}}, "0.00": {"activatedMoleculePct": 0.6120065942451954, "activatedTokens": {"C": 625166, "c": 338494, "n": 107348, "O": 94902, "=": 85938, "F": 77774, "[nH]": 44422, "N": 44397, "s": 44032, "Cl": 37845, ")": 35323, "#": 23319, "S": 18786, "1": 18398, "2": 14586, "others": 12286, "(": 8770, "3": 7560, "o": 5419, "Br": 5203}}}