{"0.20": {"activatedMoleculePct": 0.15613801629226773, "activatedTokens": {"C": 208655, "1": 22146, "c": 13171, ")": 12582, "others": 2102, "(": 1286, "/": 1180, "N": 835}}, "0.00": {"activatedMoleculePct": 0.4200557625310066, "activatedTokens": {"C": 597611, "c": 88841, "(": 83418, "1": 61139, ")": 54033, "N": 32750, "O": 15891, "[C@H]": 13471, "others": 8478, "[C@@H]": 7658, "/": 6522, "-": 5761, "2": 3762, "F": 3158, "S": 2081}}}