{"0.20": {"activatedMoleculePct": 0.9094345896136976, "activatedTokens": {"C": 1554552, "c": 1245445, "(": 387558, "N": 380037, "O": 271080, "=": 226641, "n": 167500, "1": 158746, ")": 140504, "2": 140085, "F": 89579, "[C@H]": 75486, "[C@@H]": 73918, "s": 47330, "others": 43816, "3": 39476, "Cl": 35936, "o": 32009, "#": 28972, "Br": 22132, "[nH]": 14670}}, "0.00": {"activatedMoleculePct": 0.9983287352803103, "activatedTokens": {"C": 3727303, "c": 3331186, ")": 1929954, "(": 1761210, "O": 1368735, "=": 817146, "1": 814724, "N": 791805, "2": 488320, "n": 450131, "F": 278452, "3": 163161, "[C@@H]": 149926, "[C@H]": 147391, "others": 130820, "Cl": 89599, "s": 88969, "o": 76579, "#": 48323, "4": 42231, "Br": 39884}}}