{"0.20": {"activatedMoleculePct": 0.2854398568073278, "activatedTokens": {"3": 181333, "n": 129051, "O": 107849, "N": 35265, "1": 6535, "S": 5734, "5": 4673, "others": 4631, "c": 2709, "F": 2601, "C": 1957}}, "0.00": {"activatedMoleculePct": 0.6772950412067088, "activatedTokens": {"3": 486663, "n": 344146, "O": 326247, "1": 173485, "N": 109750, ")": 109078, "2": 56353, "c": 44582, "C": 41168, "S": 23715, "F": 18163, "=": 14812, "others": 14040, "5": 11423, "[nH]": 10057, "(": 7600}}}