{"0.20": {"activatedMoleculePct": 0.09655471927220156, "activatedTokens": {"1": 76332, "2": 49280, "c": 29576, "3": 6911, "others": 1629, "n": 995}}, "0.00": {"activatedMoleculePct": 0.20493132947570478, "activatedTokens": {"1": 170488, "2": 97711, "c": 33142, "3": 21241, "n": 9448, "-": 4544, "4": 3844, "others": 3128, "C": 2533, "(": 1062, "[C@@H]": 601}}}