{"0.20": {"activatedMoleculePct": 0.45504173401404535, "activatedTokens": {"c": 1367021, "others": 2584}}, "0.00": {"activatedMoleculePct": 0.6016801996143348, "activatedTokens": {"c": 2131180, "others": 21514, "1": 13885, "C": 8421}}}