{"0.20": {"activatedMoleculePct": 0.10307133341584684, "activatedTokens": {"N": 144981, "others": 1015, "[N-]": 670}}, "0.00": {"activatedMoleculePct": 0.2852692149669738, "activatedTokens": {"N": 412447, "O": 4687, "S": 4303, "C": 4199, "others": 3998, "1": 2922, "[N+]": 2234, "(": 2077, "=": 1935, "[N-]": 1841, ")": 1375, "F": 1131, "#": 1110}}}