{"0.20": {"activatedMoleculePct": 0.8051504541050348, "activatedTokens": {")": 1916220, "others": 624}}, "0.00": {"activatedMoleculePct": 0.9690427871598241, "activatedTokens": {")": 4023033, "others": 17220}}}