{"0.20": {"activatedMoleculePct": 0.5064642498020774, "activatedTokens": {"1": 487543, "2": 261935, "3": 88419, "4": 15469, "others": 3692}}, "0.00": {"activatedMoleculePct": 0.6429689336642662, "activatedTokens": {"1": 642846, "2": 385750, "3": 135350, "4": 25975, "others": 10903, "5": 3883}}}