{"0.20": {"activatedMoleculePct": 0.17026467062096787, "activatedTokens": {"N": 235524, "others": 1345}}, "0.00": {"activatedMoleculePct": 0.2873872244189206, "activatedTokens": {"N": 395810, "n": 4221, "others": 3995, "S": 3403, "3": 2652, "C": 2363, "=": 1617, "O": 1331, "2": 1164, "[C@@H]": 1130}}}