{"0.20": {"activatedMoleculePct": 0.024979621848893355, "activatedTokens": {"[O-]": 33340, "[N-]": 1639, "others": 360, "[Na+]": 287, "[Cl-]": 279, "[C-]": 215, "[Br-]": 110, "[K+]": 86, "[I-]": 80, "[CH2-]": 75, "[S-]": 61, "[O-2]": 46, "[Li+]": 44, "[NH3+]": 36, "[Zn+2]": 35, "[OH-]": 26, "[U+2]": 24, "[Pt+2]": 23, "[Ir]": 21, "[CH3-]": 20, "I": 18, "[Y]": 16}}, "0.00": {"activatedMoleculePct": 0.030998225471334, "activatedTokens": {"[O-]": 33340, "[N-]": 2295, "Cl": 1992, "F": 1605, "I": 1520, "Br": 1052, "O": 679, "C": 655, "others": 463, "[C-]": 346, "S": 315, "[Na+]": 289, "[Cl-]": 284, "[N+]": 179, "N": 169, "[CH2-]": 114, "[Br-]": 112, "#": 99, "[I-]": 93, "[K+]": 90, "[S-]": 86, "[NH3+]": 85, "[c-]": 82, "[NH+]": 67, "o": 62, "[NH2+]": 61, "[CH3-]": 57, "[Y]": 48, "[O-2]": 48, "[U+2]": 47, "[Li+]": 46, "[NH4+]": 40, "[Zn+2]": 40, "[B]": 39, "[Na]": 30, "[OH-]": 30, "[Pt+2]": 27, "[H+]": 26, "[Fe+2]": 26, "[Ir]": 26, "[n+]": 26, "[W]": 26, "[U]": 23, "[Zr+2]": 22, "[Cu+2]": 20, "[Ni+2]": 19, "[Mg+2]": 18, "[Pd+2]": 17, "[V]": 17, "[Ca+2]": 16, "[Re]": 15, "[Mn]": 15, "[F-]": 15, "[Pt]": 15, "[Fe]": 15, "[NH2-]": 15, "[Co+2]": 14, "[NH-]": 14, "[O+]": 13, "[P+]": 13, "[Ti]": 13, "[Li]": 12}}}