{"0.20": {"activatedMoleculePct": 0.2891895830846332, "activatedTokens": {"C": 297535, "O": 76415, "n": 38274, "F": 36572, "=": 27413, "Br": 15462, "Cl": 10521, ")": 8135, "c": 5618, "others": 4110, "[C@H]": 2397}}, "0.00": {"activatedMoleculePct": 0.6925707815762473, "activatedTokens": {"C": 983411, ")": 341110, "c": 211836, "n": 211546, "O": 202437, "F": 148561, "=": 123129, "Cl": 49853, "Br": 37188, "others": 23121, "-": 16692, "[C@H]": 14217, "2": 6401, "s": 5655}}}