{"0.20": {"activatedMoleculePct": 0.641518111837051, "activatedTokens": {"(": 1348911, "others": 4573}}, "0.00": {"activatedMoleculePct": 0.8966576902711447, "activatedTokens": {"(": 2791893, "others": 24423, "C": 16044}}}