{"0.20": {"activatedMoleculePct": 0.29588928933166253, "activatedTokens": {"N": 434928, "others": 4041}}, "0.00": {"activatedMoleculePct": 0.5746638612073972, "activatedTokens": {"N": 886659, "O": 17383, "=": 11955, "S": 8467, "others": 8019, "C": 7755, ")": 6019, "n": 6018, "c": 5360, "F": 4967, "[C@H]": 3232, "Cl": 3177, "2": 2921, "1": 2825, "s": 2648, "(": 2647, "3": 2431}}}