{"0.20": {"activatedMoleculePct": 0.215834830416432, "activatedTokens": {")": 71552, "O": 68019, "c": 54589, "1": 53742, "C": 48128, "[C@@H]": 17137, "N": 14323, "[C@H]": 10594, "n": 9716, "S": 4372, "others": 2853, "o": 2712, "(": 2627, "/": 1991, "\\": 1646, "2": 1128, "[C@@]": 1057, "F": 958, "[S@]": 943}}, "0.00": {"activatedMoleculePct": 0.49382283861602877, "activatedTokens": {")": 268382, "c": 139761, "C": 136817, "O": 129330, "1": 100108, "n": 48750, "N": 45269, "[C@@H]": 34706, "(": 30360, "[C@H]": 27463, "o": 19363, "S": 15224, "2": 10463, "others": 9312, "/": 3857, "[C@@]": 3547, "[C@]": 2944, "\\": 2603, "=": 2468}}}