{"0.20": {"activatedMoleculePct": 0.7056215867054627, "activatedTokens": {"O": 1523810, "others": 330}}, "0.00": {"activatedMoleculePct": 0.8591743424979476, "activatedTokens": {"O": 2068063, "others": 7062}}}