{"0.20": {"activatedMoleculePct": 0.9999135805272027, "activatedTokens": {"C": 10093844, "c": 9092695, "N": 1450354, "n": 925281, "1": 762144, "2": 634458, "O": 602400, "[C@H]": 524241, "[C@@H]": 511010, "(": 509570, "=": 491233, "others": 256308, "F": 250620, "3": 205709, "S": 147280, "Cl": 116283, "s": 107925, "o": 99757, "-": 65741, "[nH]": 64141, "Br": 62978}}, "0.00": {"activatedMoleculePct": 0.9999758318423533, "activatedTokens": {"C": 12859328, "c": 10296433, "(": 4565571, "1": 3421750, "O": 2734971, "N": 2471404, "=": 2263384, "2": 2230360, "n": 1516509, "3": 782776, "[C@H]": 754426, "[C@@H]": 738033, "F": 524846, "others": 427829, "S": 223392, "Cl": 176501, "o": 159742, "-": 153332, "4": 153220, "s": 150183, "[nH]": 116556}}}