{"0.20": {"activatedMoleculePct": 0.5939097707467155, "activatedTokens": {"c": 737160, "C": 703611, "1": 322394, "(": 251030, "2": 170587, "N": 84112, "n": 73509, "3": 73448, "[C@@H]": 71528, "O": 68220, "=": 63074, "[C@H]": 62005, ")": 40352, "F": 30906, "others": 23211, "4": 14865, "-": 7643, "S": 6959, "[C@]": 6882, "[C@@]": 6819}}, "0.00": {"activatedMoleculePct": 0.9215809197521958, "activatedTokens": {"c": 1944816, "C": 1878555, "(": 882846, "1": 802737, "2": 493071, "O": 311778, "N": 284656, ")": 275668, "n": 262867, "=": 216265, "3": 206480, "[C@@H]": 144913, "F": 129996, "[C@H]": 121497, "others": 75261, "4": 42536, "-": 29500, "S": 27197, "o": 24635, "s": 24361, "[nH]": 22080, "Cl": 18404}}}