{"0.20": {"activatedMoleculePct": 0.2125047512400828, "activatedTokens": {"(": 69617, "[C@H]": 67463, "c": 39044, "C": 34336, "[C@@H]": 20433, "2": 19265, "s": 16750, "F": 13431, "[C@@]": 12608, "O": 10264, "[C@]": 9911, "n": 6957, "Cl": 5295, "N": 5098, "1": 4485, "3": 4089, "[nH]": 4071, "o": 3888, "others": 3216, "=": 2042, "Br": 1822}}, "0.00": {"activatedMoleculePct": 0.5743775051577046, "activatedTokens": {"c": 394650, "C": 270001, "(": 159767, "[C@H]": 138926, "2": 58353, "1": 47534, "[C@@H]": 44755, "n": 43996, "O": 42065, "N": 39819, "s": 32565, "F": 28329, "[C@@]": 20360, "[C@]": 17066, "3": 16403, "o": 14845, "others": 14081, "[nH]": 12949, "Cl": 12390, "-": 9151, "=": 4979}}}