{"0.20": {"activatedMoleculePct": 0.17885901395381537, "activatedTokens": {"c": 251304, "C": 15863, "[C@@H]": 4241, "[C@H]": 2622, "n": 2000, "others": 819}}, "0.00": {"activatedMoleculePct": 0.3386837728398244, "activatedTokens": {"c": 482322, "C": 46732, "[C@@H]": 19208, "n": 18947, "[C@H]": 11675, "N": 6432, "others": 5727, "S": 2089, ")": 1253}}}