{"0.20": {"activatedMoleculePct": 0.6308614190516855, "activatedTokens": {"(": 1273034, "others": 1073}}, "0.00": {"activatedMoleculePct": 0.9525139644347251, "activatedTokens": {"(": 3690316, "others": 11910}}}