{"0.20": {"activatedMoleculePct": 0.2902244196529599, "activatedTokens": {"c": 994820, "others": 4601}}, "0.00": {"activatedMoleculePct": 0.6337594008640483, "activatedTokens": {"c": 2976030, "C": 68903, "n": 30215, "others": 26615, "o": 9979, "(": 7488, "s": 7437}}}