{"0.20": {"activatedMoleculePct": 0.3598499523594347, "activatedTokens": {"c": 543827, "-": 9556, "C": 6146, "others": 5314}}, "0.00": {"activatedMoleculePct": 0.6050227290537141, "activatedTokens": {"c": 1024809, "C": 38917, "-": 31465, ")": 13163, "others": 10942, "[C@@H]": 7302, "N": 7298, "O": 5909, "[C@H]": 4721, "n": 4532, "1": 3268}}}