{"0.20": {"activatedMoleculePct": 0.24183171199172718, "activatedTokens": {"c": 296737, "C": 215479, "n": 63085, "[C@@H]": 38787, "[C@H]": 32917, ")": 22476, "N": 14870, "O": 13801, "[nH]": 11109, "others": 6461, "o": 4926, "s": 2456}}, "0.00": {"activatedMoleculePct": 0.30356084846345444, "activatedTokens": {"c": 401093, "C": 304324, "n": 74673, ")": 66946, "[C@H]": 51946, "[C@@H]": 49768, "(": 29283, "N": 22258, "O": 21603, "[nH]": 12572, "others": 8985, "o": 6227, "s": 4041, "S": 2972}}}