{"0.20": {"activatedMoleculePct": 0.45814917319267956, "activatedTokens": {"C": 822554, "others": 5000}}, "0.00": {"activatedMoleculePct": 0.7770560693933719, "activatedTokens": {"C": 1474293, "O": 15511, "=": 14490, "others": 11212, "c": 5030, "N": 4227}}}