{"0.20": {"activatedMoleculePct": 0.012070163823490423, "activatedTokens": {"C": 4538, "c": 2064, "[C@@H]": 1651, "[C@H]": 1598, "3": 967, "N": 922, "[O-]": 770, "O": 654, "5": 584, "=": 528, "(": 492, "[C@@]": 377, "/": 335, "o": 285, "2": 273, "4": 267, "F": 263, "7": 166, "n": 148, "[Si]": 145, "others": 135, "[N+]": 81, "#": 75, "1": 74, "6": 69, "[C@]": 54, "[N-]": 44}}, "0.00": {"activatedMoleculePct": 0.03369260886473375, "activatedTokens": {"C": 13120, "c": 6148, "[C@@H]": 4466, "[C@H]": 4284, "3": 3039, "(": 2945, "[O-]": 2198, "N": 1871, "O": 1853, "=": 1388, "5": 1229, "o": 1109, "2": 956, "F": 897, "/": 820, "4": 815, "1": 777, "[C@@]": 749, "n": 680, "others": 446, "7": 237, "[Si]": 195, "#": 160, "[N+]": 142, "[C@]": 134, "6": 132}}}