{"0.20": {"activatedMoleculePct": 0.1835403128531389, "activatedTokens": {"(": 206667, "C": 123848, "n": 22058, "[C@@H]": 19927, "[C@H]": 14892, "1": 12458, "=": 5385, "others": 3607, "O": 3394, "/": 3043, "#": 1545, "[C@@]": 1527, "[C@]": 1333, "N": 1092, "F": 1025}}, "0.00": {"activatedMoleculePct": 0.391198249932439, "activatedTokens": {"(": 401220, "C": 312684, "n": 64784, "[C@@H]": 54208, "1": 53539, "[C@H]": 35598, "O": 26238, "c": 14700, "=": 14546, ")": 12764, "/": 10243, "F": 9378, "others": 9149, "N": 8746, "s": 5573, "#": 4728, "S": 3879, "o": 3760, "[C@]": 3717, "[C@@]": 3483}}}