{"0.20": {"activatedMoleculePct": 0.31532707939532734, "activatedTokens": {"C": 498877, "[C@H]": 116883, "2": 36544, "[C@@H]": 21710, "=": 21363, "1": 20001, "3": 10394, "N": 7502, "c": 7080, "others": 4757, "(": 4519, "O": 4104}}, "0.00": {"activatedMoleculePct": 0.5694889459973503, "activatedTokens": {"C": 1162215, "[C@H]": 216173, "2": 89724, "c": 83660, "1": 71400, "[C@@H]": 64683, "(": 45188, "=": 41401, "3": 29072, "N": 16609, ")": 14257, "others": 13925, "n": 10595, "O": 9547}}}