{"0.20": {"activatedMoleculePct": 0.31812399436662214, "activatedTokens": {"O": 570910, "others": 2805}}, "0.00": {"activatedMoleculePct": 0.7611644071880495, "activatedTokens": {"O": 1737274, "others": 12423}}}