{"0.20": {"activatedMoleculePct": 0.10754976626462082, "activatedTokens": {"C": 172271, "[C@H]": 1846, "[C@@H]": 1610, "others": 1495}}, "0.00": {"activatedMoleculePct": 0.25673394447036213, "activatedTokens": {"C": 408508, ")": 20890, "O": 10805, "(": 7703, "[C@H]": 7362, "c": 6585, "N": 5265, "[C@@H]": 4801, "others": 4686, "Cl": 1004}}}