{"0.20": {"activatedMoleculePct": 0.23377126523234754, "activatedTokens": {"(": 331477, "others": 2527}}, "0.00": {"activatedMoleculePct": 0.42344662828567936, "activatedTokens": {"(": 640416, "1": 10654, "others": 5879, "2": 4219, "C": 3351, "O": 2682}}}