{"0.20": {"activatedMoleculePct": 0.2168030214591269, "activatedTokens": {"C": 413574, "N": 184049, "c": 179038, "1": 126783, "(": 68724, "n": 46647, "[C@H]": 46391, "[C@@H]": 42068, "O": 38298, "=": 31616, "2": 29810, "S": 14942, "others": 11207, "-": 6039, ")": 4490, "[C@]": 3559, "[C@@]": 3320, "3": 3220}}, "0.00": {"activatedMoleculePct": 0.5579497492736736, "activatedTokens": {"C": 1161165, "c": 578551, "(": 444456, "N": 422194, "1": 323676, "O": 266198, "=": 202403, "2": 165853, ")": 161557, "n": 125808, "[C@H]": 99724, "[C@@H]": 92417, "others": 36138, "S": 33835, "3": 21958, "-": 20282, "[C@]": 7794, "[C@@]": 7390}}}