{"0.20": {"activatedMoleculePct": 0.9998330200017137, "activatedTokens": {"C": 9101633, "c": 3551353, "1": 1437476, "N": 1428541, "O": 1172503, "n": 853738, "2": 783614, "[C@@H]": 566428, "[C@H]": 477751, "=": 421662, "S": 190145, "others": 180195, "3": 178555, "F": 137224, "o": 121974, "s": 98553, "-": 91974, "Cl": 75388, "[nH]": 65246, "[C@]": 44495, "/": 43701}}, "0.00": {"activatedMoleculePct": 0.9999692405266315, "activatedTokens": {"C": 12814076, "c": 9220506, "1": 3644736, "O": 3371313, "N": 2521786, "2": 2485635, "=": 2132944, "n": 1553311, "3": 904364, "[C@@H]": 743392, "[C@H]": 722264, "F": 505220, "others": 415153, "S": 224556, "-": 174196, "4": 174179, "o": 173447, "Cl": 168592, "s": 155201, "[nH]": 125828}}}