{"0.20": {"activatedMoleculePct": 0.37724663165457406, "activatedTokens": {"c": 552972, "n": 37204, "others": 2357}}, "0.00": {"activatedMoleculePct": 0.5945330162666348, "activatedTokens": {"c": 981422, "n": 65688, "C": 10994, "others": 10785, "N": 9036, "[C@H]": 4405}}}