{"0.20": {"activatedMoleculePct": 0.011835805931158834, "activatedTokens": {"O": 4651, "C": 2444, "c": 2359, ")": 1583, "(": 1504, "2": 1078, "n": 1020, "1": 776, "[C@@H]": 441, "/": 353, "-": 237, "[C@H]": 206, "=": 175, "Cl": 156, "others": 156, "N": 90}}, "0.00": {"activatedMoleculePct": 0.036288854890719646, "activatedTokens": {"O": 17771, ")": 7310, "c": 7223, "C": 6251, "(": 5275, "2": 2710, "n": 2300, "1": 2220, "[C@@H]": 751, "/": 738, "=": 613, "-": 473, "[C@H]": 437, "others": 310, "Cl": 295, "N": 288}}}