{"0.20": {"activatedMoleculePct": 0.8390613087570024, "activatedTokens": {")": 2008717, "others": 3825}}, "0.00": {"activatedMoleculePct": 0.8867297040572478, "activatedTokens": {")": 2412906, "others": 18502}}}