{"0.20": {"activatedMoleculePct": 0.5923586144468458, "activatedTokens": {"=": 1256288, "others": 335}}, "0.00": {"activatedMoleculePct": 0.7922878676580982, "activatedTokens": {"=": 1843806, "others": 10478}}}