{"0.20": {"activatedMoleculePct": 0.058162502297805896, "activatedTokens": {"C": 177476, "c": 142281, "n": 121488, "(": 106985, "N": 67828, "2": 66192, "1": 49014, "3": 32055, ")": 27733, "-": 21268, "[C@H]": 15025, "[C@@H]": 14531, "O": 10401, "others": 5730, "=": 3939, "S": 3760}}, "0.00": {"activatedMoleculePct": 0.23482294627418554, "activatedTokens": {"C": 545586, "c": 295418, "(": 225602, "n": 194864, ")": 178086, "2": 154043, "N": 143606, "1": 136804, "3": 61986, "[C@@H]": 34418, "O": 33945, "-": 33456, "[C@H]": 31863, "=": 31479, "others": 21417, "S": 15735, "F": 4847}}}