{"0.20": {"activatedMoleculePct": 0.27670050452860007, "activatedTokens": {")": 437393, "others": 448}}, "0.00": {"activatedMoleculePct": 0.32660628533219865, "activatedTokens": {")": 541170, "others": 3872, "1": 2759}}}