{"0.20": {"activatedMoleculePct": 0.6741575749231197, "activatedTokens": {"O": 1369914, "others": 72}}, "0.00": {"activatedMoleculePct": 0.8394479992793494, "activatedTokens": {"O": 1997952, "others": 3588}}}