{"0.20": {"activatedMoleculePct": 0.9999750994739398, "activatedTokens": {"C": 9411301, "c": 8776499, ")": 2731495, "(": 2163810, "1": 2135951, "2": 1556018, "O": 1239029, "N": 1104617, "n": 1091273, "3": 640968, "[C@H]": 564234, "[C@@H]": 540351, "F": 477055, "=": 374815, "others": 333097, "4": 140216, "Cl": 123362, "S": 107798, "o": 104206, "[nH]": 101625, "s": 94544}}, "0.00": {"activatedMoleculePct": 0.9999919439474511, "activatedTokens": {"C": 12826751, "c": 10273754, ")": 6082454, "(": 5845045, "1": 3907776, "O": 3236199, "2": 2517429, "N": 2358730, "=": 1977069, "n": 1582410, "3": 957205, "[C@H]": 761788, "[C@@H]": 735939, "F": 560299, "others": 539410, "4": 196867, "S": 190613, "Cl": 170769, "-": 156999, "o": 150177, "s": 140300}}}