{"0.20": {"activatedMoleculePct": 0.008546007017554138, "activatedTokens": {"C": 3272, "c": 2150, "N": 1269, "O": 1136, "n": 1085, ")": 808, "=": 684, "2": 555, "3": 467, "[C@@H]": 305, "S": 268, "[C@H]": 137, "1": 129, "others": 109, "(": 95, "Cl": 26}}, "0.00": {"activatedMoleculePct": 0.02905012549132766, "activatedTokens": {"C": 10175, ")": 7355, "c": 7275, "=": 3916, "N": 3505, "n": 3423, "O": 2426, "2": 1902, "3": 1175, "1": 854, "S": 755, "[C@@H]": 699, "(": 680, "[C@H]": 367, "others": 273}}}