{"0.20": {"activatedMoleculePct": 0.5298773356144169, "activatedTokens": {"C": 1208441, "others": 966}}, "0.00": {"activatedMoleculePct": 0.6566078306295512, "activatedTokens": {"C": 2128554, "others": 16387, "1": 9333}}}