{"0.20": {"activatedMoleculePct": 0.746627626547769, "activatedTokens": {"C": 733508, "c": 666938, "(": 239063, "n": 169270, "N": 148343, "2": 134080, "O": 89627, "3": 83972, "1": 82125, ")": 79657, "[C@H]": 72814, "[C@@H]": 72235, "F": 36527, "=": 35737, "[nH]": 24333, "others": 22459, "4": 21630, "-": 20342, "s": 19367, "o": 18430, "S": 18394, "Cl": 13536, "/": 8696, "Br": 8381, "[C@@]": 7216, "[C@]": 7174}}, "0.00": {"activatedMoleculePct": 0.9856726767259909, "activatedTokens": {"C": 2562642, "c": 2265323, "(": 1161709, ")": 884440, "1": 607769, "N": 504278, "2": 498564, "O": 436227, "n": 414818, "=": 318242, "3": 238908, "[C@H]": 172012, "[C@@H]": 158731, "F": 107281, "others": 106113, "S": 57036, "[nH]": 56111, "-": 54861, "4": 52250, "s": 42369, "o": 38559, "Cl": 30947, "/": 23224}}}