{"0.20": {"activatedMoleculePct": 0.28024882949218305, "activatedTokens": {"c": 788816, "others": 3781}}, "0.00": {"activatedMoleculePct": 0.44037166232250136, "activatedTokens": {"c": 1498645, "n": 17568, "others": 15308, "[nH]": 8065, "C": 7891, "s": 3886}}}