{"0.20": {"activatedMoleculePct": 0.034560465434774174, "activatedTokens": {"C": 106108, "O": 4477, "N": 2850, "[C@H]": 2296, "[C@@H]": 2069, "S": 979, "others": 896, "-": 820}}, "0.00": {"activatedMoleculePct": 0.14882897952517626, "activatedTokens": {"C": 366307, "O": 17782, "N": 15848, "[C@@H]": 11005, "[C@H]": 9209, "-": 7315, "2": 5872, "=": 5698, "n": 5283, "3": 5120, "c": 4504, "#": 3872, "S": 3514, "others": 3457, "4": 1416, "1": 1399, "(": 1326}}}