{"0.20": {"activatedMoleculePct": 0.005690502573176421, "activatedTokens": {"C": 1748, "N": 1373, "2": 933, "[C@@H]": 834, "c": 790, "n": 526, "1": 460, "O": 337, "\\": 262, "(": 227, "6": 144, "8": 133, "4": 125, "[C@H]": 106, "others": 72, ")": 38, "=": 34, "/": 30, "s": 24, "%10": 24, "7": 21, "o": 16, "[C@]": 14}}, "0.00": {"activatedMoleculePct": 0.024874893165757677, "activatedTokens": {"C": 8740, "O": 6526, "c": 4660, "2": 3898, "N": 3391, "[C@@H]": 2465, "n": 2026, "1": 1656, "(": 882, "\\": 625, "4": 387, ")": 367, "others": 342, "[C@H]": 297, "6": 273, "8": 210, "/": 137, "s": 114, "=": 89, "F": 87, "[C@]": 65}}}