{"0.20": {"activatedMoleculePct": 0.12573667107796574, "activatedTokens": {"(": 200244, "others": 188}}, "0.00": {"activatedMoleculePct": 0.3841455421100852, "activatedTokens": {"(": 676472, "others": 5302, "1": 2774}}}