{"0.20": {"activatedMoleculePct": 0.9977281931812106, "activatedTokens": {"(": 6171466, "others": 20}}, "0.00": {"activatedMoleculePct": 0.9981441784400992, "activatedTokens": {"(": 6220340, "others": 5860}}}