{"0.20": {"activatedMoleculePct": 0.8448404279082167, "activatedTokens": {"C": 1496644, "others": 3660}}, "0.00": {"activatedMoleculePct": 0.8654558663808477, "activatedTokens": {"C": 1706536, "O": 18087, "others": 16817, "=": 13164, "S": 4723}}}