{"0.20": {"activatedMoleculePct": 0.4722648419951766, "activatedTokens": {"C": 809678, "others": 753}}, "0.00": {"activatedMoleculePct": 0.7843116432662752, "activatedTokens": {"C": 1408374, "others": 13281, "c": 2301, "#": 2236}}}