{"0.20": {"activatedMoleculePct": 0.36504390914823354, "activatedTokens": {")": 608102, "others": 74}}, "0.00": {"activatedMoleculePct": 0.7021523575305416, "activatedTokens": {")": 1545258, "others": 3959}}}