{"0.20": {"activatedMoleculePct": 0.4384814194471644, "activatedTokens": {"(": 735950, "others": 526}}, "0.00": {"activatedMoleculePct": 0.7487661423152948, "activatedTokens": {"(": 1485258, "others": 13422, "C": 5953}}}