{"0.20": {"activatedMoleculePct": 0.03594464173635763, "activatedTokens": {"S": 46656, "O": 2231, "[S@]": 500, "others": 406, "[S@@]": 229}}, "0.00": {"activatedMoleculePct": 0.08853748224922058, "activatedTokens": {"S": 75117, "O": 25149, "N": 13885, "C": 4793, "n": 2695, "#": 2409, "others": 1119, "[S@]": 1093, "[S@@]": 728, "s": 395, "2": 181}}}