{"0.20": {"activatedMoleculePct": 0.7307696532894693, "activatedTokens": {"C": 1528219, "c": 455861, "N": 163444, "[C@H]": 135822, "n": 102447, "(": 91665, "O": 79672, ")": 55795, "[C@@H]": 49567, "=": 42344, "2": 38024, "others": 26165, "1": 22475, "S": 18942, "3": 15809, "s": 14904, "-": 11264, "F": 7880, "[nH]": 7793}}, "0.00": {"activatedMoleculePct": 0.974713515785835, "activatedTokens": {"C": 4334946, "c": 1959415, "N": 586664, ")": 575978, "(": 494392, "n": 332841, "[C@H]": 289739, "O": 207353, "2": 175519, "1": 155884, "[C@@H]": 146044, "others": 90545, "3": 76472, "=": 70199, "F": 59873, "S": 56760, "s": 42098, "-": 37899, "[nH]": 28693}}}