{"0.20": {"activatedMoleculePct": 0.33137620080956004, "activatedTokens": {"N": 535040, "O": 6702, "others": 2074}}, "0.00": {"activatedMoleculePct": 0.6743824120260753, "activatedTokens": {"N": 1239712, "O": 30097, "F": 18032, "C": 13639, "-": 13415, "others": 12724, "1": 5385, "c": 5278, "(": 4114}}}