{"0.20": {"activatedMoleculePct": 0.0051683238943250965, "activatedTokens": {".": 9935, "others": 100, "=": 37, "C": 24, "2": 23}}, "0.00": {"activatedMoleculePct": 0.01447672643037044, "activatedTokens": {".": 10417, "C": 2701, "=": 2674, "1": 1498, ")": 1491, "c": 1269, "n": 873, "2": 805, "N": 527, "/": 520, "o": 283, "O": 244, "others": 197, "3": 161, "[C@@H]": 109, "(": 85}}}