{"0.20": {"activatedMoleculePct": 0.09631596716938876, "activatedTokens": {"C": 154734, "c": 42868, "(": 23483, "N": 22470, "1": 21598, "2": 16008, "O": 13686, "=": 9146, "3": 6628, ")": 6589, "[C@H]": 5947, "[C@@H]": 5400, "n": 4193, "Cl": 4017, "S": 3542, "others": 3227, "\\": 2970, "/": 1930, "4": 1611, "[nH]": 1563, "F": 1081, "Br": 865, "#": 816, "[C@]": 673}}, "0.00": {"activatedMoleculePct": 0.354052523997882, "activatedTokens": {"C": 453008, "c": 232092, "(": 128588, "1": 116230, "N": 89965, "2": 74803, "=": 53610, "O": 49234, ")": 43061, "3": 28379, "n": 25410, "[C@H]": 21617, "[C@@H]": 18671, "F": 17653, "others": 13148, "S": 12270, "Cl": 10884, "[nH]": 9465, "4": 8041, "\\": 7170, "/": 5248, "o": 4094, "s": 3782, "Br": 3506, "-": 2771}}}