{"0.20": {"activatedMoleculePct": 0.23500237653550193, "activatedTokens": {"c": 621020, "n": 24038, "others": 6096, "s": 4533, "[nH]": 4521, "o": 2380, "C": 2226}}, "0.00": {"activatedMoleculePct": 0.44835447803004613, "activatedTokens": {"c": 1220910, "n": 81531, "C": 34268, "O": 15040, ")": 13244, "others": 12626, "s": 11905, "(": 10954, "[nH]": 10459, "N": 7851, "o": 7520, "F": 5715, "=": 4445, "[N+]": 3144}}}