{"0.20": {"activatedMoleculePct": 0.39682210697998366, "activatedTokens": {"C": 629536, "S": 5692, "others": 3426}}, "0.00": {"activatedMoleculePct": 0.7064000943290517, "activatedTokens": {"C": 1302901, "S": 19400, "c": 14840, "others": 11349, "=": 10353, "(": 5240, "O": 5223, "[C@@H]": 2502}}}