{"0.20": {"activatedMoleculePct": 0.23964925411938923, "activatedTokens": {"C": 410944, "[C@H]": 16720, "[C@@H]": 10588, "(": 8744, "others": 4604, "N": 4291, ")": 3926, "/": 2620, "c": 2324}}, "0.00": {"activatedMoleculePct": 0.4805222958577975, "activatedTokens": {"C": 865334, "(": 172119, ")": 53479, "c": 53167, "[C@H]": 51426, "[C@@H]": 37033, "/": 12756, "N": 10526, "others": 9388, "n": 8880, "1": 8032, "#": 4400}}}