{"0.20": {"activatedMoleculePct": 0.18791694649243135, "activatedTokens": {"C": 303566, "others": 48}}, "0.00": {"activatedMoleculePct": 0.41712628887686176, "activatedTokens": {"C": 833236, "others": 8180}}}