{"0.20": {"activatedMoleculePct": 0.35098023850309756, "activatedTokens": {"c": 1163149, "others": 7771}}, "0.00": {"activatedMoleculePct": 0.6549944230145309, "activatedTokens": {"c": 2903081, "C": 32370, "others": 26353, "O": 10550, "F": 7335, "o": 5897, "[C@@H]": 4889}}}