{"0.20": {"activatedMoleculePct": 0.04205039720000908, "activatedTokens": {"[C@@H]": 24445, "[C@H]": 24289, "2": 5447, "3": 3273, "C": 2982, "[C@@]": 2812, "(": 2037, "[C@]": 1417, "O": 1372, "others": 619, "N": 584}}, "0.00": {"activatedMoleculePct": 0.15282404922101633, "activatedTokens": {"[C@@H]": 80241, "[C@H]": 72042, "C": 34896, "(": 21297, "2": 18858, "3": 8843, "[C@@]": 8733, "[C@]": 8230, "O": 7622, "c": 6075, "o": 5942, "1": 5120, "F": 3301, "N": 3187, "others": 2737, "[nH]": 1686, "-": 1635, "Cl": 1286}}}