{"0.20": {"activatedMoleculePct": 0.18043287367450472, "activatedTokens": {"[C@@H]": 144892, "[C@H]": 108764, "[C@]": 6155, "[C@@]": 3244, "C": 2929, "others": 1849}}, "0.00": {"activatedMoleculePct": 0.42145824804292853, "activatedTokens": {"[C@@H]": 306272, "[C@H]": 285991, "C": 29078, "c": 20895, "[C@]": 18746, "=": 17405, "[C@@]": 8829, ")": 8378, "others": 6340, "s": 4543, "O": 2613, "n": 1823, "(": 1741}}}