{"0.20": {"activatedMoleculePct": 0.874268455500929, "activatedTokens": {"1": 790367, "2": 752331, "3": 311310, "4": 61883, "others": 9826}}, "0.00": {"activatedMoleculePct": 0.9826084472837554, "activatedTokens": {"1": 1608762, "2": 1134737, "3": 438429, "4": 87729, "others": 20869}}}