{"0.20": {"activatedMoleculePct": 0.2761783258497488, "activatedTokens": {"C": 240314, "c": 58045, "-": 45876, "F": 32421, "[N+]": 29932, "2": 15043, "1": 9228, "3": 8855, "(": 7234, "o": 7059, "4": 4564, "others": 3563, "=": 2780, "N": 2483}}, "0.00": {"activatedMoleculePct": 0.5613830923963314, "activatedTokens": {"C": 566690, "c": 144592, "(": 97707, "F": 89746, "2": 77340, "-": 76081, "1": 54996, "3": 36166, "[N+]": 30359, "N": 22023, "o": 17144, "4": 13319, "others": 10859, "n": 6971, "=": 6190, "s": 3009}}}