{"0.20": {"activatedMoleculePct": 0.1420033059110187, "activatedTokens": {"O": 199491, "S": 1932, "others": 360}}, "0.00": {"activatedMoleculePct": 0.19893762637932436, "activatedTokens": {"O": 270488, "S": 10171, "C": 9796, "N": 4781, "Cl": 1792, "=": 1560, "others": 1462}}}