{"0.20": {"activatedMoleculePct": 0.1034609534118481, "activatedTokens": {"C": 176487, "#": 9815, "[C@@H]": 9206, "[C@H]": 8765, "N": 6308, "O": 5733, "others": 1699, "(": 1433, "=": 1084, "S": 915, "1": 550}}, "0.00": {"activatedMoleculePct": 0.2933948425151582, "activatedTokens": {"C": 497813, "N": 46753, "[C@H]": 40549, "[C@@H]": 39099, "(": 28816, "O": 27713, "c": 18709, "#": 17946, ")": 14363, "=": 7921, "others": 7443, "1": 6742, "F": 2939, "[N+]": 2245, "n": 2219, "S": 2168, "2": 1984}}}