{"0.20": {"activatedMoleculePct": 0.4061627337262246, "activatedTokens": {"C": 622304, "O": 96907, "[O-]": 31820, "N": 21237, "others": 7273, ")": 6397, "S": 4829}}, "0.00": {"activatedMoleculePct": 0.5991447401666724, "activatedTokens": {"C": 837438, "O": 194047, "N": 144501, ")": 74309, "[O-]": 32522, "F": 28812, "1": 24040, "S": 13715, "others": 12576, "=": 11861, "o": 8333, "[C@H]": 5624, "(": 5274, "2": 2992}}}