{"0.20": {"activatedMoleculePct": 0.504210019825213, "activatedTokens": {"c": 924910, "C": 9375, "n": 7105, "others": 3076}}, "0.00": {"activatedMoleculePct": 0.7304745088188143, "activatedTokens": {"c": 1762105, "C": 77215, "n": 32061, "others": 17711, "F": 7042, ")": 5396, "o": 4671, "s": 4229}}}