{"0.20": {"activatedMoleculePct": 0.08126799337646007, "activatedTokens": {"c": 98504, "n": 11628, "[C@H]": 9113, "[C@@H]": 7049, "C": 1534, "N": 1296, "others": 629}}, "0.00": {"activatedMoleculePct": 0.21793672776328096, "activatedTokens": {"c": 221233, "n": 57165, "C": 34050, "[C@H]": 16695, "[C@@H]": 13494, "N": 12841, ")": 4950, "1": 3520, "others": 3473, "o": 2359, "s": 2237, "F": 1834, "(": 1458, "2": 1342, "=": 1219}}}