{"0.20": {"activatedMoleculePct": 0.718680447887227, "activatedTokens": {"1": 996057, "2": 158928, "3": 25270, "others": 2679}}, "0.00": {"activatedMoleculePct": 0.8907438153318398, "activatedTokens": {"1": 1353110, "2": 470993, "3": 95365, "others": 13032, "4": 8803}}}