{"0.20": {"activatedMoleculePct": 0.6222048244036873, "activatedTokens": {"c": 1130171, "others": 2489}}, "0.00": {"activatedMoleculePct": 0.8092663645891084, "activatedTokens": {"c": 1679327, "n": 12216, "others": 9410}}}