{"0.20": {"activatedMoleculePct": 0.9912870129841596, "activatedTokens": {")": 5411054, "others": 105}}, "0.00": {"activatedMoleculePct": 0.9974052187108412, "activatedTokens": {")": 6106209, "others": 5410}}}