{"0.20": {"activatedMoleculePct": 0.08041698127993098, "activatedTokens": {"[C@H]": 72302, "[C@@H]": 37643, "[C@@]": 2267, "[C@]": 1500, "others": 995, "O": 470, "2": 437}}, "0.00": {"activatedMoleculePct": 0.2770286055778643, "activatedTokens": {"[C@H]": 244504, "[C@@H]": 136202, "C": 13497, "2": 9848, "[C@@]": 8847, "[C@]": 8671, "O": 8429, "c": 7049, "1": 6666, ")": 5260, "3": 4891, "others": 3954, "(": 1594}}}