{"0.20": {"activatedMoleculePct": 0.13574595018576524, "activatedTokens": {"c": 147203, "C": 15424, "[C@@H]": 12314, "[C@H]": 10556, "n": 3824, "S": 1926, "others": 611}}, "0.00": {"activatedMoleculePct": 0.26669781673652243, "activatedTokens": {"c": 308592, "C": 47558, "[C@@H]": 20777, "[C@H]": 18436, "n": 10371, "1": 9804, "N": 6708, "S": 4494, "others": 3941, ")": 2289}}}