{"0.20": {"activatedMoleculePct": 0.3996724848454666, "activatedTokens": {"1": 270170, "2": 236591, "3": 110034, "4": 27071, "others": 5712}}, "0.00": {"activatedMoleculePct": 0.6026828119724659, "activatedTokens": {"1": 472118, "2": 397927, "3": 189363, "4": 43100, "others": 8894, "5": 6090}}}