{"0.20": {"activatedMoleculePct": 0.4259191040497776, "activatedTokens": {"c": 1399613, "n": 22462, "others": 13631}}, "0.00": {"activatedMoleculePct": 0.6795390180257838, "activatedTokens": {"c": 2748512, "n": 80616, "C": 45640, "others": 29240, "2": 13334, "(": 12920, "o": 10008, "F": 7528, "1": 7053, "Br": 4889, "[nH]": 4638}}}