{"0.20": {"activatedMoleculePct": 0.008844813330276915, "activatedTokens": {"c": 3320, "=": 2517, "1": 1573, "C": 1356, "O": 1288, "N": 864, "n": 848, "[C@@H]": 510, "3": 444, "o": 296, ")": 252, "others": 130, "2": 88, "5": 76, "(": 75, "[nH]": 69, "Cl": 56, "7": 32, "[Si]": 31, "[c-]": 17, "I": 16}}, "0.00": {"activatedMoleculePct": 0.030140622059083088, "activatedTokens": {"1": 11199, "c": 10654, "=": 8418, "C": 4121, "O": 2931, "n": 1966, "N": 1744, ")": 1622, "3": 1589, "[C@@H]": 1441, "o": 1326, "2": 558, "(": 503, "others": 427, "[nH]": 193, "5": 142, "Cl": 121}}}