{"0.20": {"activatedMoleculePct": 0.32892423136104076, "activatedTokens": {"O": 203806, "c": 147036, ")": 64064, "S": 38357, "N": 37173, "C": 30904, "[C@H]": 26881, "(": 24657, "others": 5115, "=": 3588, "[C@@H]": 2681, "2": 2677, "1": 1894, "#": 1614}}, "0.00": {"activatedMoleculePct": 0.7607389011397849, "activatedTokens": {"c": 727387, "O": 395265, ")": 376743, "(": 300613, "C": 222976, "=": 94139, "N": 88987, "S": 66174, "[C@H]": 55714, "2": 23170, "1": 23122, "others": 22700, "[C@@H]": 21863, "3": 12131, "n": 7209, "[nH]": 6467, "#": 5705}}}