{"0.20": {"activatedMoleculePct": 0.16723998907306328, "activatedTokens": {"N": 95571, "[C@H]": 63342, "[C@@H]": 50839, "C": 17193, "[C@@]": 6791, "[C@]": 5957, "S": 3595, "others": 2422, "n": 1497}}, "0.00": {"activatedMoleculePct": 0.29055105596539704, "activatedTokens": {"N": 123201, "[C@H]": 97919, "[C@@H]": 85393, "C": 68595, "O": 30558, "c": 30325, "n": 15130, "[C@@]": 10299, "[C@]": 8156, "S": 7765, "F": 4544, "others": 4504, "=": 3821, "o": 3247, "2": 1870, "1": 1648, "-": 1186, "Br": 1013}}}