{"0.20": {"activatedMoleculePct": 0.22712941608998757, "activatedTokens": {"C": 378902, "=": 145782, "[C@H]": 12522, "[C@@H]": 9451, "N": 8810, "O": 4652, "others": 4322, "S": 1531}}, "0.00": {"activatedMoleculePct": 0.6342369050696739, "activatedTokens": {"C": 1109060, "=": 773414, "N": 60442, "[C@H]": 47321, "[C@@H]": 39119, "O": 24743, "others": 20292, ")": 20124, "c": 17080, "S": 13459, "-": 10432, "1": 10302, "(": 8753}}}