{"0.20": {"activatedMoleculePct": 0.623187662814653, "activatedTokens": {"O": 1258086, "others": 382}}, "0.00": {"activatedMoleculePct": 0.8219011844594352, "activatedTokens": {"O": 1919910, "others": 11433}}}