{"0.20": {"activatedMoleculePct": 0.6598851792801258, "activatedTokens": {"=": 1355699, "others": 260}}, "0.00": {"activatedMoleculePct": 0.7993632789012716, "activatedTokens": {"=": 1818269, "others": 11151}}}