{"0.20": {"activatedMoleculePct": 0.2577446128810421, "activatedTokens": {"2": 177963, "1": 160554, "3": 75461, "4": 13064, "others": 1715}}, "0.00": {"activatedMoleculePct": 0.5121943002695848, "activatedTokens": {"1": 450627, "2": 356681, "3": 123480, "4": 21017, "others": 4493}}}