{"0.20": {"activatedMoleculePct": 0.07728976815413133, "activatedTokens": {"2": 58433, "3": 35263, "4": 12505, "5": 2220, "others": 759}}, "0.00": {"activatedMoleculePct": 0.14345266300140688, "activatedTokens": {"2": 102093, "3": 60719, "4": 19158, "n": 11900, "O": 4351, "5": 3310, "N": 2439, "(": 1841, "1": 1794, "others": 1688, "=": 1370}}}