{"0.20": {"activatedMoleculePct": 0.2524598424089648, "activatedTokens": {"C": 862425, "N": 220836, "(": 172408, "[C@@H]": 156877, "1": 138916, "2": 92558, ")": 47977, "others": 15071, "O": 13543, "3": 13358, "[C@H]": 10740, "/": 8712}}, "0.00": {"activatedMoleculePct": 0.36216643365144974, "activatedTokens": {"C": 1561524, "N": 484410, "(": 435096, ")": 406406, "1": 397182, "2": 218337, "[C@@H]": 211324, "O": 42327, "[C@H]": 40965, "=": 36549, "3": 28442, "others": 27127, "#": 17577, "/": 17128, "c": 14540}}}