{"0.20": {"activatedMoleculePct": 0.5287319114156461, "activatedTokens": {"c": 499314, "N": 142672, "[C@H]": 105002, "S": 82993, "[C@@H]": 71046, "=": 32490, "n": 22203, "C": 14273, ")": 13694, "s": 11978, "others": 8448, "[N+]": 3607, "-": 2867, "[nH]": 2780, "[C@]": 2208}}, "0.00": {"activatedMoleculePct": 0.8443138550188841, "activatedTokens": {"c": 1228468, "N": 332058, "[C@H]": 199156, "[C@@H]": 155156, ")": 151815, "S": 120803, "n": 83155, "=": 73863, "C": 50166, "s": 33214, "others": 24871, "1": 16892, "-": 13077, "(": 10603, "[nH]": 9045, "[N+]": 8610, "O": 7961}}}