{"0.20": {"activatedMoleculePct": 0.6663768928977108, "activatedTokens": {"2": 593990, "1": 581584, "3": 217752, "4": 41935, "others": 7542}}, "0.00": {"activatedMoleculePct": 0.9353230806637894, "activatedTokens": {"1": 1423129, "2": 989858, "3": 355614, "4": 68301, "others": 20621}}}