{"0.20": {"activatedMoleculePct": 0.4215937361994327, "activatedTokens": {"c": 328047, "C": 306803, "n": 71682, "[C@@H]": 36758, "[C@H]": 27418, "s": 13191, "o": 12610, "N": 10183, "[nH]": 9493, "others": 8292, "O": 6406, "(": 3713, "2": 3520, "F": 1969}}, "0.00": {"activatedMoleculePct": 0.7016755856933296, "activatedTokens": {"C": 737660, "c": 652961, "n": 170948, "[C@@H]": 62234, "(": 57347, "[C@H]": 51998, "N": 31177, "s": 29237, "o": 26761, "[nH]": 21002, "O": 19153, "others": 15240, "2": 14056, ")": 11811, "=": 10741, "1": 10472, "F": 8861, "S": 5706}}}