{"0.20": {"activatedMoleculePct": 0.5204012207116717, "activatedTokens": {"N": 473908, "C": 164892, "c": 126760, "1": 39307, "[C@@H]": 36483, "2": 32326, "n": 16266, "3": 15197, "[C@H]": 8910, "others": 7063, ")": 6349}}, "0.00": {"activatedMoleculePct": 0.8337816648638198, "activatedTokens": {"c": 667174, "N": 577631, "C": 398943, ")": 129217, "[C@@H]": 128121, "1": 82773, "2": 63863, "[C@H]": 63178, "n": 53217, "3": 27190, "others": 18872, "S": 13284, "[C@@]": 5213}}}