{"0.20": {"activatedMoleculePct": 0.6994960572946457, "activatedTokens": {"=": 1511802, "others": 550}}, "0.00": {"activatedMoleculePct": 0.8305914680544559, "activatedTokens": {"=": 2014604, "others": 16130}}}