{"0.20": {"activatedMoleculePct": 0.4506731564273018, "activatedTokens": {"c": 443461, "C": 383718, "1": 185082, "(": 128963, "n": 58255, ")": 46836, "O": 34377, "=": 29154, "2": 16381, "[C@H]": 13314, "[C@@H]": 12039, "others": 10050, "3": 7553}}, "0.00": {"activatedMoleculePct": 0.7537586977903713, "activatedTokens": {"C": 840282, "c": 825434, "1": 496628, "(": 454867, ")": 155705, "O": 142575, "=": 124558, "2": 99822, "n": 95241, "3": 54995, "[C@H]": 33095, "others": 27457, "[C@@H]": 23336, "N": 9187}}}