{"0.20": {"activatedMoleculePct": 0.3128458152102666, "activatedTokens": {"O": 186490, "N": 129435, "(": 64790, ")": 24582, "n": 21186, "c": 18891, "-": 16864, "1": 12987, "S": 10451, "s": 8740, "C": 8170, "2": 6741, "[nH]": 6656, "others": 3590, "[C@H]": 2565, "o": 2434}}, "0.00": {"activatedMoleculePct": 0.5277124545840037, "activatedTokens": {"O": 202798, "N": 197691, ")": 168468, "(": 141780, "c": 117661, "C": 57240, "n": 55581, "-": 54774, "1": 45246, "2": 26826, "s": 22147, "S": 15082, "[nH]": 11444, "[C@H]": 9374, "3": 8708, "others": 7765, "o": 6232, "4": 3803}}}