{"0.20": {"activatedMoleculePct": 0.49222774021134685, "activatedTokens": {"=": 824089, "others": 61}}, "0.00": {"activatedMoleculePct": 0.7375103721676567, "activatedTokens": {"=": 1584973, "others": 3701}}}