{"0.20": {"activatedMoleculePct": 0.11170742174826594, "activatedTokens": {"n": 157023, "s": 1756, "others": 1440}}, "0.00": {"activatedMoleculePct": 0.19776876639132054, "activatedTokens": {"n": 266559, "s": 13881, "[nH]": 6561, "C": 4334, "others": 2325, "N": 1395, "S": 858, "Cl": 761, "(": 733, "c": 686}}}