{"0.20": {"activatedMoleculePct": 0.005295755998280399, "activatedTokens": {"C": 1489, "c": 1005, "(": 960, "1": 880, "F": 634, "O": 532, "3": 530, ")": 327, "-": 269, "N": 237, "n": 192, "2": 189, "=": 131, "others": 64, "o": 56, "Br": 49, ".": 47, "5": 45, "[C@@H]": 40, "/": 31, "S": 23, "Cl": 19}}, "0.00": {"activatedMoleculePct": 0.014451825904310208, "activatedTokens": {"(": 3493, "C": 3395, "1": 3159, "c": 2983, "3": 1455, ")": 1392, "O": 1189, "F": 1158, "2": 607, "n": 569, "-": 535, "N": 515, "=": 469, "others": 210, "o": 147, "[C@@H]": 115, "Br": 97, "5": 78, ".": 69, "/": 58, "Cl": 57}}}