{"0.20": {"activatedMoleculePct": 0.3046828368729919, "activatedTokens": {"N": 427865, "others": 1908}}, "0.00": {"activatedMoleculePct": 0.5133829342047541, "activatedTokens": {"N": 719663, "O": 12184, "C": 9139, "c": 8523, "others": 7358, "=": 3540, "n": 2172, "S": 1644, "Cl": 1187}}}