{"0.20": {"activatedMoleculePct": 0.0003288334176777623, "activatedTokens": {".": 151, "[C@H]": 104, "C": 64, "/": 48, "c": 35, "=": 21, "-": 10, "B": 6, "N": 6, "1": 5, "4": 4, "2": 4, "F": 4, "others": 4, "n": 3, "[Si]": 2, "5": 2}}, "0.00": {"activatedMoleculePct": 0.006050095464222705, "activatedTokens": {"[C@H]": 1411, "C": 1408, "=": 994, "c": 927, ".": 845, "(": 727, "/": 592, "N": 495, "-": 261, "n": 217, "[C@@H]": 209, ")": 192, "F": 179, "others": 83, "2": 53, "1": 46, "4": 35, "3": 31, "5": 17}}}