{"0.20": {"activatedMoleculePct": 0.2608996560065562, "activatedTokens": {"C": 207128, "[nH]": 99231, "O": 47004, "n": 26926, "o": 20091, "1": 18325, "N": 10529, "2": 9338, "(": 7952, "s": 5175, "c": 3634, "others": 3089}}, "0.00": {"activatedMoleculePct": 0.6185378557571115, "activatedTokens": {"C": 756758, "[nH]": 119373, "O": 118692, "n": 93646, "1": 68119, "N": 67421, "(": 61849, "2": 53535, "c": 43395, "o": 40762, "s": 14803, "others": 12561, ")": 11296, "3": 7472}}}