{"0.20": {"activatedMoleculePct": 0.4077651558150418, "activatedTokens": {"c": 675178, "-": 11158, "[C@H]": 5600, "others": 2560}}, "0.00": {"activatedMoleculePct": 0.7235726688896489, "activatedTokens": {"c": 1406691, "[C@H]": 25875, "C": 21023, "O": 19438, "-": 19245, "others": 14385}}}