{"0.20": {"activatedMoleculePct": 0.24557704405855138, "activatedTokens": {")": 201253, "N": 73430, "2": 41637, "1": 31062, "3": 22429, "F": 11045, "O": 9418, "others": 3580, "4": 3503, "C": 1974, "/": 1032}}, "0.00": {"activatedMoleculePct": 0.41547992468323236, "activatedTokens": {")": 287715, "N": 214566, "2": 72917, "1": 55743, "F": 36711, "3": 34265, "C": 27350, "O": 21289, "[C@@H]": 6792, "c": 6701, "others": 6294, "[C@H]": 6093, "4": 6015, "/": 3900, "[C@@]": 2944, "=": 2628, "n": 2571, "Cl": 2522}}}