{"0.20": {"activatedMoleculePct": 0.7774163946528317, "activatedTokens": {")": 2622194, "others": 401}}, "0.00": {"activatedMoleculePct": 0.9825776878103869, "activatedTokens": {")": 5343380, "others": 8221}}}