{"0.20": {"activatedMoleculePct": 0.3965826225087573, "activatedTokens": {"c": 1199203, "C": 12308, "others": 11128, "n": 4403}}, "0.00": {"activatedMoleculePct": 0.6677544778835725, "activatedTokens": {"c": 2578590, "C": 89660, "n": 28840, "others": 22618, "s": 10168, ")": 10009, "[nH]": 8942, "o": 8282, "O": 7662}}}