{"0.20": {"activatedMoleculePct": 0.24773899561531032, "activatedTokens": {"c": 614041, "others": 896}}, "0.00": {"activatedMoleculePct": 0.34543767434945544, "activatedTokens": {"c": 1045975, "others": 8927, "n": 4922, "2": 3203, "C": 1868}}}