{"0.20": {"activatedMoleculePct": 0.2530530608239291, "activatedTokens": {"c": 1080889, "C": 13535, "others": 10690, "n": 5517, "F": 2874, "O": 2186}}, "0.00": {"activatedMoleculePct": 0.6638817137127929, "activatedTokens": {"c": 3735949, "C": 101211, "n": 52141, "others": 39157, "F": 34941, "s": 20593, "O": 17853, "[C@H]": 14404, "[C@@H]": 11855, "N": 9688, ")": 9658}}}