{"0.20": {"activatedMoleculePct": 0.297091838266689, "activatedTokens": {"C": 344000, "c": 68311, "N": 49139, "n": 48477, "1": 29132, "2": 18819, "(": 6065, "O": 5396, "others": 5367, "=": 1727}}, "0.00": {"activatedMoleculePct": 0.6674073352555563, "activatedTokens": {"C": 799136, "c": 346484, "n": 179293, "N": 174641, "1": 170329, "(": 120915, "2": 115777, ")": 100218, "=": 99932, "O": 23114, "others": 18996, "3": 11951, "[C@H]": 9323, "[nH]": 7081}}}