{"0.20": {"activatedMoleculePct": 0.4926920617855288, "activatedTokens": {"1": 414123, "2": 321481, "C": 123715, "3": 113993, "O": 58273, "4": 16875, "F": 15030, "N": 9198, "others": 3070}}, "0.00": {"activatedMoleculePct": 0.6950483839192403, "activatedTokens": {"1": 585078, "2": 423926, "C": 366700, "F": 186385, "3": 153766, "O": 89767, "N": 55179, "4": 24708, ")": 22908, "others": 18479, "#": 7388, "c": 6509, "(": 6413, "/": 5691, "[C@@H]": 5291}}}