{"0.20": {"activatedMoleculePct": 0.22930308554136308, "activatedTokens": {"O": 222066, "N": 67840, "C": 23402, "(": 17690, "=": 13120, "S": 4505, "others": 2766, "[O-]": 1241, "Cl": 1207, "[nH]": 1181, "F": 880}}, "0.00": {"activatedMoleculePct": 0.5670897070746056, "activatedTokens": {"O": 356798, "C": 326390, "N": 140248, "(": 124910, "=": 71161, "F": 29823, "Cl": 28721, "S": 14591, "[O-]": 13286, "others": 11621, "[nH]": 10860, "[C@H]": 8900, "#": 7505, "s": 5966, ")": 5630, "Br": 5628, "c": 5567, "I": 2583}}}