{"0.20": {"activatedMoleculePct": 0.7261513380737099, "activatedTokens": {")": 1366376, "others": 371}}, "0.00": {"activatedMoleculePct": 0.8523266978313839, "activatedTokens": {")": 1809295, "others": 3943}}}