{"0.20": {"activatedMoleculePct": 0.30137692585428943, "activatedTokens": {"N": 459235, "others": 932}}, "0.00": {"activatedMoleculePct": 0.5709031494038888, "activatedTokens": {"N": 1021817, "C": 12445, "others": 8719, "O": 8033, ")": 5190, "c": 4494, "[C@@H]": 3394, "(": 2852, "Cl": 2739, "1": 2426}}}