{"0.20": {"activatedMoleculePct": 0.25342803345165965, "activatedTokens": {"N": 300179, "O": 40448, ")": 20042, "C": 11990, "o": 4783, "=": 2891, "others": 2325}}, "0.00": {"activatedMoleculePct": 0.37752786112537196, "activatedTokens": {"N": 403138, "=": 100209, "O": 81607, "C": 73370, ")": 67735, "o": 19504, "1": 7608, "others": 6473, "(": 6120, "2": 3933, "[C@@H]": 2253}}}