{"0.20": {"activatedMoleculePct": 0.6281670356582857, "activatedTokens": {"1": 800765, "2": 254627, "3": 81580, "4": 21900, "others": 6243}}, "0.00": {"activatedMoleculePct": 0.8827258459404452, "activatedTokens": {"1": 1327503, "2": 638577, "3": 228045, "4": 53530, "others": 20346, ")": 10238, "C": 8767, "5": 6216, "F": 4917}}}