{"0.20": {"activatedMoleculePct": 0.19101706198693016, "activatedTokens": {"c": 412303, "n": 31942, "s": 8241, "o": 5635, "others": 3421, "C": 2432, "F": 1999, "[nH]": 1913, "Cl": 1272}}, "0.00": {"activatedMoleculePct": 0.360016932357721, "activatedTokens": {"c": 837774, "n": 85239, "C": 20784, "s": 12861, "2": 11743, "N": 11416, "o": 9781, "others": 8794, "(": 6949, "F": 6347, "[nH]": 5916, ")": 4338, "3": 3964, "=": 3451, "Cl": 3394}}}