{"0.20": {"activatedMoleculePct": 0.6084626634920938, "activatedTokens": {"(": 1156264, "others": 3353}}, "0.00": {"activatedMoleculePct": 0.8524643830931287, "activatedTokens": {"(": 2136190, "others": 14807, "C": 11923, ")": 7913}}}