{"0.20": {"activatedMoleculePct": 0.5611750997668872, "activatedTokens": {")": 912695, "others": 482}}, "0.00": {"activatedMoleculePct": 0.6811202014306085, "activatedTokens": {")": 1335827, "others": 4851}}}