{"0.20": {"activatedMoleculePct": 0.915011575082776, "activatedTokens": {"1": 1347735, "2": 830137, "3": 220120, "4": 41707, "others": 4914}}, "0.00": {"activatedMoleculePct": 0.9845521530532806, "activatedTokens": {"1": 1928705, "2": 1198067, "3": 398259, "4": 81259, "others": 11325}}}