{"0.20": {"activatedMoleculePct": 0.4688366254514136, "activatedTokens": {"=": 931516, "others": 514}}, "0.00": {"activatedMoleculePct": 0.7509764301873472, "activatedTokens": {"=": 1705456, "others": 8584}}}