{"0.20": {"activatedMoleculePct": 0.2274311518763645, "activatedTokens": {"C": 475420, "others": 887}}, "0.00": {"activatedMoleculePct": 0.4640872162896312, "activatedTokens": {"C": 1081372, "c": 10158, "others": 9146, "O": 3988, "1": 3001, "N": 2960, ")": 2757, "=": 2684}}}