{"0.20": {"activatedMoleculePct": 0.6333426832367461, "activatedTokens": {"C": 613366, "n": 332974, "c": 269001, "[C@H]": 20943, "others": 9500, "s": 9007, "[C@@H]": 8274, "(": 6724, "O": 6516, "N": 6128}}, "0.00": {"activatedMoleculePct": 0.9012957794340696, "activatedTokens": {"C": 1120249, "c": 905417, "n": 568252, "[C@H]": 54478, "(": 46582, "others": 25250, "N": 19171, "o": 18529, "s": 18185, "O": 17705, "[nH]": 15828, "[C@@H]": 15596}}}