{"0.20": {"activatedMoleculePct": 0.7824184709172841, "activatedTokens": {"c": 2063363, "C": 607401, "n": 275396, "N": 46975, "s": 38791, "[C@H]": 33176, "[C@@H]": 31425, "O": 30994, "others": 30442, "[nH]": 27258, "o": 26092, "F": 17709, "=": 10254, "Cl": 8922, "/": 6814, "S": 6123}}, "0.00": {"activatedMoleculePct": 0.9728906508045433, "activatedTokens": {"c": 4673260, "C": 2021596, "n": 665662, "N": 191409, "O": 117115, "[C@H]": 108048, "[C@@H]": 100710, "F": 95896, "=": 91870, "s": 86545, "(": 83269, "others": 83210, "o": 82385, "[nH]": 56215, "Cl": 35748, "2": 27337, "1": 25612, "/": 21858, "S": 20179}}}