{"0.20": {"activatedMoleculePct": 0.3582504597442716, "activatedTokens": {"O": 556003, "S": 12402, "others": 5652}}, "0.00": {"activatedMoleculePct": 0.5162530860174025, "activatedTokens": {"O": 807759, "S": 31016, "o": 18944, "F": 17772, "N": 11120, "others": 8745, "=": 6641, "Cl": 5363, "#": 3769, "c": 3552, "[O-]": 3470, "C": 2678, "n": 2231, "2": 1939}}}