{"0.20": {"activatedMoleculePct": 0.21816083249782303, "activatedTokens": {"n": 225647, "o": 35816, "s": 22849, "[nH]": 15294, "Cl": 12046, "O": 3454, "others": 2497}}, "0.00": {"activatedMoleculePct": 0.42031721805463906, "activatedTokens": {"n": 323300, "Cl": 65852, "s": 55401, "o": 53533, "O": 41149, "F": 36949, "N": 32842, "C": 28343, "[nH]": 25040, "c": 23513, "others": 6859, "=": 4402, "[O-]": 3182, "1": 2682, "[C@H]": 1579, "S": 1426}}}