{"0.20": {"activatedMoleculePct": 0.9858359948822095, "activatedTokens": {")": 4623374, "others": 219}}, "0.00": {"activatedMoleculePct": 0.9975897755510523, "activatedTokens": {")": 6084422, "others": 9557}}}