{"0.20": {"activatedMoleculePct": 0.21368606149111674, "activatedTokens": {"C": 359183, "[C@@H]": 14948, "[C@H]": 10354, "n": 4826, "c": 3367, "others": 3052, "O": 1745, "N": 1262, "=": 1114}}, "0.00": {"activatedMoleculePct": 0.5690495249492286, "activatedTokens": {"C": 917626, "c": 105883, "n": 76742, "[C@@H]": 42998, "[C@H]": 34241, "=": 25134, "O": 14791, ")": 12897, "(": 12767, "2": 10594, "others": 9582, "N": 9334, "o": 8679, "s": 6471, "3": 3659, "1": 3529}}}