{"0.20": {"activatedMoleculePct": 0.46935514228819725, "activatedTokens": {")": 1031545, "others": 4091}}, "0.00": {"activatedMoleculePct": 0.9311668899169714, "activatedTokens": {")": 3786261, "others": 26549, "C": 12658}}}