{"0.20": {"activatedMoleculePct": 0.7989736589052704, "activatedTokens": {"1": 979650, "2": 570411, "3": 155395, "4": 25312, "others": 5044}}, "0.00": {"activatedMoleculePct": 0.9777762804912434, "activatedTokens": {"1": 1696808, "2": 996664, "3": 337146, "4": 63399, "others": 21305}}}