{"0.20": {"activatedMoleculePct": 0.005818667045545259, "activatedTokens": {"C": 1947, "O": 839, "(": 790, "c": 694, "2": 666, "-": 473, "1": 462, "[C@H]": 452, "N": 438, ")": 316, "=": 312, "n": 235, "[C@@H]": 229, "S": 194, "/": 122, "others": 78, "4": 45, "3": 43, "[N-]": 29, "[S@]": 24, "[C@@]": 18, "o": 13, "F": 9, "5": 8}}, "0.00": {"activatedMoleculePct": 0.01877865849148219, "activatedTokens": {"C": 5467, "O": 3018, "2": 2968, "=": 2450, "c": 2433, "(": 2411, "1": 2051, ")": 1330, "[C@H]": 1232, "-": 1210, "N": 1095, "[C@@H]": 642, "n": 430, "S": 420, "others": 272, "/": 229, "3": 212, "4": 136, "o": 66, "[N-]": 54, "[C@@]": 47}}}