{"0.20": {"activatedMoleculePct": 0.0030019781270849612, "activatedTokens": {"C": 1633, "O": 1026, "c": 907, "(": 264, ")": 132, "=": 116, "Cl": 74, ".": 61, "S": 49, "others": 42, "2": 41, "N": 36, "1": 20, "Br": 19, "3": 10, "4": 8, "[C@@H]": 6, "[C@H]": 5, "#": 4, "9": 4, "7": 4, "5": 4, "6": 3, "[W]": 3, "%11": 3, "[O-]": 3, "[nH]": 3, "8": 3}}, "0.00": {"activatedMoleculePct": 0.01488538800512365, "activatedTokens": {"C": 8832, "c": 5047, "O": 3336, "(": 2622, ")": 1200, "Cl": 442, "=": 301, "2": 178, "others": 175, "N": 98, "1": 96, "S": 73, ".": 68, "Br": 56, "3": 53}}}