{"0.20": {"activatedMoleculePct": 0.5656747712996537, "activatedTokens": {"c": 1047553, "n": 27808, "others": 2802}}, "0.00": {"activatedMoleculePct": 0.6973187260012026, "activatedTokens": {"c": 1706778, "n": 67869, "others": 15109, "C": 14110, "[C@@H]": 8493, "O": 7850, "[C@H]": 7391, "N": 4326, "S": 3614}}}