{"0.20": {"activatedMoleculePct": 0.32110546617812813, "activatedTokens": {"C": 365013, "c": 200005, "n": 117340, "1": 6265, "others": 6179, "(": 5314, "O": 2834, "s": 2703}}, "0.00": {"activatedMoleculePct": 0.5887473057996987, "activatedTokens": {"C": 764936, "c": 457300, "n": 174216, "(": 105582, "1": 41972, ")": 37401, "O": 19090, "2": 18670, "others": 16150, "N": 9968, "s": 5462}}}