{"0.20": {"activatedMoleculePct": 0.6980283909939191, "activatedTokens": {"c": 951747, "N": 477842, "n": 82242, "C": 51641, "=": 15392, "others": 12896, "1": 11043, "[C@@H]": 6495, "[C@H]": 6429}}, "0.00": {"activatedMoleculePct": 0.8728564491996312, "activatedTokens": {"c": 1636329, "N": 531937, "n": 141325, "C": 133644, "=": 38499, "1": 31180, "[C@H]": 29544, "[C@@H]": 26918, ")": 23277, "others": 21045, "2": 13534}}}