{"0.20": {"activatedMoleculePct": 0.18577403651442437, "activatedTokens": {"c": 142487, "n": 68307, "C": 54271, "N": 18162, "o": 15076, "s": 8425, "others": 2513, "1": 2111, "[nH]": 1820, ")": 1081}}, "0.00": {"activatedMoleculePct": 0.5417358449663953, "activatedTokens": {"c": 697711, "C": 210290, "n": 144950, "N": 73481, ")": 40403, "o": 35930, "1": 20099, "s": 14132, "2": 10299, "others": 7912, "(": 6231, "[nH]": 5978, "O": 5467}}}