{"0.20": {"activatedMoleculePct": 0.4304480703190856, "activatedTokens": {"1": 422351, "2": 217956, "3": 65029, "4": 11005, "others": 3068}}, "0.00": {"activatedMoleculePct": 0.7580811361670621, "activatedTokens": {"1": 899915, "2": 491978, "3": 168090, "4": 31062, "others": 13328}}}