{"0.20": {"activatedMoleculePct": 0.19279232302134194, "activatedTokens": {"n": 524096, "others": 17}}, "0.00": {"activatedMoleculePct": 0.24153656752107208, "activatedTokens": {"n": 665792, "others": 3020}}}