{"0.20": {"activatedMoleculePct": 0.14467938009408005, "activatedTokens": {"c": 245884, "n": 54689, "(": 25274, "C": 4087, "2": 4037, "-": 3623, "others": 3296, "=": 2832, "S": 1708, "N": 733, "s": 696}}, "0.00": {"activatedMoleculePct": 0.32329598010301497, "activatedTokens": {"c": 588725, "(": 98024, "n": 93122, "C": 55182, "-": 32613, "=": 22014, "2": 20849, ")": 19302, "others": 9777, "S": 9152, "N": 5459, "s": 4979, "3": 4928, "O": 3688, "o": 3463, "1": 2917, "[C@H]": 2836, "Cl": 2557, "[nH]": 2307, "F": 2072}}}