{"0.20": {"activatedMoleculePct": 0.5204019530800852, "activatedTokens": {"c": 862941, "others": 630}}, "0.00": {"activatedMoleculePct": 0.7797021164714782, "activatedTokens": {"c": 1531124, "others": 12553}}}