{"0.20": {"activatedMoleculePct": 0.08983597144642029, "activatedTokens": {"n": 162315, "others": 1632}}, "0.00": {"activatedMoleculePct": 0.23148114920321977, "activatedTokens": {"n": 499837, "[nH]": 7312, "others": 4784, "s": 3840, "[C@@H]": 2896, "=": 2181, "N": 1994, "o": 1375, "(": 1142, "C": 1021, "2": 917, "[C@@]": 885}}}