{"0.20": {"activatedMoleculePct": 0.2448798293288649, "activatedTokens": {"c": 102502, "C": 86990, "[C@H]": 72976, "[C@@H]": 69456, "(": 13478, "[C@@]": 3222, "others": 3185, "[C@]": 2853, "n": 1361, "=": 1236, "N": 880}}, "0.00": {"activatedMoleculePct": 0.5039221990386932, "activatedTokens": {"C": 265212, "c": 262889, "[C@@H]": 110315, "[C@H]": 104917, "(": 92599, "1": 29877, "2": 22445, "n": 18904, "=": 11284, ")": 10741, "3": 8003, "N": 7734, "S": 7629, "others": 7433, "[C@@]": 6246, "O": 5668, "[C@]": 5566}}}