{"0.20": {"activatedMoleculePct": 0.5118969586936891, "activatedTokens": {"C": 547811, "N": 387570, "1": 206349, "2": 95295, "[C@@H]": 91934, "[C@H]": 85912, "O": 44118, "c": 30616, "3": 24284, "n": 23114, "=": 20466, "others": 15267, "S": 11074, "/": 9874, "4": 8947, "[C@]": 8786, "-": 7446, "F": 7020, "[C@@]": 6320, "s": 3394, "Cl": 2838, "Br": 2797}}, "0.00": {"activatedMoleculePct": 0.9187027118869985, "activatedTokens": {"C": 2253091, "N": 972899, "1": 852540, "2": 488793, "c": 324341, "[C@@H]": 241405, "[C@H]": 223184, "O": 182399, "3": 154702, "=": 147462, "n": 87704, "F": 52163, "others": 51159, "(": 48063, ")": 45711, "4": 42937, "S": 41539, "-": 27720, "/": 21774, "[C@]": 19000, "Cl": 15941, "[C@@]": 14827, "s": 12442}}}