{"0.20": {"activatedMoleculePct": 0.5918283797154456, "activatedTokens": {"c": 858899, "C": 352933, "n": 135913, "F": 54842, "Cl": 37091, "o": 28952, "s": 23085, "[C@H]": 18624, "N": 17673, "[nH]": 15763, "O": 13533, "others": 12881, "[C@@H]": 11268, "Br": 8854}}, "0.00": {"activatedMoleculePct": 0.9375765782722404, "activatedTokens": {"c": 1955588, "C": 1469876, "n": 425640, "F": 206957, "N": 111265, "O": 82452, "Cl": 81159, "o": 66602, "s": 60334, "[C@H]": 57170, "[C@@H]": 43129, "[nH]": 39952, "=": 39475, "others": 38860, "Br": 20832, "2": 12905, ")": 11622}}}