{"0.20": {"activatedMoleculePct": 0.20123872793465516, "activatedTokens": {"N": 295765, "others": 2261, "S": 896}}, "0.00": {"activatedMoleculePct": 0.3566421787081461, "activatedTokens": {"N": 530709, "S": 9440, "O": 8335, "n": 6510, "C": 4988, "others": 4898, "c": 3623, "=": 2234, "[N+]": 1806, ")": 1392, "(": 1207, "[n+]": 1071}}}