{"0.20": {"activatedMoleculePct": 0.30595715791254496, "activatedTokens": {"N": 126363, "C": 101203, "1": 87604, "[C@@H]": 74177, "[C@H]": 62074, ")": 53240, "2": 40778, "O": 36021, "n": 34952, "(": 25584, "c": 9019, "3": 7643, "[C@@]": 7142, "[C@]": 6271, "others": 5950, "-": 5667, "=": 3471}}, "0.00": {"activatedMoleculePct": 0.6510074093712398, "activatedTokens": {"N": 375560, ")": 326186, "C": 324805, "1": 276215, "O": 219073, "2": 131447, "[C@@H]": 115891, "[C@H]": 98586, "(": 97342, "c": 93483, "=": 71461, "n": 68286, "3": 27613, "-": 20715, "others": 18900, "[C@@]": 10590, "[C@]": 9562, "F": 5969}}}