{"0.20": {"activatedMoleculePct": 0.6972205886337887, "activatedTokens": {")": 1580330, "others": 5022}}, "0.00": {"activatedMoleculePct": 0.9052622867617818, "activatedTokens": {")": 2858531, "others": 23766, "C": 12800, "=": 10987}}}