{"0.20": {"activatedMoleculePct": 0.36067386682466296, "activatedTokens": {"c": 385206, "C": 274483, "(": 53362, "N": 42052, "[C@H]": 41066, "1": 35876, "2": 31070, "n": 27943, "[C@@H]": 24685, "3": 19631, "S": 11323, "others": 8718, "O": 6031, ")": 5180, "s": 4653, "4": 3954}}, "0.00": {"activatedMoleculePct": 0.8019763694007689, "activatedTokens": {"c": 1244733, "C": 1131850, "(": 323441, "1": 159790, "2": 145894, "N": 125007, "n": 124433, "[C@H]": 116114, "3": 98627, ")": 85637, "[C@@H]": 81821, "O": 48332, "=": 47537, "S": 45918, "others": 35849, "4": 16554, "s": 11800}}}