{"0.20": {"activatedMoleculePct": 0.6660158352698374, "activatedTokens": {"1": 625021, "2": 458551, "3": 163130, "4": 23476, "others": 4971}}, "0.00": {"activatedMoleculePct": 0.9294751188817028, "activatedTokens": {"1": 1302208, "2": 850449, "3": 306953, "4": 54624, "others": 21146}}}