{"0.20": {"activatedMoleculePct": 0.5348552437212225, "activatedTokens": {"c": 830593, "C": 282521, "n": 110311, "F": 34746, "O": 24907, "s": 20788, "=": 19913, "Cl": 19383, "N": 19095, "[C@@H]": 13134, "others": 12514, "[O-]": 10547, "Br": 9364, "2": 9126, "[C@H]": 8287, "o": 6987, "1": 6459, "S": 5909, "(": 5397, "3": 4028, "[nH]": 2567}}, "0.00": {"activatedMoleculePct": 0.9369826274888625, "activatedTokens": {"c": 2134015, "C": 1506653, "n": 438995, "F": 225346, "O": 144895, "1": 143735, "2": 122118, "N": 110517, "=": 109186, "(": 87297, "Cl": 80632, "s": 69937, "others": 50236, "3": 41953, "o": 41782, "[C@@H]": 40696, "[C@H]": 32177, "Br": 30323, "[O-]": 24983, "-": 18394, ")": 18310, "[nH]": 16658, "4": 14532}}}