{"0.20": {"activatedMoleculePct": 0.45349277481941624, "activatedTokens": {"(": 811929, "others": 3161}}, "0.00": {"activatedMoleculePct": 0.7246411944049983, "activatedTokens": {"(": 1532820, "C": 13785, "others": 12969, "=": 7985, "O": 5151, "N": 3842}}}