{"0.20": {"activatedMoleculePct": 0.35462816557092147, "activatedTokens": {"C": 254179, "N": 125837, "n": 84358, "=": 55304, "#": 55179, "c": 45236, "s": 7114, "2": 6871, "others": 5828, "(": 5763, "1": 5631, "[C@@H]": 5179, "[nH]": 3836, "\\": 2986}}, "0.00": {"activatedMoleculePct": 0.7612017579771398, "activatedTokens": {"C": 994894, "c": 292704, "N": 271659, "n": 226301, "=": 175110, "(": 169104, "#": 71576, "1": 56389, "2": 35180, "s": 21231, "others": 19850, "[C@@H]": 18954, "[nH]": 16102, "[C@H]": 10473, ")": 10101, "3": 9055, "\\": 6680, "O": 5948}}}