{"0.20": {"activatedMoleculePct": 0.009851819898889216, "activatedTokens": {"C": 3949, "O": 1929, "(": 1862, "c": 1511, "=": 1308, "1": 989, "N": 854, "[C@@H]": 847, "n": 432, "[O-]": 228, "-": 225, "Br": 201, "others": 154, "3": 146, "S": 120, ")": 111, "[N-]": 106, "[nH]": 75, "F": 55, "Cl": 53, "[C@H]": 45, "9": 44, "I": 36, "7": 35, "[N+]": 32, "%11": 32, "2": 28, "5": 27, "#": 25}}, "0.00": {"activatedMoleculePct": 0.03754266961469365, "activatedTokens": {"=": 15554, "C": 10535, "(": 8452, "c": 4802, "O": 4493, "1": 4016, "[C@@H]": 2275, "N": 1829, ")": 1705, "n": 1329, "[O-]": 658, "3": 592, "others": 568, "Br": 459, "-": 364, "S": 323, "[nH]": 234, "2": 228, "[N-]": 213, "F": 207, "[C@H]": 155, "Cl": 111, "5": 92, "[N+]": 65}}}