{"0.20": {"activatedMoleculePct": 0.6297723872207571, "activatedTokens": {"c": 1144231, "C": 547469, "n": 147913, "O": 139407, "N": 122755, "F": 44166, "[C@@H]": 41763, "[C@H]": 31581, "=": 25731, "-": 24152, "S": 23321, "others": 22647, "s": 12788, "o": 12733, "(": 8162, "Cl": 7994, "[nH]": 6118, "[C@]": 5429, "Br": 5062}}, "0.00": {"activatedMoleculePct": 0.9566921262339493, "activatedTokens": {"c": 3841723, "C": 2203522, "N": 491852, "O": 407635, "n": 365640, "=": 222974, "F": 165753, "[C@@H]": 142045, "[C@H]": 114423, "others": 72157, "-": 67162, "S": 66966, ")": 66229, "(": 65270, "o": 40017, "Cl": 34762, "s": 30986, "[nH]": 25456, "1": 24718, "Br": 15006}}}