{"0.20": {"activatedMoleculePct": 0.18308477969991938, "activatedTokens": {")": 272732, "others": 1455}}, "0.00": {"activatedMoleculePct": 0.3655448491430923, "activatedTokens": {")": 684470, "others": 4988, "N": 3047, "1": 2729, "=": 2703, "C": 2274}}}