{"0.20": {"activatedMoleculePct": 0.42527901405634694, "activatedTokens": {"1": 379846, "2": 225212, "3": 69709, "4": 10895, "others": 1837}}, "0.00": {"activatedMoleculePct": 0.591654076033024, "activatedTokens": {"1": 586385, "2": 340380, "3": 113017, "4": 19930, "others": 8597, "C": 4909, "n": 3015}}}