{"0.20": {"activatedMoleculePct": 0.13980180645992882, "activatedTokens": {"c": 124495, "N": 17368, "2": 16130, "n": 15637, "O": 8944, "3": 8621, "[C@@H]": 7993, "[C@H]": 4543, ".": 3662, "4": 2227, "S": 2068, "others": 2010, "=": 913, "[C@]": 889, "[C@@]": 887, "C": 722, "o": 715, "s": 692, "1": 612}}, "0.00": {"activatedMoleculePct": 0.48078008953936224, "activatedTokens": {"c": 443664, "N": 171659, "n": 84010, "[C@@H]": 48726, "[C@H]": 34463, "O": 28090, "2": 21431, ")": 21039, "C": 13064, "3": 11845, "(": 9166, "s": 8484, "others": 8046, "=": 7530, ".": 7087, "o": 6754, "1": 5462, "S": 4828, "[C@@]": 3570, "[C@]": 3436, "[nH]": 3415, "4": 3182, "Cl": 2669}}}