{"0.20": {"activatedMoleculePct": 0.6321899353538402, "activatedTokens": {"=": 1337020, "others": 205}}, "0.00": {"activatedMoleculePct": 0.804193248588543, "activatedTokens": {"=": 1885593, "others": 7110}}}