{"0.20": {"activatedMoleculePct": 0.2549249944889277, "activatedTokens": {"2": 210921, "3": 121297, "4": 33483, "1": 10338, "5": 5097, "others": 3496}}, "0.00": {"activatedMoleculePct": 0.5467144854416145, "activatedTokens": {"2": 498162, "3": 238387, "1": 140345, "4": 60211, "5": 8528, "others": 8364, "O": 4622, "C": 3138, "(": 2719, "6": 1849}}}