{"0.20": {"activatedMoleculePct": 0.1446764506204259, "activatedTokens": {"[C@H]": 96252, "[C@@H]": 66580, "N": 22797, "C": 8743, ")": 3857, "[C@]": 2478, "[C@@]": 2115, "others": 1539, "O": 903, "=": 576}}, "0.00": {"activatedMoleculePct": 0.3434932362115168, "activatedTokens": {"[C@H]": 176669, "[C@@H]": 118267, "C": 96573, "N": 54042, "c": 39081, ")": 26317, "O": 21923, "1": 17766, "(": 14449, "[C@@]": 7452, "[C@]": 7150, "n": 6634, "2": 5471, "=": 5236, "others": 5112, "S": 3547, "/": 2593, "3": 1478, "-": 1328}}}