{"0.20": {"activatedMoleculePct": 0.2791019405565853, "activatedTokens": {"c": 252932, "O": 92374, "(": 69096, "[nH]": 56287, "C": 51218, "o": 29139, "1": 20029, ")": 10009, "[C@@H]": 5139, "2": 4778, "others": 4650, "[C@H]": 4200, "N": 4176, "3": 3490, "S": 2947, "n": 2155, "\\": 1993}}, "0.00": {"activatedMoleculePct": 0.755725106980716, "activatedTokens": {"c": 1065701, "(": 495139, "C": 400530, "O": 294629, ")": 265079, "1": 120474, "[nH]": 75018, "o": 58493, "N": 39514, "others": 27633, "[C@@H]": 19135, "2": 18024, "n": 15971, "3": 14339, "[C@H]": 12196, "S": 8283, "=": 7243}}}