{"0.20": {"activatedMoleculePct": 0.40131079298654715, "activatedTokens": {")": 627825, "others": 920}}, "0.00": {"activatedMoleculePct": 0.7137384258326845, "activatedTokens": {")": 1446249, "others": 13654}}}