{"0.20": {"activatedMoleculePct": 0.8704022826458713, "activatedTokens": {"1": 1506101, "2": 359461, "3": 96415, "others": 9434}}, "0.00": {"activatedMoleculePct": 0.9891170053748518, "activatedTokens": {"1": 1968054, "2": 936848, "3": 318094, "4": 38288, "others": 13264}}}