{"0.20": {"activatedMoleculePct": 0.46556000916925255, "activatedTokens": {"C": 665125, "c": 510501, "n": 148438, "(": 106697, "N": 100438, "O": 98582, "2": 86102, "1": 85548, "[C@H]": 67294, "[C@@H]": 64979, "=": 35572, "3": 30186, "others": 18301, "o": 18187, "-": 12573, "S": 9413, "s": 8344, "F": 7271, "Cl": 5894, "[nH]": 5097, "4": 5057, "#": 3939}}, "0.00": {"activatedMoleculePct": 0.9202128555557102, "activatedTokens": {"C": 2637195, "c": 2249346, "(": 819894, "1": 533814, "N": 504973, "n": 443497, "2": 437193, "O": 271901, "=": 233969, "[C@H]": 203374, "[C@@H]": 199869, "3": 143985, "others": 75452, "-": 62678, "o": 54719, "F": 41484, "S": 37536, "Cl": 36131, "s": 30805, "4": 26915, "[nH]": 22617, ")": 21343}}}