{"0.20": {"activatedMoleculePct": 0.09500136586709125, "activatedTokens": {"C": 157722, "-": 6648, "others": 1324, "(": 1104, "[C@@H]": 938}}, "0.00": {"activatedMoleculePct": 0.23614267415537782, "activatedTokens": {"C": 397627, "-": 16289, ")": 10893, "N": 7419, "(": 6474, "others": 4245, "[C@@H]": 3525, "3": 2311, "2": 2168, "1": 2058, "[C@H]": 1343, "n": 1274}}}