{"0.20": {"activatedMoleculePct": 0.1319471552247529, "activatedTokens": {"N": 182772, "others": 1031}}, "0.00": {"activatedMoleculePct": 0.25918884339253556, "activatedTokens": {"N": 361620, "C": 3745, "others": 3585, "=": 2695, "O": 2686, "1": 2264, "[C@@]": 590}}}