{"0.20": {"activatedMoleculePct": 0.0670637079959251, "activatedTokens": {"=": 104065, "#": 3380, "others": 242}}, "0.00": {"activatedMoleculePct": 0.11924349272355363, "activatedTokens": {"=": 139918, "#": 43459, "2": 2425, "others": 1953, ")": 1490, "1": 1420, "/": 1382, "3": 1293, "N": 1267, "O": 954, "[C@]": 907, "\\": 465, "(": 396}}}