{"0.20": {"activatedMoleculePct": 0.10873766783137656, "activatedTokens": {"C": 252685, "others": 2528, "[C@@]": 1182, "[C@H]": 1030, "[C@]": 898, "2": 696}}, "0.00": {"activatedMoleculePct": 0.22669292451551998, "activatedTokens": {"C": 604494, "[C@H]": 14573, "O": 11201, "others": 6625, "N": 6394, "2": 5800, "[C@@H]": 4993, "(": 4986, "c": 3775, "1": 2803, "3": 2425, "=": 2422, "[C@@]": 2079}}}