{"0.20": {"activatedMoleculePct": 0.1101943486059001, "activatedTokens": {"c": 124807, "S": 41494, "2": 37154, "C": 35960, "3": 20697, "n": 12326, "(": 10337, "[C@H]": 8361, "4": 5564, "others": 2539, "[C@@H]": 2496, "[C@@]": 2493, "[C@]": 2433, "Cl": 1756, "N": 1752, "5": 1109, "O": 940}}, "0.00": {"activatedMoleculePct": 0.2245031429590467, "activatedTokens": {"c": 232916, "S": 87017, "C": 86457, "2": 42401, "(": 37002, "n": 30953, "3": 25860, "[C@H]": 21334, "N": 13752, "Cl": 12610, "O": 7683, "4": 6480, "[C@@H]": 6117, "others": 6065, "[C@@]": 3789, "[C@]": 2924, "F": 2728, "s": 1550, ")": 1543, "o": 1407}}}