{"0.20": {"activatedMoleculePct": 0.14483464219774972, "activatedTokens": {"n": 288135, "others": 1191}}, "0.00": {"activatedMoleculePct": 0.24471138459375158, "activatedTokens": {"n": 516367, "c": 7777, "(": 5089, "others": 4817, "[nH]": 4480, "o": 3220, "s": 3015, "C": 1885, "N": 1137}}}