{"0.20": {"activatedMoleculePct": 0.08426630966147734, "activatedTokens": {"c": 67354, "1": 48176, "C": 29960, "2": 22777, "[C@H]": 17397, "(": 11805, "n": 8991, "[C@@H]": 7214, "3": 6573, "s": 5214, "others": 2051}}, "0.00": {"activatedMoleculePct": 0.1280553494752214, "activatedTokens": {"c": 120267, "1": 73025, "(": 48324, "C": 43372, "2": 37055, "[C@H]": 29108, "[C@@H]": 18468, "3": 10019, "n": 9684, "s": 5250, "others": 3614, ")": 2257, "4": 1402}}}