{"0.20": {"activatedMoleculePct": 0.2515604939971423, "activatedTokens": {"(": 355365, "[C@H]": 93735, "N": 88860, "[C@@H]": 78648, "C": 72694, "=": 13777, ")": 6303, "others": 2700}}, "0.00": {"activatedMoleculePct": 0.3561317179239113, "activatedTokens": {"(": 488196, "C": 218919, "N": 128275, "[C@H]": 104817, "[C@@H]": 88943, "=": 32142, ")": 21243, "others": 8194, "O": 4158}}}