{"0.20": {"activatedMoleculePct": 0.11141447438285144, "activatedTokens": {"O": 150244, "others": 1394, "S": 1101}}, "0.00": {"activatedMoleculePct": 0.21316388281226542, "activatedTokens": {"O": 246130, "N": 23852, "[O-]": 9297, "/": 5880, "S": 5209, "C": 4883, "(": 3627, "others": 2934, "Br": 2332, "#": 1648, "F": 1250, "c": 1092, "=": 1019}}}