{"0.20": {"activatedMoleculePct": 0.385960351038828, "activatedTokens": {"c": 870476, "s": 26251, "C": 13778, "1": 8363, "others": 7672, "n": 6124}}, "0.00": {"activatedMoleculePct": 0.6542759696008519, "activatedTokens": {"c": 1883798, "1": 158301, "C": 107670, "2": 76361, "s": 51164, "n": 36754, "O": 27130, "others": 19176, "3": 13587}}}