{"0.20": {"activatedMoleculePct": 0.5758715367213184, "activatedTokens": {"(": 1037137, "others": 505}}, "0.00": {"activatedMoleculePct": 0.8777933446752788, "activatedTokens": {"(": 2424877, "others": 20958}}}