{"0.20": {"activatedMoleculePct": 0.044306824282114174, "activatedTokens": {"n": 90782, "others": 70}}, "0.00": {"activatedMoleculePct": 0.07423872134333943, "activatedTokens": {"n": 137836, "c": 3354, "others": 1223, "C": 1132, "(": 1002, "O": 756}}}