{"0.20": {"activatedMoleculePct": 0.16746189670236475, "activatedTokens": {"N": 222468, "[C@H]": 6827, "S": 2362, "others": 2122, "O": 1608, "C": 1453}}, "0.00": {"activatedMoleculePct": 0.30393289161753084, "activatedTokens": {"N": 343335, "C": 37026, "S": 22833, "[C@H]": 16913, "O": 15859, "-": 7866, "[C@@H]": 5213, "others": 4069, "/": 2963, "=": 2665, "c": 2527, "n": 2491, "2": 2056, "(": 1566, "3": 1544}}}