{"0.20": {"activatedMoleculePct": 0.9524897962770784, "activatedTokens": {"c": 3483170, "C": 2880164, "N": 1107351, "(": 685031, "O": 590466, "n": 421461, "1": 231497, "2": 191489, "=": 151758, "[C@@H]": 107545, "F": 106947, "others": 99955, "[C@H]": 92700, "3": 92609, "Cl": 67632, "[nH]": 46182, "o": 40499, "S": 35840, "-": 19847}}, "0.00": {"activatedMoleculePct": 0.9985015742259049, "activatedTokens": {"C": 6997575, "c": 6956151, "(": 2964917, "O": 2045136, "N": 1947704, "=": 1184238, "1": 1028432, "n": 998535, "2": 774527, "F": 344842, "3": 321671, "[C@@H]": 276457, "[C@H]": 237701, "others": 229080, "Cl": 138324, "[nH]": 95066, "o": 86365, "S": 73682, "4": 63967, "-": 52172}}}