{"0.20": {"activatedMoleculePct": 0.8074178667133429, "activatedTokens": {"(": 2422689, "others": 650}}, "0.00": {"activatedMoleculePct": 0.9739394023727271, "activatedTokens": {"(": 4710426, "others": 10800}}}