{"0.20": {"activatedMoleculePct": 0.20995684152939031, "activatedTokens": {"o": 177093, "[nH]": 90120, "s": 43210, "others": 441}}, "0.00": {"activatedMoleculePct": 0.2743408135001864, "activatedTokens": {"o": 177277, "[nH]": 124865, "s": 107064, "others": 3967, "[O-]": 1589, "#": 1428, "O": 1372, "1": 1118, "Br": 672, "[C@@H]": 666, "-": 647}}}