{"0.20": {"activatedMoleculePct": 0.8106278374698722, "activatedTokens": {"c": 2158378, "C": 99456, "others": 12331}}, "0.00": {"activatedMoleculePct": 0.9496255034117382, "activatedTokens": {"c": 4249495, "C": 1405735, "1": 136395, "2": 55888, "others": 49862, "O": 20517}}}