{"0.20": {"activatedMoleculePct": 0.4660543578483895, "activatedTokens": {"c": 1272937, "C": 48749, "n": 37460, "others": 13275, "o": 5258, "[nH]": 3245}}, "0.00": {"activatedMoleculePct": 0.7889138463769368, "activatedTokens": {"c": 3214082, "C": 218284, "n": 146601, "others": 29802, "(": 19260, "1": 18096, "N": 16247, "o": 15840, "[nH]": 12689, "2": 11837, "[C@H]": 11286, "s": 11240, "O": 9673}}}