{"0.20": {"activatedMoleculePct": 0.6909522473823322, "activatedTokens": {"=": 1467861, "others": 780}}, "0.00": {"activatedMoleculePct": 0.8065434188275807, "activatedTokens": {"=": 1882785, "others": 12033}}}