{"0.20": {"activatedMoleculePct": 0.16580015277205107, "activatedTokens": {"C": 113812, "c": 61936, "[C@@H]": 56137, "O": 35168, "[C@H]": 18420, "(": 14155, "-": 10616, "2": 6616, "N": 5104, "3": 4740, "1": 3903, "others": 3335, "n": 2172, "S": 1222}}, "0.00": {"activatedMoleculePct": 0.42857833375932763, "activatedTokens": {"C": 387340, "c": 304568, "[C@@H]": 117837, "O": 101584, "(": 80461, "[C@H]": 49808, "2": 46775, "1": 35150, "-": 33632, "3": 29551, "N": 20119, "others": 11011, "n": 10950, "=": 10623, ")": 5922, "S": 4216, "s": 2811}}}