{"0.20": {"activatedMoleculePct": 0.17838150974818978, "activatedTokens": {"c": 85957, "C": 73129, "n": 55827, "s": 21406, "F": 19841, "O": 12124, "[nH]": 11931, "Cl": 9543, "[O-]": 6625, "o": 6112, "N": 3661, "=": 3520, "others": 2350, "#": 1295, "Br": 1168}}, "0.00": {"activatedMoleculePct": 0.6168856326161738, "activatedTokens": {"C": 443588, "c": 442308, "n": 213361, "F": 150368, "O": 71120, "Cl": 60768, "=": 55955, "s": 54363, "[nH]": 34843, "o": 31369, "[O-]": 16703, "N": 15168, "#": 14369, "others": 13727, "Br": 9777, "-": 8939, ")": 8402, "S": 7111, "(": 7089, "3": 5183}}}