{"0.20": {"activatedMoleculePct": 0.7790429848992957, "activatedTokens": {"(": 1590776, "=": 1408927, "O": 613999, ")": 175425, "N": 63892, "others": 5070}}, "0.00": {"activatedMoleculePct": 0.8391726287558599, "activatedTokens": {"(": 1835251, "=": 1663201, "O": 1370951, ")": 853388, "N": 154072, "others": 19985}}}