{"0.20": {"activatedMoleculePct": 0.2148922722682109, "activatedTokens": {"C": 350346, "O": 6847, "others": 2843, "c": 2639, "N": 2085}}, "0.00": {"activatedMoleculePct": 0.3751813527284019, "activatedTokens": {"C": 671214, "O": 30988, "N": 18351, "c": 17828, "others": 5824, ")": 4639, "#": 4158, "F": 4018, "1": 3861, "2": 3631, "(": 3105, "Cl": 2396, "[C@H]": 2184}}}