{"0.20": {"activatedMoleculePct": 0.043173117977960106, "activatedTokens": {"[C@@]": 50742, "[C@]": 4775, "[S@]": 4312, "others": 35}}, "0.00": {"activatedMoleculePct": 0.05680249415386914, "activatedTokens": {"[C@@]": 50751, "[C@]": 22097, "[S@]": 4357, "others": 637, "S": 379, "[N+]": 270, "[Si]": 258, "F": 243}}}