{"0.20": {"activatedMoleculePct": 0.6047590764248411, "activatedTokens": {"(": 1216347, "others": 2104}}, "0.00": {"activatedMoleculePct": 0.877633688361128, "activatedTokens": {"(": 2491546, "others": 20324, "C": 5105}}}