{"0.20": {"activatedMoleculePct": 0.6353691466370008, "activatedTokens": {"O": 1115863, "=": 952801, "others": 3360}}, "0.00": {"activatedMoleculePct": 0.8400221761155618, "activatedTokens": {"O": 1874531, "=": 1643151, "others": 30291}}}