{"0.20": {"activatedMoleculePct": 0.921544301331519, "activatedTokens": {")": 3479799, "others": 54}}, "0.00": {"activatedMoleculePct": 0.9924221840251407, "activatedTokens": {")": 5805331, "others": 3281}}}