{"0.20": {"activatedMoleculePct": 0.22579430847211104, "activatedTokens": {"O": 343273, "N": 10277, "S": 10267, "others": 2036, "\\": 1681}}, "0.00": {"activatedMoleculePct": 0.42164280488313965, "activatedTokens": {"O": 627138, "N": 40053, "S": 25139, "c": 19933, "others": 6991, "[nH]": 6701, "(": 4587, "C": 4514, "#": 3883, "=": 3206, "F": 3009, "n": 2624, "\\": 2318, "/": 2163}}}