{"0.20": {"activatedMoleculePct": 0.6156215647344102, "activatedTokens": {"C": 556651, "(": 238141, "c": 181323, "1": 130544, ")": 118905, "2": 109231, "[C@H]": 57939, "[C@@H]": 44638, "3": 23629, "N": 20445, "n": 16892, "=": 15928, "O": 14664, "others": 12154, "S": 6083}}, "0.00": {"activatedMoleculePct": 0.965017690359029, "activatedTokens": {"C": 1425524, "(": 1302039, "c": 566947, ")": 552501, "1": 405592, "2": 315876, "=": 203988, "O": 120506, "[C@H]": 115120, "3": 103834, "[C@@H]": 88289, "n": 63218, "N": 56200, "others": 38415, "S": 23394}}}