{"0.20": {"activatedMoleculePct": 0.2575029313045752, "activatedTokens": {"F": 256565, "O": 184154, "Br": 68395, "N": 55404, "#": 24665, "C": 21304, "others": 3907}}, "0.00": {"activatedMoleculePct": 0.639485789489488, "activatedTokens": {"O": 948629, "F": 340099, "C": 192672, "N": 88151, "Br": 68968, "(": 44268, "#": 38780, "[O-]": 12167, "=": 12132, "others": 10945}}}