{"0.20": {"activatedMoleculePct": 0.2916825651643105, "activatedTokens": {"c": 761169, "n": 8452, "others": 7841, "C": 5731, "o": 1889}}, "0.00": {"activatedMoleculePct": 0.6585185798204672, "activatedTokens": {"c": 2474281, "n": 61829, "C": 42302, "others": 24696, "-": 12338, "[C@H]": 10078, "N": 8269, "o": 8210, "s": 6720, "2": 4553, ")": 4200}}}