{"0.20": {"activatedMoleculePct": 9.740499900031711e-05, "activatedTokens": {"C": 60, "=": 56, "-": 15, "/": 14, "c": 3, "5": 2, "[Si]": 2, "P": 2, "3": 1, ".": 1, "B": 1, "7": 1, "[C@H]": 1, "others": 1}}, "0.00": {"activatedMoleculePct": 0.005787175203763202, "activatedTokens": {"C": 1902, "-": 1733, "=": 1565, "/": 992, "O": 719, "n": 476, "(": 401, "[C@H]": 233, "c": 217, "3": 183, "1": 164, ".": 162, "N": 112, "[C@]": 95, "others": 80, "5": 73, ")": 65, "[Si]": 50, "o": 48}}}