{"0.20": {"activatedMoleculePct": 0.7320410448553683, "activatedTokens": {"(": 2043627, "others": 1475}}, "0.00": {"activatedMoleculePct": 0.9703464029359185, "activatedTokens": {"(": 4513543, "others": 19475}}}