{"0.20": {"activatedMoleculePct": 0.01185191803625663, "activatedTokens": {"C": 4291, "c": 3129, "O": 1607, "[C@@H]": 1156, "N": 1143, "(": 1137, "3": 772, "o": 700, "2": 652, "n": 546, ")": 502, "=": 500, "1": 325, "others": 169, "s": 105, "4": 78, "Cl": 68, "S": 54, "[nH]": 40, ".": 38, "[C@]": 28, "[CH3-]": 27, "5": 15, "F": 12, "[S-]": 9, "[N-]": 8, "[C@H]": 8, "[NH2-]": 7, "[Cu]": 7, "-": 7, "[Re]": 6, "[Zr+2]": 6, "[NH-]": 6, "[Se-2]": 6, "[Co+2]": 5, "[Fe+2]": 5, "[Zn+2]": 5, "[Fe]": 5, "[Fe+3]": 5, "[Ni+2]": 5, "[Pt+2]": 5, "[N+]": 5, "[K+]": 4, "[W]": 4, "[NH4+]": 4}}, "0.00": {"activatedMoleculePct": 0.04062594063568114, "activatedTokens": {"C": 15088, "c": 13877, "3": 3868, "(": 3718, "2": 3706, "O": 3650, "1": 3294, "o": 2943, "N": 2761, ")": 2402, "[C@@H]": 2072, "=": 1762, "n": 1631, "others": 619, "s": 416, "4": 311, "Cl": 154, "S": 103, "[nH]": 96, "[C@]": 91, ".": 54, "-": 42}}}