{"0.20": {"activatedMoleculePct": 0.17793183554227854, "activatedTokens": {"(": 95219, "C": 81955, "O": 59111, "c": 22183, "S": 15973, "2": 13239, "1": 13144, "N": 5322, "3": 5250, ")": 2757, "others": 2342}}, "0.00": {"activatedMoleculePct": 0.813587338228972, "activatedTokens": {"(": 1367751, "C": 351175, "c": 315487, "1": 263165, "2": 190094, "O": 107359, ")": 87780, "3": 75849, "S": 37908, "N": 31095, "others": 22460}}}