{"0.20": {"activatedMoleculePct": 0.16908409273834746, "activatedTokens": {"(": 249994, "others": 396}}, "0.00": {"activatedMoleculePct": 0.3657059701940703, "activatedTokens": {"(": 642606, "others": 4456, "c": 2330, "=": 2218}}}