{"0.20": {"activatedMoleculePct": 0.3559618084519709, "activatedTokens": {"(": 548781, "others": 783}}, "0.00": {"activatedMoleculePct": 0.5530047977454771, "activatedTokens": {"(": 1004495, "others": 6563, ")": 5353}}}