{"0.20": {"activatedMoleculePct": 0.8317764401475576, "activatedTokens": {"(": 2456722, "others": 701}}, "0.00": {"activatedMoleculePct": 0.9815230772948947, "activatedTokens": {"(": 4837418, "others": 10071}}}