{"0.20": {"activatedMoleculePct": 0.3045971497686082, "activatedTokens": {"(": 605045, "others": 1984}}, "0.00": {"activatedMoleculePct": 0.5397284231448924, "activatedTokens": {"(": 1271849, "others": 12316, "1": 2242, "/": 2030}}}