{"0.20": {"activatedMoleculePct": 0.0972490045282339, "activatedTokens": {"c": 100619, "C": 76232, "N": 46358, "1": 36542, "2": 27719, ")": 24100, "(": 9599, "3": 7923, "[C@@H]": 4609, "[C@H]": 4496, "O": 3808, "others": 3436, "n": 2432, "=": 980, "4": 973, "F": 937}}, "0.00": {"activatedMoleculePct": 0.17226916296881647, "activatedTokens": {"c": 301719, ")": 203453, "C": 179757, "1": 94843, "N": 62627, "2": 62005, "(": 47283, "n": 19849, "=": 18375, "3": 16345, "O": 13196, "[C@H]": 10607, "others": 9983, "[C@@H]": 9710, "F": 7133, "s": 5508, "S": 3361, "4": 2965, "Cl": 2439, "Br": 2330}}}