{"0.20": {"activatedMoleculePct": 0.006067672306147574, "activatedTokens": {"C": 2825, "N": 1243, "n": 809, "O": 659, "1": 631, "c": 618, ")": 561, "=": 451, "2": 252, "(": 244, "[C@H]": 196, "S": 169, "[nH]": 94, "others": 89, "3": 80, "[N+]": 35, "P": 34, ".": 29, "[N-]": 12, "[Cl+3]": 11, "-": 10, "[CH2-]": 9, "#": 9, "Cl": 7, "[S@@]": 6, "[W]": 5}}, "0.00": {"activatedMoleculePct": 0.03524815937508468, "activatedTokens": {")": 16528, "C": 10494, "1": 5740, "c": 4511, "N": 3536, "O": 3500, "n": 3496, "=": 1993, "(": 1279, "2": 1159, "[C@H]": 718, "S": 561, "others": 484, "[nH]": 424, "3": 412, "[N+]": 77}}}