{"0.20": {"activatedMoleculePct": 0.03850939592056146, "activatedTokens": {"O": 56202, "others": 179}}, "0.00": {"activatedMoleculePct": 0.06424116013015652, "activatedTokens": {"O": 86578, "[C@H]": 3320, "N": 3138, "others": 939, "1": 846, "3": 714, "C": 629, "2": 289, "S": 275}}}