{"0.20": {"activatedMoleculePct": 0.11347316199330176, "activatedTokens": {"2": 85509, "3": 51963, "4": 19360, "5": 3818, "others": 1194}}, "0.00": {"activatedMoleculePct": 0.2019593784535748, "activatedTokens": {"2": 165002, "3": 93844, "4": 32026, "5": 6184, "1": 4503, "others": 3003, "6": 1031, "7": 559, "C": 546}}}