{"0.20": {"activatedMoleculePct": 0.4567166605758027, "activatedTokens": {"C": 743417, "others": 758}}, "0.00": {"activatedMoleculePct": 0.6476795273001311, "activatedTokens": {"C": 1161134, "others": 7633}}}