{"0.20": {"activatedMoleculePct": 0.4909819815399218, "activatedTokens": {"C": 699289, "c": 303931, "N": 298012, "(": 165807, "=": 164277, "O": 144421, "1": 120360, "[C@@H]": 85957, "2": 80557, "[C@H]": 78331, "n": 76592, ")": 64340, "S": 32640, "others": 21053, "3": 20182, "-": 10994, "/": 8974, "F": 7556, "[C@]": 5778, "[C@@]": 5700, "o": 5150}}, "0.00": {"activatedMoleculePct": 0.9147545137696247, "activatedTokens": {"C": 2435094, "c": 1238079, "(": 1056030, "O": 871041, "N": 787594, "=": 762551, ")": 565849, "1": 539878, "2": 337945, "n": 250885, "[C@@H]": 204728, "[C@H]": 190287, "others": 93937, "3": 93005, "S": 68776, "F": 61054, "-": 42300, "Cl": 25155, "/": 22689, "o": 18975}}}