{"0.20": {"activatedMoleculePct": 0.3988734709062986, "activatedTokens": {"c": 718204, "others": 5009}}, "0.00": {"activatedMoleculePct": 0.6606336597987598, "activatedTokens": {"c": 1616495, "n": 27011, "C": 16439, "others": 14514}}}