{"0.20": {"activatedMoleculePct": 0.3542993321532437, "activatedTokens": {"(": 454705, "c": 61661, "n": 41154, "C": 40677, "-": 25701, "N": 14844, "[C@]": 12911, "S": 10885, "s": 7505, "others": 4807, "o": 4757, "2": 4612}}, "0.00": {"activatedMoleculePct": 0.6592011471818829, "activatedTokens": {"(": 1007140, "c": 291567, "C": 227171, "n": 137125, "-": 71915, "N": 37727, "S": 29105, "[C@]": 21763, "2": 19312, "others": 19074, "s": 17223, "o": 12941, "Cl": 8107, "O": 6650, "3": 3849}}}