{"0.20": {"activatedMoleculePct": 0.8200951639516549, "activatedTokens": {"C": 1201012, "c": 741318, "N": 417672, "O": 298084, "n": 191214, "[C@@H]": 123562, "[C@H]": 84244, "F": 38640, "o": 35912, "others": 29526, "Br": 24925, "=": 19849, "S": 19519, "s": 16911, "#": 12863, "-": 12229, "[C@]": 11031, "Cl": 10141, "2": 7393}}, "0.00": {"activatedMoleculePct": 0.9882462193311572, "activatedTokens": {"C": 3885848, "c": 2577788, "N": 912643, "O": 622570, "n": 427418, "[C@@H]": 293865, "[C@H]": 226394, "F": 171473, "=": 96573, "others": 90486, "o": 65432, "S": 61414, "-": 45513, "Br": 44044, "2": 40089, "s": 40007, "Cl": 37274, "#": 31892, "[C@]": 24856, "[O-]": 21218, "3": 19343}}}