{"0.20": {"activatedMoleculePct": 0.06959770270676043, "activatedTokens": {"[C@]": 50988, "[C@@]": 46367, "others": 111}}, "0.00": {"activatedMoleculePct": 0.07668776131820455, "activatedTokens": {"[C@]": 51046, "[C@@]": 50625, "S": 1928, "C": 1668, "[C@H]": 876, "others": 810, "P": 702}}}