{"0.20": {"activatedMoleculePct": 0.16646953750202317, "activatedTokens": {"C": 168561, "N": 57694, "c": 45683, "O": 36323, "1": 32915, "(": 31827, "n": 18544, "[C@@H]": 17548, "[C@H]": 16999, ")": 7660, "=": 4914, "S": 4771, "others": 4441, "F": 1735, "[C@]": 1098}}, "0.00": {"activatedMoleculePct": 0.3674285007027075, "activatedTokens": {"C": 381165, "c": 156368, "(": 146209, "N": 127444, "1": 115952, "O": 59458, "n": 40462, ")": 36731, "[C@@H]": 36622, "=": 36477, "[C@H]": 35527, "S": 11679, "others": 10362, "2": 6180, "o": 4914, "F": 4207, "[C@]": 2689, "#": 2660}}}