{"0.20": {"activatedMoleculePct": 0.9624375564381409, "activatedTokens": {"(": 3308923, "others": 59}}, "0.00": {"activatedMoleculePct": 0.9935463695399188, "activatedTokens": {"(": 5198946, "others": 5320}}}