{"0.20": {"activatedMoleculePct": 0.005396822839348397, "activatedTokens": {"C": 49011, "c": 16178, "N": 11338, "1": 8772, "O": 6579, "=": 5342, ".": 5180, "Cl": 2965, "(": 2085, "n": 1862, "I": 1270, "others": 1168, "2": 844, ")": 770, "F": 720, "S": 682, "-": 592, "[O-]": 523, "s": 308, "#": 299, "[C-]": 264, "[c-]": 232, "[nH]": 212, "P": 190, "[CH]": 182, "o": 153, "3": 139, "[Cl-]": 129, "[N-]": 110, "Br": 105, "[CH2-]": 105, "[O+]": 101, "[cH-]": 90, "[HH]": 89, "[C]": 86, "[N+]": 77, "[S-]": 75, "[Na+]": 68, "[K+]": 62, "[CH3-]": 60, "[CH-]": 55, "[Si]": 54, "[Y]": 49, "[I-]": 49, "[V]": 45, "[B-]": 45, "[W]": 45, "[U+2]": 43, "[O-2]": 42, "[n-]": 40, "[Br-]": 37, "[NH-]": 37, "B": 34, "[B]": 33, "[NH4+]": 33, "[NH3+]": 33}}, "0.00": {"activatedMoleculePct": 0.036769288569999406, "activatedTokens": {"C": 109592, "c": 68439, ")": 35602, "(": 30102, "1": 27555, "O": 25742, "=": 20122, "N": 19476, "2": 12548, ".": 7984, "n": 7127, "F": 4201, "3": 4191, "others": 3799, "Cl": 3766, "-": 2618, "S": 2000, "I": 1640, "[nH]": 1470, "[O-]": 994, "4": 844, "#": 754, "s": 727, "P": 514, "o": 424, "/": 388, "[c-]": 286, "[C-]": 276, "Br": 252, "[N+]": 246, "[Cl-]": 237, "[CH]": 210, "[N-]": 194, "[Na+]": 184}}}