{"0.20": {"activatedMoleculePct": 0.5365257760724986, "activatedTokens": {"(": 872629, "others": 718}}, "0.00": {"activatedMoleculePct": 0.8084622240710456, "activatedTokens": {"(": 1597054, "others": 15673, "c": 5305}}}