{"0.20": {"activatedMoleculePct": 0.3128392238945448, "activatedTokens": {"O": 423781, "S": 64424, "N": 4832, "others": 4603, "#": 4189, "C": 3297}}, "0.00": {"activatedMoleculePct": 0.5572576611228819, "activatedTokens": {"O": 670986, "S": 108594, "N": 76994, "C": 67029, "Cl": 38961, "=": 33247, "Br": 18618, "n": 13601, "others": 10419, "#": 10081, "1": 6254, ")": 5521, "s": 5135, "3": 3743}}}