{"0.20": {"activatedMoleculePct": 0.7587739566862672, "activatedTokens": {"C": 1270143, "c": 676049, "(": 488301, "O": 205402, "1": 203687, "n": 198641, "N": 186270, "2": 151332, ")": 149977, "F": 62592, "[C@H]": 60534, "[C@@H]": 55666, "=": 53787, "3": 53052, "others": 35517, "S": 24169, "Cl": 20359, "o": 18045, "[nH]": 17140, "-": 14536, "4": 13968, "/": 13743, "#": 12937, "s": 11971}}, "0.00": {"activatedMoleculePct": 0.9981668818609188, "activatedTokens": {"C": 6160520, "c": 4500580, "(": 3865118, ")": 3198855, "O": 1797117, "1": 1792083, "2": 1042109, "=": 909781, "N": 904749, "n": 755778, "3": 386354, "F": 282512, "[C@H]": 241830, "others": 230296, "[C@@H]": 221107, "S": 85943, "4": 82969, "o": 78181, "-": 74250, "Cl": 71247, "[nH]": 59033}}}