{"0.20": {"activatedMoleculePct": 0.011471818829631332, "activatedTokens": {"2": 2986, "C": 2383, "N": 2016, "[C@H]": 1736, "n": 1097, "[nH]": 988, "=": 942, "1": 648, ")": 638, "O": 620, "[C@@H]": 592, "S": 279, "c": 217, "(": 212, "o": 212, "others": 146, "/": 142, "4": 110, "Br": 109, "[N-]": 84, "3": 63, "[C@@]": 57, "s": 54, "#": 43, "I": 32, "-": 25, "6": 23}}, "0.00": {"activatedMoleculePct": 0.04302884140049347, "activatedTokens": {"2": 9134, "C": 8118, "=": 7943, ")": 5990, "N": 5659, "O": 4818, "[C@H]": 4776, "n": 4443, "1": 3676, "[nH]": 3152, "[C@@H]": 1646, "c": 1099, "o": 954, "S": 652, "(": 590, "others": 587, "4": 438, "s": 362, "/": 306, "Br": 265, "3": 209, "[C@@]": 202, "[N-]": 166, "[O-]": 137, "#": 106}}}