{"0.20": {"activatedMoleculePct": 0.26776268040980405, "activatedTokens": {"c": 434377, "C": 96875, "n": 17642, "[C@@H]": 8373, "[C@H]": 7525, "o": 5295, "others": 4711, "s": 4302, "O": 2864, "=": 1718}}, "0.00": {"activatedMoleculePct": 0.5010901303835487, "activatedTokens": {"c": 830590, "C": 288229, "n": 43542, "1": 37532, "[C@@H]": 21171, "=": 19151, "[C@H]": 16588, ")": 16405, "2": 15482, "N": 9855, "o": 9609, "others": 8924, "O": 8853, "s": 6459}}}