{"0.20": {"activatedMoleculePct": 0.34812912826920106, "activatedTokens": {"F": 456719, "O": 155004, "N": 33344, "C": 25978, "[C@H]": 20431, "n": 7193, "S": 7058, "others": 5969}}, "0.00": {"activatedMoleculePct": 0.7692211921053614, "activatedTokens": {"O": 880233, "C": 820303, "F": 573466, "N": 132001, "n": 94387, "1": 89135, "2": 81129, "[C@H]": 79567, ")": 57925, "S": 33964, "3": 27834, "others": 21354, "[C@@H]": 19148, "(": 16727}}}