{"0.20": {"activatedMoleculePct": 0.5348596379317038, "activatedTokens": {"c": 654442, "C": 453534, "n": 71813, "O": 40217, "N": 35388, "others": 9757, "[C@H]": 9074, "s": 8940, "S": 7683, "1": 4694, "[C@@H]": 4584, "2": 4150, "[nH]": 4090, "=": 3420}}, "0.00": {"activatedMoleculePct": 0.8470492510434419, "activatedTokens": {"c": 1666168, "C": 922968, "n": 166159, ")": 78336, "N": 66616, "(": 61576, "O": 57613, "=": 55968, "[C@H]": 36896, "2": 29711, "others": 23673, "[C@@H]": 23454, "1": 20417, "S": 18673, "s": 17976, "3": 15626, "[nH]": 13866}}}