{"0.20": {"activatedMoleculePct": 0.21350077228249206, "activatedTokens": {")": 251248, "C": 113187, "c": 43780, "N": 41643, "(": 28784, "2": 18816, "O": 7800, "S": 5023, "=": 4337, "others": 4314, "[C@H]": 3843, "[C@@H]": 3673, "n": 2563}}, "0.00": {"activatedMoleculePct": 0.5257321303938018, "activatedTokens": {")": 609546, "C": 382048, "(": 145539, "c": 108263, "N": 89222, "2": 54376, "1": 51559, "=": 48489, "O": 44483, "n": 16793, "others": 15223, "3": 13883, "[C@H]": 12349, "[C@@H]": 9856, "S": 8457, "Cl": 7859, "F": 4712, "4": 3370}}}