{"0.20": {"activatedMoleculePct": 0.4186920925450022, "activatedTokens": {"c": 1202509, "others": 10850, "n": 7040, "C": 6577, "[C@H]": 3948}}, "0.00": {"activatedMoleculePct": 0.7067728698515416, "activatedTokens": {"c": 2759267, "C": 38599, "n": 27497, "others": 22102, "N": 13901, "(": 11954, "[C@H]": 10494, "O": 9291, "F": 7377}}}