{"0.20": {"activatedMoleculePct": 0.7293935330404347, "activatedTokens": {"1": 714075, "2": 457862, "3": 217721, "4": 44575, "others": 6755}}, "0.00": {"activatedMoleculePct": 0.8639208221860758, "activatedTokens": {"1": 1059902, "2": 623586, "3": 264706, "4": 57124, "others": 15913}}}