{"0.20": {"activatedMoleculePct": 0.45756254609343705, "activatedTokens": {"(": 791084, "others": 4466}}, "0.00": {"activatedMoleculePct": 0.8753655433844063, "activatedTokens": {"(": 2573417, "others": 26065, "C": 10553, ")": 9580, "O": 6104}}}