{"0.20": {"activatedMoleculePct": 0.6597225934923208, "activatedTokens": {"C": 1039152, "=": 458484, "O": 379303, "c": 110246, "F": 84073, "n": 64997, "N": 46784, "Cl": 32628, "others": 20145, "s": 18456, "Br": 14870, "S": 14195, "[nH]": 12804, "o": 9825, "[C@@H]": 8984, "[C@H]": 7838, "1": 5091, "[O-]": 4328}}, "0.00": {"activatedMoleculePct": 0.9722461666006315, "activatedTokens": {"C": 3234061, "O": 1715425, "=": 1542698, "c": 597510, "n": 277026, "F": 271274, "N": 148659, "Cl": 81457, "others": 76409, "s": 50617, "1": 47726, "S": 46079, "[nH]": 40142, "o": 39226, "Br": 32575, "(": 31987, "[C@@H]": 30259, "[C@H]": 27712}}}