{"0.20": {"activatedMoleculePct": 0.13591366255246504, "activatedTokens": {"c": 149899, "n": 144837, "N": 60410, "1": 46247, "2": 43488, "C": 37244, "o": 11729, "-": 9180, "others": 4404, "(": 3149}}, "0.00": {"activatedMoleculePct": 0.48535446265030946, "activatedTokens": {"N": 424112, "c": 337633, "n": 181857, "(": 130378, "C": 120235, "1": 79010, "2": 67328, "=": 51417, ")": 36261, "-": 24071, "o": 16960, "others": 12826, "3": 4430}}}