{"0.20": {"activatedMoleculePct": 0.34543328013897423, "activatedTokens": {"C": 791459, "O": 28650, "S": 10553, "others": 1040}}, "0.00": {"activatedMoleculePct": 0.5230729006842518, "activatedTokens": {"C": 1446106, "O": 64706, "S": 15984, "others": 13394, "c": 9258, "N": 4515, "n": 2877}}}