{"0.20": {"activatedMoleculePct": 0.7003873496539194, "activatedTokens": {"=": 1319634, "others": 17}}, "0.00": {"activatedMoleculePct": 0.8514676296823059, "activatedTokens": {"=": 1950026, "others": 5586}}}