{"0.20": {"activatedMoleculePct": 0.8033085475449913, "activatedTokens": {"1": 928557, "2": 634003, "3": 214499, "4": 33820, "others": 5183}}, "0.00": {"activatedMoleculePct": 0.9654322108810904, "activatedTokens": {"1": 1551958, "2": 1004800, "3": 365304, "4": 65247, "others": 23275}}}