{"0.20": {"activatedMoleculePct": 0.35552531687750333, "activatedTokens": {")": 582222, "others": 4329}}, "0.00": {"activatedMoleculePct": 0.7864970306122673, "activatedTokens": {")": 2037483, "others": 17420, "C": 9437, "F": 8674, "N": 4759, "=": 4734}}}