{"0.20": {"activatedMoleculePct": 0.13959234909365748, "activatedTokens": {"C": 217876, "others": 1624}}, "0.00": {"activatedMoleculePct": 0.2831980770934934, "activatedTokens": {"C": 479896, "c": 5729, "others": 4527, "S": 3902, "(": 2684, "O": 2441, "N": 1857, "[Si]": 1829, "n": 1408}}}