{"0.20": {"activatedMoleculePct": 0.20569518973102305, "activatedTokens": {"C": 370774, "F": 47596, "N": 26067, "O": 22718, "(": 18014, "Br": 2967, "others": 2619, "[O-]": 2506}}, "0.00": {"activatedMoleculePct": 0.4332750123953354, "activatedTokens": {"C": 681634, "F": 181002, "(": 81628, "O": 69050, "N": 64753, "Br": 14767, "others": 9543, "[O-]": 7789, ")": 6209, "Cl": 5996, "=": 4920, "c": 4306}}}