{"0.20": {"activatedMoleculePct": 0.007405709397678245, "activatedTokens": {"C": 3729, "O": 921, "1": 750, "(": 689, ")": 661, "3": 631, "2": 519, "N": 437, "c": 426, "[C@@]": 379, "[O-]": 348, "n": 266, "5": 245, "[C@H]": 226, "S": 163, "7": 112, "4": 91, "others": 86, "9": 22}}, "0.00": {"activatedMoleculePct": 0.023325201602715038, "activatedTokens": {"C": 8905, "1": 4262, ")": 3730, "(": 3143, "O": 2377, "3": 2109, "2": 1900, "c": 1845, "N": 1111, "n": 1096, "[O-]": 1072, "[C@@]": 907, "[C@H]": 593, "5": 482, "S": 391, "4": 320, "others": 247, "7": 152}}}