{"0.20": {"activatedMoleculePct": 0.09294707246712215, "activatedTokens": {"[nH]": 123684, "s": 5320, "o": 2720, "[N-]": 1935, "[N+]": 896, "others": 831}}, "0.00": {"activatedMoleculePct": 0.13218297785391153, "activatedTokens": {"[nH]": 135632, "o": 24507, "s": 21706, "[N+]": 2963, "[N-]": 2352, "N": 2163, "others": 1863, "S": 1434, "n": 1037, "F": 699, "[C-]": 457, "3": 366, "[c-]": 292, "-": 182, "O": 158}}}