{"0.20": {"activatedMoleculePct": 0.18278231154512892, "activatedTokens": {"C": 312873, "others": 766}}, "0.00": {"activatedMoleculePct": 0.3862979728774682, "activatedTokens": {"C": 871557, "O": 11493, "others": 7857, "c": 2853, "F": 2633, "Cl": 1631, "N": 1560}}}