{"0.20": {"activatedMoleculePct": 0.30177753137649377, "activatedTokens": {"c": 521744, "others": 913}}, "0.00": {"activatedMoleculePct": 0.44298035861151736, "activatedTokens": {"c": 953842, "others": 8958, "n": 6701, "C": 4057, "[nH]": 2336}}}