{"0.20": {"activatedMoleculePct": 0.015764230101367113, "activatedTokens": {"C": 4380, "c": 3853, "n": 2236, "O": 2159, "N": 2094, "1": 1767, ")": 1230, "=": 1009, "(": 748, "[O-]": 746, "[C@H]": 693, "[C@]": 397, "2": 351, "[C@@]": 261, "Cl": 200, "others": 164, "4": 137, "/": 105, "6": 87, "[C@@H]": 64}}, "0.00": {"activatedMoleculePct": 0.051341222894129554, "activatedTokens": {"C": 15894, "c": 13435, "O": 8728, ")": 7482, "1": 5952, "N": 5286, "n": 5077, "(": 4290, "=": 2449, "[O-]": 2109, "[C@H]": 1990, "2": 1196, "[C@]": 753, "others": 615, "[C@@]": 589, "Cl": 480, "4": 350, "/": 279, "[C@@H]": 277}}}