{"0.20": {"activatedMoleculePct": 0.0012420968293574272, "activatedTokens": {".": 1689, "[Si]": 29, "7": 16, "5": 16, "others": 16, "9": 9, "O": 8, "2": 7, "3": 6, "o": 5, "[C@]": 5, "S": 4, "N": 3}}, "0.00": {"activatedMoleculePct": 0.006958964665421152, "activatedTokens": {".": 3906, "o": 1105, ")": 945, "C": 774, "(": 697, "1": 656, "O": 470, "N": 453, "n": 287, "c": 265, "F": 215, "2": 181, "3": 103, "[Si]": 98, "5": 90, "others": 87, "7": 78, "S": 56, "[C@]": 50, "[C@H]": 38, "9": 24}}}