{"0.20": {"activatedMoleculePct": 0.08349073151154249, "activatedTokens": {"Cl": 120946, "others": 757}}, "0.00": {"activatedMoleculePct": 0.12103633059989029, "activatedTokens": {"Cl": 163081, "[nH]": 10898, "Br": 2422, "N": 2115, "others": 1812, "I": 1227, "s": 1166, "C": 749, "[C@H]": 723, "O": 432}}}