{"0.20": {"activatedMoleculePct": 0.22960775080139414, "activatedTokens": {"[C@@H]": 336285, "[C@@]": 4020, "[C@]": 3910, "others": 673}}, "0.00": {"activatedMoleculePct": 0.3572295381758021, "activatedTokens": {"[C@@H]": 542434, "[C@@]": 14590, "[C@]": 13648, "others": 5505, "/": 4568, "[nH]": 2798, "[C@H]": 1681, "C": 1638, "N": 1302, "S": 1270}}}