{"0.20": {"activatedMoleculePct": 0.7021355130570303, "activatedTokens": {")": 1782561, "others": 5208}}, "0.00": {"activatedMoleculePct": 0.9185569705727048, "activatedTokens": {")": 3363248, "others": 32397}}}