{"0.20": {"activatedMoleculePct": 0.3021993755826906, "activatedTokens": {"C": 231127, "N": 91678, "O": 75323, "-": 50171, "F": 41451, "Br": 20693, "[C@@H]": 13630, "S": 11445, "[C@H]": 10195, "Cl": 9985, "c": 8116, "=": 7349, "others": 5768, "#": 2966, "[N+]": 2282, "o": 1224, "2": 1134, "3": 1038, "[O-]": 993, ".": 986}}, "0.00": {"activatedMoleculePct": 0.8359392222100974, "activatedTokens": {"C": 1477312, "N": 546015, "O": 341855, "F": 257558, "c": 205851, "=": 140080, "-": 104690, ")": 65748, "Cl": 63779, "[C@@H]": 60543, "S": 46797, "Br": 43600, "[C@H]": 39886, "others": 28384, "2": 22008, "1": 18777, "#": 17220, "3": 14440, "[N+]": 13741, "[O-]": 12509, "s": 9979, "o": 8118}}}