{"0.20": {"activatedMoleculePct": 0.08756855883811215, "activatedTokens": {"[C@H]": 58051, "[C@@H]": 38135, "C": 36424, "1": 23974, "2": 20332, "N": 8593, "[C@]": 3030, "[C@@]": 2752, "O": 2633, "3": 2575, "others": 850}}, "0.00": {"activatedMoleculePct": 0.19543104641531295, "activatedTokens": {"C": 153245, "[C@H]": 94414, "[C@@H]": 73547, "1": 69904, "2": 66881, "N": 35644, "c": 23848, "3": 15686, "O": 10297, "others": 5278, "[C@]": 5063, "[C@@]": 4947, "n": 3660, ")": 3602}}}