{"0.20": {"activatedMoleculePct": 0.005089228105663185, "activatedTokens": {"C": 1428, "c": 947, "N": 766, "[C@H]": 751, "=": 507, "Cl": 318, ")": 296, "1": 294, "F": 278, "[O-]": 263, "s": 262, "n": 242, "3": 138, "[C@@]": 129, "S": 127, "2": 89, "[N-]": 77, "O": 71, "others": 70, "[C@]": 57, "4": 16, "\\": 10, "Br": 9, "[NH3+]": 9, "5": 8, ".": 8, "[N+]": 7, "[Se]": 7, "-": 7, "I": 5, "[SiH3]": 5}}, "0.00": {"activatedMoleculePct": 0.03084589284131847, "activatedTokens": {"C": 8883, "c": 8551, ")": 6418, "=": 4443, "N": 4319, "[C@H]": 2748, "O": 2173, "1": 1929, "[O-]": 1109, "n": 998, "s": 769, "Cl": 641, "F": 614, "3": 539, "S": 477, "2": 428, "others": 383, "[C@@]": 288, "[C@]": 210, "[N-]": 189, "\\": 101, "4": 90}}}