{"0.20": {"activatedMoleculePct": 0.13517397045479346, "activatedTokens": {"N": 152520, "S": 36377, "O": 3927, "[N+]": 1999, "others": 1746, "[n+]": 1511, "n": 442, "[S@]": 395, "[S@@]": 370, "C": 309}}, "0.00": {"activatedMoleculePct": 0.3393238628332551, "activatedTokens": {"N": 384767, "S": 78208, "O": 29021, "C": 11769, "c": 11069, "n": 10822, "[N+]": 9347, "others": 5143, "[nH]": 2687, "=": 2503, "[C@]": 1981, "[n+]": 1657, "[C@@H]": 1383, "[C@@]": 1334, ")": 920, "(": 906, "F": 884, "[C@H]": 879}}}