{"0.20": {"activatedMoleculePct": 0.4399417620637556, "activatedTokens": {"1": 488273, "2": 187457, "3": 53141, "4": 11830, "Cl": 8205, "others": 7554, "C": 4630, "O": 4178, "c": 1385, "[C@H]": 1350, "=": 1056, "N": 1053}}, "0.00": {"activatedMoleculePct": 0.8489944215497941, "activatedTokens": {"1": 1143086, "2": 628353, "3": 203432, "C": 43116, "4": 40135, "O": 35020, "Cl": 27105, ")": 27093, "others": 22213, "c": 17448, "=": 12233, "[C@H]": 8011, "n": 7535, "F": 6354, "[C@@H]": 4054}}}