{"0.20": {"activatedMoleculePct": 0.3229964414218786, "activatedTokens": {"C": 733229, "1": 8204, "2": 7891, "c": 7485, "others": 6443, "3": 3081, "(": 3039}}, "0.00": {"activatedMoleculePct": 0.626838519356131, "activatedTokens": {"C": 1536293, "c": 118421, "1": 104725, ")": 63356, "2": 60598, "3": 21388, "(": 16475, "[C@@H]": 14763, "others": 14696, "n": 10048, "s": 6974}}}