{"0.20": {"activatedMoleculePct": 0.12826480684149277, "activatedTokens": {"2": 89070, "1": 57592, "3": 31046, "4": 9399, "5": 1232, "others": 951}}, "0.00": {"activatedMoleculePct": 0.38327402369797714, "activatedTokens": {"2": 294967, "1": 184124, "3": 121955, "4": 48775, "others": 5419, "5": 4930, "[C@H]": 4896}}}