{"0.20": {"activatedMoleculePct": 0.7447058918306501, "activatedTokens": {"c": 2594917, "n": 242126, "C": 74584, "(": 34316, "2": 29223, "others": 27986}}, "0.00": {"activatedMoleculePct": 0.8800937138621961, "activatedTokens": {"c": 3594238, "n": 499017, "C": 404089, "(": 143028, "2": 44883, "others": 38203, "F": 23763, "3": 20140, "o": 19553, "Cl": 11185}}}