{"0.20": {"activatedMoleculePct": 0.35573770371742885, "activatedTokens": {"c": 349869, "n": 122573, "O": 83741, "C": 36207, "S": 29250, "o": 27218, "2": 11729, "1": 10331, "F": 9958, "others": 6627, "s": 6570, "N": 6172, ")": 5156, "3": 4429, "[nH]": 3188, "(": 3170, "[C@H]": 2477}}, "0.00": {"activatedMoleculePct": 0.7306253767120027, "activatedTokens": {"c": 1295616, "n": 276886, "C": 209958, "O": 169110, ")": 103897, "1": 94616, "2": 83478, "o": 60110, "S": 56188, "F": 56177, "(": 49203, "3": 35146, "N": 23871, "others": 21264, "Cl": 19271, "s": 14157, "4": 9753, "[C@H]": 9097, "-": 8578}}}