{"0.20": {"activatedMoleculePct": 0.9682210697998364, "activatedTokens": {"(": 3877261, "others": 380}}, "0.00": {"activatedMoleculePct": 0.9949407989992918, "activatedTokens": {"(": 5397076, "others": 13097}}}