{"0.20": {"activatedMoleculePct": 0.673105161512868, "activatedTokens": {"c": 642446, "C": 551761, "[C@H]": 144732, "[C@@H]": 130733, "N": 84626, "n": 56905, "=": 52368, "1": 36625, ")": 35667, "O": 20373, "o": 18377, "others": 17563, "s": 12528}}, "0.00": {"activatedMoleculePct": 0.8463527686821689, "activatedTokens": {"c": 1135774, "C": 927151, "N": 184953, "[C@H]": 172236, "[C@@H]": 152215, ")": 147913, "n": 130081, "1": 117733, "=": 113501, "O": 108502, "2": 30820, "others": 29120, "o": 22329, "s": 17282, "(": 6790}}}