{"0.20": {"activatedMoleculePct": 0.3213229795969484, "activatedTokens": {"N": 177108, "O": 102344, "n": 75257, "(": 66476, "=": 23872, "1": 19992, "S": 16835, "2": 15394, "[C@@H]": 12839, "C": 8927, "others": 4396, "3": 4221, "o": 2120, "[C@H]": 1520}}, "0.00": {"activatedMoleculePct": 0.5856647671471248, "activatedTokens": {"N": 326010, "(": 208538, "O": 193269, "n": 135035, "1": 55095, "[C@@H]": 51171, "=": 46338, "C": 42206, "S": 36092, "2": 34148, "c": 33876, "-": 13536, "[C@H]": 12435, ")": 11705, "others": 11529, "3": 9838}}}