{"0.20": {"activatedMoleculePct": 0.3070901318482855, "activatedTokens": {")": 442439, "others": 539}}, "0.00": {"activatedMoleculePct": 0.7487939723150092, "activatedTokens": {")": 1348107, "others": 9788}}}