{"0.20": {"activatedMoleculePct": 0.9512000955008412, "activatedTokens": {"(": 3618442, "others": 305}}, "0.00": {"activatedMoleculePct": 0.9949466579466001, "activatedTokens": {"(": 5481226, "others": 9755}}}