{"0.20": {"activatedMoleculePct": 0.46532638364533446, "activatedTokens": {"F": 335440, "C": 274856, "c": 219841, "N": 118038, "=": 34755, "[C@H]": 25167, "O": 21377, "(": 18184, "n": 15770, "-": 8097, "others": 5112}}, "0.00": {"activatedMoleculePct": 0.8894687619238733, "activatedTokens": {"c": 1081114, "C": 1072735, "F": 472777, "N": 377080, "(": 210349, "=": 116115, "O": 110666, "[C@H]": 75852, ")": 70903, "n": 59488, "2": 35381, "others": 34127, "-": 27711, "3": 26031, "[C@@H]": 20389}}}