{"0.20": {"activatedMoleculePct": 0.5603160316178092, "activatedTokens": {"C": 828819, "n": 201033, "(": 184808, "c": 86255, "1": 20697, "2": 11579, "others": 11078, "O": 11015, "S": 6865, "N": 3358}}, "0.00": {"activatedMoleculePct": 0.8694985400235676, "activatedTokens": {"C": 1819071, "c": 471555, "(": 434188, "n": 401201, "1": 129845, "2": 63143, "O": 54243, ")": 45169, "others": 28410, "N": 18667, "S": 16325, "3": 14245, "[C@@H]": 10429, "=": 7998}}}