{"0.20": {"activatedMoleculePct": 0.2806823915929965, "activatedTokens": {"C": 232398, "O": 158102, "n": 26654, "(": 25578, "N": 24152, "c": 23710, "[nH]": 17113, "=": 8847, "others": 5097}}, "0.00": {"activatedMoleculePct": 0.5412312431294688, "activatedTokens": {"C": 536215, "O": 351848, "(": 109620, "c": 81385, "N": 74165, "n": 46524, "=": 43298, "[nH]": 35009, ")": 32718, "others": 10389, "F": 8100, "-": 5511}}}