{"0.20": {"activatedMoleculePct": 0.05804385861481303, "activatedTokens": {"n": 106960, "1": 23286, "2": 22571, "others": 1134}}, "0.00": {"activatedMoleculePct": 0.09445208955693908, "activatedTokens": {"n": 135560, "1": 50583, ")": 36812, "2": 33657, "c": 10585, "C": 5447, "[C@H]": 3876, "others": 1701, "3": 1521}}}