{"0.20": {"activatedMoleculePct": 0.007766034657138065, "activatedTokens": {"C": 3324, "c": 2609, "F": 880, "N": 862, "O": 720, ")": 511, "1": 456, "3": 415, "[C@@H]": 409, "(": 353, "2": 270, "n": 219, "=": 193, "[N+]": 155, "others": 117, "[C@H]": 74, ".": 52, "[C@@]": 36, "4": 26, "Br": 25, "I": 16}}, "0.00": {"activatedMoleculePct": 0.030850287051799687, "activatedTokens": {"C": 10281, "c": 9877, ")": 5516, "F": 3316, "1": 3199, "=": 2989, "N": 2714, "(": 2700, "3": 1767, "O": 1498, "2": 1351, "[C@@H]": 1050, "n": 715, "others": 423, "[C@H]": 283, "[N+]": 255, "4": 95, ".": 80}}}