{"0.20": {"activatedMoleculePct": 0.4159317959943842, "activatedTokens": {"c": 377977, "C": 373196, "n": 53530, "O": 38369, "=": 17911, "o": 8738, "others": 7062, "[C@@H]": 5840, "N": 5322, "s": 3827, "Cl": 3568, "F": 3398, "[nH]": 2147}}, "0.00": {"activatedMoleculePct": 0.6829013214123285, "activatedTokens": {"c": 834613, "C": 635962, "n": 102461, "O": 80770, ")": 70180, "=": 63406, "o": 20439, "[C@@H]": 14888, "others": 14107, "N": 13654, "F": 11881, "Cl": 9673, "[nH]": 8639, "s": 8165, "S": 4991}}}