{"0.20": {"activatedMoleculePct": 0.21584801304787565, "activatedTokens": {"C": 149043, "O": 71235, "N": 41792, "1": 33916, "c": 26274, "(": 25867, "[C@@H]": 25485, "[C@H]": 21512, "n": 12516, "S": 4486, "/": 3291, "others": 3185, "[C@]": 2445, "#": 2418, "[C@@]": 2035}}, "0.00": {"activatedMoleculePct": 0.5117717236949744, "activatedTokens": {"C": 359627, "1": 233698, "(": 220682, "c": 113785, "N": 103689, "O": 87993, "[C@@H]": 61233, "[C@H]": 50598, ")": 33149, "n": 28269, "=": 14507, "others": 11401, "S": 11020, "/": 8128, "#": 5215, "[C@]": 4893, "[C@@]": 4209, ".": 2760}}}