{"0.20": {"activatedMoleculePct": 0.12974858524731714, "activatedTokens": {"N": 172004, "O": 3587, "others": 1371, "\\": 880, "n": 700}}, "0.00": {"activatedMoleculePct": 0.24085692963331046, "activatedTokens": {"N": 303884, "O": 9356, "c": 4600, "/": 4581, "1": 4416, "others": 3407, "\\": 2740, "C": 2381, "n": 2200, "2": 1993, "[C@H]": 1695, ")": 1571, "S": 1125, "(": 1063}}}