{"0.20": {"activatedMoleculePct": 0.13919833488717498, "activatedTokens": {"C": 298729, "O": 10204, "others": 1644}}, "0.00": {"activatedMoleculePct": 0.2855650918060425, "activatedTokens": {"C": 655823, "O": 22671, ")": 10494, "others": 5366, "c": 4846, "N": 4465, "1": 1837, "(": 1817}}}