{"0.20": {"activatedMoleculePct": 0.909400900666675, "activatedTokens": {")": 3312705, "others": 97}}, "0.00": {"activatedMoleculePct": 0.9909003224618125, "activatedTokens": {")": 5541544, "others": 4466}}}