{"0.20": {"activatedMoleculePct": 0.17217541981188386, "activatedTokens": {"(": 157500, "c": 50097, "2": 32231, "C": 29580, "[C@H]": 26442, "[C@@H]": 25538, "3": 16624, "n": 9441, "[C@@]": 7169, "1": 6613, "[C@]": 5011, "4": 4284, "O": 3685, "=": 2409, "others": 2352}}, "0.00": {"activatedMoleculePct": 0.33568692129163424, "activatedTokens": {"(": 293441, "c": 99444, "C": 76484, "O": 67728, "2": 62771, "[C@H]": 52297, "[C@@H]": 48476, "3": 31078, "1": 20692, "n": 19078, "[C@@]": 11740, "[C@]": 9144, ")": 8502, "4": 8339, "=": 8145, "N": 7670, "others": 4743}}}