{"0.20": {"activatedMoleculePct": 0.14993632056644302, "activatedTokens": {"n": 235606, "others": 428}}, "0.00": {"activatedMoleculePct": 0.3511296416594589, "activatedTokens": {"n": 653161, "others": 5908, "=": 4781, "Br": 4497, "N": 4233, "o": 2825, "O": 2188, "(": 2078, "C": 1962, "c": 1631}}}