{"0.20": {"activatedMoleculePct": 0.3520919737548455, "activatedTokens": {"C": 256562, "[C@@H]": 128114, "[C@H]": 114005, "-": 51359, "c": 10543, "/": 6259, "others": 5214, "o": 4307, "[C@]": 2844, "O": 1743, "=": 1649, "N": 1280, "(": 1118, "2": 1086, "S": 1046}}, "0.00": {"activatedMoleculePct": 0.658220505876158, "activatedTokens": {"C": 651312, "[C@@H]": 245138, "[C@H]": 223478, "-": 94302, "c": 75955, ")": 44023, "/": 17738, "o": 13734, "others": 12914, "N": 12487, "O": 11790, "=": 11633, "2": 11449, "(": 10973, "1": 9676, "n": 8815, "[C@]": 8495, "3": 6262, "S": 5172}}}