{"0.20": {"activatedMoleculePct": 0.9222400513243785, "activatedTokens": {"c": 1974549, "n": 141815, "C": 58272, "N": 42125, "others": 608}}, "0.00": {"activatedMoleculePct": 0.9507863073471932, "activatedTokens": {"c": 2027794, "C": 188623, "n": 146811, "N": 145504, "others": 20590}}}