{"0.20": {"activatedMoleculePct": 0.2644992467590867, "activatedTokens": {"O": 190809, "N": 150842, "S": 38767, "[C@H]": 7603, "[C@@]": 4512, "others": 3523, "C": 3413, "P": 2342, "1": 2219, "[Si]": 2110, "[N+]": 1955, "[C@]": 1439, "[S@]": 1378, "[S@@]": 1316, "[n+]": 1127, "2": 711}}, "0.00": {"activatedMoleculePct": 0.6314077658881835, "activatedTokens": {"O": 546023, "N": 427488, "S": 102957, "C": 83827, "1": 41977, "[C@H]": 31093, "o": 23177, "(": 21761, "2": 17351, "[C@@]": 14117, "others": 13207, "[N+]": 8950, ")": 6098, "[C@]": 6015, "[C@@H]": 5866, "c": 4814, "3": 2877, "[S@@]": 2565, "[S@]": 2461, "P": 2381, "[Si]": 2115}}}