{"0.20": {"activatedMoleculePct": 0.7591416056298624, "activatedTokens": {"O": 1598592, "others": 340}}, "0.00": {"activatedMoleculePct": 0.8520256944134205, "activatedTokens": {"O": 2010307, "others": 5771}}}