{"0.20": {"activatedMoleculePct": 0.13455145730328769, "activatedTokens": {"2": 116367, "3": 56388, "4": 18416, "5": 3561, "others": 1398, "1": 919}}, "0.00": {"activatedMoleculePct": 0.27152778642379377, "activatedTokens": {"2": 214949, "3": 98582, "1": 71305, "4": 28701, "5": 5722, "others": 3605, "6": 1061}}}