{"0.20": {"activatedMoleculePct": 0.05493422233093825, "activatedTokens": {"O": 64502, "N": 10356, "others": 243}}, "0.00": {"activatedMoleculePct": 0.10331960630803562, "activatedTokens": {"O": 118156, "N": 17478, "C": 6561, "others": 1127, "/": 861, "S": 819, "1": 462, "c": 353}}}