{"0.20": {"activatedMoleculePct": 0.6841317003470694, "activatedTokens": {")": 1770259, "others": 2301}}, "0.00": {"activatedMoleculePct": 0.9627473482770667, "activatedTokens": {")": 4370452, "others": 20455}}}