{"0.20": {"activatedMoleculePct": 0.6467113362574363, "activatedTokens": {")": 1224584, "others": 249}}, "0.00": {"activatedMoleculePct": 0.8470719544642615, "activatedTokens": {")": 1877165, "others": 11869}}}