{"0.20": {"activatedMoleculePct": 0.7633578505865904, "activatedTokens": {"c": 1151623, "C": 343690, "[C@@H]": 129822, "[C@H]": 72339, "Cl": 47978, "n": 31875, "F": 26479, "2": 19259, "others": 15695, "Br": 14535, "3": 9255, "s": 7122, "N": 4477}}, "0.00": {"activatedMoleculePct": 0.9481929907948614, "activatedTokens": {"c": 2002274, "C": 849693, "[C@@H]": 275790, "[C@H]": 185728, "F": 110987, "n": 95431, "Cl": 85452, "N": 47508, "2": 40218, "others": 38244, "Br": 27948, "3": 22589, "s": 15364, "O": 12286, "-": 11226, "S": 10107, "[N+]": 9126, "4": 8738}}}