{"0.20": {"activatedMoleculePct": 0.5830443529634922, "activatedTokens": {"(": 928070, "others": 547}}, "0.00": {"activatedMoleculePct": 0.8516580454698254, "activatedTokens": {"(": 1743421, "others": 10727}}}