{"0.20": {"activatedMoleculePct": 0.38602626419604624, "activatedTokens": {"C": 870422, "others": 5916, "F": 3573}}, "0.00": {"activatedMoleculePct": 0.5469012393870663, "activatedTokens": {"C": 1355212, "F": 31383, "O": 15505, "others": 12798, "c": 11882, "N": 7219, "2": 6340, "(": 4432, "[O-]": 3759, "3": 3584}}}