{"0.20": {"activatedMoleculePct": 0.2668794441030794, "activatedTokens": {"N": 376347, "others": 1119}}, "0.00": {"activatedMoleculePct": 0.4706543638538105, "activatedTokens": {"N": 666182, "Cl": 7775, "others": 5432, "2": 5001, "O": 4813, ")": 2442, "C": 1885, "3": 1744, "c": 1588}}}