{"0.20": {"activatedMoleculePct": 0.3484704119499089, "activatedTokens": {"N": 135702, "C": 132663, "2": 127764, "1": 76970, "3": 59436, "O": 39017, "4": 15921, "others": 5690, "c": 5555}}, "0.00": {"activatedMoleculePct": 0.5646868063097933, "activatedTokens": {"C": 376961, "N": 250059, "2": 203413, "1": 148730, "3": 96936, "c": 64456, "O": 53434, "4": 28260, "others": 12226, "(": 7280, "n": 4566, "5": 4244}}}