{"0.20": {"activatedMoleculePct": 0.35215642217523674, "activatedTokens": {"C": 312105, "N": 160198, "(": 89419, "2": 43785, "O": 31957, "3": 23469, "1": 22485, ")": 13863, "others": 6656, "=": 6214, "S": 4032, "#": 3810, "4": 3095}}, "0.00": {"activatedMoleculePct": 0.8584097498742157, "activatedTokens": {"(": 1077546, "C": 823010, "N": 336959, ")": 312383, "2": 151362, "1": 126446, "=": 105722, "O": 82809, "3": 71651, "n": 30873, "others": 29710, "[C@H]": 14315, "c": 11005, "4": 10778}}}