{"0.20": {"activatedMoleculePct": 0.574427306209825, "activatedTokens": {"1": 616154, "2": 323709, "3": 100471, "4": 16818, "others": 2986}}, "0.00": {"activatedMoleculePct": 0.8198922979011054, "activatedTokens": {"1": 999393, "2": 557345, "3": 206312, "4": 39232, "others": 16818}}}