{"0.20": {"activatedMoleculePct": 0.12062913376196416, "activatedTokens": {"C": 252287, "O": 5737, "N": 3970, "others": 2158, "S": 1199}}, "0.00": {"activatedMoleculePct": 0.28782591309862876, "activatedTokens": {"C": 628187, "O": 28871, "N": 23331, "S": 13280, "c": 12727, "#": 6528, "others": 5671, "/": 5643, "(": 5463, "=": 4092, "[C@H]": 3365, "F": 2937, "2": 2260, "1": 2200, "[C@@H]": 1878}}}