{"0.20": {"activatedMoleculePct": 0.1137104493592875, "activatedTokens": {"C": 240081, "O": 6191, "=": 5332, "#": 3751, "others": 1889}}, "0.00": {"activatedMoleculePct": 0.27320124824872405, "activatedTokens": {"C": 701184, "O": 35361, "=": 17543, "#": 7939, "others": 7000, "/": 5057}}}