{"0.20": {"activatedMoleculePct": 0.5888300634304283, "activatedTokens": {")": 1293046, "others": 172}}, "0.00": {"activatedMoleculePct": 0.9281297581060367, "activatedTokens": {")": 4010080, "others": 8406}}}