{"0.20": {"activatedMoleculePct": 0.5181411317874989, "activatedTokens": {"C": 922127, "others": 2200}}, "0.00": {"activatedMoleculePct": 0.7117200184849788, "activatedTokens": {"C": 1435885, "others": 14429, "N": 11011}}}