{"0.20": {"activatedMoleculePct": 0.005741768362123956, "activatedTokens": {"C": 1953, "c": 1659, "N": 1398, "=": 466, "n": 385, "S": 366, "O": 279, "3": 276, "[C@H]": 267, "s": 240, "(": 231, "Cl": 98, "[C@@H]": 97, "others": 82, "o": 81, "1": 81, ".": 78, "2": 49, "5": 36, "#": 26, "F": 26, "[N+]": 22, ")": 19, "4": 17, "[nH]": 16, "-": 12, "Br": 11, "[Si]": 10, "[O-]": 5, "[NH2+]": 5}}, "0.00": {"activatedMoleculePct": 0.022001079511041553, "activatedTokens": {"c": 7503, "C": 7351, "=": 5280, "N": 4164, "O": 1472, "n": 1167, "3": 838, "(": 721, "S": 714, "[C@H]": 700, "s": 579, "[C@@H]": 340, "others": 287, "1": 275, "o": 275, "Cl": 251, ")": 206, "2": 181, ".": 134, "#": 78, "F": 68, "5": 58, "[nH]": 52}}}