{"0.20": {"activatedMoleculePct": 0.2779367424106492, "activatedTokens": {"C": 438177, "N": 62021, "n": 56691, "S": 19385, "others": 5494}}, "0.00": {"activatedMoleculePct": 0.660486453747639, "activatedTokens": {"C": 1200120, "N": 324591, "n": 190320, ")": 84142, "(": 61538, "S": 36999, "O": 29168, "others": 17430, "1": 4812, "2": 4568}}}