{"0.20": {"activatedMoleculePct": 0.6785986569828033, "activatedTokens": {"(": 1589221, "others": 1791}}, "0.00": {"activatedMoleculePct": 0.9657932685089639, "activatedTokens": {"(": 4173993, "others": 16526}}}