{"0.20": {"activatedMoleculePct": 0.25858830129343585, "activatedTokens": {"N": 228882, "n": 92197, "O": 32728, "F": 16453, "S": 11668, "[C@]": 3902, "others": 3289, "[C@H]": 2950, "[C@@]": 2938, "[S@@]": 1183, "C": 1024, "[nH]": 832}}, "0.00": {"activatedMoleculePct": 0.4895875520805488, "activatedTokens": {"N": 472719, "n": 178591, "F": 76210, "O": 69800, "S": 23183, "c": 13051, "[C@H]": 12971, "[C@]": 9860, "others": 8794, "C": 8222, "[C@@]": 8160, "2": 6006, "[C@@H]": 4593, "3": 4354, ")": 3923, "[N+]": 3534}}}