{"0.20": {"activatedMoleculePct": 0.07574813264363758, "activatedTokens": {"[C@@H]": 53487, "[C@H]": 49170, "[C@]": 1425, "C": 1110, "[C@@]": 1034, "others": 108}}, "0.00": {"activatedMoleculePct": 0.15032667293085783, "activatedTokens": {"[C@@H]": 99045, "[C@H]": 88301, "C": 14132, "O": 4023, "[C@]": 3199, "[C@@]": 2326, "-": 1813, "others": 1764, "Cl": 1366, "2": 815, "=": 624}}}