{"0.20": {"activatedMoleculePct": 0.3173183891117323, "activatedTokens": {"C": 748350, "O": 25242, "[C@H]": 21545, "N": 21042, "[C@@H]": 16038, "others": 6884, "S": 3101, "=": 2291, "c": 1797}}, "0.00": {"activatedMoleculePct": 0.6248948135866058, "activatedTokens": {"C": 1872489, "N": 94796, "O": 77260, "[C@H]": 64352, "c": 55962, "[C@@H]": 54768, "others": 22718, ")": 12636, "=": 11975, "n": 10374, "S": 9940, "#": 9043, "F": 8949, "(": 7454, "2": 6856, "Cl": 6257, "s": 6066}}}