{"0.20": {"activatedMoleculePct": 0.31463938545501685, "activatedTokens": {"C": 375058, "F": 69774, "N": 64057, "1": 50308, "=": 25571, "O": 24390, "c": 24053, "2": 21996, "3": 8283, "(": 6372, "n": 5507, "others": 5347, "[C@H]": 4144, "[C@@H]": 3064}}, "0.00": {"activatedMoleculePct": 0.78874466927341, "activatedTokens": {"C": 1493788, "c": 424583, "=": 299256, "F": 261053, "1": 250514, "N": 232352, "2": 149129, "(": 140002, "O": 124654, "3": 42394, "n": 34787, ")": 30325, "[C@H]": 27669, "others": 27374, "[C@@H]": 19136}}}