{"0.20": {"activatedMoleculePct": 0.5527528630112206, "activatedTokens": {"1": 536042, "2": 292077, "3": 49080, "others": 3348}}, "0.00": {"activatedMoleculePct": 0.6705572518021756, "activatedTokens": {"1": 686331, "2": 423634, "3": 105856, "4": 10983, "others": 3908}}}