{"0.20": {"activatedMoleculePct": 0.3095919023489252, "activatedTokens": {"C": 521440, "others": 643}}, "0.00": {"activatedMoleculePct": 0.5384401871054822, "activatedTokens": {"C": 1101402, "[C@@H]": 10382, "others": 10045, "c": 7303, ")": 5643, "[C@H]": 3009, "O": 2962, "/": 2739}}}