{"0.20": {"activatedMoleculePct": 0.40778785923586147, "activatedTokens": {"C": 676764, "c": 133890, "O": 93345, "1": 70236, "N": 56561, "=": 37320, "(": 35788, "[C@@H]": 20577, "[C@H]": 20500, "n": 19042, "S": 16749, "others": 11596, ")": 8527, "#": 4498, "o": 3618, "-": 2991}}, "0.00": {"activatedMoleculePct": 0.8495217268075401, "activatedTokens": {"C": 1902632, "c": 594924, "1": 445220, "(": 364761, "O": 359173, "=": 307004, "N": 168421, ")": 109649, "n": 74360, "[C@H]": 60569, "[C@@H]": 59599, "S": 39534, "others": 37025, "2": 35380, "#": 13418, "3": 11670, "-": 11126, "F": 10469}}}