{"0.20": {"activatedMoleculePct": 0.4638909415548035, "activatedTokens": {"1": 422378, "2": 249030, "3": 55089, "others": 5237}}, "0.00": {"activatedMoleculePct": 0.6709798283767859, "activatedTokens": {"1": 731117, "2": 413876, "3": 102770, "4": 12663, "others": 12651}}}