{"0.20": {"activatedMoleculePct": 0.5748586712053978, "activatedTokens": {"C": 579557, "c": 294745, "n": 108765, "N": 58060, "S": 46002, "[C@@H]": 45736, "[C@H]": 29394, "(": 18722, "F": 17515, "others": 12302, "Br": 10630, "1": 8679, "o": 8353, "O": 4652, "2": 3952, "-": 3720}}, "0.00": {"activatedMoleculePct": 0.8840756009265925, "activatedTokens": {"C": 1387125, "c": 756472, "n": 323298, "N": 231173, "(": 108052, "1": 101496, "[C@@H]": 93429, "S": 74036, "F": 71987, "[C@H]": 65594, "2": 48343, ")": 44150, "Br": 33125, "others": 31829, "=": 30376, "o": 27226, "3": 23662, "-": 15794, "O": 14594, "Cl": 7711}}}