{"0.20": {"activatedMoleculePct": 0.3734544280092835, "activatedTokens": {"C": 359246, "n": 74915, "[C@@H]": 71883, "-": 71078, "(": 38615, ")": 31283, "1": 25896, "c": 24886, "[C@H]": 22727, "N": 20891, "=": 10264, "others": 7225, "2": 6764, "[C@]": 6546, "[C@@]": 3149}}, "0.00": {"activatedMoleculePct": 0.828064797027756, "activatedTokens": {"C": 1344173, ")": 435174, "(": 267375, "1": 247768, "c": 223720, "n": 198428, "[C@@H]": 178591, "N": 161739, "-": 113624, "[C@H]": 81238, "=": 68507, "2": 51706, "O": 35810, "others": 34188, "3": 30760, "[C@]": 16702, "F": 10883}}}