{"0.20": {"activatedMoleculePct": 0.5245976917212343, "activatedTokens": {"1": 416751, "2": 314897, "3": 141070, "4": 16052, "others": 4740}}, "0.00": {"activatedMoleculePct": 0.7834562369592649, "activatedTokens": {"1": 837001, "2": 531803, "3": 228874, "4": 36061, "others": 13611, "5": 6390}}}