{"0.20": {"activatedMoleculePct": 0.05891977123740235, "activatedTokens": {"C": 79949, "-": 8125, "others": 587}}, "0.00": {"activatedMoleculePct": 0.20090330320125557, "activatedTokens": {"C": 225613, "-": 83776, "[N+]": 7843, "c": 4490, "N": 4314, "others": 2580, "1": 2064, "F": 1787, "2": 1654, "O": 1562, "S": 1410, "(": 1178, ")": 943, "Cl": 927}}}