{"0.20": {"activatedMoleculePct": 0.1183229056277386, "activatedTokens": {"n": 224149, "others": 1823, "c": 755}}, "0.00": {"activatedMoleculePct": 0.2209972953634488, "activatedTokens": {"n": 421161, "c": 15131, "[nH]": 5608, "C": 4660, "others": 4642, "s": 3865, "o": 2975, "=": 2942, "N": 1922, "[C@H]": 1836, "2": 1147}}}