{"0.20": {"activatedMoleculePct": 0.6892487584524469, "activatedTokens": {"O": 1339866, "others": 215}}, "0.00": {"activatedMoleculePct": 0.8510846010020264, "activatedTokens": {"O": 1983768, "others": 6591}}}