{"0.20": {"activatedMoleculePct": 0.013901084857330971, "activatedTokens": {"C": 4703, "c": 2751, "3": 2049, "N": 1858, "1": 1762, "(": 1422, "=": 1345, ")": 854, "2": 806, "Cl": 577, "-": 427, "S": 394, "[C@H]": 321, "n": 298, "O": 243, "5": 235, "others": 160, "[C@@H]": 74, "F": 61}}, "0.00": {"activatedMoleculePct": 0.045264762167019544, "activatedTokens": {"C": 12622, "=": 10286, "c": 7928, "(": 6384, "N": 5743, ")": 5122, "1": 5057, "3": 4199, "2": 2743, "O": 2618, "S": 1284, "Cl": 1235, "-": 1226, "n": 736, "[C@H]": 693, "others": 564, "5": 357, "o": 269}}}