{"0.20": {"activatedMoleculePct": 0.05545420390454896, "activatedTokens": {"1": 41709, "2": 29362, "[C@H]": 20545, "[C@@H]": 8836, "3": 7626, "c": 1797, "C": 1197, "4": 1140, "O": 1058, "others": 715, "n": 515}}, "0.00": {"activatedMoleculePct": 0.16905845984387372, "activatedTokens": {"1": 116588, "2": 89566, "[C@H]": 37920, "c": 28862, "3": 27396, "[C@@H]": 22936, "C": 18347, "-": 14830, "n": 7551, "4": 5901, "O": 4412, "/": 3291, "others": 2600, "(": 1848, ")": 1480, "5": 1440, "N": 1374}}}