{"0.20": {"activatedMoleculePct": 0.0011395652514623567, "activatedTokens": {"C": 493, "c": 232, ".": 173, "n": 97, "2": 96, "N": 91, "[N-]": 80, "[nH]": 80, "[Si]": 68, "O": 49, "/": 40, "1": 35, "[N+]": 35, "4": 32, "3": 25, "=": 21, "[C@H]": 20, "others": 13, ")": 10, "[C@@H]": 5, "S": 5, "5": 5, "[C-]": 5}}, "0.00": {"activatedMoleculePct": 0.013819791963428451, "activatedTokens": {"C": 4128, "c": 3616, "O": 2830, "1": 2078, ")": 1669, "2": 978, "n": 897, ".": 893, "N": 887, "[nH]": 735, "=": 494, "[C@H]": 371, "/": 352, "[N-]": 263, "3": 200, "others": 140, "4": 137, "[Si]": 133, "[C@@H]": 128, "[N+]": 103}}}