{"0.20": {"activatedMoleculePct": 0.10944074150837134, "activatedTokens": {"1": 148923, "others": 868}}, "0.00": {"activatedMoleculePct": 0.23042360921407348, "activatedTokens": {"1": 273710, "2": 42704, "3": 8812, "4": 3511, "others": 2519, "C": 1587}}}