{"0.20": {"activatedMoleculePct": 0.3298345652990663, "activatedTokens": {"C": 759950, "[C@H]": 5736, "others": 5564}}, "0.00": {"activatedMoleculePct": 0.6328285606104437, "activatedTokens": {"C": 2107662, "[C@H]": 27369, "O": 22766, "others": 20140, "c": 18660, ")": 6216, "n": 5054, "Cl": 5038}}}