{"0.20": {"activatedMoleculePct": 0.14933065188844857, "activatedTokens": {"(": 244114, "others": 844}}, "0.00": {"activatedMoleculePct": 0.6710984720597788, "activatedTokens": {"(": 1544639, "others": 13448}}}