{"0.20": {"activatedMoleculePct": 0.2524627718826189, "activatedTokens": {"N": 222688, "C": 67124, "c": 62972, "[C@@H]": 12931, "n": 9014, "[C@H]": 6507, "O": 5651, "-": 2987, "others": 2858, "1": 1337}}, "0.00": {"activatedMoleculePct": 0.5682402578522711, "activatedTokens": {"N": 475839, "C": 264281, "c": 239994, ")": 83248, "1": 74346, "[C@@H]": 47176, "2": 41193, "[C@H]": 33986, "(": 28600, "n": 19849, "-": 18815, "O": 16932, "=": 14990, "others": 11480, "[C@@]": 3476, "#": 2748}}}