{"0.20": {"activatedMoleculePct": 0.17193813244589812, "activatedTokens": {"[C@@H]": 134042, "[C@H]": 110875, "[C@]": 5313, "[S@@]": 2331, "others": 2011, "[C@@]": 1823}}, "0.00": {"activatedMoleculePct": 0.3576799447501269, "activatedTokens": {"[C@@H]": 261752, "[C@H]": 254902, "[C@]": 15067, "N": 7435, "[C@@]": 6176, "C": 5549, "others": 5151, "c": 4306, "O": 4276, "n": 3745, "[S@@]": 3497, ")": 3481, "S": 2823, "2": 2655, "[S@]": 2476, "1": 2448, "(": 2334, "/": 1942}}}