{"0.20": {"activatedMoleculePct": 0.6722080102062862, "activatedTokens": {"1": 725035, "2": 462834, "3": 188147, "c": 37645, "4": 34272, "C": 30798, "F": 25883, "n": 17949, "others": 15141, "O": 10775, "Cl": 6541, "[O-]": 5140, "=": 3491}}, "0.00": {"activatedMoleculePct": 0.9418169913866151, "activatedTokens": {"1": 1425089, "2": 903336, "3": 357746, "c": 235477, "C": 219187, "F": 118388, "n": 84257, "O": 72466, "4": 69439, "others": 35233, "Cl": 26313, "=": 17899, "(": 14496, "[O-]": 13722, "o": 11124, "[nH]": 10689, ")": 9408, "5": 7697}}}