{"0.20": {"activatedMoleculePct": 0.16995561115045557, "activatedTokens": {"O": 100003, "n": 64518, "=": 48206, "S": 32570, "#": 3799, "s": 3628, "others": 2394, "C": 2300, "[S@]": 1100, "[C@H]": 828, "[C@@H]": 723}}, "0.00": {"activatedMoleculePct": 0.3259845045491064, "activatedTokens": {"O": 193856, "n": 142839, "=": 76785, "S": 54366, "C": 17199, "s": 14027, "c": 10375, "#": 7424, "[C@@H]": 5732, "N": 5690, "[C@H]": 5516, "others": 4789, ")": 3497, "2": 2223, "F": 2221, "[S@]": 1636, "[nH]": 1579}}}