{"0.20": {"activatedMoleculePct": 0.032808640189595534, "activatedTokens": {"N": 36099, "F": 3080, "=": 1725, "Cl": 1657, "O": 1469, "Br": 857, "others": 391}}, "0.00": {"activatedMoleculePct": 0.08397555940130347, "activatedTokens": {"N": 86549, "O": 10575, "=": 6475, "#": 5373, "C": 3767, "F": 3708, "Cl": 2528, "S": 1184, "others": 1085, "Br": 952, "[C@]": 698, "[N-]": 283}}}