{"0.20": {"activatedMoleculePct": 0.2684906546128591, "activatedTokens": {"C": 278996, "N": 107676, "(": 50271, "c": 47471, "2": 32250, "1": 31871, "S": 18623, "3": 17346, "n": 14487, "=": 11008, "[C@@H]": 8813, "others": 6235, "4": 5398, "O": 4624, "[C@H]": 4445, "[C@]": 2737, "[N+]": 2187, ")": 1437, "[Si]": 1320}}, "0.00": {"activatedMoleculePct": 0.6667233031573134, "activatedTokens": {"C": 814007, "(": 397645, "c": 289003, "N": 286402, "1": 151063, "2": 118187, ")": 81112, "3": 48464, "S": 42610, "=": 41447, "n": 34935, "[C@@H]": 30312, "F": 21799, "others": 19177, "O": 15876, "[C@H]": 15061, "4": 12557, "[C@]": 8410, "[N+]": 7243}}}