{"0.20": {"activatedMoleculePct": 0.6183203423382913, "activatedTokens": {"=": 1123074, "others": 1198}}, "0.00": {"activatedMoleculePct": 0.793638355012659, "activatedTokens": {"=": 1734397, "others": 16512, "C": 4749, "c": 4580}}}