{"0.20": {"activatedMoleculePct": 0.07581184869561523, "activatedTokens": {"c": 124376, "n": 10714, "(": 4529, "[nH]": 2501, "s": 2281, "O": 1820, "=": 1473, "others": 1403, "o": 828, "-": 788, "F": 686, "2": 331}}, "0.00": {"activatedMoleculePct": 0.315411301762884, "activatedTokens": {"c": 456650, "n": 59874, "(": 57696, "O": 45714, "-": 35084, "C": 29050, ")": 17820, "F": 16890, "=": 11501, "2": 10371, "N": 7693, "others": 6664, "s": 6460, "3": 6347, "[C@@H]": 5581, "[nH]": 5572, "1": 4911, "[C@H]": 4038, "Br": 2018, "o": 2003}}}