{"0.20": {"activatedMoleculePct": 0.47025302596319263, "activatedTokens": {"C": 954800, "[C@H]": 122422, "1": 28980, "2": 27408, ")": 21341, "[C@@H]": 18937, "(": 17858, "3": 16441, "[nH]": 9876, "others": 8094, "#": 5618}}, "0.00": {"activatedMoleculePct": 0.7789375238477465, "activatedTokens": {"C": 1854766, ")": 351254, "1": 223426, "2": 212921, "[C@H]": 212570, "(": 151380, "3": 80526, "[C@@H]": 57966, "n": 40038, "[nH]": 34059, "others": 32317, "#": 14778, "=": 8606}}}