{"0.20": {"activatedMoleculePct": 0.21573889015425876, "activatedTokens": {"C": 123888, "c": 73063, "n": 34203, "F": 29618, "N": 25978, "O": 22924, ")": 16969, "=": 14546, "Cl": 14318, "2": 13110, "3": 7584, "Br": 6526, "-": 5739, "[C@@H]": 5144, "1": 4788, "[C@H]": 2876, "others": 2639, "4": 2469, "S": 2227, "[N+]": 1612}}, "0.00": {"activatedMoleculePct": 0.49701303542539255, "activatedTokens": {"c": 399103, "C": 382045, "n": 99802, ")": 83802, "N": 68507, "2": 51852, "F": 44925, "O": 43820, "=": 36468, "3": 26209, "1": 26069, "Cl": 24823, "-": 15089, "[C@@H]": 13674, "Br": 11722, "others": 11045, "[C@H]": 9087, "4": 7998, "S": 5896, "[N+]": 3006}}}