{"0.20": {"activatedMoleculePct": 0.3811816471405041, "activatedTokens": {"C": 562990, "others": 351}}, "0.00": {"activatedMoleculePct": 0.5773172319696389, "activatedTokens": {"C": 937320, "others": 9067, "S": 3689, "(": 2185}}}