{"0.20": {"activatedMoleculePct": 0.2850319276009881, "activatedTokens": {"(": 417656, "others": 3811}}, "0.00": {"activatedMoleculePct": 0.681081385904691, "activatedTokens": {"(": 1205628, "c": 12845, "1": 12674, "others": 11753, "[nH]": 10838, "C": 8423, "2": 3412, "n": 3195, "N": 3002}}}