{"0.20": {"activatedMoleculePct": 0.5340613563609492, "activatedTokens": {"c": 1045872, "C": 56639, "[C@@H]": 26878, "n": 17883, "[C@H]": 15842, "others": 11358, "N": 6167, "S": 5254, "[nH]": 3122, "/": 2748, "o": 2713}}, "0.00": {"activatedMoleculePct": 0.8101364182643894, "activatedTokens": {"c": 2309329, "C": 356251, "[C@@H]": 72294, "n": 57027, "[C@H]": 52544, "N": 50610, "others": 26326, "(": 18543, "S": 18148, "o": 14880, "[nH]": 10131, "/": 8885, "Cl": 7706, "1": 7124, "O": 5124}}}