{"0.20": {"activatedMoleculePct": 0.6557304532701348, "activatedTokens": {"(": 1248729, "others": 2723}}, "0.00": {"activatedMoleculePct": 0.8611451458987736, "activatedTokens": {"(": 2243503, "others": 18116}}}