{"0.20": {"activatedMoleculePct": 0.315531410182704, "activatedTokens": {"C": 514368, "others": 1438}}, "0.00": {"activatedMoleculePct": 0.6677991523567982, "activatedTokens": {"C": 1131878, "others": 10772, "1": 4109, "[C@@H]": 3274, "(": 3150, "N": 3131}}}