{"0.20": {"activatedMoleculePct": 0.5396669041981554, "activatedTokens": {"C": 883958, "others": 2574}}, "0.00": {"activatedMoleculePct": 0.7032897256767633, "activatedTokens": {"C": 1331628, "others": 12743, "S": 7078, "c": 3545}}}