{"0.20": {"activatedMoleculePct": 0.736028790867073, "activatedTokens": {"1": 617221, "2": 604734, "3": 266482, "4": 62012, "others": 11885}}, "0.00": {"activatedMoleculePct": 0.8698647242303357, "activatedTokens": {"1": 1060511, "2": 686897, "3": 282706, "4": 64436, "others": 17350, "5": 8888}}}