{"0.20": {"activatedMoleculePct": 0.2822064502615654, "activatedTokens": {"C": 694890, "[C@H]": 7723, "others": 6790, "2": 3935}}, "0.00": {"activatedMoleculePct": 0.48753838525947446, "activatedTokens": {"C": 1330574, "[C@H]": 32586, "2": 19566, "c": 14742, "others": 12725, "[C@@H]": 12504, "3": 11603, "s": 7114, "n": 6191, "=": 5381, "N": 4119, "1": 3952}}}