{"0.20": {"activatedMoleculePct": 0.4120209486661008, "activatedTokens": {"=": 708804, "O": 18786, "others": 1324}}, "0.00": {"activatedMoleculePct": 0.7492480407314017, "activatedTokens": {"=": 1591202, "O": 453474, "others": 15264, "N": 6533, "C": 6481}}}