{"0.20": {"activatedMoleculePct": 0.7447681431458006, "activatedTokens": {"O": 1487951, "others": 344}}, "0.00": {"activatedMoleculePct": 0.8588645506590217, "activatedTokens": {"O": 2016007, "others": 7880}}}