{"0.20": {"activatedMoleculePct": 0.2000749945255461, "activatedTokens": {"C": 136689, "c": 106764, "=": 35045, "n": 15306, "2": 12673, "1": 8721, "3": 7249, "N": 6836, "S": 4619, "[N+]": 3771, "others": 3333, "O": 1728, "F": 1697, ")": 1665, "4": 929}}, "0.00": {"activatedMoleculePct": 0.6932321102536705, "activatedTokens": {"C": 705755, "c": 555589, "=": 149560, "2": 112985, "1": 103133, "n": 97548, "3": 51606, ")": 48386, "F": 39962, "N": 23225, "S": 19623, "others": 19072, "O": 16906, "[N+]": 16185, "(": 10344, "4": 7491, "o": 7439, "[C@H]": 6987, "#": 6046}}}