{"0.20": {"activatedMoleculePct": 0.9021621712672829, "activatedTokens": {"1": 1199596, "2": 705313, "3": 282480, "4": 61763, "others": 11216}}, "0.00": {"activatedMoleculePct": 0.9039916275642964, "activatedTokens": {"1": 1210140, "2": 709811, "3": 284714, "4": 62566, "others": 15681}}}