{"0.20": {"activatedMoleculePct": 0.28504291312719116, "activatedTokens": {"(": 449961, "others": 274}}, "0.00": {"activatedMoleculePct": 0.42702644509104437, "activatedTokens": {"(": 820813, "others": 7283}}}