{"0.20": {"activatedMoleculePct": 0.3446057038316783, "activatedTokens": {"C": 782993, "others": 1923}}, "0.00": {"activatedMoleculePct": 0.6326088500863829, "activatedTokens": {"C": 1726176, "(": 70594, ")": 29866, "others": 18292}}}