{"0.20": {"activatedMoleculePct": 0.1872146051838501, "activatedTokens": {"N": 201733, "[C@@H]": 21592, "[C@H]": 13364, "O": 7178, "1": 5307, "n": 5227, "C": 4973, "others": 2319, "c": 2167, "[C@@]": 1999, "[C@]": 1648, "F": 1389, "S": 1078, "2": 1036, "=": 842}}, "0.00": {"activatedMoleculePct": 0.5246108743526778, "activatedTokens": {"N": 424071, "c": 103492, "1": 73342, "C": 70188, "[C@@H]": 59794, "[C@H]": 48342, "O": 45058, ")": 33608, "n": 28984, "2": 26167, "=": 18129, "F": 17512, "3": 14753, "S": 10379, "others": 9738, "(": 8219, "[C@@]": 4920, "[C@]": 4181, "[N+]": 2322}}}