{"0.20": {"activatedMoleculePct": 0.2269844071441074, "activatedTokens": {"N": 318288, "others": 1124}}, "0.00": {"activatedMoleculePct": 0.4128631723416674, "activatedTokens": {"N": 572860, "C": 10961, "S": 7049, "others": 5985, ")": 5919, "n": 5620, "[C@H]": 2727, "O": 2173, "c": 1526, "[C@@H]": 1479}}}