{"0.20": {"activatedMoleculePct": 0.02596099552303189, "activatedTokens": {"N": 37968, "C": 7501, "others": 314}}, "0.00": {"activatedMoleculePct": 0.04620365847317298, "activatedTokens": {"N": 59289, "C": 30813, "[N+]": 1672, "/": 985, "others": 835, "O": 664, "n": 351, "S": 334, "\\": 254, "-": 221, "1": 176, "2": 165}}}