{"0.20": {"activatedMoleculePct": 0.5032952916767062, "activatedTokens": {"(": 1157360, "others": 8726}}, "0.00": {"activatedMoleculePct": 0.911333620909997, "activatedTokens": {"(": 3542493, "others": 29184, "C": 28377, "c": 20839, "1": 14913}}}