{"0.20": {"activatedMoleculePct": 0.33379448131105666, "activatedTokens": {"C": 338830, "N": 117122, "c": 111089, "2": 54342, "O": 42813, "[C@H]": 41984, "(": 37605, "[C@@H]": 37162, "3": 29087, ")": 26207, "n": 22490, "=": 11610, "S": 10912, "F": 9172, "others": 7898, "[C@@]": 7147, "[C@]": 4723, "4": 3931, "1": 2209}}, "0.00": {"activatedMoleculePct": 0.6861486429579481, "activatedTokens": {"C": 1007165, "c": 405476, "(": 321584, "N": 242200, "2": 194446, "=": 155071, "O": 145622, ")": 140322, "[C@H]": 96081, "[C@@H]": 94254, "n": 90760, "3": 85132, "1": 52628, "F": 38004, "S": 31666, "others": 27637, "[C@@]": 16005, "#": 14872, "4": 12397, "[C@]": 11740, "o": 11032, "s": 8267}}}