{"0.20": {"activatedMoleculePct": 0.08288652757037511, "activatedTokens": {"-": 113945, "C": 2213, "[N+]": 1795, "others": 234}}, "0.00": {"activatedMoleculePct": 0.19058496462294378, "activatedTokens": {"-": 157565, "C": 53023, "F": 15189, "[N+]": 14090, "S": 12688, "Cl": 12047, "N": 7232, "[C@H]": 4110, "Br": 3259, "O": 2507, "[C@@H]": 2389, "others": 2148, "c": 1726, ")": 1216, "n": 1105}}}