{"0.20": {"activatedMoleculePct": 0.9992192952711704, "activatedTokens": {"O": 2173461, "C": 1656230, "1": 1283507, "2": 844303, "F": 551186, "3": 326709, "Cl": 153302, "N": 125583, "4": 65208, "Br": 62976, "others": 43336, "[O-]": 33149}}, "0.00": {"activatedMoleculePct": 0.9995869442147656, "activatedTokens": {"O": 2481386, "C": 1700416, "1": 1304722, "2": 850617, "F": 572819, "3": 328963, "Cl": 188031, "N": 134233, "n": 113837, "Br": 69062, "4": 65926, "others": 55430, "[O-]": 33305, "c": 30412}}}