{"0.20": {"activatedMoleculePct": 0.2214015627277208, "activatedTokens": {"C": 272247, "c": 110029, "N": 64154, "(": 51650, "O": 39031, ")": 28579, "1": 27446, "[C@H]": 27275, "n": 26020, "[C@@H]": 25871, "=": 23604, "2": 7286, "others": 6221, "S": 5279, "#": 4176, "F": 3557, "Cl": 2537, "s": 2533, "o": 2489, "Br": 2053, "-": 1869, "\\": 1480, "/": 1397, "[nH]": 1371, "[C@]": 1214}}, "0.00": {"activatedMoleculePct": 0.9112442719635456, "activatedTokens": {"C": 2259665, "c": 1644743, "(": 794079, "1": 606774, ")": 553450, "O": 454714, "N": 424848, "=": 416267, "2": 347817, "n": 323835, "[C@H]": 161658, "[C@@H]": 157777, "3": 130404, "F": 108080, "others": 81629, "Cl": 42681, "S": 39707, "-": 36615, "o": 35699, "s": 34138, "[nH]": 24251, "#": 22981, "Br": 22065}}}