{"0.20": {"activatedMoleculePct": 0.0711561826907655, "activatedTokens": {"2": 86643, "3": 12503, "others": 920}}, "0.00": {"activatedMoleculePct": 0.1488883013666727, "activatedTokens": {"2": 173424, "3": 40984, "4": 6673, "others": 1487}}}