{"0.20": {"activatedMoleculePct": 0.1282413710522596, "activatedTokens": {"c": 229270, "n": 27930, "C": 26107, "o": 7606, "[nH]": 3499, "others": 2734, "O": 1507}}, "0.00": {"activatedMoleculePct": 0.2675319843595402, "activatedTokens": {"c": 478253, "C": 78694, "n": 51053, "o": 10961, "others": 6115, "[nH]": 5644, "2": 4118, "O": 3794, "N": 2631, "=": 2189, "s": 1905, "[C@H]": 1528, "(": 1302, "F": 1196}}}