{"0.20": {"activatedMoleculePct": 0.01908991506723508, "activatedTokens": {"C": 8224, "c": 4192, "N": 2760, "2": 2187, "1": 1819, "n": 1629, "=": 1592, "(": 1428, "O": 1132, "F": 975, ")": 686, "[C@H]": 658, "[C@@H]": 442, "#": 416, "3": 385, "others": 277, "4": 120, "\\": 117, "/": 100, "I": 71, "Br": 49, ".": 42, "S": 31, "[U+2]": 27, "[HH]": 24}}, "0.00": {"activatedMoleculePct": 0.0646088090737517, "activatedTokens": {"C": 31534, "c": 14598, "1": 9095, "N": 7331, "O": 7209, "2": 6861, "=": 5865, "(": 5610, "n": 5319, ")": 3876, "F": 2737, "[C@H]": 1836, "3": 1276, "[C@@H]": 1115, "others": 942, "#": 933, "4": 353, "/": 312, "\\": 254}}}