{"0.20": {"activatedMoleculePct": 0.5788024751122904, "activatedTokens": {"C": 914264, "c": 840430, "N": 234195, "others": 17806, "n": 11348, "s": 10594, "S": 9394}}, "0.00": {"activatedMoleculePct": 0.7538465819999957, "activatedTokens": {"c": 1506738, "C": 1358098, "N": 289638, "n": 35627, "others": 29481, "(": 26129, "1": 19141, "s": 17208}}}