{"0.20": {"activatedMoleculePct": 0.44013876916699685, "activatedTokens": {"c": 485395, "[C@H]": 105932, "C": 96515, "[C@@H]": 80152, "n": 29442, "N": 26943, "=": 22783, "1": 21198, ")": 20709, "(": 15727, "F": 10300, "#": 9330, "others": 8868, "2": 7424, "O": 6305, "-": 6277, "s": 3781, "[C@@]": 3149, "o": 2608, "S": 2204}}, "0.00": {"activatedMoleculePct": 0.8663412997928129, "activatedTokens": {"c": 1649092, "C": 527951, "[C@H]": 200183, "(": 187718, "[C@@H]": 168212, "=": 166663, ")": 150171, "1": 114131, "n": 110905, "N": 110182, "F": 56184, "O": 40381, "2": 36931, "others": 34622, "-": 29707, "#": 17972, "s": 12528, "o": 11184, "S": 10985, "[nH]": 9406}}}