{"0.20": {"activatedMoleculePct": 0.24758886009053538, "activatedTokens": {"2": 183033, "3": 87016, "1": 73373, "4": 21521, "others": 2415}}, "0.00": {"activatedMoleculePct": 0.4148149341637415, "activatedTokens": {"2": 308337, "1": 199674, "3": 135476, "4": 28990, "others": 6635, "5": 3098, "(": 2309, ")": 1179}}}