{"0.20": {"activatedMoleculePct": 0.2912900156946551, "activatedTokens": {"c": 316537, "1": 230545, "C": 189389, "n": 90585, "2": 38456, "O": 34954, "(": 25291, "o": 22764, "N": 14766, "s": 12557, "=": 11437, "F": 10305, "others": 9246, "[C@@H]": 7538, "[C@H]": 7395, "[nH]": 6481, "S": 4106, "Cl": 3708}}, "0.00": {"activatedMoleculePct": 0.5018488640599722, "activatedTokens": {"1": 569950, "c": 568141, "C": 412740, "n": 138020, "2": 91538, "(": 82552, "O": 82355, "=": 46926, "N": 37989, "o": 28557, "s": 20156, "F": 19732, ")": 17191, "others": 16431, "[C@@H]": 15889, "[C@H]": 14591, "[nH]": 10677, "Cl": 8382, "S": 7845, "-": 6223}}}