{"0.20": {"activatedMoleculePct": 0.1921888514485881, "activatedTokens": {"N": 272196, "others": 1650}}, "0.00": {"activatedMoleculePct": 0.3037095192514023, "activatedTokens": {"N": 418540, "[C@@H]": 5519, "c": 5095, "others": 3858, "-": 3345, "C": 3231, "1": 2817, "=": 2555, "[C@]": 2158, "2": 1962, ")": 1501, "[C@H]": 1261}}}