{"0.20": {"activatedMoleculePct": 0.284231448924993, "activatedTokens": {"C": 215033, "N": 78981, "c": 47437, "[C@@H]": 40232, "[C@H]": 34376, "O": 4906, "2": 4630, "[C@@]": 3995, "[C@]": 3799, "1": 3567, "3": 2411, "others": 2244}}, "0.00": {"activatedMoleculePct": 0.6518210706786784, "activatedTokens": {"C": 410192, "N": 361856, "c": 223053, "[C@@H]": 72046, "[C@H]": 61439, "O": 37250, "1": 27071, "2": 15692, "=": 15195, ")": 9503, "others": 8988, "3": 8141, "[C@@]": 6144, "[C@]": 5520, "/": 4519, "(": 4286}}}