{"0.20": {"activatedMoleculePct": 0.8781346283559867, "activatedTokens": {"c": 1981864, "others": 2860}}, "0.00": {"activatedMoleculePct": 0.8810040478002216, "activatedTokens": {"c": 2033998, "others": 18578}}}