{"0.20": {"activatedMoleculePct": 0.23687943677939524, "activatedTokens": {"C": 508808, "F": 7513, "others": 2856}}, "0.00": {"activatedMoleculePct": 0.471826885683882, "activatedTokens": {"C": 1057078, "F": 62555, "O": 14768, "1": 13378, "others": 8067, "c": 5074, "2": 4559, "N": 4127, "n": 3770}}}