{"0.20": {"activatedMoleculePct": 0.26109080416248914, "activatedTokens": {"C": 200196, "N": 124856, "[C@@H]": 46065, "[C@H]": 27228, "2": 7339, "n": 7304, "c": 5602, "others": 3942, "[N+]": 2080, "3": 1965, "[C@@]": 1786, "F": 1590, "[C@]": 1558, "S": 1458, "1": 1224, "-": 1099, "O": 897, "Br": 812}}, "0.00": {"activatedMoleculePct": 0.6186616260189991, "activatedTokens": {"C": 496275, "N": 384953, "[C@@H]": 118916, "[C@H]": 88818, "c": 61125, "n": 59344, "F": 39209, "2": 33283, "O": 31004, "1": 29671, "(": 17974, "Cl": 16446, ")": 13816, "-": 13559, "others": 12103, "3": 11833, "Br": 11215, "=": 9639, "[N+]": 7463, "S": 6791, "[C@]": 5436, "[C@@]": 5333, "[O-]": 4078}}}