{"0.20": {"activatedMoleculePct": 0.22208120061548242, "activatedTokens": {"C": 126508, "Br": 68916, "c": 51838, "[O-]": 31333, "(": 30640, "[C@@H]": 19304, "O": 7318, "I": 6006, "[C@H]": 5424, ")": 4814, "S": 4211, "Cl": 3914, "others": 2920, "o": 2665, "=": 1272, "N": 1166, "2": 1147, "#": 1083, "s": 1045}}, "0.00": {"activatedMoleculePct": 0.5640503781584303, "activatedTokens": {"C": 466784, "c": 292183, "(": 179315, ")": 73311, "Br": 69117, "[C@@H]": 64332, "[O-]": 33167, "[C@H]": 32745, "O": 30452, "o": 17734, "Cl": 17543, "2": 16864, "S": 13342, "n": 12631, "others": 10891, "N": 9679, "1": 8496, "I": 6665, "=": 5043, "s": 4327, "#": 3626, "3": 3549}}}