{"0.20": {"activatedMoleculePct": 0.4317905016210975, "activatedTokens": {"c": 631534, "1": 238551, "C": 229012, "(": 94101, "n": 86812, "[C@@H]": 78462, "N": 44512, "[C@H]": 40169, "2": 25166, "=": 18400, "others": 11924, "O": 11143, "s": 6512, "[C@@]": 5367, "[C@]": 4906}}, "0.00": {"activatedMoleculePct": 0.6945474439243815, "activatedTokens": {"c": 1229847, "C": 590935, "1": 541512, "(": 430640, "n": 151460, "N": 142668, "[C@@H]": 125451, "=": 82756, "[C@H]": 78680, "2": 75604, "O": 44678, ")": 43288, "others": 34480, "S": 10025, "s": 9971, "[C@@]": 9272, "[C@]": 7275}}}