{"0.20": {"activatedMoleculePct": 0.12056761481522711, "activatedTokens": {"n": 87514, "c": 34952, "C": 34424, "[nH]": 15727, "(": 12045, "N": 4736, "2": 2208, "3": 1954, ")": 1759, "others": 1404, "O": 1128, "[C@H]": 910, "o": 673}}, "0.00": {"activatedMoleculePct": 0.5493532088355855, "activatedTokens": {"c": 333048, "C": 252564, "(": 246693, "n": 189434, ")": 135460, "[nH]": 45836, "2": 32218, "3": 22215, "O": 20430, "N": 18570, "others": 12065, "F": 11611, "[C@H]": 8874, "o": 7640, "1": 5033}}}