{"0.20": {"activatedMoleculePct": 0.29416675882302534, "activatedTokens": {"O": 265168, "C": 203560, "=": 115564, "N": 31524, "F": 16533, "[C@H]": 12012, "-": 10885, "n": 9391, "others": 6951, "/": 6385, "S": 5527, "c": 4947, "#": 4553, "2": 3352, "[C@@H]": 2758, "[C@]": 2583, "1": 1847, "s": 1119}}, "0.00": {"activatedMoleculePct": 0.8694055292350485, "activatedTokens": {"O": 1617725, "C": 1362525, "=": 1076657, "N": 179329, "F": 108024, "n": 60381, "[C@H]": 56283, "others": 47409, "c": 45743, "-": 45165, "2": 40813, "1": 26129, "S": 23593, "[C@@H]": 19534, "#": 18121, "/": 15635, "3": 12331, "[C@]": 9550}}}