{"0.20": {"activatedMoleculePct": 0.30643539448658413, "activatedTokens": {"c": 335633, "C": 228845, "1": 64395, "N": 36532, "2": 32037, "n": 18268, "[C@H]": 11303, "3": 11217, "s": 10651, "o": 10604, "O": 9502, "others": 7097, "S": 4435, "[nH]": 3496, "#": 1887, "=": 1862}}, "0.00": {"activatedMoleculePct": 0.5178848028427613, "activatedTokens": {"c": 727531, "C": 346711, "1": 173624, "2": 102562, "N": 88211, ")": 49416, "3": 47771, "n": 38728, "O": 35124, "[C@H]": 32732, "o": 20744, "s": 20547, "others": 16079, "(": 10794, "[C@@H]": 9923, "S": 9536, "[nH]": 7847, "4": 6119, "/": 5767}}}