{"0.20": {"activatedMoleculePct": 0.19819573717641217, "activatedTokens": {"c": 210443, "n": 69806, "O": 64366, "=": 34064, "N": 28475, "S": 25298, "1": 21081, "2": 14116, "[C@@H]": 4442, "[C@]": 4148, "others": 3613, "3": 2796, "C": 2752, ")": 2690, "[C@@]": 1842}}, "0.00": {"activatedMoleculePct": 0.5585825155829689, "activatedTokens": {"c": 536672, "O": 439550, "=": 205908, "n": 153486, "N": 136001, "C": 104888, "1": 101750, ")": 99343, "2": 67908, "S": 42230, "[C@@H]": 22373, "3": 17673, "others": 15409, "(": 14775, "[C@]": 8788, "[C@@]": 4853}}}