{"0.20": {"activatedMoleculePct": 0.21075658783697185, "activatedTokens": {"c": 318892, "[C@@H]": 4109, "[C@H]": 3364, "others": 2455}}, "0.00": {"activatedMoleculePct": 0.37076956540525974, "activatedTokens": {"c": 625163, "[C@H]": 17416, "[C@@H]": 14228, "n": 13043, "1": 10048, "C": 9059, "(": 6519, "others": 6254, "N": 2360, "F": 2290, "o": 2277}}}