{"0.20": {"activatedMoleculePct": 0.40469287032025736, "activatedTokens": {"1": 364423, "2": 231185, "3": 99805, "4": 19556, "others": 5251}}, "0.00": {"activatedMoleculePct": 0.9179981734731767, "activatedTokens": {"1": 1372989, "2": 838078, "3": 325007, "4": 57966, "others": 18381}}}