{"0.20": {"activatedMoleculePct": 0.06454436065336051, "activatedTokens": {"C": 126728, "[C@@H]": 19585, "1": 14868, "(": 13409, "O": 9924, "2": 9455, "[C@H]": 7500, ")": 2049, "3": 1969, "c": 1370, "others": 1339, "S": 1051}}, "0.00": {"activatedMoleculePct": 0.17637921450558175, "activatedTokens": {"C": 289123, "(": 39871, "[C@@H]": 33561, ")": 30601, "c": 29137, "O": 25344, "2": 24628, "1": 24416, "[C@H]": 19217, "3": 8336, "n": 5911, "others": 5050, "N": 3335, "=": 2437, "S": 2402}}}