{"0.20": {"activatedMoleculePct": 0.2523287484629418, "activatedTokens": {"c": 347423, "/": 10644, "C": 7977, "others": 379}}, "0.00": {"activatedMoleculePct": 0.3327435326376322, "activatedTokens": {"c": 440070, "C": 49194, "/": 13126, "others": 4853, "2": 3816, "1": 3328, "[C@@H]": 1798, "N": 1684, "[C@H]": 1622, ")": 1556}}}