{"0.20": {"activatedMoleculePct": 0.2562937910538269, "activatedTokens": {"C": 347113, "n": 58477, "c": 41139, "[nH]": 23830, "others": 3891, "2": 2990, "o": 2846, "O": 2674, "3": 1957, "4": 1203, "-": 1050}}, "0.00": {"activatedMoleculePct": 0.5485651804226205, "activatedTokens": {"C": 889286, "c": 180214, "n": 125618, "[nH]": 33639, "2": 33321, ")": 31553, "3": 21812, "o": 21063, "others": 13279, "O": 11460, "4": 9298, "1": 6365, "N": 6228, "F": 5018, "-": 4945}}}