{"0.20": {"activatedMoleculePct": 0.9996528573719838, "activatedTokens": {"c": 3689950, "C": 2816914, "N": 895469, "[C@@H]": 570395, "[C@H]": 547934, "S": 140727, "n": 123434, "1": 80163, "others": 70678, "2": 67695, "[C@@]": 33831, "3": 26793}}, "0.00": {"activatedMoleculePct": 0.9998066547388265, "activatedTokens": {"c": 4205057, "C": 3209835, "N": 1231991, "[C@@H]": 699303, "[C@H]": 688782, "n": 237505, "S": 145014, "1": 99112, "others": 89476, "2": 81322, "[C@@]": 46282, "[C@]": 42579, ")": 40282, "3": 32151, "[N+]": 31294}}}