{"0.20": {"activatedMoleculePct": 0.5919404320827166, "activatedTokens": {"N": 459643, "c": 236828, "C": 222544, "(": 207014, "O": 35643, ")": 27089, "1": 25109, "S": 23108, "[C@H]": 20185, "[C@@H]": 19889, "n": 16945, "others": 12539, "=": 9423, "[nH]": 4360, "s": 3782}}, "0.00": {"activatedMoleculePct": 0.7487309886314452, "activatedTokens": {"N": 609460, "(": 421530, "C": 402179, "c": 378039, ")": 115070, "O": 92970, "1": 65284, "=": 32592, "n": 32592, "S": 31522, "[C@H]": 30846, "[C@@H]": 29883, "others": 21942, "[nH]": 7702, "s": 6806, "2": 5339}}}