{"0.20": {"activatedMoleculePct": 0.38772316181020966, "activatedTokens": {"c": 616261, "n": 7405, "others": 1708}}, "0.00": {"activatedMoleculePct": 0.6707418086423867, "activatedTokens": {"c": 1255708, "n": 13012, "others": 12082, "C": 10376}}}