{"0.20": {"activatedMoleculePct": 0.4415090304687231, "activatedTokens": {"c": 687234, "others": 230}}, "0.00": {"activatedMoleculePct": 0.6977925683647604, "activatedTokens": {"c": 1253055, "others": 5103}}}