{"0.20": {"activatedMoleculePct": 0.9350118240880365, "activatedTokens": {"(": 1883965, "2": 607602, "1": 556555, "3": 294263, "4": 74924, "others": 14126}}, "0.00": {"activatedMoleculePct": 0.9979801279154671, "activatedTokens": {"(": 4711718, "1": 1419888, "2": 1038369, "3": 425271, "4": 94500, "others": 44160}}}