{"0.20": {"activatedMoleculePct": 0.2103449967885645, "activatedTokens": {"[C@@H]": 235153, "[C@H]": 53421, "[C@]": 7961, "[C@@]": 7957, "others": 2571}}, "0.00": {"activatedMoleculePct": 0.3626827533829928, "activatedTokens": {"[C@@H]": 356657, "[C@H]": 137322, "C": 18730, "[C@]": 15183, "[C@@]": 14395, "N": 12089, "others": 5237, "(": 4571, "c": 4352, "O": 2777, "/": 1691}}}