{"0.20": {"activatedMoleculePct": 0.3494371382557767, "activatedTokens": {"C": 614701, "2": 177822, "1": 168687, "[C@H]": 48368, "[C@@H]": 43198, "3": 42168, "O": 25731, "N": 24885, "c": 16373, "(": 13825, "n": 11499, "others": 10603, "[nH]": 3859, "4": 3500}}, "0.00": {"activatedMoleculePct": 0.6160712389403215, "activatedTokens": {"C": 1027102, "1": 440962, "2": 330296, "c": 134550, "n": 88020, "3": 84931, "[C@H]": 56167, "[C@@H]": 53630, "(": 50350, "O": 48966, "N": 46967, ")": 28212, "=": 23507, "others": 19445, "s": 12542, "4": 11254, "[nH]": 8727, "o": 7976}}}