{"0.20": {"activatedMoleculePct": 0.5797530893130604, "activatedTokens": {"O": 1149173, "others": 235}}, "0.00": {"activatedMoleculePct": 0.8260551781010127, "activatedTokens": {"O": 1947151, "others": 3886}}}