{"0.20": {"activatedMoleculePct": 0.011467424619150115, "activatedTokens": {"C": 5640, "c": 2549, "O": 1702, "N": 1420, "3": 1158, "1": 780, "n": 766, ")": 503, "(": 429, "/": 384, "2": 348, "[O-]": 210, "Cl": 205, "S": 168, "others": 160, "[C@@H]": 134, "[N+]": 124, "5": 74, "4": 69, "[C@H]": 59, "=": 50}}, "0.00": {"activatedMoleculePct": 0.033186542290980225, "activatedTokens": {"C": 14188, "c": 8057, "O": 7799, "3": 3425, "N": 3154, "1": 3047, ")": 2961, "(": 1853, "n": 1690, "2": 997, "[O-]": 690, "/": 628, "Cl": 500, "others": 474, "[C@@H]": 425, "S": 348, "[N+]": 242, "4": 231, "5": 208, "=": 188}}}