{"0.20": {"activatedMoleculePct": 0.39768410460271575, "activatedTokens": {")": 219517, "(": 200672, "=": 166069, "c": 134524, "O": 112638, "C": 93808, "N": 48341, "n": 27748, "others": 7173, "s": 5198, "[nH]": 5167}}, "0.00": {"activatedMoleculePct": 0.7755107720408105, "activatedTokens": {")": 1630501, "c": 326495, "(": 282904, "=": 228736, "C": 207833, "O": 200324, "N": 110515, "n": 49716, "others": 26082, "[nH]": 8765, "s": 8119, "[C@@H]": 8108}}}