{"0.20": {"activatedMoleculePct": 0.876229738112379, "activatedTokens": {"c": 1960061, "others": 284}}, "0.00": {"activatedMoleculePct": 0.8791665354506593, "activatedTokens": {"c": 1991153, "others": 17420}}}