{"0.20": {"activatedMoleculePct": 0.5002017674979292, "activatedTokens": {"O": 983973, "F": 17919, "others": 5887}}, "0.00": {"activatedMoleculePct": 0.8127158198168639, "activatedTokens": {"O": 1923552, "F": 80157, "C": 21194, "others": 16776, ")": 10004, "(": 7561, "Br": 7519, "Cl": 6075}}}