{"0.20": {"activatedMoleculePct": 0.8178402016063768, "activatedTokens": {"1": 1034756, "2": 497237, "3": 92865, "others": 12679}}, "0.00": {"activatedMoleculePct": 0.9654783500911432, "activatedTokens": {"1": 1706098, "2": 802331, "3": 209352, "4": 29058, "others": 6479}}}