{"0.20": {"activatedMoleculePct": 0.3929691167563696, "activatedTokens": {"c": 251381, "(": 214990, "N": 158029, "C": 65803, "O": 53275, "F": 26469, "[C@@H]": 26417, "o": 23889, "2": 16237, "=": 15903, "n": 13902, "s": 13144, "[nH]": 12158, "others": 7814, "3": 7568, "[C@H]": 7280, "Cl": 6379, "S": 4571, "1": 2379}}, "0.00": {"activatedMoleculePct": 0.7444224652546115, "activatedTokens": {"c": 746542, "(": 586670, "N": 341063, "C": 258083, "O": 136997, "2": 74732, "o": 67046, "F": 51908, "=": 48476, "[C@@H]": 48091, "n": 47484, "s": 39336, "3": 33195, "[nH]": 32738, "1": 27625, "[C@H]": 25368, "others": 19662, "S": 15886, "Cl": 11749, "4": 7218}}}