{"0.20": {"activatedMoleculePct": 0.2785511995096061, "activatedTokens": {"n": 475546, "others": 4455}}, "0.00": {"activatedMoleculePct": 0.39559538988731047, "activatedTokens": {"n": 706767, "s": 14095, "[nH]": 7963, "others": 7037, "o": 6528, "c": 6343, "N": 4395}}}