{"0.20": {"activatedMoleculePct": 0.3004541416532338, "activatedTokens": {"c": 392869, "n": 99701, "[C@H]": 17337, "[C@@H]": 15288, "C": 4327, "others": 3326}}, "0.00": {"activatedMoleculePct": 0.4341765579123985, "activatedTokens": {"c": 603937, "n": 165525, "[C@H]": 30503, "[C@@H]": 29552, "C": 20532, "=": 9350, "N": 5896, "others": 4435, ")": 4309}}}