{"0.20": {"activatedMoleculePct": 0.2502671313788373, "activatedTokens": {"C": 324117, "N": 80100, "O": 38314, "-": 34982, "[C@H]": 10384, "F": 8355, "c": 5424, "/": 4778, "S": 4307, "others": 4218, "=": 3263, "n": 2967, "#": 2462, "[C@@H]": 2405, ")": 1234}}, "0.00": {"activatedMoleculePct": 0.7128998639991856, "activatedTokens": {"C": 1167488, "N": 356839, "O": 170842, "c": 128474, "-": 90849, "=": 62906, "[C@H]": 59607, "F": 49173, "n": 37441, ")": 35094, "[C@@H]": 22258, "others": 19256, "/": 15369, "1": 13847, "S": 12682, "#": 11818, "(": 11349, "2": 6731}}}