{"0.20": {"activatedMoleculePct": 0.3514262508669411, "activatedTokens": {"N": 231731, "C": 184642, "c": 70056, "[C@@H]": 62127, "[C@H]": 45736, "n": 42370, "O": 33343, "=": 15779, "[C@@]": 15200, "[C@]": 13636, "others": 6734, "F": 6520, "[nH]": 6350, "S": 5684, "-": 4194, "2": 3821, "o": 3019, "Br": 2272, "s": 2121, "3": 1560, "(": 1122}}, "0.00": {"activatedMoleculePct": 0.7929968002824013, "activatedTokens": {"C": 793692, "c": 708817, "N": 568575, "n": 195557, "O": 129809, "[C@@H]": 121013, "[C@H]": 114231, "=": 74010, "S": 47678, "2": 39803, "F": 38844, "-": 30393, "others": 25268, "[C@@]": 21419, "[C@]": 19238, "[nH]": 18748, ")": 17740, "3": 16792, "o": 16771, "s": 15114, "Cl": 12394, "1": 11767, "Br": 9902, "(": 9601}}}