{"0.20": {"activatedMoleculePct": 0.40848360922872085, "activatedTokens": {"C": 488614, "c": 355107, "N": 147123, "2": 88015, "n": 84137, "(": 71695, "3": 66768, "O": 61659, "[C@H]": 44286, "=": 31671, "[C@@H]": 29850, "-": 21328, "S": 14668, "F": 13963, "4": 13666, "others": 11832, "s": 11280, "1": 10175, ")": 7708, "Cl": 7110, "o": 5338, "[nH]": 5285, "Br": 5159}}, "0.00": {"activatedMoleculePct": 0.8393044550702964, "activatedTokens": {"C": 1766424, "c": 1485473, "(": 613688, "N": 452745, "2": 440036, "O": 402087, "=": 292050, "3": 247166, "n": 232222, "1": 191078, "[C@H]": 119267, ")": 106078, "[C@@H]": 91154, "others": 60014, "-": 53810, "F": 51713, "4": 43991, "S": 38908, "s": 27980, "Cl": 20887, "o": 15552}}}