{"0.20": {"activatedMoleculePct": 0.3854147365707435, "activatedTokens": {"c": 1025937, "others": 5603}}, "0.00": {"activatedMoleculePct": 0.71849882052067, "activatedTokens": {"c": 2895677, "others": 24667, "C": 12790, "n": 10810, "(": 10198}}}