{"0.20": {"activatedMoleculePct": 0.9469721326494965, "activatedTokens": {"(": 3431160, "others": 348}}, "0.00": {"activatedMoleculePct": 0.9950982582082021, "activatedTokens": {"(": 5493891, "others": 7091}}}