{"0.20": {"activatedMoleculePct": 0.4854811623858512, "activatedTokens": {"2": 389071, "3": 201822, "1": 102113, "4": 55236, "others": 7068}}, "0.00": {"activatedMoleculePct": 0.858707823818525, "activatedTokens": {"2": 848273, "1": 554964, "3": 341325, "4": 87971, "others": 12341, "5": 8253}}}