{"0.20": {"activatedMoleculePct": 0.5721137543914641, "activatedTokens": {"c": 1828675, "C": 41934, "n": 38304, "others": 6392}}, "0.00": {"activatedMoleculePct": 0.8328896401361326, "activatedTokens": {"c": 3586710, "C": 273527, "n": 155610, "others": 31266, "O": 12349, ")": 11891, "(": 11072, "N": 11032}}}