{"0.20": {"activatedMoleculePct": 0.42349057039049154, "activatedTokens": {"c": 918419, "others": 731}}, "0.00": {"activatedMoleculePct": 0.7383093861068247, "activatedTokens": {"c": 2651022, "others": 19379, "C": 7541}}}