{"0.20": {"activatedMoleculePct": 0.388114246543038, "activatedTokens": {"2": 260743, "1": 209301, "3": 116188, "4": 31186, "5": 4361, "others": 1981}}, "0.00": {"activatedMoleculePct": 0.6550837719609823, "activatedTokens": {"1": 502460, "2": 474549, "3": 196192, "4": 47344, ")": 19382, "others": 8089, "5": 6334}}}