{"0.20": {"activatedMoleculePct": 0.576559230661629, "activatedTokens": {"=": 1128431, "others": 66}}, "0.00": {"activatedMoleculePct": 0.7895590629492623, "activatedTokens": {"=": 1804488, "others": 3912}}}