{"0.20": {"activatedMoleculePct": 0.08780511383568436, "activatedTokens": {"F": 206149, "others": 1112}}, "0.00": {"activatedMoleculePct": 0.12502114713794085, "activatedTokens": {"F": 293280, ")": 5548, "others": 2690, "C": 2675, "Cl": 2569, "(": 900, "=": 672}}}