{"0.20": {"activatedMoleculePct": 0.5273074548513182, "activatedTokens": {"C": 462828, "c": 137271, "n": 128720, "[C@H]": 127115, "[C@@H]": 69893, "N": 66098, "S": 57330, "[C@@]": 18544, "[C@]": 14493, "/": 13879, "(": 11428, "s": 10829, "others": 7560}}, "0.00": {"activatedMoleculePct": 0.8425693534578409, "activatedTokens": {"C": 1253629, "c": 548708, "n": 244640, "[C@H]": 191316, "N": 186672, "[C@@H]": 133749, "S": 95777, "(": 32816, "[C@@]": 26500, "others": 23761, "[C@]": 23716, "/": 23124, "s": 20149, "2": 9917, "3": 7868, "o": 6996}}}