{"0.20": {"activatedMoleculePct": 0.35957165236229094, "activatedTokens": {"[C@H]": 236252, "[C@@H]": 234199, "[C@]": 24992, "[C@@]": 18429, "others": 482}}, "0.00": {"activatedMoleculePct": 0.5999906256843067, "activatedTokens": {"[C@H]": 461893, "[C@@H]": 443799, "[C@]": 38459, "[C@@]": 31396, "others": 8700, "n": 3434, "#": 2529, "F": 2371, "C": 2138, "c": 2117}}}