{"0.20": {"activatedMoleculePct": 0.04322218666166703, "activatedTokens": {"n": 63218, "c": 54694, "(": 5674, "others": 156}}, "0.00": {"activatedMoleculePct": 0.08094941311657182, "activatedTokens": {"n": 114393, "c": 88013, "(": 34894, "2": 5934, "1": 2313, "others": 2101, "[nH]": 2083, "s": 874, "-": 776, "[C@]": 532}}}