{"0.20": {"activatedMoleculePct": 0.45969154107158683, "activatedTokens": {"c": 389331, "C": 329444, "N": 242087, "(": 48476, "F": 29922, "O": 13071, "others": 9307, "[C@H]": 3385, "[C@@H]": 3156, "Cl": 2393, "=": 1988}}, "0.00": {"activatedMoleculePct": 0.843401323975618, "activatedTokens": {"C": 1211083, "c": 1002453, "N": 641842, "(": 384007, "F": 176356, ")": 108684, "O": 68095, "others": 29947, "=": 27717, "1": 26315, "Cl": 17671, "[C@@H]": 14200, "[C@H]": 14039, "2": 10100, "3": 10068, "-": 9603}}}