{"0.20": {"activatedMoleculePct": 0.09471061560691736, "activatedTokens": {"1": 65607, "2": 46337, "3": 19535, "[C@@H]": 7117, "N": 4600, "[C@H]": 3650, "4": 3219, "O": 1398, "others": 1168, "C": 802}}, "0.00": {"activatedMoleculePct": 0.32405105193737077, "activatedTokens": {"1": 242159, "2": 170835, "3": 58846, "N": 16615, "c": 16123, "[C@H]": 16122, "[C@@H]": 15248, "C": 14831, "4": 8638, "(": 8080, "n": 7022, "others": 5785, "O": 5595, "s": 2398, ")": 1429, "=": 1420}}}