{"0.20": {"activatedMoleculePct": 0.22463570164189675, "activatedTokens": {"c": 364531, "(": 89221, "F": 18619, "2": 11619, "n": 9166, "1": 7543, "3": 7383, "C": 6013, "others": 4106, "s": 4080, "[C@H]": 3810, "o": 3662, "4": 2686, "[nH]": 2135, "O": 1978, "Cl": 1446, "[N+]": 1409}}, "0.00": {"activatedMoleculePct": 0.4708206114836832, "activatedTokens": {"c": 940285, "(": 277081, "2": 85604, "1": 76049, "F": 58100, "3": 50636, "C": 43416, "n": 34672, "[C@H]": 16969, "4": 15796, "s": 14986, "o": 14714, "others": 12795, "Cl": 12289, "=": 11920, "[nH]": 8095, ")": 7879, "O": 7682, "[N+]": 6665, "N": 6343}}}