{"0.20": {"activatedMoleculePct": 0.015975152204465545, "activatedTokens": {"C": 6554, "N": 2680, "c": 2656, "2": 2581, "1": 1681, "3": 1317, "[C@@H]": 918, "[C@H]": 811, "O": 780, "[C@@]": 754, "[nH]": 611, "=": 576, "(": 534, "n": 272, "[C@]": 198, "4": 182, "others": 167, "s": 145, "5": 105, "F": 88}}, "0.00": {"activatedMoleculePct": 0.06370433408303447, "activatedTokens": {"C": 26966, "c": 13071, "N": 11259, "2": 9992, "1": 8775, "(": 7038, "O": 6315, "3": 4965, "[C@H]": 2651, "[C@@H]": 2396, "[C@@]": 1917, "=": 1750, "[nH]": 1390, "n": 1151, "others": 783, "F": 759, "4": 547, "[C@]": 523, "s": 302}}}