{"0.20": {"activatedMoleculePct": 0.40180733877092467, "activatedTokens": {"C": 350702, "c": 154125, "n": 72168, "o": 17037, "s": 11232, "[C@@H]": 9793, "O": 8831, "[C@H]": 8170, "others": 4215, "N": 3775}}, "0.00": {"activatedMoleculePct": 0.547291591751481, "activatedTokens": {"C": 570103, "c": 222815, "n": 87761, "o": 24905, "[C@@H]": 22055, "s": 21162, "[C@H]": 19510, "O": 17389, "N": 13052, "=": 8469, "others": 7192, "[nH]": 5758, "2": 3304}}}