{"0.20": {"activatedMoleculePct": 0.3032327474141902, "activatedTokens": {"c": 906062, "C": 10420, "others": 7815, "n": 6016, "[nH]": 2530}}, "0.00": {"activatedMoleculePct": 0.7444913078854839, "activatedTokens": {"c": 3313474, "C": 152890, "n": 71381, "others": 32490, "F": 20197, "o": 14000, "[nH]": 12905, "s": 11737, "1": 11385, "O": 9917}}}