{"0.20": {"activatedMoleculePct": 0.24360111407883067, "activatedTokens": {"C": 452506, "others": 1682}}, "0.00": {"activatedMoleculePct": 0.47208907357592794, "activatedTokens": {"C": 1115569, "F": 9456, "others": 8977, "[O-]": 6917, "Br": 5146, "=": 4262}}}