{"0.20": {"activatedMoleculePct": 0.370946066192922, "activatedTokens": {"c": 778066, "others": 3243}}, "0.00": {"activatedMoleculePct": 0.6292838974889284, "activatedTokens": {"c": 1671185, "C": 75364, ")": 18601, "others": 16383, "N": 16100, "F": 12618, "[nH]": 11269, "o": 6685, "O": 3716}}}