{"0.20": {"activatedMoleculePct": 0.151482350287418, "activatedTokens": {"C": 203682, "=": 4512, "(": 2315, "s": 1768, "n": 1660, "Br": 1448, "[nH]": 1354, "c": 1301, "others": 1154, "N": 1050}}, "0.00": {"activatedMoleculePct": 0.46129396316040405, "activatedTokens": {"C": 652746, "n": 27841, "=": 24122, "c": 22267, "(": 21956, "N": 17885, "Br": 17636, "s": 16034, "[C@H]": 8109, "[nH]": 7903, ")": 6518, "others": 6178, "[C@@H]": 5048, "1": 2874}}}