{"0.20": {"activatedMoleculePct": 0.3918515225573133, "activatedTokens": {"C": 280972, "N": 171219, "[C@@H]": 141796, "[C@H]": 119932, "O": 41189, "F": 7871, "others": 7119, "=": 4308, "S": 2427}}, "0.00": {"activatedMoleculePct": 0.7662712121356375, "activatedTokens": {"C": 1307750, "N": 268572, "[C@@H]": 197413, "[C@H]": 163799, "O": 128744, "=": 83689, "F": 38696, ")": 33254, "others": 21450, "S": 19007, "2": 6498, "(": 4769, "/": 4508}}}