{"0.20": {"activatedMoleculePct": 0.019074535330550823, "activatedTokens": {"C": 11262, "O": 3724, "c": 3011, "(": 2905, "n": 2593, "=": 981, "1": 867, "2": 831, "Cl": 705, "o": 631, "s": 540, "N": 476, "-": 377, "[C@H]": 373, "others": 312, "[C@]": 256, ")": 241, "Br": 227, "4": 204, "3": 196, "F": 185, "P": 111, "6": 81, "S": 67, "[O-]": 45, "8": 44, "[C@@H]": 43, "[C@@]": 41, "I": 38, "[Si]": 36, "[P+]": 35, "5": 34, "#": 28, "B": 25, "7": 21, "[C-]": 21, "[B]": 18, "[nH]": 17, ".": 17, "[C]": 16, "[n+]": 16, "[CH]": 15, "[c-]": 15, "[K+]": 12}}, "0.00": {"activatedMoleculePct": 0.05957304386227665, "activatedTokens": {"C": 32177, "O": 18474, "c": 10563, "(": 8380, "n": 6733, "1": 4251, "=": 3403, "2": 2553, "o": 1676, ")": 1565, "Cl": 1491, "N": 1280, "s": 1218, "[C@H]": 1091, "-": 993, "others": 993, "4": 630, "3": 623, "[C@]": 473, "Br": 467, "F": 438, "[O-]": 261, "6": 177, "P": 160, "[C@@H]": 135, "S": 115, "[C@@]": 98, "8": 76, "#": 69}}}