{"0.20": {"activatedMoleculePct": 0.12327078662958929, "activatedTokens": {"n": 175095, "others": 930}}, "0.00": {"activatedMoleculePct": 0.2259957097858335, "activatedTokens": {"n": 330244, "s": 4129, "others": 3002, "[nH]": 2967, "=": 980, "[C@H]": 597}}}