{"0.20": {"activatedMoleculePct": 0.46277188261892016, "activatedTokens": {"c": 1011966, "o": 19971, "[nH]": 18715, "s": 8286, "others": 5202}}, "0.00": {"activatedMoleculePct": 0.5526598522227015, "activatedTokens": {"c": 1657018, "o": 29868, "[nH]": 27530, "s": 21159, "others": 16878, "F": 13906, "Cl": 7698, "C": 6197, "=": 2322}}}