{"0.20": {"activatedMoleculePct": 0.22291756534374077, "activatedTokens": {"n": 167824, "c": 98383, "C": 37982, "o": 36594, "s": 25902, "[nH]": 23472, "O": 14941, "[C@@H]": 6094, "others": 3909, "[C@H]": 3596, "N": 3357, "#": 1500, "\\": 980, "S": 926}}, "0.00": {"activatedMoleculePct": 0.4950187962353334, "activatedTokens": {"c": 425436, "n": 290548, "C": 172143, "o": 54777, "[nH]": 42359, "O": 41746, "s": 41378, "[C@@H]": 15636, "1": 11948, "N": 11371, "[C@H]": 10140, "others": 10123, "3": 5804, "=": 5250, "#": 5173, "(": 4893, "F": 4778, ")": 4363, "2": 3764, "Cl": 3536, "-": 2999}}}