{"0.20": {"activatedMoleculePct": 0.022350419244298328, "activatedTokens": {"C": 47026, "O": 15811, "[C@@H]": 7548, "2": 4151, "3": 3391, "(": 1317, "others": 285}}, "0.00": {"activatedMoleculePct": 0.05539561443146606, "activatedTokens": {"C": 88451, "O": 31022, "2": 17954, "[C@@H]": 16600, "3": 11754, "(": 11643, "c": 2967, "others": 1789, "4": 1437, "n": 1225, "[nH]": 1042, "1": 797, "[C@H]": 724, "#": 702}}}