{"0.20": {"activatedMoleculePct": 0.039760281170881324, "activatedTokens": {"c": 41779, "1": 30295, "2": 14739, "n": 12023, "s": 5532, "3": 4606, "others": 1086, "C": 806, "4": 744, "[nH]": 628, "o": 274}}, "0.00": {"activatedMoleculePct": 0.07603595343015732, "activatedTokens": {"c": 63020, "1": 47541, "2": 22235, "n": 19447, "C": 11267, "3": 7063, "(": 6997, "s": 5836, "O": 3442, "=": 2874, "[O-]": 2011, "N": 1876, "others": 1874, ")": 1536, "F": 1437, "[nH]": 1132, "4": 1104, "Cl": 1055, "S": 999}}}