{"0.20": {"activatedMoleculePct": 0.17303668506620246, "activatedTokens": {"n": 240709, "N": 36795, "others": 2320, "O": 1342}}, "0.00": {"activatedMoleculePct": 0.49517772018107076, "activatedTokens": {"n": 406725, "N": 333128, "C": 122357, "O": 42668, "c": 37297, "others": 7504, "=": 7173, "s": 5551, "S": 5007, "1": 4752, "[nH]": 3637, "2": 3295, "(": 3021}}}