{"0.20": {"activatedMoleculePct": 0.11455706724533536, "activatedTokens": {"[C@@H]": 182242, "others": 1593}}, "0.00": {"activatedMoleculePct": 0.21310602570759604, "activatedTokens": {"[C@@H]": 328474, "[C@]": 8466, "[C@H]": 5718, "c": 4633, "C": 3389, "[nH]": 2684, "others": 2518, "N": 1634, "n": 1334}}}