{"0.20": {"activatedMoleculePct": 0.6046052790579984, "activatedTokens": {"1": 461776, "2": 448084, "3": 169164, "4": 32631, "others": 5314}}, "0.00": {"activatedMoleculePct": 0.8537489572904712, "activatedTokens": {"1": 1008360, "2": 665469, "3": 261980, "4": 53645, "others": 14659}}}