{"0.20": {"activatedMoleculePct": 0.900715743650549, "activatedTokens": {"O": 2216275, "N": 82338, "C": 38202, "others": 8736}}, "0.00": {"activatedMoleculePct": 0.9117671830108105, "activatedTokens": {"O": 2223240, ")": 227932, "C": 133323, "N": 93164, "others": 25722, "#": 12918}}}