{"0.20": {"activatedMoleculePct": 0.16441084989157287, "activatedTokens": {"c": 211399, "[C@@H]": 9441, "[C@H]": 4558, "C": 3219, "others": 1855, "[C@]": 1048}}, "0.00": {"activatedMoleculePct": 0.30747169579173783, "activatedTokens": {"c": 412054, "[C@@H]": 14249, "C": 12716, "[C@H]": 9281, "=": 9135, "O": 6356, "others": 4463, "N": 3252, "[C@]": 1736}}}