{"0.20": {"activatedMoleculePct": 0.7697931718363332, "activatedTokens": {"1": 1016113, "2": 510611, "3": 166893, "4": 34572, "others": 5110}}, "0.00": {"activatedMoleculePct": 0.9344413090938918, "activatedTokens": {"1": 1520479, "2": 847994, "3": 303681, "4": 61518, "others": 22932, "5": 6688}}}