{"0.20": {"activatedMoleculePct": 0.1448727253552536, "activatedTokens": {"N": 205675, "others": 256}}, "0.00": {"activatedMoleculePct": 0.21820184512898105, "activatedTokens": {"N": 303473, "O": 3476, "C": 3228, "/": 3164, "(": 2075, "others": 1863}}}