{"0.20": {"activatedMoleculePct": 0.1588287378435998, "activatedTokens": {"c": 115408, "C": 73881, "n": 41389, "1": 29860, "O": 28013, "F": 9752, "N": 9188, "2": 8619, "=": 7933, "o": 7407, "s": 5640, "[nH]": 4117, "Cl": 3907, "others": 3216, ")": 3037, "(": 1695, "3": 1232, "Br": 955, "S": 632, "[C@H]": 586, "[O-]": 541}}, "0.00": {"activatedMoleculePct": 0.5159506178626121, "activatedTokens": {"c": 426683, "C": 402628, "1": 262968, ")": 121715, "n": 116081, "O": 100570, "2": 40613, "=": 37102, "F": 36269, "N": 30154, "o": 23493, "(": 21619, "s": 16908, "others": 15793, "Cl": 13458, "[nH]": 11676, "3": 4690, "[C@@H]": 3340, "Br": 3222, "[C@H]": 3040}}}