{"0.20": {"activatedMoleculePct": 0.9205599981837264, "activatedTokens": {"(": 3336397, "others": 662}}, "0.00": {"activatedMoleculePct": 0.9915338211395213, "activatedTokens": {"(": 5419748, "others": 9402}}}