{"0.20": {"activatedMoleculePct": 0.007470890186482969, "activatedTokens": {"C": 2059, "c": 1920, "2": 1220, "=": 985, "/": 855, "Cl": 484, "O": 476, "n": 377, "F": 349, "o": 322, "1": 285, "3": 246, "[O-]": 192, "4": 134, "s": 111, "[nH]": 106, "others": 106, "Br": 74, "[N+]": 58, "(": 55, "5": 54, "N": 48, "[C@H]": 39, "S": 35, "6": 29, "7": 27, "B": 22, "I": 21, ".": 21, "[Y]": 17, "8": 17, "P": 16, "[U+2]": 14, "[C@@H]": 13, ")": 13, "[Na+]": 12, "[Br-]": 10, "9": 10, "[K+]": 10, "[B]": 9, "[Ir]": 7, "[Si]": 7, "[SiH3]": 7, "[CH-]": 7, "[CH]": 6, "[c-]": 6, "[CH2-]": 6, "[Li+]": 6, "[CH3-]": 6, "[W]": 5, "%11": 5, "%10": 5, "[I-]": 5, "[SiH2]": 4, "[S@@]": 4, "%12": 4, "%13": 4, "%14": 4}}, "0.00": {"activatedMoleculePct": 0.026633309726658137, "activatedTokens": {"c": 7759, "C": 6538, "=": 6407, "2": 4534, "O": 3142, "/": 1909, "n": 1301, "F": 1214, "1": 1027, "o": 939, "Cl": 902, ")": 873, "3": 844, "(": 531, "[O-]": 400, "s": 395, "others": 395, "[nH]": 314, "4": 314, "N": 175, "[C@H]": 166, "[N+]": 165, "Br": 145, "5": 99, "S": 80, "6": 58, "[C@@H]": 51, "I": 42, ".": 42, "7": 41, "B": 38, "[Na+]": 27, "P": 27, "[U+2]": 25, "8": 22, "[Y]": 21, "[Br-]": 19}}}