{"0.20": {"activatedMoleculePct": 0.6046851072150738, "activatedTokens": {"O": 1307147, "others": 373}}, "0.00": {"activatedMoleculePct": 0.8116238585122815, "activatedTokens": {"O": 1929553, "others": 4776}}}