{"0.20": {"activatedMoleculePct": 0.08103583258936908, "activatedTokens": {"2": 68729, "3": 34023, "4": 7069, "1": 2022, "5": 970, "others": 814}}, "0.00": {"activatedMoleculePct": 0.15665580076063784, "activatedTokens": {"2": 114166, "3": 58906, "1": 15382, "4": 13227, "C": 12775, "O": 6552, "N": 6354, "n": 2338, "S": 2218, "others": 2138, "[C@H]": 2076, "5": 1798, "c": 1162, "[C@@]": 1014, "/": 878, "-": 607}}}