{"0.20": {"activatedMoleculePct": 0.28677349968837723, "activatedTokens": {"C": 273204, "[C@H]": 146359, "c": 109104, "=": 94277, "(": 57468, "1": 33330, "2": 27650, "[C@@H]": 23336, "O": 10768, "3": 8899, "others": 7634, "n": 7374}}, "0.00": {"activatedMoleculePct": 0.7375960592720404, "activatedTokens": {"(": 1017002, "=": 952627, "C": 945755, "c": 468358, "[C@H]": 219554, "O": 96531, "1": 89979, "2": 66141, "[C@@H]": 40408, "others": 32975, "3": 21867, "n": 20729}}}