{"0.20": {"activatedMoleculePct": 0.22437278138143724, "activatedTokens": {"C": 328846, "[C@H]": 15018, "[C@@H]": 14649, "N": 4009, "O": 3207, "others": 2834, "c": 2246, "S": 1297}}, "0.00": {"activatedMoleculePct": 0.3583756947429863, "activatedTokens": {"C": 557478, "[C@@H]": 36938, "[C@H]": 36627, "c": 25755, "(": 22397, "N": 9056, "n": 9043, "others": 6694, "O": 6079, "S": 2342, "=": 1950}}}