{"0.20": {"activatedMoleculePct": 0.24250695566900757, "activatedTokens": {"C": 418869, "others": 1900}}, "0.00": {"activatedMoleculePct": 0.47195797962990493, "activatedTokens": {"C": 892047, "=": 21247, "[C@H]": 9690, "others": 9291, "1": 7279, "[C@@H]": 7106, "N": 5450, "#": 4253, ")": 4159, "c": 3355}}}