{"0.20": {"activatedMoleculePct": 0.020375954001404684, "activatedTokens": {"c": 6619, "C": 6171, "N": 2879, "(": 2652, "F": 2276, "O": 2052, "=": 1645, "1": 1286, "S": 1196, "2": 947, "[C@H]": 781, ")": 687, "[C@@H]": 526, "-": 507, "s": 448, "others": 215, "3": 196, "Br": 167, "n": 163}}, "0.00": {"activatedMoleculePct": 0.07209288189167831, "activatedTokens": {"c": 23788, "C": 20954, "(": 13580, "O": 11146, "=": 10620, ")": 9228, "F": 9035, "N": 7919, "1": 4401, "2": 2860, "S": 2780, "[C@H]": 1670, "-": 1275, "s": 1215, "others": 1072, "[C@@H]": 1030, "3": 685, "Br": 533}}}