{"0.20": {"activatedMoleculePct": 0.6920237023713357, "activatedTokens": {"O": 1408951, "others": 1033}}, "0.00": {"activatedMoleculePct": 0.8291919120161882, "activatedTokens": {"O": 1927383, "others": 13987}}}