{"0.20": {"activatedMoleculePct": 0.19981793321239488, "activatedTokens": {"C": 456395, "O": 4476, "others": 3801, "#": 1436}}, "0.00": {"activatedMoleculePct": 0.3478486311668167, "activatedTokens": {"C": 775247, "=": 20858, "O": 19608, "n": 14397, ")": 14255, "(": 14069, "c": 13001, "#": 10137, "others": 8348, "F": 5223, "[O-]": 3760, "2": 2591, "[C@@H]": 2480, "N": 2301, "3": 2297}}}