{"0.20": {"activatedMoleculePct": 0.7205619023416016, "activatedTokens": {"O": 1625212, "others": 12}}, "0.00": {"activatedMoleculePct": 0.8640343392901739, "activatedTokens": {"O": 2154194, "others": 3553}}}