{"0.20": {"activatedMoleculePct": 0.0005075313105805997, "activatedTokens": {".": 765, "others": 6, "3": 4}}, "0.00": {"activatedMoleculePct": 0.002282059976578858, "activatedTokens": {".": 2932, "C": 383, "O": 302, "n": 85, "3": 62, "c": 53, "(": 37, "=": 34, "others": 30, "1": 19, "F": 19, "[C@H]": 19}}}