{"0.20": {"activatedMoleculePct": 0.8592080314449702, "activatedTokens": {"C": 1832941, "others": 4912}}, "0.00": {"activatedMoleculePct": 0.8756226046975575, "activatedTokens": {"C": 2157979, "O": 46800, "others": 10292}}}