{"0.20": {"activatedMoleculePct": 0.22149603825306696, "activatedTokens": {"c": 361839, "C": 76819, "n": 47191, "(": 17704, "o": 6169, "others": 5043, "[C@@H]": 2310, "[nH]": 1780, "[C@H]": 1350}}, "0.00": {"activatedMoleculePct": 0.38771437338924725, "activatedTokens": {"c": 559913, "C": 209094, "n": 105059, "(": 51081, "1": 27335, "o": 14955, "2": 10355, "others": 8994, "[C@@H]": 8472, ")": 8457, "[C@H]": 6900, "[nH]": 6803, "s": 6570, "N": 5870, "O": 4365}}}