{"0.20": {"activatedMoleculePct": 0.8603117106441693, "activatedTokens": {"C": 1900857, "c": 1003063, "(": 230965, "n": 171830, "1": 161175, "N": 140021, "2": 134461, "[C@@H]": 98457, "F": 88368, "[C@H]": 87802, ")": 54179, "O": 52480, "3": 41726, "others": 38217, "S": 28090, "#": 18114, "[nH]": 12662, "[C@@]": 11714, "Cl": 9381, "[N+]": 9109, "s": 8585, "[C@]": 7774}}, "0.00": {"activatedMoleculePct": 0.9950814137346907, "activatedTokens": {"C": 4557019, "c": 3322569, "(": 1430715, "1": 1055962, ")": 962051, "2": 588804, "N": 476177, "n": 465373, "F": 275058, "O": 238583, "3": 211728, "[C@@H]": 206793, "[C@H]": 178589, "others": 138572, "S": 76107, "=": 73304, "Cl": 50599, "[nH]": 46269, "#": 44678, "4": 41640, "s": 34662, "o": 34014}}}