{"0.20": {"activatedMoleculePct": 0.1331021002128995, "activatedTokens": {"C": 185689, "c": 32213, "1": 29669, "2": 22787, "(": 21866, "[C@H]": 20011, "[C@@H]": 19232, "N": 11012, "=": 8514, "n": 6060, "O": 5833, "S": 5163, "3": 5063, "others": 3470, ")": 2937}}, "0.00": {"activatedMoleculePct": 0.5190917459882689, "activatedTokens": {"C": 594358, "1": 237674, "c": 162493, "2": 147309, "(": 113740, "=": 78867, "n": 70654, "N": 58992, "[C@H]": 54378, "[C@@H]": 47137, "O": 46891, "3": 45628, ")": 26892, "S": 20550, "others": 17543, "F": 14784, "4": 8948, "o": 7249, "Cl": 5700, "-": 5059, "Br": 4947, "[C@]": 4548}}}