{"0.20": {"activatedMoleculePct": 0.254687707122942, "activatedTokens": {"n": 429997, "others": 2389}}, "0.00": {"activatedMoleculePct": 0.3798970729431616, "activatedTokens": {"n": 721901, "s": 7076, "others": 6817, "=": 5498, "[nH]": 5230, "O": 3761, "1": 2583, "N": 1660}}}