{"0.20": {"activatedMoleculePct": 0.012387279346551606, "activatedTokens": {"C": 4860, "1": 2673, "O": 2239, "2": 1472, "n": 890, "N": 796, "F": 719, "c": 691, ")": 609, "=": 480, ".": 470, "[C@@]": 436, "\\": 434, "Cl": 310, "S": 292, "3": 262, "others": 163, "[C@@H]": 143, "/": 103, "[C@H]": 90, "-": 75, "[C@]": 73, "I": 73, "4": 73, "o": 62, "(": 61, "s": 55}}, "0.00": {"activatedMoleculePct": 0.030044681796909844, "activatedTokens": {"C": 11290, "1": 8693, "O": 6058, "2": 3316, ")": 2267, "c": 2126, "n": 1997, "F": 1655, "N": 1532, "=": 1016, ".": 828, "\\": 814, "3": 769, "Cl": 742, "[C@@]": 700, "S": 563, "others": 370, "[C@@H]": 330, "-": 266, "/": 213, "(": 192, "[C@H]": 189, "4": 172, "o": 165, "[C@]": 151, "I": 150, "[nH]": 144}}}