{"0.20": {"activatedMoleculePct": 0.5773875393373384, "activatedTokens": {"C": 798553, "others": 271}}, "0.00": {"activatedMoleculePct": 0.7700033615710181, "activatedTokens": {"C": 1109619, "others": 3869}}}