{"0.20": {"activatedMoleculePct": 0.12640605580793784, "activatedTokens": {"C": 196326, "others": 1193}}, "0.00": {"activatedMoleculePct": 0.24446237933314927, "activatedTokens": {"C": 439028, "O": 6870, "others": 4378, "F": 3096, "Cl": 2829, "[O-]": 2735, "N": 2330, "Br": 1497, ")": 1377, "1": 1308}}}