{"0.20": {"activatedMoleculePct": 0.5098463271357877, "activatedTokens": {"1": 469684, "2": 270722, "3": 117481, "4": 19352, "others": 5217}}, "0.00": {"activatedMoleculePct": 0.8098119790571928, "activatedTokens": {"1": 927753, "2": 532481, "3": 225331, "4": 41431, "others": 17432}}}