{"0.20": {"activatedMoleculePct": 0.9854793314648174, "activatedTokens": {"1": 1968033, "2": 328208, "3": 64288, "others": 8149}}, "0.00": {"activatedMoleculePct": 0.9925935582339083, "activatedTokens": {"1": 2033291, "2": 924402, "3": 281371, "4": 37891, "others": 17009}}}