{"0.20": {"activatedMoleculePct": 0.0008356323598448258, "activatedTokens": {".": 1040, "C": 105, "[N+]": 52, "O": 43, "1": 38, "[C@]": 35, "c": 17, "[C@@]": 15, "3": 14, "others": 11, "[C@@H]": 8, "N": 6, "2": 5, "[Si]": 4, "=": 4, "S": 3}}, "0.00": {"activatedMoleculePct": 0.011667361196045504, "activatedTokens": {"C": 3125, ".": 2898, "1": 2064, ")": 1800, "O": 1649, "c": 982, "(": 968, "=": 907, "N": 721, "[C@]": 708, "[C@@]": 463, "[N+]": 419, "2": 395, "[C@@H]": 387, "n": 157, "others": 155, "[C@H]": 154, "/": 104, "3": 102}}}