{"0.20": {"activatedMoleculePct": 0.007019751243744658, "activatedTokens": {"C": 2492, "n": 1626, "c": 1335, "O": 855, "N": 755, "=": 692, "2": 562, "/": 523, "1": 305, "(": 245, "[C@H]": 204, "[O-]": 159, "S": 132, "[nH]": 116, "4": 75, "others": 64, "3": 62}}, "0.00": {"activatedMoleculePct": 0.03396504991456922, "activatedTokens": {"C": 15438, "c": 7676, "n": 6813, "=": 6105, "O": 4420, "N": 2492, "2": 1876, "1": 1726, "/": 1556, "(": 1402, "[C@H]": 603, "[nH]": 468, "[O-]": 454, "others": 413, "S": 337, "4": 311}}}