{"0.20": {"activatedMoleculePct": 0.3945275967403747, "activatedTokens": {"C": 502557, "c": 159163, "1": 99295, "N": 99027, "2": 93265, "[C@@H]": 80806, "[C@H]": 75615, "(": 71060, "O": 56013, ")": 38942, "3": 36127, "n": 33517, "=": 18995, "others": 12973, "[C@@]": 11607, "[C@]": 7727, "4": 7518, "F": 5850, "Cl": 3322}}, "0.00": {"activatedMoleculePct": 0.7879397963869337, "activatedTokens": {"C": 1471594, "c": 788722, ")": 521657, "1": 432103, "2": 344378, "(": 328112, "N": 275684, "O": 240928, "[C@@H]": 146136, "[C@H]": 137463, "3": 133159, "n": 119704, "=": 101239, "F": 80061, "others": 50661, "4": 31574, "Cl": 19951, "[C@@]": 19098, "[C@]": 13280, "S": 12376, "#": 11358}}}