{"0.20": {"activatedMoleculePct": 0.1529771142194454, "activatedTokens": {"C": 123173, "c": 123092, "n": 36615, "O": 11536, "N": 6614, "[C@@H]": 6609, "[C@H]": 5437, "F": 5276, "o": 5035, "s": 4623, "[nH]": 3870, "=": 3262, "others": 2887, "1": 1861, "2": 1457, "Cl": 1373, ")": 1061}}, "0.00": {"activatedMoleculePct": 0.49990735539568765, "activatedTokens": {"c": 513411, "C": 497042, "n": 136045, "O": 57291, ")": 57168, "N": 40457, "F": 32636, "=": 32404, "(": 29638, "[C@@H]": 27227, "[C@H]": 24650, "1": 23931, "o": 16224, "s": 13536, "others": 12186, "[nH]": 10263, "2": 8325, "Cl": 6235}}}