{"0.20": {"activatedMoleculePct": 0.34719462617352886, "activatedTokens": {"C": 568338, "O": 7737, "others": 5780, "N": 1550}}, "0.00": {"activatedMoleculePct": 0.6448284170662346, "activatedTokens": {"C": 1316766, "O": 38021, "c": 30895, "n": 22924, "N": 22464, "(": 15267, "others": 11933, ")": 7812, "=": 5440, "Cl": 5231, "[C@@H]": 3353, "#": 3259, "-": 3040}}}