{"0.20": {"activatedMoleculePct": 0.6058378550979799, "activatedTokens": {"c": 1131210, "n": 266462, "others": 13323}}, "0.00": {"activatedMoleculePct": 0.8024604649221163, "activatedTokens": {"c": 2065845, "n": 395560, "C": 40540, "others": 20459, "o": 16285, "[C@@H]": 14537, "O": 9352}}}