{"0.20": {"activatedMoleculePct": 0.09140616932504195, "activatedTokens": {"(": 200945, ")": 86608, "C": 28602, "1": 9892, "2": 6692, "[C@H]": 3217, "3": 3047, "others": 2352, "[C@@H]": 2327}}, "0.00": {"activatedMoleculePct": 0.2235510640214496, "activatedTokens": {"(": 319742, ")": 233411, "C": 68044, "1": 56670, "2": 40978, "c": 34186, "3": 16937, "=": 11015, "others": 8084, "F": 7829, "[C@H]": 7103, "N": 5428, "[C@@H]": 4806}}}