{"0.20": {"activatedMoleculePct": 0.32351788773231643, "activatedTokens": {"O": 181584, "N": 158413, "C": 111353, "S": 37698, "n": 22191, "c": 20052, "others": 3633, "s": 2529, ")": 2116}}, "0.00": {"activatedMoleculePct": 0.6928139278895412, "activatedTokens": {"N": 426779, "C": 389993, "O": 288589, "c": 252699, "n": 109442, ")": 107888, "S": 64854, "1": 20999, "2": 15435, "others": 14594, "s": 10979, "=": 5984, "o": 4908}}}