{"0.20": {"activatedMoleculePct": 0.302055099005224, "activatedTokens": {"c": 1033228, "others": 8736}}, "0.00": {"activatedMoleculePct": 0.47199459805058175, "activatedTokens": {"c": 1672962, "n": 21469, "others": 16134, "C": 9394, "O": 7324, "=": 6599, "N": 5694, ")": 2880, "-": 2645, "s": 1924}}}