{"0.20": {"activatedMoleculePct": 0.1933855414363063, "activatedTokens": {"(": 313037, "others": 1794}}, "0.00": {"activatedMoleculePct": 0.7201114957672767, "activatedTokens": {"(": 1814223, "others": 14692, "C": 4982, "=": 4192}}}