{"0.20": {"activatedMoleculePct": 0.1122911193738543, "activatedTokens": {"C": 345396, "others": 285}}, "0.00": {"activatedMoleculePct": 0.2655187035907291, "activatedTokens": {"C": 894928, "others": 7554}}}