{"0.20": {"activatedMoleculePct": 0.0034538494382368085, "activatedTokens": {"=": 654, "c": 589, "3": 439, "C": 420, "O": 413, "n": 317, "[C@H]": 273, "Br": 235, "1": 207, "(": 182, "[Si]": 172, ")": 164, "4": 160, "5": 116, "-": 101, "N": 97, "2": 86, "[nH]": 60, "I": 54, "others": 50, "#": 45, "Cl": 44, "7": 23, "[n+]": 21, "[N-]": 18, "[c-]": 18, "[O-]": 16, "[Y]": 16, "B": 12, "[Br-]": 12, "[K+]": 11, ".": 11, "[Na+]": 11, "[Cl-]": 9, "9": 7, "[C@]": 6, "[C-]": 5}}, "0.00": {"activatedMoleculePct": 0.018419797968849443, "activatedTokens": {"O": 4305, "=": 3167, "3": 2926, "c": 2706, "C": 2284, ")": 2084, "n": 1629, "(": 1557, "1": 1517, "[C@H]": 930, "Br": 897, "2": 837, "4": 705, "N": 529, "5": 358, "others": 272, "[Si]": 264, "Cl": 251, "-": 216, "#": 209, "[nH]": 206, "I": 171, "[O-]": 111, "F": 55, "[N-]": 48, ".": 38, "7": 38, "[n+]": 35, "[Na+]": 27, "[C@]": 26, "[K+]": 24}}}