{"0.20": {"activatedMoleculePct": 0.09802092083610107, "activatedTokens": {"S": 127298, "N": 15680, "others": 607}}, "0.00": {"activatedMoleculePct": 0.15065330924329498, "activatedTokens": {"S": 148578, "N": 73305, "others": 2111, "[S@@]": 1325, "[C@@]": 1114, "[N+]": 976, "[C@]": 786, "=": 694, "[S@]": 593, "1": 575, "2": 476}}}