{"0.20": {"activatedMoleculePct": 0.763491141637854, "activatedTokens": {"C": 934136, "c": 632607, "N": 316401, "(": 258725, "O": 167659, "2": 155350, "n": 130748, "=": 107329, ")": 103385, "1": 100048, "[C@@H]": 68051, "3": 66646, "[C@H]": 58505, "F": 34782, "Cl": 29695, "others": 29386, "4": 13710, "s": 12973, "S": 11267, "-": 9358, "o": 9009, "[nH]": 6768}}, "0.00": {"activatedMoleculePct": 0.9976512944977893, "activatedTokens": {"C": 3732580, "c": 3092723, ")": 1677657, "(": 1672492, "O": 1153243, "1": 1010348, "N": 883314, "2": 800783, "=": 784057, "n": 480575, "3": 272830, "[C@@H]": 229556, "[C@H]": 212931, "F": 195181, "others": 141637, "Cl": 94623, "o": 58427, "4": 56007, "s": 51762, "S": 49652, "-": 42308}}}