{"0.20": {"activatedMoleculePct": 0.42996617190297876, "activatedTokens": {"C": 874023, "O": 30236, "N": 6540, "others": 6011, "=": 5567, "c": 5513, "S": 4438, "#": 4429}}, "0.00": {"activatedMoleculePct": 0.7185105384152866, "activatedTokens": {"C": 1963663, "c": 94845, "O": 75295, "N": 41629, ")": 36459, "=": 28425, "1": 23331, "#": 22977, "others": 21706, "F": 15978, "S": 13904, "n": 7078, "(": 6759, "[C@H]": 5259}}}