{"0.20": {"activatedMoleculePct": 0.6440389239164426, "activatedTokens": {"C": 930758, "c": 202939, "others": 9168, "S": 8747, "-": 7482, "[N+]": 6688, "n": 3997}}, "0.00": {"activatedMoleculePct": 0.9213729271227515, "activatedTokens": {"C": 1688051, "c": 959140, "-": 40608, "S": 34293, "n": 28763, "others": 25818, "[N+]": 15391, "(": 14264, "N": 12781, "/": 8996, "=": 8742, "Cl": 8426, "[C@H]": 7445, "2": 7192, "O": 6988, "#": 6483, ")": 5813}}}