{"0.20": {"activatedMoleculePct": 0.24029447069171464, "activatedTokens": {"2": 158860, "1": 114030, "3": 83426, "4": 20260, "others": 3757}}, "0.00": {"activatedMoleculePct": 0.38246988317991437, "activatedTokens": {"2": 256122, "1": 235922, "3": 129572, "4": 28790, "5": 4309, "others": 2983}}}