{"0.20": {"activatedMoleculePct": 0.31708256648257366, "activatedTokens": {"c": 551753, "C": 433584, "(": 137984, "1": 96865, "O": 90359, "n": 83126, "N": 72815, "2": 46206, "F": 42473, "=": 32204, ")": 30781, "[C@H]": 23698, "[C@@H]": 19993, "Cl": 16560, "-": 15441, "others": 14737, "s": 11691, "S": 9085, "[nH]": 7319, "o": 7134, "Br": 6301}}, "0.00": {"activatedMoleculePct": 0.6933727249890694, "activatedTokens": {"c": 1234807, "C": 1042994, "(": 517539, "1": 318230, "O": 311982, ")": 223082, "2": 179136, "N": 171664, "n": 161359, "=": 150053, "F": 91107, "[C@H]": 56314, "[C@@H]": 46924, "3": 45093, "others": 40221, "Cl": 34755, "-": 33975, "s": 25398, "S": 18981, "o": 17048, "[nH]": 14724, "Br": 11449}}}