{"0.20": {"activatedMoleculePct": 0.19374440195893902, "activatedTokens": {"(": 287851, "others": 235}}, "0.00": {"activatedMoleculePct": 0.30692168711317214, "activatedTokens": {"(": 494749, "c": 5142, "others": 4999, "C": 2128, "N": 1738, "=": 1319}}}