{"0.20": {"activatedMoleculePct": 0.027154756037095926, "activatedTokens": {"/": 37680, "\\": 12887, "I": 6223, "others": 537}}, "0.00": {"activatedMoleculePct": 0.041052911420772754, "activatedTokens": {"/": 49088, "[nH]": 15421, "\\": 12892, "I": 6756, "N": 1838, "Cl": 1459, "P": 1052, "others": 892, "#": 662, "Br": 639, "C": 282, "[n+]": 187, ")": 144, ".": 141, "F": 121, "[I-]": 121, "[B]": 108, "%10": 103, "%11": 87, "[CH]": 78}}}