{"0.20": {"activatedMoleculePct": 0.24530680011395653, "activatedTokens": {"(": 152715, "C": 146527, "c": 100115, "[C@H]": 56485, "n": 21669, "[C@@H]": 19362, "2": 18352, "O": 11035, "3": 6536, "others": 4693, "N": 4114, ")": 3654, "1": 3563, "[nH]": 3190, "o": 2923, "S": 2875, "=": 1898, "4": 1556}}, "0.00": {"activatedMoleculePct": 0.5114926913294171, "activatedTokens": {"(": 388916, "C": 384022, "c": 305825, "[C@H]": 89790, "2": 59084, "n": 57111, "1": 40786, "O": 36180, "[C@@H]": 27590, "3": 24840, ")": 22313, "N": 19179, "S": 14527, "others": 12292, "=": 11987, "[nH]": 6796, "4": 6659, "o": 5639, "/": 3208}}}