{"0.20": {"activatedMoleculePct": 0.3010810490152208, "activatedTokens": {"=": 472983, "others": 4346}}, "0.00": {"activatedMoleculePct": 0.7130272961031409, "activatedTokens": {"=": 1440378, "O": 15468, "others": 6128}}}