{"0.20": {"activatedMoleculePct": 0.011074142781081165, "activatedTokens": {"C": 3852, "c": 2809, "N": 2393, "[C@H]": 1444, "(": 1014, "2": 990, ")": 878, "O": 870, "n": 430, "F": 305, "#": 178, "1": 148, "others": 144, "o": 110, "=": 110, "4": 92, "[C@@H]": 59}}, "0.00": {"activatedMoleculePct": 0.04794083635008089, "activatedTokens": {"C": 21390, "c": 12159, ")": 7391, "N": 6829, "2": 6787, "(": 5888, "[C@H]": 3570, "O": 2533, "1": 1414, "n": 1171, "F": 1045, "others": 612, "#": 468, "o": 424, "4": 316, "=": 288}}}