{"0.20": {"activatedMoleculePct": 0.33220158001161537, "activatedTokens": {"C": 348942, "1": 171172, "2": 106158, "3": 29142, "=": 10856, "4": 6766, "others": 6013, "c": 5405, "O": 5112, "N": 3424, "n": 2700, "/": 2574, "[C@H]": 1814, "[C@@H]": 1708, ".": 1671, "-": 1566}}, "0.00": {"activatedMoleculePct": 0.7487207354736556, "activatedTokens": {"C": 919024, "1": 713871, "2": 411523, "3": 113678, "=": 45930, "c": 42769, "O": 33213, "4": 23369, "others": 22889, "(": 17797, "n": 14662, "N": 13275, "[C@H]": 7200, "[C@@H]": 7025, "/": 6639, "-": 6192, ")": 6150}}}