{"0.20": {"activatedMoleculePct": 0.6090998240118702, "activatedTokens": {"C": 489257, "c": 359526, "(": 128508, "1": 118962, "[C@H]": 112770, "[C@@H]": 80030, "2": 64528, "S": 42515, "n": 31810, "=": 28362, "3": 15256, "others": 12598, "[C@]": 10458, "[N+]": 5925, "[C@@]": 3004}}, "0.00": {"activatedMoleculePct": 0.8852642348617618, "activatedTokens": {"C": 931770, "c": 794189, "(": 512887, "1": 360819, "[C@H]": 180177, "=": 175704, "2": 174020, "O": 140292, "[C@@H]": 138717, "n": 108714, ")": 88929, "S": 52334, "3": 42911, "others": 31867, "[C@]": 18593, "[N+]": 17753, "F": 7947}}}