{"0.20": {"activatedMoleculePct": 0.22423729322493305, "activatedTokens": {"c": 543324, "(": 12022, "1": 6985, "others": 4437, "2": 4116, "n": 3058, "C": 1653, ")": 1533}}, "0.00": {"activatedMoleculePct": 0.639387652122074, "activatedTokens": {"c": 2133390, "(": 43427, "C": 33404, "1": 29722, "n": 24770, "2": 23510, "others": 18389, ")": 14567, "N": 11959, "3": 8367, "[C@@H]": 5673}}}