{"0.20": {"activatedMoleculePct": 0.06600763274360587, "activatedTokens": {"2": 50899, "3": 33139, "4": 6174, "5": 2049, "others": 699, "6": 444, "1": 377}}, "0.00": {"activatedMoleculePct": 0.16844986169222512, "activatedTokens": {"2": 106634, "3": 92556, "4": 19477, "1": 18702, "5": 5535, ")": 4968, "[C@H]": 2346, "others": 2321, "C": 1247, "6": 945}}}