{"0.20": {"activatedMoleculePct": 0.33055521581798597, "activatedTokens": {"C": 422399, "(": 73283, "1": 49621, "2": 34882, "n": 30436, "[C@@H]": 27892, "-": 24272, "[C@H]": 18277, "3": 14182, "O": 11602, "others": 6989, ")": 6719, "4": 4624, "Cl": 3048, "c": 2259}}, "0.00": {"activatedMoleculePct": 0.6439202802334497, "activatedTokens": {"C": 831912, "(": 270130, "1": 223243, ")": 143509, "2": 136005, "n": 94041, "[C@@H]": 52275, "3": 51368, "=": 48267, "c": 45669, "[C@H]": 39203, "-": 33966, "O": 32014, "others": 18481, "4": 14860, "F": 8334, "N": 7800}}}