{"0.20": {"activatedMoleculePct": 0.3469551417023025, "activatedTokens": {"(": 517195, "others": 693}}, "0.00": {"activatedMoleculePct": 0.6281186993429922, "activatedTokens": {"(": 1166288, "others": 5132}}}