{"0.20": {"activatedMoleculePct": 0.28915589413761056, "activatedTokens": {"c": 723463, "C": 63175, "n": 52338, "[C@@H]": 9672, "others": 8404, "N": 4032, "[C@H]": 2958, "s": 2864, "O": 2598, "o": 2587, "2": 2084, "Cl": 1541}}, "0.00": {"activatedMoleculePct": 0.5598268095175669, "activatedTokens": {"c": 1343775, "C": 262343, "n": 140054, ")": 39944, "[C@@H]": 30789, "(": 28957, "N": 28130, "O": 25103, "=": 22930, "1": 20853, "others": 16423, "[C@H]": 15536, "o": 10335, "s": 9037, "2": 8388, "-": 8289, "[nH]": 7192, "Cl": 6822}}}