{"0.20": {"activatedMoleculePct": 0.25007525085449084, "activatedTokens": {"=": 316282, "n": 50351, ")": 26938, "(": 6333, "others": 3610, "C": 3602, "N": 2893, "O": 2428}}, "0.00": {"activatedMoleculePct": 0.740557757136381, "activatedTokens": {"=": 1267528, ")": 389705, "n": 151078, "(": 53157, "C": 30600, "N": 20735, "others": 16810, "O": 13824, "#": 9149, "1": 7536, "2": 6383, "c": 5868}}}