{"0.20": {"activatedMoleculePct": 0.11443476172027481, "activatedTokens": {"1": 95296, "2": 52806, "3": 16294, "[C@@]": 3836, "[C@]": 2885, "4": 2788, "N": 1736, "[C@H]": 1690, "others": 1332, "C": 1082, "[C@@H]": 703}}, "0.00": {"activatedMoleculePct": 0.3808857703014355, "activatedTokens": {"1": 326431, "2": 208859, "3": 78317, "C": 13800, "4": 12665, "N": 11845, "[C@H]": 7492, "others": 6821, "[C@@]": 4909, "[C@@H]": 4692, "[C@]": 3499, "(": 3384, "O": 2096, "5": 1854}}}