{"0.20": {"activatedMoleculePct": 0.4750954459134941, "activatedTokens": {"O": 882861, "others": 3317}}, "0.00": {"activatedMoleculePct": 0.7781114122772776, "activatedTokens": {"O": 1735770, "others": 16916, "C": 11379, "c": 5293}}}