{"0.20": {"activatedMoleculePct": 0.6405462589522884, "activatedTokens": {"O": 1241786, "others": 327}}, "0.00": {"activatedMoleculePct": 0.8500995654858202, "activatedTokens": {"O": 2008584, "others": 6858}}}