{"0.20": {"activatedMoleculePct": 0.2812902573762316, "activatedTokens": {"C": 135175, "N": 105588, "[C@@H]": 67035, "1": 52953, "[C@H]": 42298, ")": 32536, "n": 26922, "2": 22085, "=": 9184, "[C@]": 7899, "[C@@]": 6766, "c": 6663, "others": 5149, "3": 4192, "(": 3844}}, "0.00": {"activatedMoleculePct": 0.5909085249880441, "activatedTokens": {"C": 383361, "N": 282769, ")": 156551, "[C@@H]": 124608, "[C@H]": 92757, "1": 89156, "c": 88724, "n": 88501, "(": 56532, "2": 43043, "=": 20175, "[C@]": 13690, "O": 11808, "[C@@]": 10337, "3": 9435, "others": 9325}}}