{"0.20": {"activatedMoleculePct": 0.260825686796789, "activatedTokens": {"=": 425672, "others": 2954, ".": 2703, "O": 1387}}, "0.00": {"activatedMoleculePct": 0.6950146949722176, "activatedTokens": {"=": 1456197, "others": 13804, "c": 8439, "O": 8283, "N": 6991, "F": 5594, ".": 4866}}}