{"0.20": {"activatedMoleculePct": 0.9628784422230897, "activatedTokens": {"(": 3546096, "others": 106}}, "0.00": {"activatedMoleculePct": 0.9948580413685622, "activatedTokens": {"(": 5385576, "others": 4139}}}