{"0.20": {"activatedMoleculePct": 0.1932222232800877, "activatedTokens": {"(": 334285, "others": 1077}}, "0.00": {"activatedMoleculePct": 0.7050503393429044, "activatedTokens": {"(": 1617980, "others": 13235, "C": 5848, "O": 5623, "=": 3594}}}