{"0.20": {"activatedMoleculePct": 0.20285652976015667, "activatedTokens": {"1": 182013, "2": 104541, "3": 24883, "4": 9411, "5": 3953, "others": 2056, "6": 1649}}, "0.00": {"activatedMoleculePct": 0.8936417971442026, "activatedTokens": {"1": 1300966, "2": 740289, "3": 233514, "4": 59496, "others": 22443}}}