{"0.20": {"activatedMoleculePct": 0.41679965256442464, "activatedTokens": {"C": 1053574, "[C@H]": 41715, "(": 34242, "[C@@H]": 32621, "others": 7456}}, "0.00": {"activatedMoleculePct": 0.6686465026112596, "activatedTokens": {"C": 1880387, "(": 264834, "[C@H]": 74076, "[C@@H]": 58142, "c": 40677, "others": 22659, "n": 8553, "S": 6669}}}