{"0.20": {"activatedMoleculePct": 0.36182441760232836, "activatedTokens": {"C": 751883, "F": 8695, "[C@H]": 8486, "others": 7476, "[C@@H]": 6168}}, "0.00": {"activatedMoleculePct": 0.6075083874492561, "activatedTokens": {"C": 1573690, "F": 106626, "[C@H]": 37342, "[C@@H]": 31112, "N": 24189, "O": 21786, "others": 17757, "Cl": 15944, "c": 11021, "=": 7094, "2": 6927, "n": 5903, "#": 5868, "3": 4493, "Br": 4103}}}