{"0.20": {"activatedMoleculePct": 0.5569603195469862, "activatedTokens": {"C": 910114, "others": 4415}}, "0.00": {"activatedMoleculePct": 0.7191184041985217, "activatedTokens": {"C": 1336029, "others": 11317, "S": 10887, "c": 9607, "N": 4715, "(": 4289, "[C@@H]": 3997}}}