{"0.20": {"activatedMoleculePct": 0.6905018408080075, "activatedTokens": {")": 1777800, "others": 3235}}, "0.00": {"activatedMoleculePct": 0.9678241261196998, "activatedTokens": {")": 4497935, "others": 25417}}}