{"0.20": {"activatedMoleculePct": 0.3227767308978178, "activatedTokens": {"[C@@H]": 280878, "[C@H]": 194347, "[C@]": 9531, "[C@@]": 9003, "others": 352}}, "0.00": {"activatedMoleculePct": 0.5165225975935839, "activatedTokens": {"[C@@H]": 468326, "[C@H]": 374258, "[C@]": 19412, "[C@@]": 17720, "others": 8800, "C": 7119, "c": 4763, "N": 3756, "=": 3549}}}