{"0.20": {"activatedMoleculePct": 0.2738391411369141, "activatedTokens": {"C": 227669, "n": 62827, "N": 45719, "O": 42154, "[C@@H]": 29675, "[C@H]": 26306, "2": 20979, "c": 18892, "[nH]": 14861, "=": 13793, "1": 11235, "3": 10108, "S": 7909, "F": 5843, "[C@]": 4675, "others": 4270, ")": 4042, "o": 3773, "[C@@]": 3443, "4": 2033}}, "0.00": {"activatedMoleculePct": 0.6669115218395922, "activatedTokens": {"C": 806645, "n": 183939, "N": 178595, "c": 142511, "O": 140055, "2": 88812, "1": 86568, "[C@@H]": 86014, "[C@H]": 84942, ")": 59146, "F": 45353, "3": 45131, "=": 41175, "(": 24064, "S": 22944, "[nH]": 18877, "others": 14208, "[C@]": 13167, "o": 10235, "4": 10179, "[C@@]": 10129, "#": 8769, "Cl": 8341}}}