{"0.20": {"activatedMoleculePct": 0.07214780952269353, "activatedTokens": {"C": 320308, "2": 57130, "[C@@H]": 51747, "c": 46037, "(": 43433, "1": 33507, "O": 30008, "[C@H]": 23728, "3": 23617, ")": 7986, "[C@@]": 7391, "[C@]": 6784, "others": 5552, "n": 5488, "s": 3155}}, "0.00": {"activatedMoleculePct": 0.14981108556772832, "activatedTokens": {"C": 408131, "2": 91540, "[C@@H]": 81345, ")": 79991, "c": 79672, "1": 76091, "(": 65549, "[C@H]": 33652, "O": 33018, "3": 32865, "[C@@]": 8538, "n": 8331, "[C@]": 7422, "s": 6700, "others": 6508, "N": 5268}}}