{"0.20": {"activatedMoleculePct": 0.3560489602931817, "activatedTokens": {"C": 583727, "N": 97120, "[C@H]": 64636, "[C@@H]": 59741, "c": 38250, "(": 15117, "O": 14031, "others": 8955, "n": 8134, ")": 6140, "2": 5404, "S": 4964, "-": 4664, "[C@@]": 4633, "[C@]": 3456, "3": 3338}}, "0.00": {"activatedMoleculePct": 0.7793271438437477, "activatedTokens": {"C": 1719974, "N": 420376, "c": 317934, ")": 196153, "[C@H]": 145548, "[C@@H]": 144077, "(": 116132, "O": 63576, "n": 49326, "1": 45207, "=": 40536, "others": 29060, "S": 28168, "2": 22508, "-": 21293, "3": 11772, "[C@@]": 10522}}}