{"0.20": {"activatedMoleculePct": 0.3044133252968106, "activatedTokens": {"C": 310840, "c": 139316, "N": 97155, "-": 25403, "[C@H]": 16309, "[C@@H]": 15086, "O": 11815, "S": 7860, ")": 6541, "others": 5986, "n": 2356, "=": 1978, "/": 1785, "o": 1206, "Cl": 1089, "[S@]": 921}}, "0.00": {"activatedMoleculePct": 0.816194569781161, "activatedTokens": {"C": 1222960, "c": 920083, "N": 535718, ")": 88143, "-": 75805, "O": 70010, "[C@H]": 57583, "[C@@H]": 55725, "S": 38890, "=": 34658, "n": 30429, "others": 27656, "o": 14521, "(": 13745, "1": 12841, "Cl": 11380, "/": 8419, "2": 7259}}}