{"0.20": {"activatedMoleculePct": 0.2367366249387557, "activatedTokens": {"1": 172252, "2": 102810, "[C@H]": 32159, "C": 29570, "c": 13219, "[C@@H]": 13178, "(": 7398, "3": 7014, "[C@@]": 2445, "[C@]": 2224, "others": 2087}}, "0.00": {"activatedMoleculePct": 0.40042975378506307, "activatedTokens": {"1": 293208, "2": 174346, "C": 93251, "[C@H]": 53798, "c": 42476, "[C@@H]": 34424, "(": 23269, "3": 17254, "N": 7859, "n": 5114, "others": 4433, "[C@@]": 4259, "[C@]": 4244, "O": 4186}}}