{"0.20": {"activatedMoleculePct": 0.17206409981302634, "activatedTokens": {"c": 255233, "C": 92019, "n": 32706, ")": 19314, "[nH]": 10767, "s": 8434, "O": 8223, "F": 8099, "(": 5976, "=": 5472, "N": 5027, "Cl": 4947, "[C@@H]": 4398, "others": 4315, "o": 3710, "3": 3523, "Br": 2557, "2": 2307, "4": 2121, "[C@H]": 1437, "-": 1187}}, "0.00": {"activatedMoleculePct": 0.45712385741372885, "activatedTokens": {"c": 652327, "C": 320406, ")": 158758, "n": 140181, "O": 71949, "F": 58699, "(": 46125, "=": 36275, "3": 30119, "[nH]": 27618, "N": 25687, "2": 24141, "o": 17790, "s": 17623, "others": 14841, "[C@@H]": 14626, "4": 14041, "Cl": 13543, "1": 10423, "-": 5907, "[C@H]": 4934, "[O-]": 4515, "Br": 4224, "5": 4129}}}