{"0.20": {"activatedMoleculePct": 0.1754058968839921, "activatedTokens": {"N": 257521, "others": 1784, "c": 909}}, "0.00": {"activatedMoleculePct": 0.3960985269874098, "activatedTokens": {"N": 604289, "c": 13803, "C": 8345, "n": 6361, "Cl": 5861, "others": 5671, "[nH]": 5601, "F": 4225, "-": 2831, "(": 2816, "2": 2762, "[C@@H]": 2679, "O": 2489, "3": 2140}}}