{"0.20": {"activatedMoleculePct": 0.13991166172195926, "activatedTokens": {"n": 254207, "others": 492}}, "0.00": {"activatedMoleculePct": 0.29339337777833113, "activatedTokens": {"n": 530545, "c": 15288, "C": 8139, "[C@@H]": 6038, "others": 5530, "[C@H]": 4700, "2": 3101, "1": 2394, "=": 2195, "Br": 1229, "[O-]": 940, "N": 888, ")": 885}}}