{"0.20": {"activatedMoleculePct": 0.05443767654656069, "activatedTokens": {"C": 107310, "=": 6723, ")": 2404, "#": 1699, "O": 1654, "others": 952, "N": 658, "(": 609, "1": 445, "/": 397}}, "0.00": {"activatedMoleculePct": 0.23105857262860938, "activatedTokens": {"C": 384991, ")": 68892, "(": 36050, "=": 24525, "O": 22830, "1": 18394, "N": 11458, "2": 9443, "#": 6294, "others": 5704, "3": 3895, "c": 1509}}}