{"0.20": {"activatedMoleculePct": 0.8201120084251662, "activatedTokens": {"c": 1904877, "[C@@H]": 78275, "[C@H]": 70298, "F": 22273, "[C@]": 20389, "others": 18364, "[C@@]": 17214, "(": 13110, "s": 13035, "Cl": 9760, "1": 7352, "S": 7298, "C": 5844}}, "0.00": {"activatedMoleculePct": 0.9178341229485445, "activatedTokens": {"c": 2817764, "[C@@H]": 165874, "[C@H]": 146139, "1": 109501, "(": 74060, "F": 46100, "C": 34596, "others": 33572, "[C@]": 26430, "[C@@]": 23285, "S": 22549, "2": 21024, "s": 20773, ")": 16485, "O": 16411, "Cl": 15316, "3": 9915, "[nH]": 9337}}}