{"0.20": {"activatedMoleculePct": 0.29909413350929703, "activatedTokens": {"C": 420512, "others": 355}}, "0.00": {"activatedMoleculePct": 0.4978032609435981, "activatedTokens": {"C": 805435, "others": 6504, "(": 6004, "c": 3337}}}