{"0.20": {"activatedMoleculePct": 0.4652275139095071, "activatedTokens": {"C": 1146887, "[C@H]": 42516, "[C@@H]": 42240, "=": 27090, "1": 20802, "n": 19926, "2": 19196, "others": 9517, "O": 5320}}, "0.00": {"activatedMoleculePct": 0.6646602213363819, "activatedTokens": {"C": 1636261, "=": 291400, "n": 84403, "[C@H]": 66641, "[C@@H]": 60652, "1": 28374, "O": 27388, "2": 25480, "others": 20300, "c": 18100, ")": 12571, "o": 6044}}}