{"0.20": {"activatedMoleculePct": 0.5938819407470012, "activatedTokens": {"(": 1157325, "others": 326}}, "0.00": {"activatedMoleculePct": 0.93835728300107, "activatedTokens": {"(": 3482168, "others": 11027}}}