{"0.20": {"activatedMoleculePct": 0.007509705712400389, "activatedTokens": {"C": 3022, "c": 1487, ")": 1355, "N": 935, "O": 824, "=": 723, "2": 674, "#": 466, "1": 411, "F": 348, "n": 221, "(": 167, "[N+]": 117, "3": 85, "others": 80, "-": 56, "Br": 53, "[Si]": 39, ".": 36, "[C@H]": 34}}, "0.00": {"activatedMoleculePct": 0.02299929765869142, "activatedTokens": {"C": 8020, ")": 6702, "c": 5511, "O": 3047, "=": 2814, "N": 2159, "2": 1896, "F": 1208, "1": 1031, "#": 838, "(": 623, "n": 604, "others": 314, "[N+]": 275, "3": 216, "-": 146, "Br": 119, "S": 64}}}