{"0.20": {"activatedMoleculePct": 0.011017750413238877, "activatedTokens": {"C": 4773, "N": 2126, "O": 1973, "c": 1773, "=": 1321, ")": 923, "(": 884, "2": 747, "1": 321, "4": 208, "o": 177, "others": 146, "S": 112, "[C@@H]": 104, "#": 73, "6": 72, "[S@]": 60, "[C@H]": 57, "-": 56}}, "0.00": {"activatedMoleculePct": 0.034931776220437034, "activatedTokens": {"C": 14787, "=": 9799, "c": 5374, "N": 5254, ")": 5095, "O": 4510, "(": 2922, "2": 1565, "1": 1359, "4": 561, "o": 460, "others": 401, "S": 314, "[C@@H]": 261, "#": 218, "-": 175, "3": 173, "[C@H]": 171}}}