{"0.20": {"activatedMoleculePct": 0.005998829675275169, "activatedTokens": {"C": 1653, "c": 1381, "(": 750, "N": 704, "=": 589, "O": 421, "[C@H]": 413, "n": 368, "3": 351, ")": 327, "-": 306, "1": 246, "4": 238, "2": 235, "/": 187, "others": 87, ".": 70, "[nH]": 64, "Cl": 64, "5": 57, "[C@@]": 36, "[C@@H]": 25, "[S@]": 24, "F": 16, "Br": 14, "[N+]": 13, "6": 12, "8": 8, "S": 8, "[V]": 8, "7": 6, "%10": 5, "[O-]": 5, "[C@]": 5, "[N-]": 5, "9": 5, "I": 4, "[C]": 4, "[Co]": 4, "[OH-]": 4, "[S@@]": 3, "[NH+]": 3}}, "0.00": {"activatedMoleculePct": 0.04022460274506329, "activatedTokens": {"c": 12063, "C": 10805, "O": 9850, "(": 4906, ")": 4556, "N": 3581, "=": 2876, "3": 2350, "n": 2160, "2": 1689, "[C@H]": 1451, "4": 1294, "1": 1284, "-": 1212, "/": 586, "others": 571, "Cl": 364, "[nH]": 305, "5": 274, "[C@@H]": 174, "[C@@]": 135, ".": 87, "F": 85}}}