{"0.20": {"activatedMoleculePct": 0.4369778670941745, "activatedTokens": {"[C@@H]": 789038, "others": 63}}, "0.00": {"activatedMoleculePct": 0.4417844009922127, "activatedTokens": {"[C@@H]": 789612, "others": 7195, ".": 3165}}}