{"0.20": {"activatedMoleculePct": 0.6366163700452531, "activatedTokens": {"C": 821305, "c": 676147, "n": 57076, "O": 36426, "N": 31777, "[C@@H]": 20456, "[C@H]": 18218, "others": 15817, "s": 10757, "=": 9940, "Cl": 7990, ".": 6437, "-": 5690, "F": 5145, "#": 4980, "[nH]": 4931}}, "0.00": {"activatedMoleculePct": 0.9548904999366501, "activatedTokens": {"C": 2519868, "c": 1624568, "n": 260155, "O": 213874, "N": 150674, "=": 84262, "[C@@H]": 75681, "[C@H]": 71779, "F": 56513, "others": 47265, "s": 34566, "-": 31394, "Cl": 30601, "#": 23364, "[nH]": 21157, "2": 15405, "Br": 11244, "/": 10096}}}