{"0.20": {"activatedMoleculePct": 0.33613806023437254, "activatedTokens": {"N": 393053, "S": 32768, "2": 32096, "C": 27953, "1": 26894, "3": 16473, "4": 6767, "O": 6111, "=": 5248, "others": 4303}}, "0.00": {"activatedMoleculePct": 0.5125436400028416, "activatedTokens": {"N": 533674, "2": 119765, "1": 115998, "C": 100580, "S": 54767, "3": 50504, "(": 49005, "O": 36975, "=": 36879, ")": 24355, "4": 14218, "c": 9203, "others": 7929}}}