{"0.20": {"activatedMoleculePct": 0.35320224426976643, "activatedTokens": {"C": 390337, "c": 118290, "n": 108370, "[C@H]": 66566, "[C@@H]": 41930, "O": 36891, "(": 29545, "N": 27825, ")": 20697, "S": 15774, "2": 11768, "[C@]": 7937, "1": 7520, "others": 6839, "o": 5923, "3": 5722, "F": 4882, "=": 4524, "-": 2918}}, "0.00": {"activatedMoleculePct": 0.7105269903393282, "activatedTokens": {"C": 1319531, ")": 491701, "c": 350745, "(": 261933, "O": 248523, "n": 230056, "N": 154280, "[C@H]": 148693, "[C@@H]": 111416, "=": 97307, "2": 66307, "1": 52361, "S": 44082, "3": 27431, "others": 27421, "o": 18081, "F": 15846, "[C@]": 15774, "-": 12204}}}