{"0.20": {"activatedMoleculePct": 0.36094484313767133, "activatedTokens": {"C": 635475, "N": 43516, "1": 27026, "[C@H]": 23547, "[C@@H]": 22309, "O": 21145, "2": 19383, "c": 11564, "n": 8451, "-": 8366, "3": 7960, "[C@@]": 7049, "[C@]": 6760, "others": 6599, "F": 6336, "=": 4890, "(": 3483, "[N+]": 3300, "Cl": 2629, "4": 2474}}, "0.00": {"activatedMoleculePct": 0.8418062255709361, "activatedTokens": {"C": 2387718, "O": 394055, "N": 302577, "1": 192968, "2": 150051, "c": 117823, "[C@H]": 84635, "F": 79980, "[C@@H]": 76531, "(": 69062, "3": 66326, "n": 46395, "=": 45569, "-": 42722, "others": 37537, ")": 29714, "Cl": 17725, "4": 15005, "[C@@]": 14515, "[N+]": 13933}}}