{"0.20": {"activatedMoleculePct": 0.12477287424575208, "activatedTokens": {"2": 128244, "1": 35351, "3": 24233, "4": 8830, "5": 2083, "6": 1474, "others": 646}}, "0.00": {"activatedMoleculePct": 0.5329093408464568, "activatedTokens": {"2": 493474, "1": 415048, "3": 132126, "4": 51673, "others": 7111, "5": 7109}}}