{"0.20": {"activatedMoleculePct": 0.08953203855480277, "activatedTokens": {"O": 79152, "N": 18114, "=": 15946, "S": 9399, "C": 7403, "2": 1292, "others": 1168, "3": 903, "4": 478, "/": 221}}, "0.00": {"activatedMoleculePct": 0.1965200782462413, "activatedTokens": {"O": 124311, "C": 72724, "N": 35712, "=": 26973, "S": 17817, "2": 14075, "3": 7404, "[nH]": 5759, "o": 4660, "4": 3040, "others": 2730, "n": 2281, "c": 2156, "[C@@H]": 2151, "1": 1979, "[C@H]": 1852, "s": 984, ")": 827, "F": 784, "/": 573}}}