{"0.20": {"activatedMoleculePct": 0.012910922762230003, "activatedTokens": {"C": 4244, "2": 2414, "(": 1827, "1": 1783, "O": 1657, "c": 1487, "3": 1263, "N": 646, "[nH]": 622, ")": 595, "[C@H]": 593, "n": 560, "o": 445, "F": 227, "Cl": 194, "others": 141, "Br": 116, "S": 75, "\\": 62, "=": 62}}, "0.00": {"activatedMoleculePct": 0.042163914304107195, "activatedTokens": {"C": 12619, "2": 8410, "O": 7915, "(": 7424, "1": 7233, "c": 4532, "3": 4042, ")": 2353, "N": 2040, "n": 1976, "[C@H]": 1699, "o": 1517, "[nH]": 1295, "F": 630, "others": 513, "Cl": 452, "Br": 275, "\\": 223, "s": 181, "=": 163}}}