{"0.20": {"activatedMoleculePct": 0.963763875635055, "activatedTokens": {")": 4227393, "others": 77}}, "0.00": {"activatedMoleculePct": 0.9960518018826262, "activatedTokens": {")": 5864767, "others": 3453}}}