{"0.20": {"activatedMoleculePct": 0.5291845150952116, "activatedTokens": {"c": 486302, "N": 361605, "C": 123220, "[C@@H]": 41885, "[C@H]": 27749, "S": 27686, "-": 24306, "others": 11302, "=": 9933, "n": 9616, "[N+]": 3489, "2": 2437, "Cl": 2302, "\\": 2080, "1": 1678, "[nH]": 1536}}, "0.00": {"activatedMoleculePct": 0.8783792394061078, "activatedTokens": {"c": 1101717, "N": 881322, "C": 653765, "[C@@H]": 111513, "[C@H]": 86744, "S": 66475, "-": 57215, "=": 47870, "n": 39034, "others": 27631, ")": 26138, "2": 18887, "1": 18723, "F": 11521, "O": 11405, "[N+]": 9597, "(": 9447, "Cl": 8650, "s": 7029, "[nH]": 6162}}}