{"0.20": {"activatedMoleculePct": 0.38850752838110697, "activatedTokens": {"c": 393051, "C": 219855, "n": 114320, "[nH]": 21083, "s": 19046, "O": 15009, "o": 12954, "[C@H]": 11943, "[C@@H]": 10215, "others": 7909, "Cl": 6897, "F": 4621, "=": 3687, "N": 3562, "2": 3340, "1": 1807}}, "0.00": {"activatedMoleculePct": 0.7427768334293957, "activatedTokens": {"c": 1004174, "C": 512198, "n": 231459, "O": 65368, "F": 54550, "s": 41092, "Cl": 38309, "[C@H]": 32464, "[nH]": 32375, "[C@@H]": 28237, "o": 28154, "=": 25886, "2": 23905, "1": 19408, "others": 17486, "N": 14824, "3": 14703, "(": 13922, "Br": 7862, "#": 7436, ")": 4818}}}