{"0.20": {"activatedMoleculePct": 0.23798897492590262, "activatedTokens": {"C": 354465, "F": 184044, "others": 2196}}, "0.00": {"activatedMoleculePct": 0.30507099213216615, "activatedTokens": {"C": 524542, "F": 239836, "O": 13414, ")": 10329, "N": 9620, "others": 7953, "(": 5378, "=": 4768, "c": 3247, "[O-]": 3105, "2": 2380}}}