{"0.20": {"activatedMoleculePct": 0.38699738471239525, "activatedTokens": {"1": 431343, "2": 155414, "3": 27855, "others": 2058}}, "0.00": {"activatedMoleculePct": 0.6279048477662397, "activatedTokens": {"1": 687885, "2": 359899, "3": 88901, "others": 10121, "4": 9013}}}