{"0.20": {"activatedMoleculePct": 0.18137323471748523, "activatedTokens": {"C": 276283, "N": 58432, "O": 56805, "(": 30487, "c": 21296, ")": 19266, "1": 15714, "2": 12243, "n": 7499, "[C@H]": 5617, "[C@@H]": 4582, "3": 4129, "others": 4043, "=": 2822, "S": 1540}}, "0.00": {"activatedMoleculePct": 0.4657372423253283, "activatedTokens": {"C": 727057, "N": 175433, "(": 173294, ")": 158331, "c": 124696, "O": 123885, "1": 85768, "2": 61804, "=": 39401, "n": 38368, "[C@H]": 21279, "F": 20662, "[C@@H]": 17898, "3": 15416, "others": 14955, "[nH]": 6539, "S": 6240, "s": 6041, "o": 4425, "Br": 3990, "-": 3709, "/": 3604}}}