{"0.20": {"activatedMoleculePct": 0.22040187984324386, "activatedTokens": {"=": 353427, "others": 52}}, "0.00": {"activatedMoleculePct": 0.6410391428945983, "activatedTokens": {"=": 1302952, "others": 11327}}}