{"0.20": {"activatedMoleculePct": 0.46539449390779336, "activatedTokens": {"c": 444387, "C": 239403, "N": 142186, "[C@H]": 71101, "n": 66630, "[C@@H]": 58797, "(": 31026, "1": 17547, ")": 16194, "2": 12724, "O": 11882, "others": 10724, "[C@]": 4325, "3": 4226, "o": 4147, "s": 4092}}, "0.00": {"activatedMoleculePct": 0.6789143077690374, "activatedTokens": {"c": 765583, "C": 615338, "(": 253069, "N": 219550, "n": 104248, ")": 102450, "[C@H]": 98277, "[C@@H]": 75176, "O": 51574, "1": 41472, "2": 39491, "=": 23375, "others": 17863, "3": 15302, "[C@]": 9815, "[C@@]": 8854, "s": 7634, "o": 7215}}}