{"0.20": {"activatedMoleculePct": 0.21769431381840046, "activatedTokens": {"C": 136713, "2": 70813, "O": 46595, "(": 42646, "3": 36035, "[C@@H]": 32455, "N": 22634, "[C@H]": 10339, "1": 9363, "-": 8368, "c": 6632, "4": 6424, "others": 4148, "=": 3723, ")": 2709, "F": 2384, "[C@@]": 2067}}, "0.00": {"activatedMoleculePct": 0.5830707182263795, "activatedTokens": {"C": 415319, "(": 194703, "2": 182375, "c": 123361, ")": 110732, "N": 96130, "3": 92665, "O": 89752, "[C@@H]": 72056, "1": 72019, "-": 32910, "=": 31184, "[C@H]": 29070, "4": 22284, "F": 15552, "others": 11951, "Cl": 6280, "[C@@]": 5995, "[C@]": 4989}}}