{"0.20": {"activatedMoleculePct": 0.20527847210372094, "activatedTokens": {"C": 199525, "c": 70547, "n": 46501, "=": 43754, "2": 39262, "O": 23033, "3": 20416, "1": 19653, "[C@@H]": 13992, "F": 11800, "[C@H]": 10461, "N": 9929, "(": 6936, "S": 6839, "others": 5242, "4": 3998, ")": 3789, "#": 3291, "Cl": 1766, "s": 1755, "/": 1638, "[nH]": 1217}}, "0.00": {"activatedMoleculePct": 0.8707245247478272, "activatedTokens": {"C": 1388182, "c": 688237, "=": 621752, "O": 597824, "2": 362443, "1": 357281, "n": 265854, ")": 204572, "(": 179626, "N": 135620, "F": 123809, "3": 123401, "[C@@H]": 70495, "others": 49337, "[C@H]": 46091, "S": 36140, "Cl": 33019, "#": 28595, "-": 23806, "4": 23188, "s": 19655, "o": 15873, "[nH]": 15487, "Br": 13964}}}