{"0.20": {"activatedMoleculePct": 0.32091358565378164, "activatedTokens": {"=": 125867, "(": 120712, "1": 93576, "c": 89169, "C": 51883, "2": 49106, "[C@@H]": 25200, "3": 22702, "[C@H]": 17509, "F": 16200, "[C@]": 15111, "[C@@]": 14082, "O": 11365, ")": 8401, "n": 7566, "N": 6232, "others": 5706, "4": 4580}}, "0.00": {"activatedMoleculePct": 0.6472159380943627, "activatedTokens": {"c": 332371, "1": 332315, "(": 255742, "=": 203863, "C": 178676, "2": 138879, "[C@@H]": 69027, "3": 61622, "F": 60475, "O": 54368, "[C@H]": 48511, ")": 43938, "N": 31255, "n": 28601, "[C@]": 20756, "[C@@]": 19625, "others": 19138, "4": 12880, "-": 6892}}}