{"0.20": {"activatedMoleculePct": 0.16962897483801842, "activatedTokens": {"C": 222728, "[C@H]": 11036, "[C@@H]": 2624, "others": 1547}}, "0.00": {"activatedMoleculePct": 0.305462809233408, "activatedTokens": {"C": 365350, "[C@H]": 39795, "[C@@H]": 23006, "c": 19774, "S": 4553, "others": 3558, "=": 3317, "1": 3298, "(": 2232, "N": 1983, "O": 1423}}}