{"0.20": {"activatedMoleculePct": 0.12241904216464668, "activatedTokens": {"C": 164369, "N": 21713, "O": 2753, "#": 2047, "others": 770}}, "0.00": {"activatedMoleculePct": 0.3569695473889968, "activatedTokens": {"C": 575862, "N": 55735, "O": 33325, "#": 11945, ")": 8376, "others": 6915, "=": 5270, "F": 3574, "S": 3071, "n": 1925, "1": 1659}}}