{"0.20": {"activatedMoleculePct": 0.5056908687573832, "activatedTokens": {"(": 957983, "others": 129}}, "0.00": {"activatedMoleculePct": 0.9009676783848054, "activatedTokens": {"(": 3330644, "others": 6251}}}