{"0.20": {"activatedMoleculePct": 0.06611089668991448, "activatedTokens": {"c": 166140, "-": 7740, "[nH]": 5627, "o": 5603, "n": 2183, "C": 1960, "others": 1314, "[C@@H]": 1226, "s": 1206, "[C@H]": 903}}, "0.00": {"activatedMoleculePct": 0.33463524024979624, "activatedTokens": {"c": 1084245, "C": 35427, "-": 20746, "o": 19112, "[nH]": 15536, "others": 11597, "n": 10293, "[C@H]": 9728, "2": 8206, "[C@@H]": 7484, "s": 6204, "1": 3045}}}