{"0.20": {"activatedMoleculePct": 0.32788573295064644, "activatedTokens": {"C": 449132, "others": 335}}, "0.00": {"activatedMoleculePct": 0.5482715006887925, "activatedTokens": {"C": 758243, "others": 4711}}}