{"0.20": {"activatedMoleculePct": 0.17144964271406946, "activatedTokens": {"O": 164273, "S": 49555, "N": 13747, "#": 9351, "F": 5350, "=": 1831, "others": 1379, "Cl": 1114}}, "0.00": {"activatedMoleculePct": 0.4058961516236974, "activatedTokens": {"O": 385616, "S": 87337, "N": 74724, "#": 25959, "F": 23418, "=": 16950, "Cl": 10429, "1": 7365, "others": 6608, "Br": 5861, "2": 5155, "o": 5003, "(": 4360, "3": 3453, "C": 2675, "n": 2290, "c": 2051, "[C@H]": 1803, "s": 1466}}}