{"0.20": {"activatedMoleculePct": 0.4011298979884037, "activatedTokens": {")": 602346, "others": 290}}, "0.00": {"activatedMoleculePct": 0.7533060941108058, "activatedTokens": {")": 1420354, "others": 6202}}}