{"0.20": {"activatedMoleculePct": 0.8576832404079878, "activatedTokens": {"1": 1264441, "2": 610354, "3": 214300, "4": 36360, "others": 6946}}, "0.00": {"activatedMoleculePct": 0.9729821968562353, "activatedTokens": {"1": 1813536, "2": 1032738, "3": 379728, "4": 71158, "others": 18158}}}