{"0.20": {"activatedMoleculePct": 0.44248381282713983, "activatedTokens": {"C": 643859, "others": 799}}, "0.00": {"activatedMoleculePct": 0.7615298590264041, "activatedTokens": {"C": 1219704, "others": 11368, "O": 8629, "c": 7296}}}