{"0.20": {"activatedMoleculePct": 0.005338965734679036, "activatedTokens": {".": 10038, "others": 104, "O": 79, "Cl": 53, "C": 53, "n": 26, "[C@H]": 20, "=": 19, "c": 17}}, "0.00": {"activatedMoleculePct": 0.016317900622000493, "activatedTokens": {".": 10542, "C": 2725, "=": 2332, "1": 1624, "O": 1561, "c": 1491, "(": 1480, "[C@H]": 956, "n": 741, "[C@@H]": 580, "2": 506, "Cl": 375, "/": 369, "3": 334, ")": 313, "others": 217, "N": 210, "s": 149, "[nH]": 87}}}