{"0.20": {"activatedMoleculePct": 0.10135100001245026, "activatedTokens": {"=": 138184, "S": 4291, "[N+]": 1142, "others": 851}}, "0.00": {"activatedMoleculePct": 0.11046825439256265, "activatedTokens": {"=": 148316, "O": 15971, "C": 7683, "(": 6600, "S": 5256, "[C@H]": 1935, "[N+]": 1676, "others": 1173, "[C@@H]": 974, "c": 890, "N": 870}}}