{"0.20": {"activatedMoleculePct": 0.25223720241124975, "activatedTokens": {"C": 395704, "others": 2660, "1": 2320}}, "0.00": {"activatedMoleculePct": 0.4126537149753961, "activatedTokens": {"C": 724354, "c": 12913, "1": 12885, "[C@H]": 8786, "others": 7458, "2": 6541, "O": 4543, "N": 2796, "3": 2441, "(": 2213, "S": 2081}}}