{"0.20": {"activatedMoleculePct": 0.38358381553690296, "activatedTokens": {"C": 278732, "c": 182188, "N": 125442, "O": 71198, "n": 43391, "[C@H]": 37102, "2": 35481, ")": 34438, "[C@@H]": 32448, "3": 21971, "(": 21293, "4": 9652, "others": 9340, "1": 9221, "-": 6715, "F": 6546, "=": 6525, "/": 4371, "[C@@]": 4295, "s": 4185, "[C@]": 3891, "S": 3822, "o": 3570}}, "0.00": {"activatedMoleculePct": 0.805792741203706, "activatedTokens": {"C": 893773, "c": 691326, "O": 473810, "N": 426038, ")": 382467, "(": 329317, "2": 190608, "n": 151683, "3": 98949, "[C@H]": 86366, "=": 84014, "1": 83054, "[C@@H]": 72228, "F": 46506, "-": 34856, "others": 33563, "4": 28862, "Cl": 19395, "S": 14710, "s": 12412, "o": 12083, "/": 11613, "[nH]": 10214}}}