{"0.20": {"activatedMoleculePct": 0.2158026062062364, "activatedTokens": {"C": 316856, "[C@H]": 104579, "[C@@H]": 56404, "O": 9760, "c": 6811, "[C@@]": 6728, "[C@]": 5548, "1": 4406, "(": 3702, "others": 2029}}, "0.00": {"activatedMoleculePct": 0.41367536891227913, "activatedTokens": {"C": 679661, "[C@H]": 179649, "[C@@H]": 132358, "c": 37405, "1": 30853, "(": 24184, "2": 13947, "[C@@]": 13934, "O": 13775, "[C@]": 12730, "others": 7376, ")": 6889, "N": 5583}}}