{"0.20": {"activatedMoleculePct": 0.15099312818717578, "activatedTokens": {"C": 135758, "O": 38042, "N": 30999, "[C@@H]": 17672, "[C@H]": 16823, "n": 5334, "others": 2232, "S": 1964, "(": 1889}}, "0.00": {"activatedMoleculePct": 0.3695282009443158, "activatedTokens": {"C": 335144, "O": 75915, "N": 73089, "(": 65918, "n": 34007, "[C@H]": 33196, "[C@@H]": 32852, "S": 14871, "Cl": 13943, "-": 13492, "c": 11511, "Br": 9158, "others": 5675, ")": 5672, "F": 4960, "1": 4652, "2": 3971, "[nH]": 3775, "[C@@]": 2692, "s": 2310}}}