{"0.20": {"activatedMoleculePct": 0.4700179357024475, "activatedTokens": {"c": 812736, "others": 284}}, "0.00": {"activatedMoleculePct": 0.7461310807633915, "activatedTokens": {"c": 1510025, "others": 7138}}}