{"0.20": {"activatedMoleculePct": 0.11605769012467107, "activatedTokens": {"n": 184125, "2": 5120, "3": 2556, "c": 1462, "4": 1076, "others": 909}}, "0.00": {"activatedMoleculePct": 0.2178085632909121, "activatedTokens": {"n": 335122, "c": 31158, "2": 15077, "3": 6431, "o": 5289, "others": 3982, "4": 2465, "s": 2038, "C": 1425}}}