{"0.20": {"activatedMoleculePct": 0.12360547899457534, "activatedTokens": {"n": 165161, "[nH]": 30981, "o": 1134, "others": 1067}}, "0.00": {"activatedMoleculePct": 0.3779064955951702, "activatedTokens": {"n": 603741, "[nH]": 62923, "N": 7855, "others": 6003, "o": 5334, "[C@@]": 2055, "c": 1744, "[S@]": 1589, "-": 1239}}}