{"0.20": {"activatedMoleculePct": 0.1296379976168732, "activatedTokens": {"O": 89837, "[C@H]": 31824, "s": 17126, "\\": 12636, "n": 11394, "N": 8412, "=": 8048, "C": 6188, "/": 4042, "[nH]": 3812, "o": 1575, "others": 1441, "1": 662}}, "0.00": {"activatedMoleculePct": 0.3142036262489628, "activatedTokens": {"O": 182627, "[C@H]": 96096, "C": 58062, "n": 56937, "s": 37690, "N": 37569, "=": 15895, "[nH]": 13382, "/": 13230, "\\": 12843, "c": 9885, "1": 6586, "o": 4710, "others": 4410, "(": 3349, "2": 3260, "Cl": 2868, ")": 2599, "F": 2499, "[C@@H]": 2456, "3": 2296, "-": 1369}}}