{"0.20": {"activatedMoleculePct": 0.2823404736812425, "activatedTokens": {"2": 206972, "1": 170863, "3": 90244, "4": 17785, "others": 2966}}, "0.00": {"activatedMoleculePct": 0.7879632321761668, "activatedTokens": {"1": 890164, "2": 711755, "3": 268515, "4": 49609, "others": 16345}}}