{"0.20": {"activatedMoleculePct": 0.9994148376375845, "activatedTokens": {"C": 5639691, "c": 4087077, "n": 928243, "N": 689977, "[C@@H]": 449924, "O": 441079, "[C@H]": 328659, "S": 130329, "others": 113852, "-": 109817, "o": 99530, "F": 89975, "s": 80402, "[nH]": 65278, "Cl": 64905, "=": 62836}}, "0.00": {"activatedMoleculePct": 0.999909918685135, "activatedTokens": {"C": 11084730, "c": 9000132, "N": 1941163, "n": 1507312, "O": 973765, "[C@@H]": 718127, "[C@H]": 646105, "F": 426984, "others": 231537, "S": 221614, "=": 173030, "-": 170230, "o": 157316, "Cl": 146381, "s": 135913, "[nH]": 113569, "Br": 61999, "#": 58607}}}