{"0.20": {"activatedMoleculePct": 0.5356249629238491, "activatedTokens": {"C": 923442, "c": 82527, "(": 72194, "2": 20052, ")": 12582, "3": 10465, "others": 9917, "=": 8130, "1": 5321, "N": 3737}}, "0.00": {"activatedMoleculePct": 0.899594487609425, "activatedTokens": {"C": 2180885, "(": 410212, "c": 399884, "1": 217194, "2": 179671, ")": 170493, "=": 75407, "3": 42985, "others": 35578, "n": 30530, "N": 27917, "[C@H]": 14209, "[C@@H]": 7606}}}