{"0.20": {"activatedMoleculePct": 0.556512110077902, "activatedTokens": {")": 1123355, "others": 3516}}, "0.00": {"activatedMoleculePct": 0.9406686377141903, "activatedTokens": {")": 3637979, "others": 33661}}}