{"0.20": {"activatedMoleculePct": 0.21589049041586075, "activatedTokens": {"C": 361754, "others": 3498}}, "0.00": {"activatedMoleculePct": 0.487468077891775, "activatedTokens": {"C": 862593, "=": 12050, "O": 7804, "(": 5177, "[C@@H]": 5160, "[C@H]": 4651, "others": 4601, "#": 4499}}}