{"0.20": {"activatedMoleculePct": 0.3501519298273881, "activatedTokens": {"C": 684825, "others": 5371, "/": 4588, "[C@@H]": 3633, "[C@]": 2189, "[C@H]": 1998}}, "0.00": {"activatedMoleculePct": 0.6500524009599885, "activatedTokens": {"C": 1563223, "[C@@H]": 27417, "c": 26348, "[C@H]": 18194, "others": 16778, "/": 15015, "=": 9036, "[C@]": 8422, "[C@@]": 6976, "3": 3711}}}