{"0.20": {"activatedMoleculePct": 0.8924297274198002, "activatedTokens": {"C": 1261689, "O": 454243, "N": 428539, "(": 401789, "c": 335948, "=": 194610, "n": 176519, "[C@H]": 172663, "1": 145894, "[C@@H]": 144926, ")": 133976, "2": 103820, "-": 72510, "others": 41322, "S": 39617, "F": 27552, "o": 25912, "3": 22699, "#": 17246, "Cl": 15132, "[nH]": 13508, "\\": 10563}}, "0.00": {"activatedMoleculePct": 0.9988230839594473, "activatedTokens": {"C": 3782769, "c": 2288271, "(": 2019367, ")": 1773759, "O": 1624303, "1": 1077854, "N": 1049574, "=": 894479, "2": 658660, "n": 567994, "[C@H]": 340942, "[C@@H]": 300465, "3": 181244, "F": 175025, "others": 142656, "-": 132245, "S": 114554, "o": 95882, "Cl": 88435, "[nH]": 55768, "4": 39829, "#": 35690}}}