{"0.20": {"activatedMoleculePct": 0.08393234966490483, "activatedTokens": {"C": 164944, "O": 9885, "others": 527}}, "0.00": {"activatedMoleculePct": 0.1895398748968276, "activatedTokens": {"C": 432652, "O": 19083, ")": 13834, "others": 4776, "=": 3286, "2": 3246, "n": 2444, "N": 2173, "1": 2016, "3": 1954, "[C@H]": 1726}}}