{"0.20": {"activatedMoleculePct": 0.040117676956687, "activatedTokens": {"#": 45157, "=": 9823, "C": 755, "others": 294}}, "0.00": {"activatedMoleculePct": 0.13579282176423157, "activatedTokens": {"=": 139303, "#": 54535, "(": 2847, "C": 2581, "others": 1618}}}