{"0.20": {"activatedMoleculePct": 0.45623842400176357, "activatedTokens": {"c": 488976, "C": 447304, "n": 86715, "s": 31051, "O": 20980, "o": 16490, "=": 14226, "F": 11013, "others": 10620, "[C@@H]": 7876, "[nH]": 6966, "N": 5202, "Cl": 5011, "[C@H]": 4735, "1": 2735}}, "0.00": {"activatedMoleculePct": 0.8262302141518478, "activatedTokens": {"c": 1243105, "C": 1140876, "n": 252199, "O": 104499, "=": 62504, "F": 60865, "s": 56939, ")": 55099, "o": 51151, "(": 32387, "[C@@H]": 30199, "others": 27467, "N": 25174, "[C@H]": 25135, "1": 22994, "[nH]": 19823, "Cl": 18549, "2": 10801, "Br": 6954, "[O-]": 6144}}}