{"0.20": {"activatedMoleculePct": 0.13092330418262924, "activatedTokens": {"[C@H]": 97768, "[C@@H]": 79465, "N": 7610, "others": 1885, "/": 1487, "\\": 1468}}, "0.00": {"activatedMoleculePct": 0.23590465442097855, "activatedTokens": {"[C@H]": 149190, "[C@@H]": 130334, "N": 23694, "C": 12257, "c": 7251, "O": 7123, "n": 4390, "[C@]": 4063, "F": 3908, ")": 3853, "1": 3723, "(": 3482, "/": 3095, "[C@@]": 2629, "\\": 2406, "others": 2221, "S": 2121, "=": 2026, "2": 1607}}}