{"0.20": {"activatedMoleculePct": 0.7976041299719576, "activatedTokens": {"C": 1515720, "others": 5830}}, "0.00": {"activatedMoleculePct": 0.8646143750736945, "activatedTokens": {"C": 2186644, "O": 20302, "others": 17429, "N": 15897, "F": 13669}}}