{"0.20": {"activatedMoleculePct": 0.29884000166979996, "activatedTokens": {"C": 302125, "c": 258557, "n": 88962, "2": 61775, "3": 49158, "O": 44533, "N": 43127, "F": 41442, "(": 39612, ")": 31829, "[C@@H]": 25536, "[C@H]": 21656, "=": 20249, "Cl": 16716, "1": 14757, "s": 12956, "others": 10019, "o": 9635, "4": 9468, "-": 6971, "[nH]": 6879, "#": 6504, "Br": 4589}}, "0.00": {"activatedMoleculePct": 0.8680638303014502, "activatedTokens": {"c": 1639768, "C": 1508068, ")": 642760, "(": 526673, "2": 477922, "n": 308223, "3": 276535, "=": 249350, "O": 249059, "1": 229588, "N": 207233, "F": 206097, "[C@@H]": 89209, "[C@H]": 77389, "Cl": 62806, "others": 61225, "4": 50619, "s": 42741, "o": 39502, "-": 33602, "[nH]": 30383, "Br": 19604}}}