{"0.20": {"activatedMoleculePct": 0.5702030052005481, "activatedTokens": {"1": 606446, "2": 233623, "3": 99429, "4": 16131, "others": 1366}}, "0.00": {"activatedMoleculePct": 0.7914917831925843, "activatedTokens": {"1": 942072, "2": 453588, "3": 187766, "4": 36789, "others": 12051}}}