{"0.20": {"activatedMoleculePct": 0.3732149435380572, "activatedTokens": {"N": 462257, "n": 82955, "1": 22885, "2": 22419, "others": 5954}}, "0.00": {"activatedMoleculePct": 0.64040784132213, "activatedTokens": {"N": 903061, "n": 123242, "1": 27111, "2": 24966, "others": 10844, "=": 7680, "o": 6983, ")": 4438}}}