{"0.20": {"activatedMoleculePct": 0.5020063232688825, "activatedTokens": {"c": 677452, "C": 149611, "n": 139717, "s": 28437, "o": 21322, "O": 19407, "F": 16298, "[nH]": 12419, "Cl": 12004, "others": 8522, "[C@@H]": 7226, "=": 6763, "[C@H]": 5999, "N": 3081}}, "0.00": {"activatedMoleculePct": 0.855979019109689, "activatedTokens": {"c": 1540098, "C": 657363, "n": 307797, "O": 91293, "F": 83028, "s": 59705, "o": 56822, "=": 51292, "Cl": 46849, "(": 35440, "[C@@H]": 33023, "[nH]": 28327, "[C@H]": 26580, "N": 22153, "others": 21868, "2": 21162, "3": 13889, "1": 13627, ")": 9535}}}