{"0.20": {"activatedMoleculePct": 0.8557505201646657, "activatedTokens": {"1": 1164894, "others": 9038}}, "0.00": {"activatedMoleculePct": 0.9364113801263042, "activatedTokens": {"1": 1356181, "2": 192914, "3": 45471, "others": 12916, "4": 8879, "c": 5324, ")": 3363}}}