{"0.20": {"activatedMoleculePct": 0.2855277410169521, "activatedTokens": {"C": 490893, "c": 5514, "others": 4202}}, "0.00": {"activatedMoleculePct": 0.7279580909499038, "activatedTokens": {"C": 1533082, "c": 42385, "others": 13837, "N": 12558, "/": 9060, "[N+]": 7958, "O": 3528}}}