{"0.20": {"activatedMoleculePct": 0.3313168789680636, "activatedTokens": {"c": 593947, "others": 5924}}, "0.00": {"activatedMoleculePct": 0.4984638572526078, "activatedTokens": {"c": 1036110, "n": 25358, "others": 8565}}}