{"0.20": {"activatedMoleculePct": 0.19396484485141344, "activatedTokens": {"F": 373904, "others": 3}}, "0.00": {"activatedMoleculePct": 0.2231687677095837, "activatedTokens": {"F": 514146, "others": 2406}}}