{"0.20": {"activatedMoleculePct": 0.21807294828819868, "activatedTokens": {"c": 727391, "others": 5222, "C": 3930}}, "0.00": {"activatedMoleculePct": 0.3920565857131035, "activatedTokens": {"c": 1244824, "(": 39850, "C": 32865, ")": 32750, "n": 24899, "others": 12259, "1": 7729, "F": 7287, "s": 6775, "2": 3474, "3": 3441, "Cl": 2905}}}