{"0.20": {"activatedMoleculePct": 0.21912023511955547, "activatedTokens": {"c": 219504, "1": 177870, "C": 93680, "n": 43599, "2": 29579, "O": 19801, "(": 19213, "o": 16841, "F": 6652, "others": 5927, "s": 5588, "N": 5225, "=": 4424, "S": 3575, "[nH]": 3127, "[C@@H]": 2649, "Cl": 2128}}, "0.00": {"activatedMoleculePct": 0.44514304253668985, "activatedTokens": {"1": 452780, "c": 438011, "C": 244735, "n": 98051, "2": 90989, "(": 62101, "O": 42060, "o": 27094, "=": 22756, "F": 22047, "N": 16243, "others": 14397, "s": 12987, "[nH]": 8625, "S": 8573, ")": 8552, "[C@@H]": 8277, "Cl": 6189, "3": 5380, "-": 4567}}}