{"0.20": {"activatedMoleculePct": 0.14619318560485942, "activatedTokens": {"C": 193287, "O": 26915, "F": 4338, "others": 1426}}, "0.00": {"activatedMoleculePct": 0.30520428318342974, "activatedTokens": {"C": 456207, "O": 57532, "F": 20508, "(": 8211, "N": 5130, "others": 4475, "Cl": 3319, "n": 1664, "=": 1291}}}