{"0.20": {"activatedMoleculePct": 0.1290806652541721, "activatedTokens": {"c": 317240, "n": 14284, "C": 2064, "others": 1480}}, "0.00": {"activatedMoleculePct": 0.3224786569535085, "activatedTokens": {"c": 815752, "n": 32655, "C": 28617, "others": 7260, "[C@H]": 3974, "[C@@H]": 3779, "N": 3708, "(": 2900, "F": 2414, ")": 1831}}}