{"0.20": {"activatedMoleculePct": 0.0777057534130199, "activatedTokens": {"-": 115845, "others": 265}}, "0.00": {"activatedMoleculePct": 0.11083663570457138, "activatedTokens": {"-": 159376, "F": 2794, "N": 2214, "others": 1475, "Cl": 847, ")": 821}}}