{"0.20": {"activatedMoleculePct": 0.7299955398763616, "activatedTokens": {"C": 1095366, "c": 221127, "O": 128872, "[C@@H]": 74973, "[C@H]": 47220, "S": 35325, "n": 32328, "others": 16552, "-": 9267, "2": 8686, "/": 8553, "(": 5796}}, "0.00": {"activatedMoleculePct": 0.9045958315054639, "activatedTokens": {"C": 1635945, "c": 430432, "O": 236161, "[C@@H]": 98569, "(": 94392, "[C@H]": 77187, "S": 59255, "n": 53033, ")": 48453, "2": 32627, "-": 30660, "=": 26664, "others": 23018, "/": 11403, "1": 10896, "3": 9044, "#": 6816}}}