{"0.20": {"activatedMoleculePct": 0.631266418784371, "activatedTokens": {"(": 1125516, "others": 857}}, "0.00": {"activatedMoleculePct": 0.7927668366005509, "activatedTokens": {"(": 1590482, "others": 11355}}}