{"0.20": {"activatedMoleculePct": 0.44494896490710273, "activatedTokens": {"C": 380133, "c": 222146, "n": 93818, "o": 24391, "others": 7098, "O": 6617}}, "0.00": {"activatedMoleculePct": 0.6084135948083867, "activatedTokens": {"C": 529079, "c": 321936, "n": 134224, "o": 54570, "O": 30856, "F": 28200, "s": 24847, "N": 8808, "others": 7232, "[nH]": 4350}}}