{"0.20": {"activatedMoleculePct": 0.22496087321750682, "activatedTokens": {"2": 162349, "1": 155794, "3": 20724, "4": 5438, "others": 934}}, "0.00": {"activatedMoleculePct": 0.7158754768633833, "activatedTokens": {"1": 631202, "2": 612241, "3": 145636, "4": 37907, "others": 11555}}}