{"0.20": {"activatedMoleculePct": 0.3428941588492442, "activatedTokens": {"[C@H]": 369018, "[C@@H]": 167648, "[C@]": 15146, "[C@@]": 12818, "others": 1429}}, "0.00": {"activatedMoleculePct": 0.5567567211280231, "activatedTokens": {"[C@H]": 593375, "[C@@H]": 369469, "[C@]": 29734, "[C@@]": 24759, "others": 10681, "c": 8959, "C": 8452, "/": 8344, "=": 5187, "n": 4623, "\\": 3387, "O": 3095}}}