{"0.20": {"activatedMoleculePct": 0.5904529918348246, "activatedTokens": {"O": 913940, "1": 91940, "2": 60483, "c": 33935, "3": 22377, "others": 11288, "C": 3835, "S": 2531}}, "0.00": {"activatedMoleculePct": 0.9051883175520147, "activatedTokens": {"O": 1788878, "1": 431139, "2": 255471, "3": 93964, "c": 85769, "=": 37415, "others": 26649, "C": 24064, "N": 11777, "(": 10457, "4": 9074, "S": 6318}}}