{"0.20": {"activatedMoleculePct": 0.20375807527721976, "activatedTokens": {"1": 180599, "2": 130499, "3": 56534, "4": 16202, "5": 3071, "others": 1342}}, "0.00": {"activatedMoleculePct": 0.7238319273080408, "activatedTokens": {"1": 849833, "2": 533301, "3": 200571, "4": 44912, "others": 14746}}}