{"0.20": {"activatedMoleculePct": 0.04637137083987277, "activatedTokens": {"N": 65036, "others": 453}}, "0.00": {"activatedMoleculePct": 0.06959916744358749, "activatedTokens": {"N": 86017, "F": 11236, "C": 1309, "others": 925, "O": 770, "[O-]": 718, "[C@H]": 659, "[C@@H]": 355, "c": 347, "Cl": 183}}}