{"0.20": {"activatedMoleculePct": 0.12925863077866143, "activatedTokens": {"Cl": 171801, "Br": 21069, "others": 793}}, "0.00": {"activatedMoleculePct": 0.15457953630826266, "activatedTokens": {"Cl": 182642, "Br": 51501, "s": 2467, "others": 2308, "I": 1691}}}