{"0.20": {"activatedMoleculePct": 0.5167100839074491, "activatedTokens": {"C": 1009161, "F": 77214, "N": 54929, "O": 51987, "[C@@H]": 37114, "n": 30282, "[C@H]": 28093, "c": 25868, "Cl": 16246, "others": 14414, "Br": 12921, "/": 12339, "[C@]": 10659, "(": 10032, "2": 9127, "1": 9042, "=": 8544, "[C@@]": 8007, "-": 6069, "s": 5537, "3": 4572, "S": 3416, "#": 3340, "[S@]": 2913, "[S@@]": 2738}}, "0.00": {"activatedMoleculePct": 0.9360202953934759, "activatedTokens": {"C": 3780420, "O": 467662, "c": 344455, "N": 336359, "n": 188189, "F": 181943, "[C@@H]": 134837, "(": 132424, "2": 122523, "=": 122493, "1": 112400, "[C@H]": 105631, "3": 57196, "others": 53394, "-": 50813, "Cl": 45969, "s": 34282, "Br": 31746, ")": 27546, "/": 23417, "[C@]": 22049, "o": 19129, "#": 18889, "S": 18812, "[C@@]": 17369, "[N+]": 13302}}}