{"0.20": {"activatedMoleculePct": 0.010009279107799503, "activatedTokens": {"C": 3498, "N": 1883, "F": 916, "#": 799, "\\": 716, "O": 635, "n": 571, "=": 488, "o": 474, "1": 460, "[C@H]": 450, "2": 370, "[C@@H]": 364, "3": 333, "Br": 319, "S": 292, "(": 264, "/": 236, "-": 205, "[C@@]": 185, "c": 165, "others": 138, "s": 91, "4": 56, "[Si]": 56, ")": 55, ".": 50, "9": 49, "[C@]": 49, "[nH]": 48, "Cl": 43, "5": 36, "%11": 30, "7": 29, "[CH2-]": 22, "[n+]": 22, "%10": 20, "[O-]": 18, "[c-]": 18, "I": 15}}, "0.00": {"activatedMoleculePct": 0.03171521414818596, "activatedTokens": {"C": 12301, "N": 6808, "F": 2620, "1": 2029, "n": 1984, "O": 1955, "\\": 1671, "#": 1580, "o": 1579, "(": 1443, "c": 1417, "=": 1280, "[C@H]": 1256, "[C@@H]": 1171, "2": 1086, "/": 1006, "S": 903, "3": 891, "Br": 773, "-": 580, ")": 516, "others": 459, "[C@@]": 370, "s": 312, "[nH]": 194, "4": 143, "[C@]": 140, "[Si]": 117, "Cl": 116, "5": 84, ".": 73, "9": 70, "7": 62}}}