{"0.20": {"activatedMoleculePct": 0.31276378994795057, "activatedTokens": {"C": 575643, "others": 5671, "=": 4501, "#": 2829, "F": 2755}}, "0.00": {"activatedMoleculePct": 0.6644632142331407, "activatedTokens": {"C": 1249237, "=": 41240, "(": 19839, "O": 17853, "c": 17748, "others": 11734, "#": 9595, "N": 9400, "n": 8579, ")": 7976, "F": 7196, "[C@H]": 6021}}}