{"0.20": {"activatedMoleculePct": 0.9543229144161596, "activatedTokens": {"C": 2110461, "c": 1229775, "O": 1188172, "(": 1093901, "N": 696642, "2": 514329, "1": 472914, "n": 236763, "=": 231013, "3": 222724, "[C@@H]": 198753, "[C@H]": 194265, "F": 125676, ")": 98980, "others": 85669, "S": 58516, "Cl": 50887, "4": 44907, "o": 37691, "s": 28017, "-": 26294, "[C@]": 21506}}, "0.00": {"activatedMoleculePct": 0.9992771523758398, "activatedTokens": {"C": 6255229, "c": 4583671, "(": 4175127, "O": 2651641, "1": 1933457, ")": 1720817, "2": 1571057, "N": 1507917, "=": 1281104, "n": 699480, "3": 592066, "[C@@H]": 421944, "[C@H]": 397018, "F": 343042, "others": 242264, "4": 120409, "Cl": 119183, "S": 117651, "o": 96428, "-": 76055, "s": 66465}}}