{"0.20": {"activatedMoleculePct": 0.7848264982609912, "activatedTokens": {"C": 984758, "c": 931848, "n": 319915, "F": 160271, "O": 116339, "s": 50552, "Cl": 46764, "[C@H]": 41430, "[nH]": 36977, "o": 28411, "[C@@H]": 28373, "N": 27810, "[O-]": 27355, "others": 22556, "S": 16284, "=": 13401, "Br": 12238, "#": 10433}}, "0.00": {"activatedMoleculePct": 0.981993257816385, "activatedTokens": {"C": 2865374, "c": 2117307, "n": 672362, "F": 342402, "O": 341070, "[C@H]": 134697, "N": 107453, "[C@@H]": 104774, "Cl": 102539, "s": 88832, "=": 75949, "[nH]": 74602, "o": 69764, "others": 64920, "S": 48872, "(": 37205, "#": 30627, "[O-]": 30612, "1": 30243, "Br": 28892, "3": 20268}}}