{"0.20": {"activatedMoleculePct": 0.3742805395797524, "activatedTokens": {"1": 308656, "2": 211243, "3": 68857, "4": 8417, "others": 1936}}, "0.00": {"activatedMoleculePct": 0.8267011270417516, "activatedTokens": {"1": 1043996, "2": 677127, "3": 248416, "4": 42531, "others": 19219}}}