{"0.20": {"activatedMoleculePct": 0.0019583531377958493, "activatedTokens": {"C": 447, "=": 364, "O": 325, "-": 215, "3": 215, "#": 190, "S": 144, "[C@]": 102, "N": 102, "o": 97, "[C@@H]": 84, "[C@H]": 77, "s": 53, "n": 50, "P": 37, "c": 32, "1": 26, "B": 24, "others": 23, "2": 22, "(": 19, "5": 17, "[S@@]": 14, "[B-]": 13, "[Si]": 10, ".": 10, "4": 9, "I": 8}}, "0.00": {"activatedMoleculePct": 0.006332057303434149, "activatedTokens": {"C": 1709, "O": 1054, "=": 967, "#": 791, "-": 533, "[C@@H]": 480, "3": 396, "S": 370, "o": 343, "N": 301, "[C@H]": 255, "(": 239, "n": 237, "[C@]": 221, "c": 194, "s": 187, "1": 173, "2": 84, "others": 84, "P": 63, ".": 40, "5": 38, "[S@@]": 37, "B": 34, "[nH]": 31, "[Si]": 16}}}