{"0.20": {"activatedMoleculePct": 0.45100491931863373, "activatedTokens": {"C": 1069152, "O": 28365, "c": 21553, "N": 21056, "others": 10527, "[C@H]": 9242}}, "0.00": {"activatedMoleculePct": 0.7280576930541447, "activatedTokens": {"C": 2166650, "c": 234850, "O": 71970, "N": 37688, "[C@H]": 32741, "others": 24138, "n": 18911, "o": 16286, "[nH]": 12738}}}