{"0.20": {"activatedMoleculePct": 0.3447573040932803, "activatedTokens": {"C": 330728, "[C@H]": 134309, "c": 120910, "O": 67847, "-": 46642, "N": 43386, "[C@@H]": 19081, "(": 16152, "2": 9144, "F": 8729, "others": 7993, "3": 5916, ")": 2990, "1": 2790, "[C@@]": 1956}}, "0.00": {"activatedMoleculePct": 0.6841683187677462, "activatedTokens": {"C": 831640, "c": 435600, "[C@H]": 244359, "O": 237144, "(": 160495, "N": 116724, "-": 92771, "2": 87504, ")": 76803, "1": 61534, "[C@@H]": 53486, "3": 44113, "F": 38884, "others": 21755, "=": 21423, "4": 9654, "n": 6740, "S": 5153}}}