{"0.20": {"activatedMoleculePct": 0.16287434095997386, "activatedTokens": {"c": 167246, "2": 32176, "[C@H]": 22100, "1": 19988, "C": 17545, "n": 16911, "[C@@H]": 13499, "3": 12293, "N": 7844, "-": 5998, "[N+]": 5391, "O": 4749, "others": 2548, "4": 1602, "S": 1245}}, "0.00": {"activatedMoleculePct": 0.40740116871351434, "activatedTokens": {"c": 331773, "C": 191302, "2": 105904, "-": 72458, "[C@H]": 57336, "1": 52205, "3": 49550, "n": 48422, "N": 42652, "O": 32791, "[N+]": 28608, "[C@@H]": 22472, "S": 17745, "4": 10690, "others": 10044, ")": 8188, "5": 2299}}}