{"0.20": {"activatedMoleculePct": 0.07946783181598804, "activatedTokens": {"C": 113712, "others": 42}}, "0.00": {"activatedMoleculePct": 0.24598424089647752, "activatedTokens": {"C": 369673, "others": 3370, "O": 1715, "[N+]": 1691, "(": 1413, "N": 1337}}}