{"0.20": {"activatedMoleculePct": 0.23273862576926146, "activatedTokens": {"C": 355850, "others": 980}}, "0.00": {"activatedMoleculePct": 0.38781177838824754, "activatedTokens": {"C": 618499, "N": 12831, "[C@@H]": 7730, "others": 6530, "-": 6235, "(": 3443, ")": 2045}}}