{"0.20": {"activatedMoleculePct": 0.1074179399501843, "activatedTokens": {"F": 382465, "others": 198}}, "0.00": {"activatedMoleculePct": 0.14975469319988605, "activatedTokens": {"F": 455352, "others": 4099, "O": 3706, "(": 2626}}}