{"0.20": {"activatedMoleculePct": 0.7748157544163646, "activatedTokens": {"1": 984577, "2": 574800, "3": 204408, "4": 44256, "others": 8248}}, "0.00": {"activatedMoleculePct": 0.9710692505600788, "activatedTokens": {"1": 1736195, "2": 1041607, "3": 379295, "4": 77922, "others": 18956}}}