{"0.20": {"activatedMoleculePct": 0.029620640485472374, "activatedTokens": {"=": 42476, "others": 26}}, "0.00": {"activatedMoleculePct": 0.05613384179231057, "activatedTokens": {"=": 82432, "(": 1783, "others": 743, "2": 598, "C": 505, ")": 492, "N": 355, "O": 279}}}