{"0.20": {"activatedMoleculePct": 0.41978478621799825, "activatedTokens": {"1": 281064, "2": 279543, "3": 124794, "4": 31481, "5": 6682, "others": 3876}}, "0.00": {"activatedMoleculePct": 0.898220564465631, "activatedTokens": {"1": 1133437, "2": 821581, "3": 308335, "4": 66131, "others": 18829, "5": 10466}}}