{"0.20": {"activatedMoleculePct": 0.27264098641236884, "activatedTokens": {"N": 387164, "others": 938}}, "0.00": {"activatedMoleculePct": 0.39223455123759277, "activatedTokens": {"N": 565274, "O": 8055, "-": 5609, "others": 5547, "C": 4469, "S": 4405, "F": 3623, "c": 3500, "[N+]": 2767, "1": 1574}}}