{"0.20": {"activatedMoleculePct": 0.6221403759832962, "activatedTokens": {"1": 503910, "2": 479081, "3": 169849, "4": 31823, "others": 8327}}, "0.00": {"activatedMoleculePct": 0.9198906134537542, "activatedTokens": {"1": 1249925, "2": 877289, "3": 312019, "4": 58551, "others": 20066, "5": 7777}}}