{"0.20": {"activatedMoleculePct": 0.2807168129084327, "activatedTokens": {"C": 427288, "[C@@H]": 52836, "[C@H]": 25299, "1": 15881, "2": 12535, "c": 6760, "others": 4312, "(": 2011, "o": 1304}}, "0.00": {"activatedMoleculePct": 0.45953042002060884, "activatedTokens": {"C": 751034, "1": 110592, "[C@@H]": 96326, "2": 76400, "[C@H]": 58651, "c": 46130, "=": 31947, "(": 19823, "N": 14518, "n": 11164, "others": 10137, "O": 6837, "o": 6392, "3": 5654}}}