{"0.20": {"activatedMoleculePct": 0.581252247455569, "activatedTokens": {"c": 1223961, "C": 322360, "O": 63607, "N": 52411, "[nH]": 21305, "others": 14413, "o": 10421, "2": 6568, "1": 4295}}, "0.00": {"activatedMoleculePct": 0.8385816074461361, "activatedTokens": {"c": 2531305, "C": 701925, "O": 107662, "N": 94106, "[nH]": 35867, "others": 29650, "o": 26913, "2": 25650, ")": 24577, "1": 19890, "3": 13990, "S": 7897}}}