{"0.20": {"activatedMoleculePct": 0.8278546072930711, "activatedTokens": {"1": 1095821, "2": 705332, "3": 270431, "4": 55671, "others": 9846}}, "0.00": {"activatedMoleculePct": 0.9655508545640833, "activatedTokens": {"1": 1753899, "2": 1092445, "3": 397058, "4": 78708, "others": 22704}}}