{"0.20": {"activatedMoleculePct": 0.5990136462206495, "activatedTokens": {"C": 596463, "c": 277981, "(": 231847, "N": 221495, "2": 108948, "O": 81620, "[C@H]": 81396, "[C@@H]": 70293, "1": 64513, "3": 44652, "n": 42324, ")": 29396, "=": 25134, "F": 19980, "-": 18051, "others": 16138, "S": 14163, "Cl": 11249, "4": 7459, "s": 6357, "[C@]": 5456, "Br": 5005, "o": 3887}}, "0.00": {"activatedMoleculePct": 0.9247586662985294, "activatedTokens": {"C": 1565372, "c": 1002418, "(": 997626, "N": 406502, "2": 333703, "1": 277497, "O": 236992, "=": 221491, ")": 202262, "n": 152219, "3": 135098, "[C@@H]": 128004, "[C@H]": 127519, "F": 59554, "others": 54657, "-": 54656, "Cl": 33316, "S": 32779, "4": 27128, "s": 21564, "o": 19803, "[C@]": 12995, "Br": 12989}}}