{"0.20": {"activatedMoleculePct": 0.6735343294032003, "activatedTokens": {"C": 1489567, "#": 40777, "F": 34007, "[C@@H]": 24906, "(": 22890, "/": 17432, "[C@H]": 13566, "others": 12560}}, "0.00": {"activatedMoleculePct": 0.8818111177919385, "activatedTokens": {"C": 2500188, "(": 285459, "F": 123874, ")": 73448, "[C@@H]": 69777, "#": 66920, "[C@H]": 36116, "/": 31722, "c": 28763, "others": 23090, "=": 18885}}}