{"0.20": {"activatedMoleculePct": 0.588419937118848, "activatedTokens": {"c": 669647, "C": 447210, "n": 135256, "F": 85370, "O": 59898, "s": 36880, "Cl": 29701, "[nH]": 28308, "[C@@H]": 27461, "[C@H]": 16603, "o": 16210, "others": 13255, "N": 11940, "Br": 8141, "=": 7649, "-": 4776, "1": 4111, "[O-]": 3534, "2": 3487}}, "0.00": {"activatedMoleculePct": 0.9193940676693767, "activatedTokens": {"c": 1777797, "C": 1574824, "n": 362805, "F": 251930, "O": 200035, "[C@@H]": 91653, "Cl": 78928, "N": 70139, "s": 63691, "[C@H]": 63115, "[nH]": 54000, "=": 52525, "o": 45484, "others": 45408, "(": 38023, "2": 37688, "-": 29017, ")": 28946, "1": 28564, "Br": 22813, "#": 13148}}}