{"0.20": {"activatedMoleculePct": 0.4535630821871157, "activatedTokens": {"1": 502858, "2": 177309, "3": 45881, "others": 5754}}, "0.00": {"activatedMoleculePct": 0.7682500715890124, "activatedTokens": {"1": 963653, "2": 406737, "3": 130843, "4": 18036, "others": 12533}}}