{"0.20": {"activatedMoleculePct": 0.14021705935040388, "activatedTokens": {"N": 183477, "O": 9220, "others": 820}}, "0.00": {"activatedMoleculePct": 0.3510051390291578, "activatedTokens": {"N": 473432, "O": 28775, "others": 4860, "S": 3242, "n": 1502, "C": 1451, "o": 1069}}}