{"0.20": {"activatedMoleculePct": 0.9144513132464207, "activatedTokens": {"C": 1715838, "c": 1326769, "n": 319308, "N": 263781, "1": 189087, "2": 160170, "(": 125731, "[C@@H]": 93493, "=": 93292, "3": 75980, "[C@H]": 70353, "O": 61827, ")": 56901, "others": 43025, "s": 24235, "/": 21593, "F": 17154, "S": 15876, "4": 13012, "o": 9221, "Br": 7921}}, "0.00": {"activatedMoleculePct": 0.9986773426451536, "activatedTokens": {"C": 4743516, "c": 4052366, "(": 1476028, ")": 1431050, "1": 1132791, "2": 803611, "N": 769874, "=": 632399, "n": 591247, "O": 501263, "3": 368783, "[C@@H]": 217797, "[C@H]": 189727, "others": 158655, "F": 129281, "4": 69992, "s": 60211, "S": 44524, "[nH]": 31927, "/": 28395, "o": 26372}}}