{"0.20": {"activatedMoleculePct": 0.12560777423718336, "activatedTokens": {"[C@@H]": 70699, "[C@H]": 63278, "c": 16241, "C": 16142, "[C@@]": 6745, "[C@]": 6158, "1": 5466, "2": 3221, "others": 1825, ")": 1310, "n": 801}}, "0.00": {"activatedMoleculePct": 0.3135664657291863, "activatedTokens": {"[C@@H]": 170752, "[C@H]": 136396, "c": 79903, "C": 62284, "1": 18844, ")": 15321, "[C@@]": 14965, "[C@]": 12681, "2": 11798, "(": 10237, "n": 8244, "N": 8111, "others": 5678, "=": 4980, "O": 3062, "3": 2628, "s": 1741, "[nH]": 1471}}}