{"0.20": {"activatedMoleculePct": 0.6416045313098482, "activatedTokens": {")": 1443150, "others": 2624}}, "0.00": {"activatedMoleculePct": 0.8734335555094977, "activatedTokens": {")": 2816577, "others": 22168}}}