{"0.20": {"activatedMoleculePct": 0.6193917973272947, "activatedTokens": {"(": 456698, "C": 413054, "N": 211914, "[C@H]": 115859, "1": 114089, "c": 62480, "[C@@H]": 61382, ")": 54536, "2": 38311, "others": 11706}}, "0.00": {"activatedMoleculePct": 0.9050667443953676, "activatedTokens": {"(": 977335, "C": 768811, "N": 532581, ")": 306168, "1": 250865, "c": 217902, "[C@H]": 164315, "[C@@H]": 97467, "2": 77198, "others": 26356, "3": 13517}}}