{"0.20": {"activatedMoleculePct": 0.35080447008384885, "activatedTokens": {"(": 594550, "others": 1185}}, "0.00": {"activatedMoleculePct": 0.7881236208587312, "activatedTokens": {"(": 2029218, "others": 17599, "C": 9607, "N": 4184}}}