{"0.20": {"activatedMoleculePct": 0.5798402411542712, "activatedTokens": {"C": 626263, "c": 191430, "n": 157532, "N": 136475, "O": 122330, "[C@@H]": 84268, "[C@H]": 82390, "2": 30479, "F": 30007, "=": 27901, "1": 27549, "Cl": 22420, "S": 19097, "others": 15605, "s": 15402, "[nH]": 15117, "-": 14691, "3": 14418, "Br": 12648, "o": 12237, "[C@@]": 5506, "4": 5162, "[C@]": 5053, "/": 4329}}, "0.00": {"activatedMoleculePct": 0.9785071841679526, "activatedTokens": {"C": 3114391, "c": 1745745, "N": 788121, "O": 573901, "n": 546090, "[C@@H]": 268269, "[C@H]": 252185, "2": 186970, "F": 183511, "1": 182896, "=": 98657, "Cl": 86414, "others": 82084, "S": 78138, "3": 77275, "-": 73427, "(": 52727, "[nH]": 47240, "o": 42652, "s": 36354, "Br": 35448, "#": 25372, ")": 23712, "4": 20668}}}