{"0.20": {"activatedMoleculePct": 0.005390963892040107, "activatedTokens": {"C": 7612, "[O-]": 3696, ".": 2171, "[n+]": 1721, "I": 1201, "[N+]": 1159, "N": 1152, "c": 1038, "O": 997, "=": 969, "[NH+]": 524, "1": 396, "P": 381, "[C-]": 313, "[c-]": 296, "[Na+]": 290, "others": 286, "[Cl-]": 283, "[CH]": 223, "[NH2+]": 203, "-": 187, "[P+]": 182, "n": 170, "Cl": 149, "[N-]": 139, "[I-]": 126, "[CH2-]": 119, "F": 117, "[Br-]": 114, "(": 113, "S": 112, "[S-]": 102, "[C]": 97, "[cH-]": 96, "[NH3+]": 93, "[K+]": 91, "[B-]": 86, ")": 85, "[CH-]": 68, "[O+]": 64, "[n-]": 61, "[CH3-]": 60, "[Y]": 52, "[nH+]": 50, "[U+2]": 50, "[O-2]": 49, "[Li+]": 48, "[Cl+3]": 46, "/": 46, "[V]": 45, "[W]": 45, "[Se]": 42, "[Zn+2]": 40, "[NH-]": 39, "[NH4+]": 38, "2": 38, "[Si]": 38, "[B]": 37, "[Sn]": 36, "[OH-]": 35, "[Zr+2]": 32, "#": 31, "[CH2]": 31, "[Pt+2]": 27, "[Fe+2]": 27, "[PH+]": 27, "B": 26, "[Ir]": 26, "[U]": 24, "Br": 20, "[Na]": 20, "[Mg+2]": 20, "[Cu+2]": 20, "[nH]": 19, "[Pt]": 19, "[Fe]": 19, "[F-]": 18, "[H+]": 18, "[Ni+2]": 18, "[Ca+2]": 17, "[NH2-]": 17, "[Ge]": 16, "[Ag+]": 16, "[C+]": 15, "[Pd+2]": 15, "[Zr]": 15, "[Re]": 14, "[HH]": 14, "s": 14, "[P-]": 14, "[Ti]": 13, "[Mn]": 13, "[Rh]": 12, "[Al]": 12, "[Mo]": 11, "[Li]": 11, "[Zn]": 11, "[Sn+2]": 11, "[S+]": 10, "[Ti+4]": 10, "[Co]": 10, "[Ba+2]": 10, "[Rb+]": 10, "[Ni]": 10, "[Cu+]": 9, "[K]": 9, "[Co+2]": 9, "[Cs+]": 9, "[Ir+3]": 9, "[C@H]": 8, "[Zr+4]": 8, "[Fe+3]": 8, "[Ru]": 8, "[Ti+2]": 8, "[Cu]": 8, "[Bi]": 8, "[Se-2]": 8, "[W+2]": 7, "[c]": 7, "[Cr]": 6, "4": 6, "[Sb]": 6, "[Mn+2]": 6, "[Pb]": 6, "[Zn+]": 6, "3": 6, "[Hf+4]": 6, "[Ac]": 6}}, "0.00": {"activatedMoleculePct": 0.03441838596254814, "activatedTokens": {"C": 46451, "[O-]": 33083, "c": 26347, "O": 9029, "=": 8964, "1": 8533, ")": 6981, "I": 6438, "(": 6084, "N": 5530, ".": 4241, "[N+]": 2560, "2": 2309, "others": 1811, "[n+]": 1722, "F": 1615, "n": 1435, "-": 1119, "Cl": 1059, "3": 924, "S": 905, "P": 868, "4": 539, "[NH+]": 525, "[C-]": 451, "/": 425, "[c-]": 316, "[C@H]": 297, "[Na+]": 290, "[Cl-]": 284, "[CH]": 244, "[NH2+]": 225, "#": 225, "[N-]": 215, "[P+]": 211, "s": 188, "[C@@H]": 169, "[I-]": 153, "[S@@]": 150, "o": 144, "[CH2-]": 121, "[Br-]": 114, "[nH]": 107, "[C]": 107, "[S-]": 106, "[cH-]": 106, "B": 104, "[NH3+]": 98, "5": 97, "[K+]": 92, "[B-]": 91, "[O+]": 90, "[B]": 80, "[Si]": 80, "[CH-]": 72, "[n-]": 68, "[nH+]": 66, "[CH3-]": 64, "Br": 60, "[Se]": 57, "[Y]": 54, "[W]": 54, "[Sn]": 51, "[O-2]": 50, "[U+2]": 50}}}