{"0.20": {"activatedMoleculePct": 0.4975601146303041, "activatedTokens": {"C": 409461, "c": 379131, "-": 166836, "2": 159161, "3": 78402, "1": 37298, "[N+]": 27652, "S": 18560, "N": 16312, "4": 16223, "others": 9510, "[C@@H]": 9024, "O": 7850, "n": 7107, "[C@H]": 6766}}, "0.00": {"activatedMoleculePct": 0.7783098841173459, "activatedTokens": {"C": 948914, "c": 733133, "2": 443582, "1": 212327, "3": 189940, "-": 177037, "=": 124002, "(": 92226, "N": 55266, "S": 41418, "4": 39907, "[N+]": 28685, "others": 22977, "[C@@H]": 18682, "O": 17016, "n": 16485, "[C@H]": 13849}}}