{"0.20": {"activatedMoleculePct": 0.011332668831059451, "activatedTokens": {"C": 31624, "c": 25821, "N": 4651, "Cl": 4574, "1": 3775, "(": 3439, "F": 3002, "-": 2977, "Br": 2835, "O": 2671, "2": 2664, "s": 1777, "S": 1662, "[C@@H]": 1608, "I": 1406, "n": 1378, "[C@H]": 1356, ")": 1307, "3": 970, "=": 956, "others": 863, "o": 474, "P": 388, ".": 226, "[nH]": 223}}, "0.00": {"activatedMoleculePct": 0.1408344459230149, "activatedTokens": {"c": 407743, "C": 363258, "1": 129334, "(": 114349, ")": 96478, "2": 82861, "N": 57933, "O": 47662, "F": 44593, "3": 31942, "Cl": 27624, "n": 24581, "[C@@H]": 23511, "[C@H]": 22275, "=": 22268, "-": 18451, "others": 15250, "Br": 12950, "s": 12654, "S": 9882, "4": 6618, "o": 6581}}}