{"0.20": {"activatedMoleculePct": 0.2663704480556717, "activatedTokens": {"c": 421501, "C": 37765, "n": 32812, "F": 16948, "s": 5253, "others": 4700, "o": 2531, "-": 2091, "Br": 1584, "[nH]": 1413, "Cl": 1345, "O": 1072}}, "0.00": {"activatedMoleculePct": 0.7617261337612318, "activatedTokens": {"c": 1440513, "C": 538374, "n": 166324, "F": 162796, "s": 33918, "O": 30511, "N": 27425, "o": 26872, "others": 18356, "-": 16911, "[O-]": 13515, "=": 12309, "Cl": 10865, "Br": 10494, "#": 10014, "[C@@H]": 9478, "[nH]": 7918, "S": 7106}}}