{"0.20": {"activatedMoleculePct": 0.13300982179279394, "activatedTokens": {"[C@H]": 206322, "others": 1375}}, "0.00": {"activatedMoleculePct": 0.25357963371326164, "activatedTokens": {"[C@H]": 379838, "[C@@H]": 19889, "others": 3842, "(": 2692, "c": 2609, "C": 1915, "F": 1759, "1": 1669, "3": 1348, "N": 1223, "S": 1119}}}