{"0.20": {"activatedMoleculePct": 0.0005522057838063091, "activatedTokens": {"C": 554, "O": 118, "c": 92, "N": 57, "[nH]": 47, ".": 31, "[C@H]": 29, "(": 27, "[Si]": 21, "n": 14, "9": 13, "1": 12, "4": 12, "5": 11, "others": 10, "2": 9, "7": 9, "=": 8, "[C@@]": 5, "P": 5, "8": 5, "%10": 4, "3": 4, "%11": 2, "%12": 2}}, "0.00": {"activatedMoleculePct": 0.012586483555033457, "activatedTokens": {"C": 7737, "(": 4442, "1": 2998, "c": 1122, "O": 1013, "=": 859, "2": 793, "N": 680, "[nH]": 561, "n": 493, "[C@H]": 360, ".": 307, "others": 172, "[C@@]": 147, "3": 87, "[Si]": 63, "5": 59, "4": 56}}}