{"0.20": {"activatedMoleculePct": 0.730347076714859, "activatedTokens": {"c": 1393649, "others": 3476}}, "0.00": {"activatedMoleculePct": 0.8353438066898925, "activatedTokens": {"c": 1744435, "others": 16705, "C": 14460, "(": 7493, "O": 5312}}}