{"0.20": {"activatedMoleculePct": 0.33519843155980555, "activatedTokens": {"c": 1022335, "others": 5273}}, "0.00": {"activatedMoleculePct": 0.6518979693620998, "activatedTokens": {"c": 2654006, "others": 26754, "C": 16260, "n": 15267, "2": 4782}}}