{"0.20": {"activatedMoleculePct": 0.46143311315897595, "activatedTokens": {"N": 534291, "=": 100201, "C": 48577, "c": 22401, "n": 13725, ")": 9480, "O": 8201, "others": 7048, "[C@H]": 6977, "1": 4825, "[C@@H]": 4519, "Cl": 3152}}, "0.00": {"activatedMoleculePct": 0.8819788301586383, "activatedTokens": {"N": 886722, "=": 877532, "C": 432601, ")": 318026, "O": 254427, "c": 151324, "n": 62769, "(": 59475, "1": 28714, "others": 27653, "[C@H]": 24742, "[C@@H]": 21729, "2": 13207, "Cl": 11115, "s": 6700, "3": 6520}}}