{"0.20": {"activatedMoleculePct": 0.44017465521926014, "activatedTokens": {")": 634878, "others": 172}}, "0.00": {"activatedMoleculePct": 0.6595849082305759, "activatedTokens": {")": 1107079, "others": 3638}}}