{"0.20": {"activatedMoleculePct": 0.018438107179187847, "activatedTokens": {"1": 7289, "C": 7284, "c": 2850, "N": 2615, "2": 2363, "[C@H]": 1096, "[C@@H]": 979, "(": 667, "3": 643, "=": 614, "S": 515, "n": 459, ")": 395, "Cl": 365, "O": 363, "others": 291, "/": 219, "-": 95, "[Si]": 72, "[C@]": 54, "[Cl-]": 52, "5": 45, "[nH]": 42}}, "0.00": {"activatedMoleculePct": 0.08686035858222263, "activatedTokens": {"c": 27030, "C": 25595, "1": 22695, "N": 12323, "(": 8571, "=": 8513, "2": 8345, ")": 7269, "3": 6340, "n": 3929, "[C@H]": 2922, "S": 2554, "[C@@H]": 2465, "O": 1730, "Cl": 1439, "others": 1352, "/": 538, "4": 355, "5": 339, "-": 305}}}