{"0.20": {"activatedMoleculePct": 0.42818065771077746, "activatedTokens": {"(": 699676, "others": 682}}, "0.00": {"activatedMoleculePct": 0.7771315033399662, "activatedTokens": {"(": 1594432, "others": 9646}}}