{"0.20": {"activatedMoleculePct": 0.7216941439089285, "activatedTokens": {"1": 848437, "2": 521584, "3": 175267, "4": 29822, "others": 3832}}, "0.00": {"activatedMoleculePct": 0.933574184892265, "activatedTokens": {"1": 1531327, "2": 905255, "3": 321156, "4": 62162, "others": 22544}}}