{"0.20": {"activatedMoleculePct": 0.6839925503484975, "activatedTokens": {"C": 594549, "c": 510884, "N": 279994, "(": 198918, ")": 162912, "O": 159779, "n": 139840, "1": 138890, "2": 114082, "=": 112934, "[C@@H]": 86641, "[C@H]": 57014, "F": 41382, "3": 34805, "others": 23279, "-": 20617, "s": 20050, "S": 19718, "o": 17178, "Cl": 16314, "[C@]": 15820, "Br": 13791, "[C@@]": 10324, "4": 9886, "#": 8578, "[nH]": 8285, "/": 6570}}, "0.00": {"activatedMoleculePct": 0.9980606884409561, "activatedTokens": {"C": 4351762, "c": 4186451, ")": 3397496, "(": 2754628, "1": 1529505, "O": 1522304, "=": 1274624, "N": 1076001, "2": 984689, "n": 651620, "3": 326798, "[C@@H]": 293985, "F": 285815, "[C@H]": 216803, "others": 212003, "-": 75322, "Cl": 74731, "S": 73692, "4": 71867, "s": 67648, "o": 67455, "[nH]": 49718}}}