{"0.20": {"activatedMoleculePct": 0.02363059923115964, "activatedTokens": {"C": 16062, "N": 4474, "c": 3883, "O": 3449, "[C@@H]": 2384, "2": 2209, "3": 1871, "(": 1829, "n": 1663, "[C@]": 1388, "s": 853, ")": 638, "S": 543, "others": 377, "4": 311, "1": 299, "=": 278, "Cl": 247, "[C@@]": 227, "[Si]": 135, "F": 107}}, "0.00": {"activatedMoleculePct": 0.08048142970032217, "activatedTokens": {"C": 36147, "c": 20592, "N": 13307, ")": 12207, "(": 10285, "O": 9146, "2": 9043, "3": 6587, "[C@@H]": 5225, "n": 4340, "1": 3197, "[C@]": 3109, "s": 2035, "=": 1852, "4": 1521, "others": 1348, "Cl": 1087, "S": 1049, "[C@@]": 597, "F": 484}}}