{"0.20": {"activatedMoleculePct": 0.35320663848024764, "activatedTokens": {"C": 320693, "[C@H]": 130955, "[C@@H]": 121916, "c": 60317, "S": 27162, "others": 4817, "[C@]": 3733, "=": 3497}}, "0.00": {"activatedMoleculePct": 0.5786252419562147, "activatedTokens": {"C": 570840, "c": 214643, "[C@H]": 194903, "[C@@H]": 187311, "S": 37513, "=": 23061, "(": 12281, "others": 10409, "[C@]": 7990, "[C@@]": 6252, "2": 6131, "1": 5677, ")": 3784}}}