{"0.20": {"activatedMoleculePct": 0.509841200556893, "activatedTokens": {"C": 563066, "n": 203079, "c": 79653, "N": 45447, "[C@@]": 19102, "2": 14436, "others": 9515, "[C@]": 6966, "3": 4841, "[C@H]": 4599, "O": 4364}}, "0.00": {"activatedMoleculePct": 0.811948297719478, "activatedTokens": {"C": 970857, "n": 411254, "N": 288311, "c": 279598, ")": 124376, "(": 86198, "2": 51158, "[C@H]": 30662, "[C@@]": 28285, "O": 28034, "1": 20503, "s": 17883, "3": 17644, "others": 17638, "[C@]": 13502, "[nH]": 9977, "o": 9372}}}