{"0.20": {"activatedMoleculePct": 0.33697149548897676, "activatedTokens": {"C": 451807, "N": 6339, "F": 5580, "c": 4677, "others": 3978, "O": 3037, "[C@@]": 2133, "[C@]": 1815, "Cl": 1792}}, "0.00": {"activatedMoleculePct": 0.4606963505349585, "activatedTokens": {"C": 634026, "N": 20222, "c": 11818, "O": 11814, "[C@@H]": 11547, "others": 6868, "F": 5836, "[C@H]": 3877, "1": 3509, "[C@@]": 2986, "[C@]": 2972}}}