{"0.20": {"activatedMoleculePct": 0.7120664287445814, "activatedTokens": {")": 1825987, "others": 398}}, "0.00": {"activatedMoleculePct": 0.978373893116689, "activatedTokens": {")": 5017248, "others": 14510}}}