{"0.20": {"activatedMoleculePct": 0.26862760750619036, "activatedTokens": {"(": 399605, "others": 2095}}, "0.00": {"activatedMoleculePct": 0.50401887166928, "activatedTokens": {"(": 856920, "c": 7517, "others": 5797, "C": 4128}}}