{"0.20": {"activatedMoleculePct": 0.0946586174495563, "activatedTokens": {"C": 90620, "N": 25508, "O": 7881, "[C@H]": 6419, "c": 3075, "[C@@H]": 2831, "n": 2739, "-": 1907, "others": 1229}}, "0.00": {"activatedMoleculePct": 0.44197921099021337, "activatedTokens": {"C": 489542, "c": 145738, "N": 44611, "n": 33106, "O": 32039, "[C@H]": 14480, "[C@@H]": 12340, ")": 8009, "[nH]": 7833, "s": 7001, "others": 6289, "o": 6154, "=": 5260, "3": 4309, "2": 4164, "-": 2731}}}