{"0.20": {"activatedMoleculePct": 0.448989441444582, "activatedTokens": {"c": 905695, "o": 15006, "others": 7717, "n": 7018, "s": 1811}}, "0.00": {"activatedMoleculePct": 0.671101401533433, "activatedTokens": {"c": 1607311, "n": 66135, "o": 44102, "(": 32325, "C": 19718, "others": 17959, "s": 17038, "[nH]": 9628, "F": 8619, "N": 7676, "2": 7084, "Cl": 5984, "[C@H]": 4640}}}