{"0.20": {"activatedMoleculePct": 0.00875107017334428, "activatedTokens": {"C": 3264, "c": 2232, "[C@H]": 1715, "N": 924, "1": 919, "O": 885, "=": 594, "-": 483, "2": 272, "o": 270, "Cl": 136, "F": 130, "[C@@]": 113, "others": 100, "n": 95, "(": 83, "[C@@H]": 64, "S": 60, "Br": 56, "[Si]": 47, "3": 41, "#": 34}}, "0.00": {"activatedMoleculePct": 0.03404414570323114, "activatedTokens": {"C": 14286, "c": 8875, "1": 6122, "[C@H]": 4081, "=": 3991, "N": 2804, "O": 2287, "-": 1400, "o": 1364, "2": 1251, "n": 818, "F": 719, ")": 451, "others": 425, "[C@@H]": 389, "Cl": 389, "[C@@]": 347, "(": 329, "3": 226, "S": 184, "4": 150}}}