{"0.20": {"activatedMoleculePct": 0.28289487657028944, "activatedTokens": {"C": 319933, "c": 78930, "N": 70818, "n": 7421, "[C@@H]": 5752, "[C@H]": 3801, "others": 2883, "1": 2079, "(": 2062}}, "0.00": {"activatedMoleculePct": 0.6607640213763692, "activatedTokens": {"C": 1060916, "c": 229090, "N": 167024, "(": 32408, "n": 18901, "[C@@H]": 12595, "others": 10350, "1": 7423, "[C@H]": 6831}}}