{"0.20": {"activatedMoleculePct": 0.701158533593373, "activatedTokens": {"1": 846368, "2": 464990, "3": 107255, "4": 14214, "others": 3484}}, "0.00": {"activatedMoleculePct": 0.9198803602959648, "activatedTokens": {"1": 1383112, "2": 853451, "3": 270927, "4": 43365, "others": 25395, "C": 8585, "c": 5704, ")": 4271}}}