{"0.20": {"activatedMoleculePct": 0.14491447035482516, "activatedTokens": {"C": 307132, "others": 2496}}, "0.00": {"activatedMoleculePct": 0.37770216480779356, "activatedTokens": {"C": 676850, "=": 6471, "others": 5492, "(": 3962, "O": 3162, "F": 2905, "N": 1916}}}