{"0.20": {"activatedMoleculePct": 0.9868620430295738, "activatedTokens": {"(": 4449967, "others": 177}}, "0.00": {"activatedMoleculePct": 0.9976923071289474, "activatedTokens": {"(": 5995401, "others": 5165}}}