{"0.20": {"activatedMoleculePct": 0.3784755458524878, "activatedTokens": {"c": 1023875, "others": 906}}, "0.00": {"activatedMoleculePct": 0.6961359510133416, "activatedTokens": {"c": 2624941, "others": 20151, "C": 7913}}}