{"0.20": {"activatedMoleculePct": 0.5963668667741295, "activatedTokens": {")": 1041180, "others": 133}}, "0.00": {"activatedMoleculePct": 0.8404733150583001, "activatedTokens": {")": 1812927, "others": 8047}}}