{"0.20": {"activatedMoleculePct": 0.26660407357958976, "activatedTokens": {"C": 419083, "c": 192982, "(": 173419, "N": 89144, "=": 70956, "[C@H]": 54749, "1": 54669, "[C@@H]": 50880, "2": 46405, ")": 30565, "O": 19988, "3": 19436, "n": 17205, "others": 12279, "[C@@]": 8409, "[C@]": 7345, "F": 6540, "4": 3817, "S": 2556, "Cl": 1935}}, "0.00": {"activatedMoleculePct": 0.8053489259451031, "activatedTokens": {"C": 1832152, "c": 1288725, "(": 1060627, "1": 527729, "=": 503470, "N": 428853, ")": 353751, "2": 294520, "n": 148609, "[C@@H]": 140168, "[C@H]": 137766, "O": 121797, "3": 109472, "F": 76354, "others": 65379, "4": 18696, "S": 18478, "Cl": 17618, "-": 16347, "[C@@]": 15822, "[C@]": 14325}}}