{"0.20": {"activatedMoleculePct": 0.10229429052908491, "activatedTokens": {"O": 135239, "S": 6114, "[C@H]": 2351, "N": 1573, "others": 368}}, "0.00": {"activatedMoleculePct": 0.17301251690855574, "activatedTokens": {"O": 210109, "S": 14284, "[C@H]": 10171, "C": 9080, "N": 7655, "others": 2200, "n": 2057, "c": 1593, "=": 1419, ")": 1009, "[S@]": 939, "2": 690}}}