{"0.20": {"activatedMoleculePct": 0.17631916029567177, "activatedTokens": {"(": 249355, "others": 2447, "=": 1698}}, "0.00": {"activatedMoleculePct": 0.4061283124107884, "activatedTokens": {"(": 611121, "C": 14721, "1": 10021, "[C@H]": 6850, "others": 6276, "N": 4371, "=": 3715, "[C@@H]": 3200, "O": 2758}}}