{"0.20": {"activatedMoleculePct": 0.08681861358265107, "activatedTokens": {"F": 192964, "N": 32582, "others": 674}}, "0.00": {"activatedMoleculePct": 0.14858070663298747, "activatedTokens": {"F": 327955, "N": 48424, "C": 6941, "=": 3576, "others": 3502, "[O-]": 1386, "(": 1382, "2": 801}}}