{"0.20": {"activatedMoleculePct": 0.8360644572088122, "activatedTokens": {"C": 2413532, "others": 4677}}, "0.00": {"activatedMoleculePct": 0.9215589486997897, "activatedTokens": {"C": 3288747, ")": 70145, "1": 28645, "others": 25588, "2": 22035}}}