{"0.20": {"activatedMoleculePct": 0.36291857601215144, "activatedTokens": {"1": 371628, "2": 136571, "3": 32730, "=": 13359, "C": 9029, "others": 5355, "[C@@H]": 3261}}, "0.00": {"activatedMoleculePct": 0.5942744902166566, "activatedTokens": {"1": 593581, "2": 271140, "3": 65501, "(": 63223, "C": 54967, "=": 21326, "[C@@H]": 20302, ")": 13602, "4": 7243, "others": 6569, "#": 5257}}}