{"0.20": {"activatedMoleculePct": 0.004331226797653198, "activatedTokens": {"C": 1601, "3": 851, "c": 779, ")": 623, "=": 326, "O": 310, "[C@H]": 217, "(": 215, "2": 206, "1": 181, "5": 174, ".": 159, "S": 126, "n": 83, "[N+]": 67, "7": 66, "others": 57, "F": 44, "[O-]": 28, "4": 27, "[C@@H]": 24, "Cl": 21, "I": 21, "N": 19, "/": 13, "[CH]": 10, "9": 9}}, "0.00": {"activatedMoleculePct": 0.013164322233313534, "activatedTokens": {"C": 5111, ")": 2784, "c": 2517, "3": 2157, "(": 1276, "O": 825, "=": 707, "[C@H]": 578, "2": 569, "1": 520, ".": 408, "5": 368, "n": 350, "S": 238, "others": 166, "F": 153, "[N+]": 151, "7": 103, "[C@@H]": 78, "4": 72, "[O-]": 67, "/": 64, "I": 45, "Cl": 41, "s": 34}}}