{"0.20": {"activatedMoleculePct": 0.46521433127806344, "activatedTokens": {"n": 886096, "2": 50126, "3": 29131, "4": 12208, "1": 11692, "others": 4022}}, "0.00": {"activatedMoleculePct": 0.6183013007595393, "activatedTokens": {"n": 1082794, "2": 261077, "1": 177217, "3": 126191, "4": 37387, ")": 24971, "others": 11769, "5": 6398}}}