{"0.20": {"activatedMoleculePct": 0.14414621588902568, "activatedTokens": {"o": 177273, "Br": 28191, "[O-]": 2836, "others": 538}}, "0.00": {"activatedMoleculePct": 0.21056836915469304, "activatedTokens": {"o": 177277, "Br": 68059, "[O-]": 33101, "s": 26285, "[nH]": 3573, "I": 3533, "others": 2695, "[S@]": 1262, "P": 732, "O": 664, "C": 646}}}