{"0.20": {"activatedMoleculePct": 0.005257672840776516, "activatedTokens": {".": 10398, "others": 16}}, "0.00": {"activatedMoleculePct": 0.007618828606017285, "activatedTokens": {".": 10752, "=": 751, "O": 508, "c": 502, "[N-]": 461, ")": 403, "Cl": 271, "N": 153, "others": 118, "[C@@H]": 108, "C": 68, "F": 42, "2": 27, "n": 25}}}