{"0.20": {"activatedMoleculePct": 0.1527830365898583, "activatedTokens": {"c": 610390, "n": 133216, "(": 46120, "[nH]": 20433, "C": 14179, "2": 13575, "o": 11090, "3": 11074, "F": 10629, "Cl": 10601, "others": 8181, "s": 7240, "O": 6116, "Br": 4432, "1": 4360, "4": 2952}}, "0.00": {"activatedMoleculePct": 0.43297474134578556, "activatedTokens": {"c": 1362428, "n": 219281, "(": 202133, "C": 115589, ")": 89551, "2": 66578, "1": 47576, "3": 41125, "O": 38718, "F": 30867, "[nH]": 29222, "Cl": 26330, "o": 21692, "others": 20680, "s": 15464, "N": 14892, "Br": 13572, "4": 9696, "[O-]": 8790, "[C@@H]": 6075, "=": 6056}}}