{"0.20": {"activatedMoleculePct": 0.28655159205907577, "activatedTokens": {"c": 495967, "others": 3761}}, "0.00": {"activatedMoleculePct": 0.5903651076252002, "activatedTokens": {"c": 1377565, "n": 18376, "others": 12975, "C": 6272, "2": 3774, "[nH]": 2664, "1": 2595}}}