{"0.20": {"activatedMoleculePct": 0.8620364382580471, "activatedTokens": {"1": 1315119, "2": 667002, "3": 196050, "4": 36004, "others": 6487}}, "0.00": {"activatedMoleculePct": 0.9645504393111929, "activatedTokens": {"1": 1755199, "2": 1094542, "3": 378090, "4": 70810, "others": 18616}}}