{"0.20": {"activatedMoleculePct": 0.20262949555196044, "activatedTokens": {"S": 77940, "C": 57020, "s": 54125, "c": 35547, "[C@@H]": 31823, "1": 18672, "[C@H]": 13623, "N": 12816, "o": 11816, "[C@]": 11046, "O": 9335, "n": 7980, "[C@@]": 6810, "2": 4360, "others": 3525, "-": 3505, "3": 1093, "(": 1060}}, "0.00": {"activatedMoleculePct": 0.5403326270860599, "activatedTokens": {"c": 237129, "C": 204529, "S": 131420, "1": 117984, ")": 113222, "s": 91189, "[C@@H]": 78238, "N": 63657, "(": 49595, "2": 39210, "[C@H]": 36120, "o": 31990, "O": 26413, "n": 26293, "-": 20249, "[C@]": 19470, "[C@@]": 14106, "others": 12320, "3": 9255, "Cl": 7941}}}