{"0.20": {"activatedMoleculePct": 0.17728368949629897, "activatedTokens": {"n": 271435, "others": 103}}, "0.00": {"activatedMoleculePct": 0.24996173375039274, "activatedTokens": {"n": 425566, "others": 3620, "N": 2828}}}