{"0.20": {"activatedMoleculePct": 0.6494108462297308, "activatedTokens": {")": 1353194, "others": 210}}, "0.00": {"activatedMoleculePct": 0.9708253718783711, "activatedTokens": {")": 4358982, "others": 5567}}}