{"0.20": {"activatedMoleculePct": 0.7702875205154702, "activatedTokens": {"c": 1695996, "C": 960099, "[C@@H]": 27033, "others": 20934, "O": 10434, "S": 7453}}, "0.00": {"activatedMoleculePct": 0.9320164372766734, "activatedTokens": {"c": 3336135, "C": 1780692, "[C@@H]": 64239, "O": 61379, "others": 50584, "(": 25239, "2": 24652, ")": 23912, "1": 18910, "S": 17412, "N": 17229}}}