{"0.20": {"activatedMoleculePct": 0.1599185020429417, "activatedTokens": {"C": 171022, "c": 44935, "n": 36637, "[C@@H]": 18024, "O": 17941, "[C@H]": 16938, "[nH]": 5822, "N": 3533, "s": 3113, "others": 2425, "2": 1830, "(": 1737, "[C@@]": 1633, "=": 1553, ")": 1504, "o": 904}}, "0.00": {"activatedMoleculePct": 0.45723883925465403, "activatedTokens": {"C": 447740, "c": 286248, "n": 114628, ")": 60301, "(": 53299, "O": 51528, "[C@@H]": 47592, "[C@H]": 40248, "N": 33148, "2": 20723, "[nH]": 14486, "others": 11935, "3": 8023, "s": 6721, "=": 6587, "[C@@]": 5934, "1": 5058, "o": 4201}}}