{"0.20": {"activatedMoleculePct": 0.011748654089948024, "activatedTokens": {"O": 3457, "=": 2665, "C": 2381, ")": 1349, "N": 1135, ".": 953, "1": 779, "S": 767, "c": 758, "[C@H]": 591, "2": 375, "F": 348, "n": 319, "[C@@H]": 303, "[nH]": 238, "(": 236, "[C@@]": 232, "o": 191, "others": 171, "P": 166, "[N-]": 122, "I": 92, "[O-]": 69, "/": 52, "[Si]": 37, "B": 29, "\\": 23}}, "0.00": {"activatedMoleculePct": 0.07191418399877549, "activatedTokens": {"O": 22267, ")": 15969, "1": 15274, "C": 14981, "=": 9506, "c": 7425, "N": 5368, "n": 3653, "2": 3575, "S": 3017, "[C@H]": 2933, "(": 2336, ".": 2273, "F": 1804, "[nH]": 1789, "[C@@H]": 1531, "others": 977, "o": 888, "[C@@]": 857, "/": 545, "P": 318, "[N-]": 289, "I": 271, "[O-]": 264}}}