{"0.20": {"activatedMoleculePct": 0.11672121590733489, "activatedTokens": {"C": 184701, "others": 93}}, "0.00": {"activatedMoleculePct": 0.19498283694622878, "activatedTokens": {"C": 400501, "others": 3475, "1": 2663, "N": 2251, "c": 1023}}}