{"0.20": {"activatedMoleculePct": 0.6520671464656267, "activatedTokens": {"c": 784180, "C": 422778, "O": 89975, "N": 73294, "=": 13848, "(": 13484, "others": 12911, "F": 8297, ")": 6326}}, "0.00": {"activatedMoleculePct": 0.9120293709028564, "activatedTokens": {"c": 1255836, "C": 1153217, "O": 283493, "(": 232553, "=": 166691, "N": 161516, ")": 152358, "F": 83830, "others": 34855, "[C@@H]": 11602, "1": 8726}}}