{"0.20": {"activatedMoleculePct": 0.6937938368268527, "activatedTokens": {"c": 723217, "C": 695357, "(": 180123, "O": 179809, "N": 179297, "n": 174870, ")": 101349, "=": 87593, "1": 83107, "[C@@H]": 70898, "[C@H]": 63091, "F": 39760, "o": 39402, "S": 30334, "2": 28786, "others": 21455, "[nH]": 17185, "s": 16747, "Cl": 16098, "-": 15442, "#": 9772, "[C@]": 9729}}, "0.00": {"activatedMoleculePct": 0.9788272291646679, "activatedTokens": {"C": 2552125, "c": 2218048, ")": 1240125, "(": 1083964, "O": 626122, "N": 528830, "1": 453778, "n": 411285, "=": 362043, "[C@@H]": 175462, "[C@H]": 165655, "2": 159621, "F": 104266, "others": 79026, "S": 75146, "o": 71759, "s": 39369, "-": 38910, "[nH]": 35507, "Cl": 34740, "#": 26072}}}