{"0.20": {"activatedMoleculePct": 0.2575783652511694, "activatedTokens": {"c": 568583, "n": 6788, "others": 4748, "O": 3662}}, "0.00": {"activatedMoleculePct": 0.5653576557765925, "activatedTokens": {"c": 1579730, "C": 53210, "n": 37857, "O": 13520, "others": 12511, "2": 8303, "S": 7326, "1": 6395, "N": 5152, "F": 4852, ")": 4845}}}