{"0.20": {"activatedMoleculePct": 0.526786740909294, "activatedTokens": {")": 877566, "others": 573}}, "0.00": {"activatedMoleculePct": 0.8501244660118805, "activatedTokens": {")": 1855055, "others": 6587}}}