{"0.20": {"activatedMoleculePct": 0.3496663695692136, "activatedTokens": {"c": 790697, "C": 14005, "others": 6873, "[nH]": 1729}}, "0.00": {"activatedMoleculePct": 0.7143470239843331, "activatedTokens": {"c": 2190746, "C": 168731, "others": 20520, "n": 16434, "O": 11513, "[nH]": 8216, "s": 8102, "o": 6433, ")": 6365, "3": 5338, "2": 4942, "N": 4757}}}