{"0.20": {"activatedMoleculePct": 0.1443483495711617, "activatedTokens": {"Cl": 118015, "Br": 52538, "[N+]": 30474, "F": 9646, "I": 3338, "others": 1327}}, "0.00": {"activatedMoleculePct": 0.21060352283854278, "activatedTokens": {"Cl": 136225, "F": 81226, "Br": 57274, "[N+]": 30869, "N": 3783, "I": 3560, "[O-]": 3366, "others": 2974, "#": 2171, "S": 2106, "=": 1712, "c": 892, "n": 821, "-": 745, "[n+]": 740, "C": 694}}}