{"0.20": {"activatedMoleculePct": 0.548777567262546, "activatedTokens": {"(": 1003728, "others": 846}}, "0.00": {"activatedMoleculePct": 0.8493972241772391, "activatedTokens": {"(": 2210210, "others": 15787}}}