{"0.20": {"activatedMoleculePct": 0.31432959361609103, "activatedTokens": {"n": 629532, "others": 1183}}, "0.00": {"activatedMoleculePct": 0.48215401268315616, "activatedTokens": {"n": 1165822, "others": 10615, "c": 6125, "C": 4077, "O": 2571}}}