{"0.20": {"activatedMoleculePct": 0.20676664472002654, "activatedTokens": {"C": 300991, "O": 18236, "[C@@H]": 12441, "[C@H]": 11013, "N": 10928, "others": 2690, "n": 1336}}, "0.00": {"activatedMoleculePct": 0.4140269057507765, "activatedTokens": {"C": 687464, "O": 43394, "N": 40330, "[C@H]": 28233, "n": 28040, "[C@@H]": 23197, "(": 17142, "c": 12927, "Br": 8007, "others": 7655, "=": 5133, "2": 3002, "1": 2753, "\\": 2736, "Cl": 2293}}}