{"0.20": {"activatedMoleculePct": 0.018134906655983853, "activatedTokens": {"C": 37397, "2": 8433, "[C@H]": 8016, "3": 4820, "O": 3123, "4": 785, "N": 526, "others": 502}}, "0.00": {"activatedMoleculePct": 0.07497548396735687, "activatedTokens": {"C": 130170, "[C@H]": 19461, "2": 19305, "3": 11622, "O": 7149, "1": 5806, "N": 4495, "[C@@H]": 3664, "4": 3112, "S": 2079, "[nH]": 1777, "others": 1661, ")": 1188, "(": 852, "c": 813}}}