{"0.20": {"activatedMoleculePct": 0.38285730607067503, "activatedTokens": {"O": 540106, ")": 13515, "C": 5526, "others": 4375, "S": 3354}}, "0.00": {"activatedMoleculePct": 0.748999767839213, "activatedTokens": {"O": 1342710, ")": 273054, "C": 25391, "others": 16707, "(": 15068, "c": 4973, "S": 4577, "1": 4544, "N": 4340}}}