{"0.20": {"activatedMoleculePct": 0.9991270168510649, "activatedTokens": {"C": 1770296, "O": 339829, "c": 216948, "=": 186663, "N": 98078, "[C@@H]": 66860, "[C@H]": 59716, "others": 26235, "n": 23899, "#": 22879, "S": 19819, "F": 5912}}, "0.00": {"activatedMoleculePct": 0.9995722968464948, "activatedTokens": {"C": 1862610, "O": 345586, "c": 237014, "=": 197315, "N": 105535, "[C@@H]": 68574, "[C@H]": 62406, "(": 44427, "1": 39907, "others": 27116, "S": 26334, "#": 25177, "n": 24335, "F": 6136}}}