{"0.20": {"activatedMoleculePct": 0.1701767864113435, "activatedTokens": {"C": 345129, "O": 6299, "others": 2816, "=": 2743}}, "0.00": {"activatedMoleculePct": 0.4333255458158694, "activatedTokens": {"C": 874691, "O": 13209, "=": 8896, "others": 7816, "1": 7534, "[C@@H]": 4452, "c": 3409, "S": 2865, "(": 2557}}}