{"0.20": {"activatedMoleculePct": 0.3849152613127118, "activatedTokens": {"c": 764249, "n": 137529, "(": 85394, "1": 71416, "C": 61860, "S": 30377, "2": 27635, "others": 10227, "[C@@H]": 8195, "3": 7305, "[nH]": 6058, "[C@]": 4181, "s": 3318, "F": 3006, "=": 2911, "Cl": 2571}}, "0.00": {"activatedMoleculePct": 0.6547417559118609, "activatedTokens": {"c": 1682135, "1": 362795, "(": 336460, "n": 248697, "C": 236758, "2": 156391, ")": 76133, "S": 65418, "3": 40197, "[C@@H]": 31376, "others": 30161, "[nH]": 11894, "[C@H]": 9408, "[C@]": 8272, "O": 8045, "=": 8043, "F": 7607}}}