{"0.20": {"activatedMoleculePct": 0.16125653913447235, "activatedTokens": {"c": 107549, "n": 78766, "C": 39576, "[nH]": 8275, "o": 5874, "s": 3789, "others": 1552}}, "0.00": {"activatedMoleculePct": 0.4210635014680325, "activatedTokens": {"c": 296215, "C": 177823, "n": 170590, "2": 21324, "[nH]": 16361, "o": 15365, "1": 14264, "s": 8378, "F": 7083, "3": 7062, "others": 7024, "O": 6748, "[C@@H]": 6737, "(": 6381, "[C@H]": 6219, "=": 5184, ")": 3501, "4": 3400, "-": 3333, "[O-]": 2745}}}