{"0.20": {"activatedMoleculePct": 0.14675417980962815, "activatedTokens": {"N": 199921, "others": 746}}, "0.00": {"activatedMoleculePct": 0.33237881316769113, "activatedTokens": {"N": 436293, "-": 10330, "O": 8541, "C": 7374, "others": 4102, "S": 2671, "c": 2244}}}