{"0.20": {"activatedMoleculePct": 0.004227230482931056, "activatedTokens": {"C": 962, "1": 897, "3": 749, "-": 745, ")": 653, "N": 448, "c": 442, "Cl": 319, "5": 158, "O": 142, "S": 113, "others": 53, "[N-]": 48, "7": 44, "=": 38, "2": 34, "[N+]": 34, ".": 31, "[C@H]": 30, "[n+]": 14, "n": 13, "[Si]": 10, "4": 10}}, "0.00": {"activatedMoleculePct": 0.01665552246064069, "activatedTokens": {")": 4949, "C": 3735, "1": 3560, "3": 2195, "-": 1987, "N": 1857, "O": 1781, "c": 1698, "Cl": 836, "5": 358, "S": 278, "others": 236, "[C@H]": 143, "2": 124, "[N-]": 94, "=": 93, "7": 86, "n": 83, "[N+]": 81}}}