{"0.20": {"activatedMoleculePct": 0.0755298868564038, "activatedTokens": {"N": 39429, "S": 27792, "#": 10897, "[C@H]": 10852, "O": 3307, "/": 3181, "[C@@]": 2606, "=": 2444, "[C@]": 1741, "n": 1122, "others": 1079, "(": 740, "P": 641, "[S@]": 535, "o": 464, ")": 438, "2": 377, "[S@@]": 352, "C": 335, "F": 238, "1": 195, "[N+]": 164, "[Si]": 148, "[n+]": 129, "s": 128}}, "0.00": {"activatedMoleculePct": 0.35059867455964516, "activatedTokens": {"N": 118926, "O": 87516, "[C@H]": 84947, "S": 55323, "[C@@H]": 29724, "=": 29139, "n": 28164, "#": 20458, "o": 12958, "[C@@]": 12840, "C": 11363, "[C@]": 11136, "(": 10606, "/": 10375, "2": 7999, ")": 7306, "s": 6596, "others": 5199, "F": 4198, "c": 4077, "[nH]": 3652, "1": 3227, "3": 1721, "Br": 1367, "[S@]": 1312, "P": 1283, "[S@@]": 1039}}}