{"0.20": {"activatedMoleculePct": 0.014454755377964352, "activatedTokens": {"C": 8286, "N": 2097, "c": 1985, "O": 1301, "2": 1278, "[C@@H]": 1218, "3": 1151, ")": 1115, "(": 814, "=": 770, "1": 479, "\\": 387, "n": 233, "others": 183, "4": 140, "F": 127, "[C@H]": 114, "/": 65, "[nH]": 43}}, "0.00": {"activatedMoleculePct": 0.0508102557943158, "activatedTokens": {"C": 26826, "c": 8886, "=": 8185, ")": 7678, "O": 7388, "N": 5548, "3": 3709, "2": 3703, "(": 3352, "[C@@H]": 3084, "1": 1659, "\\": 870, "others": 675, "n": 582, "4": 480, "F": 379, "[C@H]": 227}}}