{"0.20": {"activatedMoleculePct": 0.3229700761589913, "activatedTokens": {"3": 778046, "5": 26927, "others": 2960}}, "0.00": {"activatedMoleculePct": 0.47717244273428283, "activatedTokens": {"3": 1002676, "1": 258106, "5": 27123, "others": 12722}}}