{"0.20": {"activatedMoleculePct": 0.12117694533528925, "activatedTokens": {"C": 117047, "c": 105371, "2": 80850, "n": 41106, "N": 41024, "(": 19294, "[C@H]": 17050, "3": 14512, "=": 7516, "[C@@H]": 7316, "O": 7264, "others": 4669, "o": 4351, "-": 2423, "s": 2166, "[nH]": 2138, "F": 1077, "S": 1061}}, "0.00": {"activatedMoleculePct": 0.3395421086204889, "activatedTokens": {"C": 423619, "c": 278889, "(": 267535, "2": 224794, "N": 173124, "=": 132270, "n": 95852, ")": 67077, "O": 49921, "3": 42701, "[C@H]": 41716, "[C@@H]": 24885, "others": 17717, "-": 15044, "1": 12817, "o": 7303, "F": 6494, "S": 6213, "[C@@]": 3727, "s": 3726}}}