{"0.20": {"activatedMoleculePct": 0.7311394993383051, "activatedTokens": {"(": 2054671, "others": 1114}}, "0.00": {"activatedMoleculePct": 0.973935008162246, "activatedTokens": {"(": 4535391, "others": 15072}}}