{"0.20": {"activatedMoleculePct": 0.45658629899819325, "activatedTokens": {"C": 566577, "n": 87616, "c": 70827, "N": 29895, "=": 22709, "O": 11997, ")": 9333, "others": 7241, "#": 4561, "F": 3144, "(": 2789, "[N+]": 2151}}, "0.00": {"activatedMoleculePct": 0.8333869182889238, "activatedTokens": {"C": 1458921, "c": 321810, ")": 206863, "n": 168090, "O": 138462, "=": 131987, "N": 125078, "(": 104164, "F": 50016, "others": 26652, "#": 15036, "[N+]": 10726, "2": 9099, "1": 8652, "S": 8292}}}