{"0.20": {"activatedMoleculePct": 0.008002589654710264, "activatedTokens": {"C": 1830, "N": 1687, "=": 1310, "[C@H]": 1158, "c": 822, "n": 702, ".": 581, "1": 563, "-": 558, "O": 465, "2": 438, "#": 405, "[C@@H]": 176, ")": 160, "others": 114, "(": 109, "3": 98, "S": 61, "F": 57, "P": 31, "4": 24, "B": 21, "o": 20, "[N+]": 16, "[Si]": 11, "[Fe+2]": 9, "I": 9, "[HH]": 8, "[Li]": 7, "[K+]": 6, "[O-]": 6, "[SiH2]": 6, "[Br-]": 6, "[Li+]": 5, "Br": 5, "[I-]": 4, "[Rh]": 4, "[Ac]": 4}}, "0.00": {"activatedMoleculePct": 0.057463090462878806, "activatedTokens": {"C": 19491, "c": 11142, "N": 10734, "O": 7761, "=": 7564, "[C@H]": 5306, ")": 5009, "1": 4043, "n": 3897, "2": 3108, "-": 2795, "(": 1783, ".": 1633, "#": 1434, "[C@@H]": 943, "others": 894, "3": 871, "S": 562, "F": 383, "4": 271}}}