{"0.20": {"activatedMoleculePct": 0.9578119175382461, "activatedTokens": {"C": 1029600, "c": 779845, "(": 498371, "N": 308991, "1": 282624, ")": 164228, "O": 133717, "=": 131233, "n": 128885, "2": 100928, "[C@H]": 81485, "[C@@H]": 77933, "others": 35542, "-": 31322, "S": 26885, "F": 17975, "o": 9214, "s": 8699, "Cl": 8202, "[nH]": 7319}}, "0.00": {"activatedMoleculePct": 0.9997553889498789, "activatedTokens": {"C": 1794178, "c": 1417912, "(": 1213507, "1": 571270, ")": 565214, "N": 538223, "O": 452466, "=": 419291, "n": 223019, "2": 210641, "[C@H]": 124268, "[C@@H]": 118102, "others": 68630, "F": 47025, "-": 43553, "S": 39660, "o": 20441, "Cl": 18815, "s": 17039, "[nH]": 14449, "[C@@]": 12617}}}