{"0.20": {"activatedMoleculePct": 0.5712349122952206, "activatedTokens": {"C": 1163595, "[C@@H]": 102300, "[C@H]": 68046, "O": 12377, "others": 12018, "c": 8601, "N": 7619, "/": 7046, "-": 5109, "[C@@]": 3418, "F": 2427}}, "0.00": {"activatedMoleculePct": 0.9285464757333388, "activatedTokens": {"C": 3650620, "[C@@H]": 259961, "[C@H]": 208194, "c": 131407, "O": 116947, "N": 58910, "=": 56192, "others": 46055, "F": 35002, "-": 33694, "/": 19453, "2": 16720, "(": 14845, "3": 12093, "[C@@]": 10961, "s": 10642, "o": 9741, "n": 9356}}}