{"0.20": {"activatedMoleculePct": 0.3773044887592434, "activatedTokens": {"C": 578846, "n": 153080, "c": 11581, "O": 8460, ")": 6935, "others": 5779, "#": 2330, "3": 2220, "2": 2117}}, "0.00": {"activatedMoleculePct": 0.7277537601625272, "activatedTokens": {"C": 1399474, "n": 437502, "c": 143270, ")": 116286, "O": 33884, "2": 25007, "others": 20061, "3": 14616, "1": 14443, "#": 8915, "=": 8782}}}