{"0.20": {"activatedMoleculePct": 0.9808544249333362, "activatedTokens": {")": 3968715, "O": 857130, "=": 562950, "others": 1459}}, "0.00": {"activatedMoleculePct": 0.997645435550481, "activatedTokens": {")": 5754968, "O": 1846200, "=": 1582607, "others": 20477}}}