{"0.20": {"activatedMoleculePct": 0.09980716739671591, "activatedTokens": {"n": 150414, "others": 199}}, "0.00": {"activatedMoleculePct": 0.17082200298366892, "activatedTokens": {"n": 271152, "others": 2359, "[nH]": 2276, "s": 1435, "c": 1143, "C": 1101, "[C@]": 978, "[C@H]": 891, "F": 743, "O": 676, "[S@@]": 534}}}