{"0.20": {"activatedMoleculePct": 0.49780838752249285, "activatedTokens": {"O": 955436, "C": 12182, "others": 2848}}, "0.00": {"activatedMoleculePct": 0.7460380699748724, "activatedTokens": {"O": 1695093, "C": 106102, "others": 14190, "F": 6738}}}