{"0.20": {"activatedMoleculePct": 0.36138353181737953, "activatedTokens": {"C": 600387, "others": 2021}}, "0.00": {"activatedMoleculePct": 0.47195065594576957, "activatedTokens": {"C": 866234, "-": 9576, "others": 8719, "N": 6735, "O": 5315, "=": 5165, "n": 4087, "1": 1941}}}