{"0.20": {"activatedMoleculePct": 0.07154214084469908, "activatedTokens": {"S": 94377, "I": 6296, "others": 967, "[n+]": 927, "N": 815, "P": 523, "[N-]": 108}}, "0.00": {"activatedMoleculePct": 0.11382469883179915, "activatedTokens": {"S": 132601, "N": 12535, "I": 6774, "O": 3395, "s": 2850, "others": 1621, "Br": 1588, "[n+]": 1558, "[N-]": 1232, "[O-]": 1147, "P": 914, "2": 523, "[S@@]": 503, "[NH+]": 352, "1": 320, "[CH]": 171, "F": 165, "[NH2+]": 165, "C": 158, "[Cl-]": 131, "[B]": 129, "[I-]": 120, "[nH]": 119, "[Na+]": 109, "[Br-]": 107, "[S-]": 104, "[C@@H]": 102, "[S@]": 97, "[HH]": 84}}}