{"0.20": {"activatedMoleculePct": 0.6686318552429888, "activatedTokens": {"O": 1311633, "others": 433}}, "0.00": {"activatedMoleculePct": 0.8293288649095195, "activatedTokens": {"O": 1900872, "others": 11056}}}