{"0.20": {"activatedMoleculePct": 0.3649801930962559, "activatedTokens": {"C": 352790, "N": 80836, "c": 63913, "O": 40594, "n": 18890, "[C@@H]": 14382, "S": 12456, "[C@H]": 11952, "=": 8714, "(": 7205, "others": 5403, "s": 3788, "Cl": 2107}}, "0.00": {"activatedMoleculePct": 0.5444976062538404, "activatedTokens": {"C": 567138, "c": 153490, "N": 130511, "O": 65624, "n": 45078, "[C@H]": 27964, "[C@@H]": 27743, "(": 21716, "=": 20941, "S": 18792, "others": 10934, "s": 10666, "F": 10268, "o": 8349, ")": 2825, "Cl": 2573, "2": 2312}}}