{"0.20": {"activatedMoleculePct": 0.09603034348810963, "activatedTokens": {"C": 181013, "(": 13644, "N": 9149, "others": 1297}}, "0.00": {"activatedMoleculePct": 0.18513394652099371, "activatedTokens": {"C": 342711, "(": 35148, "N": 31085, "1": 13726, "c": 6740, "[C@H]": 4688, "others": 4257, "O": 2922, "F": 2743, "2": 2131, "=": 1990, "[C@@H]": 1771, "n": 1432}}}