{"0.20": {"activatedMoleculePct": 0.11204870542897381, "activatedTokens": {"N": 154891, "S": 7464, "others": 1439, "[N-]": 771}}, "0.00": {"activatedMoleculePct": 0.17316851138063896, "activatedTokens": {"N": 170397, "Cl": 35361, "Br": 20421, "O": 18641, "S": 11441, "C": 2501, "others": 2425, "[N-]": 1931, "F": 1728, "I": 768, "[N+]": 483}}}