{"0.20": {"activatedMoleculePct": 0.0806842957508717, "activatedTokens": {"o": 112521, "others": 638, "s": 600}}, "0.00": {"activatedMoleculePct": 0.11282135410525453, "activatedTokens": {"o": 136531, "s": 11176, "[nH]": 6575, "S": 3463, "O": 1897, "others": 1447}}}