{"0.20": {"activatedMoleculePct": 0.35028229140499756, "activatedTokens": {"c": 874902, "others": 8176, "C": 4985, "o": 4209, "n": 2654, "=": 2350}}, "0.00": {"activatedMoleculePct": 0.6638304479238454, "activatedTokens": {"c": 1904024, "C": 88703, "n": 45548, "o": 21391, "others": 20748, "=": 18546, "s": 15750, "[C@H]": 10813, ")": 9302, "[nH]": 7479, "(": 7250, "[C@@H]": 6843, "O": 5740, "2": 5278}}}