{"0.20": {"activatedMoleculePct": 0.14545642298084197, "activatedTokens": {"C": 215310, "N": 60770, "(": 22021, "c": 15824, "/": 13691, "1": 7398, "O": 5001, "2": 3570, "\\": 3387, "others": 3130, "[C@@H]": 2445, "[C@H]": 2349, "3": 1502, "S": 1111, "n": 581, "[C@]": 492}}, "0.00": {"activatedMoleculePct": 0.3080268310491983, "activatedTokens": {"C": 282610, "1": 88005, "(": 85526, "N": 76381, "c": 65595, ")": 55119, "2": 37710, "O": 23162, "/": 17514, "3": 13357, "\\": 10435, "others": 7327, "n": 6201, "S": 4256, "[C@H]": 3623, "[C@@H]": 3529, "4": 2328, "[N-]": 1269, "Cl": 1266, "s": 1130}}}