{"0.20": {"activatedMoleculePct": 0.04746772635493649, "activatedTokens": {"C": 111298, "O": 5858, "[C@H]": 4080, "[C@@H]": 1894, "others": 1225, "=": 1214, "(": 1083, "N": 444}}, "0.00": {"activatedMoleculePct": 0.09888145372200613, "activatedTokens": {"C": 223650, "[C@H]": 19727, "O": 12985, "[C@@H]": 6976, "(": 6791, "2": 6496, "1": 5181, "3": 3435, "=": 2692, "N": 2458, "others": 2271, "[nH]": 1579, "n": 1127, "c": 963}}}