{"0.20": {"activatedMoleculePct": 0.11303813515566125, "activatedTokens": {"[C@@H]": 151329, "[C@H]": 6708, "[C@]": 1810, "others": 748}}, "0.00": {"activatedMoleculePct": 0.22770945187350825, "activatedTokens": {"[C@@H]": 280717, "[C@H]": 27434, "[C@]": 10458, "c": 8138, "[C@@]": 5514, "C": 4163, "(": 3110, "2": 2956, "others": 2661, "F": 2253, "/": 2143, "3": 913}}}