{"0.20": {"activatedMoleculePct": 0.10074459896604228, "activatedTokens": {"3": 140759, "4": 16702, "5": 4880, "others": 1562, "6": 1122}}, "0.00": {"activatedMoleculePct": 0.34453832593763295, "activatedTokens": {"3": 375012, "2": 159022, "4": 69696, "1": 40405, "5": 11199, "others": 5604}}}