{"0.20": {"activatedMoleculePct": 0.18689456018713477, "activatedTokens": {"S": 118157, "N": 104674, "C": 14477, "F": 9944, "(": 5287, "O": 4301, "c": 4175, "=": 3446, "1": 3031, "others": 2775, "[S@@]": 2595, "Cl": 2584, "[S@]": 2543, "[N+]": 2390, "2": 2075, "P": 2073, "3": 1860, "I": 1638, ")": 1544, "#": 963, "[N-]": 822, "[C@]": 571, "n": 474, ".": 456}}, "0.00": {"activatedMoleculePct": 0.4863189918509367, "activatedTokens": {"N": 200366, "C": 197193, "S": 146016, "(": 119916, "F": 111256, "O": 70440, "1": 20824, "n": 17517, "c": 17037, "=": 16341, ")": 14758, "2": 14547, "others": 10005, "#": 8038, "3": 7418, "Cl": 6286, "[N+]": 5165, "[C@]": 3918, "[S@]": 3039, "I": 3015, "[S@@]": 2871, "s": 2788, ".": 2317, "P": 2222}}}