{"0.20": {"activatedMoleculePct": 0.992608205602179, "activatedTokens": {"1": 2032449, "2": 632670, "3": 397189, "others": 18598}}, "0.00": {"activatedMoleculePct": 0.99273270823248, "activatedTokens": {"1": 2041410, "2": 1212251, "3": 499715, "4": 59844, "others": 16987}}}