{"0.20": {"activatedMoleculePct": 0.4875793978906325, "activatedTokens": {"(": 872240, "others": 1525}}, "0.00": {"activatedMoleculePct": 0.8399028000641555, "activatedTokens": {"(": 2317315, "others": 15189}}}