{"0.20": {"activatedMoleculePct": 0.3364141631262757, "activatedTokens": {"1": 329204, "2": 154547, "3": 13721, "others": 2541}}, "0.00": {"activatedMoleculePct": 0.7899120645245867, "activatedTokens": {"1": 932352, "2": 500116, "3": 86796, "C": 16181, "others": 15306, "4": 9351, ")": 8424, "/": 3090, "F": 2651, "o": 2522}}}