{"0.20": {"activatedMoleculePct": 0.16288898832824458, "activatedTokens": {"C": 242267, "N": 95805, "O": 33624, "2": 15042, "3": 12147, "1": 5898, "(": 4781, "others": 3774, "S": 3276, "4": 2921, "n": 1830}}, "0.00": {"activatedMoleculePct": 0.40720416161027306, "activatedTokens": {"C": 706822, "N": 217605, "O": 87797, "2": 60649, "(": 57244, "3": 46686, "1": 30322, "n": 16779, "others": 10976, "c": 10624, "S": 10195, "4": 9391, "F": 8388, ")": 3310, "[C@@H]": 2711}}}