{"0.20": {"activatedMoleculePct": 0.09943805371629366, "activatedTokens": {"C": 189282, "O": 4961, "others": 1260}}, "0.00": {"activatedMoleculePct": 0.23654767388806336, "activatedTokens": {"C": 451399, "O": 12588, "n": 4581, "others": 4545, "S": 4427, "[N+]": 4018, "(": 3434, "[C@@H]": 2986, "c": 2037, "[C@H]": 1891, "[C@]": 1070}}}