{"0.20": {"activatedMoleculePct": 0.10045165160062779, "activatedTokens": {"c": 380685, "n": 137350, "C": 90793, "2": 84053, "1": 79960, "3": 44420, ")": 30141, "-": 24559, "N": 22492, "(": 20379, "=": 19693, "4": 15045, "O": 10312, "others": 8384, "F": 6422, "Cl": 4338, "[C@@H]": 4028, "[C@H]": 4017, "Br": 2458, "#": 2452, "s": 2119}}, "0.00": {"activatedMoleculePct": 0.4432066604513001, "activatedTokens": {"c": 918135, "C": 559948, "1": 321020, ")": 308893, "2": 244487, "n": 225008, "(": 180095, "=": 171765, "N": 160378, "O": 150991, "3": 112016, "F": 42335, "4": 39133, "-": 36963, "[C@H]": 36143, "[C@@H]": 34704, "others": 32371, "Cl": 23287, "s": 15562, "S": 11353, "Br": 9332, "#": 8046}}}