{"0.20": {"activatedMoleculePct": 0.03287089150474611, "activatedTokens": {"[C@@]": 25308, "[C@]": 20015, "others": 132}}, "0.00": {"activatedMoleculePct": 0.05414692628638681, "activatedTokens": {"[C@@]": 36752, "[C@]": 33207, "[C@H]": 1228, "F": 1080, "others": 673, "N": 613, "[C@@H]": 494, "1": 473, "[N+]": 316, "2": 291, "/": 219, "=": 137, "[S@]": 134}}}