{"0.20": {"activatedMoleculePct": 0.8235819699685009, "activatedTokens": {"C": 1280372, "c": 742807, "O": 251110, "N": 176957, "Cl": 115012, "(": 111786, "[C@@H]": 94647, "[C@H]": 86581, "n": 86242, "=": 43808, "1": 39947, "2": 39384, "others": 29733, "F": 27118, "3": 25786, "Br": 21591, "S": 17895, "-": 16208, "o": 14464, "[C@]": 11975, "s": 9777}}, "0.00": {"activatedMoleculePct": 0.9975736634459546, "activatedTokens": {"C": 4309376, "c": 3135813, "(": 1561656, "N": 824329, "=": 623464, "O": 584624, "n": 421491, "1": 352281, "2": 315710, "[C@@H]": 257629, "[C@H]": 240843, "Cl": 169604, "F": 160254, "3": 151665, "others": 122425, "o": 60885, "s": 51244, "S": 50406, "-": 49026, "Br": 48371, "#": 27202}}}