{"0.20": {"activatedMoleculePct": 0.21451729964048036, "activatedTokens": {"(": 159169, "1": 65143, "[C@H]": 58250, "2": 38922, "[C@@H]": 38112, "C": 25334, "[C@]": 6482, "3": 6123, "N": 4098, "[C@@]": 3932, "O": 3716, "others": 3059, "n": 1347}}, "0.00": {"activatedMoleculePct": 0.6171690591922123, "activatedTokens": {"(": 619811, "1": 195652, "C": 165890, "[C@H]": 108389, "2": 89119, "[C@@H]": 78181, "c": 51190, "N": 41452, "O": 25272, "n": 22948, "3": 16704, ")": 14041, "[C@]": 13732, "others": 13255, "[C@@]": 11899, "S": 7387, "#": 3443, "-": 2494}}}