{"0.20": {"activatedMoleculePct": 0.3192855306704906, "activatedTokens": {"c": 654524, "C": 107014, "n": 10891, "[C@@H]": 7889, "others": 7369, "s": 4281, "N": 2178}}, "0.00": {"activatedMoleculePct": 0.7303478090832725, "activatedTokens": {"c": 1923035, "C": 519461, "n": 42154, "[C@@H]": 29480, "others": 21721, "N": 20520, "1": 18940, "s": 14984, "[C@H]": 13863, "o": 8380, "O": 8004, "S": 6868, "(": 6322}}}