{"0.20": {"activatedMoleculePct": 0.6009331838325278, "activatedTokens": {"1": 675187, "2": 351756, "3": 65763, "4": 11742, "others": 1975}}, "0.00": {"activatedMoleculePct": 0.9175690055828444, "activatedTokens": {"1": 1431626, "2": 732306, "3": 185603, "4": 34888, "others": 17460, "C": 7676}}}