{"0.20": {"activatedMoleculePct": 0.5066663834842134, "activatedTokens": {"(": 1120225, "others": 1066}}, "0.00": {"activatedMoleculePct": 0.9240116505167225, "activatedTokens": {"(": 3590744, "others": 15819}}}