{"0.20": {"activatedMoleculePct": 0.4383744936587881, "activatedTokens": {"c": 597190, "n": 244664, "others": 6978, "s": 4943, "o": 3937}}, "0.00": {"activatedMoleculePct": 0.7191938381451158, "activatedTokens": {"c": 1497855, "n": 429902, "C": 23846, "others": 18079, "o": 16547, "N": 16528, "s": 16404, "F": 15717, "[nH]": 12699, "O": 12175, "1": 8891, "=": 6171, "2": 5596}}}