{"0.20": {"activatedMoleculePct": 0.676471859109894, "activatedTokens": {"(": 1177731, "others": 3316}}, "0.00": {"activatedMoleculePct": 0.8045477149006945, "activatedTokens": {"(": 1586642, "others": 11258, "C": 11099}}}