{"0.20": {"activatedMoleculePct": 0.29830390799109147, "activatedTokens": {"C": 337654, "c": 67055, "F": 28762, "1": 24258, "N": 19011, "O": 17216, "[C@@H]": 14354, "[C@H]": 13465, "[nH]": 10851, "Cl": 9092, "[C@@]": 7379, "o": 5976, "others": 5486, "2": 5043, "[C@]": 4180, "=": 3155, "3": 2544, "n": 2452, "[S@]": 1230, "S": 1102}}, "0.00": {"activatedMoleculePct": 0.6586460119244225, "activatedTokens": {"C": 811289, "c": 249938, "F": 137813, "1": 136789, "O": 129974, "2": 53601, "Cl": 50531, "N": 42385, "[nH]": 36790, "n": 31604, "3": 30514, "[C@@H]": 30504, "[C@H]": 25790, "o": 25452, ")": 23115, "=": 18535, "others": 15191, "(": 11051, "[C@@]": 10979, "S": 9498, "[C@]": 6720, "#": 6458, "s": 3964}}}