{"0.20": {"activatedMoleculePct": 0.4597618484392863, "activatedTokens": {"C": 856363, "[C@H]": 115860, "[C@@H]": 112343, "c": 40462, "N": 20380, "(": 20287, "O": 20032, "=": 12193, "2": 12134, "others": 10959, "n": 10431, "[C@]": 6926, "[C@@]": 5837, "3": 5365, "1": 3215, "s": 3129, "F": 2164}}, "0.00": {"activatedMoleculePct": 0.8017727709818058, "activatedTokens": {"C": 2032751, "c": 275758, "[C@H]": 228046, "[C@@H]": 219139, "N": 126412, "(": 85018, "O": 84841, "=": 80008, "n": 57638, "2": 45554, "1": 40169, "others": 32768, ")": 22932, "s": 15814, "[C@]": 15501, "3": 13723, "[C@@]": 13428, "o": 13268, "F": 12819, "-": 12428}}}