{"0.20": {"activatedMoleculePct": 0.018256479812630864, "activatedTokens": {"[C@H]": 21495, "2": 1787, "3": 1346, "1": 528, "[C@@H]": 347, "others": 158}}, "0.00": {"activatedMoleculePct": 0.037095924882436564, "activatedTokens": {"[C@H]": 34429, "1": 10377, "2": 10151, "C": 7229, ")": 3560, "3": 3108, "[C@@H]": 2755, "c": 830, "O": 607, "others": 450, "[C@@]": 317}}}