{"0.20": {"activatedMoleculePct": 0.13124481391617165, "activatedTokens": {"C": 325389, "[C@H]": 4522, "=": 3343, "2": 2922, "others": 2548, "1": 2189, "3": 2157, "[C@@H]": 2092, "O": 2088, "S": 1337, "N": 1001}}, "0.00": {"activatedMoleculePct": 0.32845917741844527, "activatedTokens": {"C": 789285, "c": 35766, "2": 25316, "1": 24694, "(": 23871, "[C@H]": 23095, ")": 22155, "[C@@H]": 10301, "3": 10143, "n": 9261, "O": 8402, "N": 6899, "=": 6802, "S": 6763, "others": 6402, "s": 5430}}}