{"0.20": {"activatedMoleculePct": 0.1933415993314941, "activatedTokens": {"C": 145723, "c": 59572, "1": 47183, "O": 40004, "2": 21446, "N": 14449, "=": 9227, "n": 7657, "3": 7397, "others": 3269, ")": 2816, "[C@H]": 2557, "S": 2185, "(": 1680, "[C@@H]": 1378, "4": 1220, "#": 813, "Cl": 805, "-": 786}}, "0.00": {"activatedMoleculePct": 0.5314394774404896, "activatedTokens": {"C": 441226, "O": 270910, "c": 209806, "=": 139739, "1": 79070, "N": 57861, "(": 50557, "2": 44576, "n": 32485, ")": 30541, "3": 20550, "others": 12640, "[C@H]": 8262, "S": 7494, "F": 6657, "-": 6488, "[C@@H]": 4570, "4": 4479, "#": 4176, "/": 3820}}}