{"0.20": {"activatedMoleculePct": 0.08857703014355153, "activatedTokens": {"=": 152085, "#": 1488, "others": 633}}, "0.00": {"activatedMoleculePct": 0.1381818075291867, "activatedTokens": {"=": 231803, "#": 25157, ".": 3361, "others": 1883, "C": 1413, "F": 1299, "-": 941}}}