{"0.20": {"activatedMoleculePct": 0.3195140296155139, "activatedTokens": {"N": 475451, "O": 11339, "others": 4243, "Cl": 2386, "=": 1974}}, "0.00": {"activatedMoleculePct": 0.5799237311534143, "activatedTokens": {"N": 821005, "O": 61972, "c": 39192, "F": 20858, "=": 15635, "(": 10624, "Cl": 10160, "others": 9734, "C": 8738, ")": 6698, "S": 6052, "n": 5373, "Br": 3560, "1": 3223, "[C@@H]": 3104, "[C@H]": 2406}}}