{"0.20": {"activatedMoleculePct": 0.39835129222744725, "activatedTokens": {"1": 334861, "2": 202665, "3": 70711, "4": 13573, "others": 1590}}, "0.00": {"activatedMoleculePct": 0.6075743006064743, "activatedTokens": {"1": 602325, "2": 327225, "3": 123821, "4": 23532, "others": 6691}}}