{"0.20": {"activatedMoleculePct": 0.39474584252760847, "activatedTokens": {"c": 904770, "n": 129858, "(": 28692, "1": 21204, "2": 12423, "others": 7242}}, "0.00": {"activatedMoleculePct": 0.6019108956645987, "activatedTokens": {"c": 1763067, "n": 202468, "(": 102872, "1": 59378, "2": 38272, "others": 20201, "C": 7725, "o": 7095, "3": 5641}}}