{"0.20": {"activatedMoleculePct": 0.266973187260012, "activatedTokens": {")": 376971, "/": 17111, "\\": 12464, "=": 7034, "O": 4724, "1": 4068, "2": 3983, "others": 3514, "3": 2270, "S": 2002}}, "0.00": {"activatedMoleculePct": 0.5405025365580003, "activatedTokens": {")": 1028918, "O": 26979, "=": 23177, "/": 22542, "2": 16970, "1": 13692, "\\": 12796, "(": 10632, "others": 10465, "3": 9712, "S": 7083, "C": 6144, "c": 4303, "#": 3909, "4": 3888, "[C@H]": 3625}}}