{"0.20": {"activatedMoleculePct": 0.22850333923378152, "activatedTokens": {"1": 273147, "2": 53040, "3": 10164, "others": 3084}}, "0.00": {"activatedMoleculePct": 0.46633485495077387, "activatedTokens": {"1": 535298, "2": 193414, "3": 52188, "4": 6968, "others": 5602, "5": 2490}}}