{"0.20": {"activatedMoleculePct": 0.14221862222459836, "activatedTokens": {"c": 126445, "n": 60159, "1": 42685, "2": 41680, "C": 23959, "3": 22414, "(": 9155, "=": 7191, ")": 6843, "4": 6701, "N": 4711, "[C@H]": 4079, "others": 3503, "[nH]": 3446, "[C@@H]": 3421, "-": 2764, "S": 2336, "O": 2048, "5": 1085, "#": 824}}, "0.00": {"activatedMoleculePct": 0.7243094315136663, "activatedTokens": {"c": 976420, "C": 457886, "1": 346144, "2": 264197, "n": 249723, "(": 158241, "3": 113845, "N": 107220, "=": 84987, ")": 66200, "[C@H]": 51900, "[C@@H]": 42371, "O": 40223, "[nH]": 32349, "F": 30846, "others": 30392, "4": 27789, "-": 27216, "S": 26981, "Cl": 17025}}}