{"0.20": {"activatedMoleculePct": 0.9589434267371596, "activatedTokens": {")": 3143393, "others": 233}}, "0.00": {"activatedMoleculePct": 0.9959294963575657, "activatedTokens": {")": 5365501, "others": 6159}}}