{"0.20": {"activatedMoleculePct": 0.24953329822847403, "activatedTokens": {"[C@H]": 189394, "[C@@H]": 182538, "[C@@]": 3494, "[C@]": 3459, "others": 1533}}, "0.00": {"activatedMoleculePct": 0.4241152806472379, "activatedTokens": {"[C@H]": 324682, "[C@@H]": 313816, "C": 25115, "c": 18131, "[C@@]": 11088, "[C@]": 10877, "others": 6661, "/": 4307, "(": 3905, "N": 2527, "O": 2457}}}