{"0.20": {"activatedMoleculePct": 0.15839883758485404, "activatedTokens": {"C": 259497, "O": 58384, "N": 56233, "[C@@H]": 38617, "[C@H]": 29708, "1": 5936, "(": 4543, "2": 3272, "others": 1805}}, "0.00": {"activatedMoleculePct": 0.24501824695902324, "activatedTokens": {"C": 472769, "O": 95139, "N": 85661, "[C@@H]": 60327, "[C@H]": 51647, "(": 27239, "1": 21014, "2": 13585, ")": 7507, "others": 6837, "3": 3809, "c": 3540}}}