{"0.20": {"activatedMoleculePct": 0.28067433554044763, "activatedTokens": {"C": 585750, "[C@H]": 25833, "[C@@H]": 16082, "others": 5455, "=": 3762}}, "0.00": {"activatedMoleculePct": 0.447512986722893, "activatedTokens": {"C": 1122942, "[C@H]": 57024, "[C@@H]": 41602, "=": 25262, "others": 10047, "c": 9196, "N": 8651, "S": 5009, "O": 3554}}}