{"0.20": {"activatedMoleculePct": 0.7647237176778355, "activatedTokens": {"c": 1520455, "others": 671}}, "0.00": {"activatedMoleculePct": 0.835829366948067, "activatedTokens": {"c": 1781285, "others": 15016, "C": 4339}}}