{"0.20": {"activatedMoleculePct": 0.4553617790107607, "activatedTokens": {"c": 1442089, "others": 6348}}, "0.00": {"activatedMoleculePct": 0.7332047782644773, "activatedTokens": {"c": 3173465, "others": 29061, "C": 24851, "O": 9990, "2": 8167, "1": 5661, "[C@@H]": 5406}}}