{"0.20": {"activatedMoleculePct": 0.16277034464525172, "activatedTokens": {"c": 227477, "C": 2633, "others": 629}}, "0.00": {"activatedMoleculePct": 0.3388815123114792, "activatedTokens": {"c": 533762, "C": 10800, "1": 7314, "n": 5581, "(": 5038, "others": 4710, "[C@@H]": 2142}}}