{"0.20": {"activatedMoleculePct": 0.4939129199308937, "activatedTokens": {"(": 955056, "others": 1427}}, "0.00": {"activatedMoleculePct": 0.9201549984510408, "activatedTokens": {"(": 3164411, "others": 21347}}}