{"0.20": {"activatedMoleculePct": 0.7066022280111877, "activatedTokens": {"O": 721104, "C": 544182, "N": 539072, "=": 299994, "F": 107454, "c": 76256, "[C@H]": 71189, "[C@@H]": 68801, "S": 45748, "-": 37037, "Cl": 28381, "others": 22455, "n": 17536, "2": 15716, "#": 12862, "Br": 12585, "[N+]": 8752, "1": 7493}}, "0.00": {"activatedMoleculePct": 0.9648558369396375, "activatedTokens": {"O": 2058428, "C": 1749320, "=": 1314541, "N": 1179944, "c": 592515, "F": 269418, "[C@H]": 179355, "[C@@H]": 177364, "2": 88999, "-": 84099, "S": 81173, "others": 76701, "n": 73723, "Cl": 69788, "1": 57058, "#": 30842, "Br": 27979, ")": 18907, "[N+]": 15919}}}