{"0.20": {"activatedMoleculePct": 0.2969534206365307, "activatedTokens": {"=": 442187, "others": 95}}, "0.00": {"activatedMoleculePct": 0.7758183667744957, "activatedTokens": {"=": 1613375, "others": 9119}}}