{"0.20": {"activatedMoleculePct": 0.6519397143616713, "activatedTokens": {"(": 1385503, "others": 523}}, "0.00": {"activatedMoleculePct": 0.9313280109679494, "activatedTokens": {"(": 3377994, "others": 12183}}}