{"0.20": {"activatedMoleculePct": 0.03640530146847191, "activatedTokens": {"C": 67467, "2": 19831, "1": 17334, "3": 727, "others": 486}}, "0.00": {"activatedMoleculePct": 0.05098382710832388, "activatedTokens": {"C": 88734, "2": 22607, "1": 22162, "n": 11313, "c": 2849, "[C@@H]": 2104, "[C@H]": 1277, ".": 1268, "3": 1137, "others": 1115, ")": 767}}}