{"0.20": {"activatedMoleculePct": 0.6752817604378977, "activatedTokens": {"1": 586545, "2": 399482, "c": 349279, "3": 156042, "C": 151185, "4": 32820, "n": 23876, "[C@@H]": 13636, "others": 12537, "O": 5757}}, "0.00": {"activatedMoleculePct": 0.798846226801315, "activatedTokens": {"1": 679939, "c": 543216, "C": 497053, "2": 446072, "3": 166781, "[C@@H]": 57458, "n": 45047, "4": 35098, "O": 32061, ")": 28999, "N": 24431, "others": 21247, "[C@H]": 21196, "S": 11888}}}