{"0.20": {"activatedMoleculePct": 0.36166695839341806, "activatedTokens": {"(": 568622, "others": 327}}, "0.00": {"activatedMoleculePct": 0.7529772606931281, "activatedTokens": {"(": 1587064, "others": 8815}}}