{"0.20": {"activatedMoleculePct": 0.08105047995763981, "activatedTokens": {"S": 57115, "#": 55643, "F": 3130, "others": 705}}, "0.00": {"activatedMoleculePct": 0.1321961604853552, "activatedTokens": {"#": 81174, "S": 79839, "F": 6891, "=": 4968, "N": 3481, "2": 2426, "1": 2073, "others": 1759, "/": 1572, "\\": 1302, "3": 1299, "[nH]": 956, "O": 904, "[C@H]": 897, "[n+]": 649, "Br": 609, ".": 586, "4": 487, "I": 378, "s": 374}}}