{"0.20": {"activatedMoleculePct": 0.5657575289303832, "activatedTokens": {"c": 1298805, "1": 251715, "C": 80893, "2": 74027, "n": 60946, ")": 55299, "N": 28491, "[C@@H]": 22390, "3": 20813, "others": 18259, "o": 15091, "[C@H]": 8210, "[nH]": 6314}}, "0.00": {"activatedMoleculePct": 0.899168249192747, "activatedTokens": {"c": 2809426, "1": 932180, ")": 455935, "C": 401704, "2": 316635, "n": 158891, "3": 96850, "N": 84406, "(": 62667, "[C@@H]": 55623, "others": 43369, "o": 41093, "[C@H]": 28743, "[nH]": 16191, "=": 15186, "O": 13374}}}