{"0.20": {"activatedMoleculePct": 0.852893550983461, "activatedTokens": {"c": 1303873, "C": 759709, "n": 191303, "O": 105925, "[C@@H]": 46716, "[C@H]": 42994, "N": 29977, "others": 22359, "[nH]": 14802}}, "0.00": {"activatedMoleculePct": 0.9243426810396409, "activatedTokens": {"c": 2024538, "C": 1362760, "n": 296754, "O": 185131, "[C@@H]": 58437, "[C@H]": 55534, "N": 47167, "others": 38056, "[nH]": 33933, "=": 31493, "s": 19131, "o": 16978, "(": 15942, "2": 9355}}}