{"0.20": {"activatedMoleculePct": 0.10260115289435659, "activatedTokens": {"O": 139842, "others": 368}}, "0.00": {"activatedMoleculePct": 0.1055474710220128, "activatedTokens": {"O": 143157, "=": 9483, "others": 1246, "C": 505}}}