{"0.20": {"activatedMoleculePct": 0.14264705774651704, "activatedTokens": {"n": 176582, "c": 105033, "C": 33237, "(": 18701, "N": 10468, "O": 8232, "[nH]": 5808, "1": 3800, "others": 2749, "[C@@H]": 2192, "S": 1369}}, "0.00": {"activatedMoleculePct": 0.41869721912389696, "activatedTokens": {"n": 365591, "c": 271914, "C": 187804, "N": 114682, "(": 95243, "O": 42133, "1": 38828, ")": 26750, "[nH]": 25819, "others": 11834, "[C@@H]": 10272, "S": 7934, "o": 4779, "2": 4263, "=": 3851, "3": 3667}}}