{"0.20": {"activatedMoleculePct": 0.27836444556415435, "activatedTokens": {"n": 454341, "others": 84}}, "0.00": {"activatedMoleculePct": 0.36246157812210483, "activatedTokens": {"n": 638410, "others": 5607, "s": 5193, "c": 4977, "[C@@H]": 2341, "o": 1130, "C": 1107}}}