{"0.20": {"activatedMoleculePct": 0.13671487359687368, "activatedTokens": {"C": 144192, "c": 41795, "n": 12563, "S": 7515, "=": 6455, ")": 3417, "[C@@H]": 2994, "others": 1795, "N": 1634, "2": 1484, "[C@H]": 706}}, "0.00": {"activatedMoleculePct": 0.5921930991853867, "activatedTokens": {"C": 506099, "c": 371913, ")": 257638, "=": 117220, "n": 78926, "[C@@H]": 19812, "S": 17197, "2": 16825, "others": 12458, "N": 9485, "3": 8303, "[C@H]": 5969, "1": 3783, "Cl": 3307}}}