{"0.20": {"activatedMoleculePct": 0.10039892107485318, "activatedTokens": {"C": 161745, "c": 25046, "N": 22403, "O": 13818, "n": 7366, "(": 5577, "[C@H]": 5006, "=": 4188, "[C@@H]": 3658, "2": 3370, "1": 3352, "others": 2207, "F": 2200, "S": 1845, "3": 1790, ")": 1297, "#": 850, "[nH]": 719}}, "0.00": {"activatedMoleculePct": 0.45491649901533066, "activatedTokens": {"C": 624752, "c": 176333, "O": 108708, "(": 103475, "N": 97783, "1": 84863, "=": 71192, ")": 62454, "n": 58678, "2": 51877, "F": 34504, "[C@H]": 21300, "3": 20378, "others": 15269, "[C@@H]": 15110, "S": 10410, "[nH]": 7871, "s": 6869, "-": 6288, "#": 3290}}}