{"0.20": {"activatedMoleculePct": 0.00371896680393692, "activatedTokens": {"c": 843, "(": 689, "F": 625, "N": 574, "2": 372, "S": 313, "3": 303, "[C@@H]": 222, "1": 196, "C": 177, "=": 121, "[S@@]": 101, "-": 94, "n": 87, "[n+]": 80, "O": 77, "4": 60, ")": 46, "[S@]": 43, "others": 42, "[N+]": 40, "5": 38, "o": 12, "[NH+]": 12}}, "0.00": {"activatedMoleculePct": 0.019962898216170255, "activatedTokens": {"c": 5405, "(": 4754, "2": 3148, "F": 2456, "N": 2041, "3": 1935, "C": 1819, "1": 1371, "S": 1023, "O": 825, "[C@@H]": 711, ")": 595, "4": 447, "=": 414, "n": 368, "-": 296, "others": 245, "[N+]": 228, "[S@@]": 194, "5": 152, "[n+]": 126, "o": 97}}}