{"0.20": {"activatedMoleculePct": 0.36027106419721805, "activatedTokens": {"(": 580239, "others": 80}}, "0.00": {"activatedMoleculePct": 0.5762919161906882, "activatedTokens": {"(": 1104618, "others": 3038}}}