{"0.20": {"activatedMoleculePct": 0.3594486144688169, "activatedTokens": {"c": 591114, "C": 308309, "1": 158406, "(": 95501, "n": 57427, "[C@@H]": 26662, "N": 24888, "[C@H]": 24304, "2": 16045, "others": 12251, "o": 8118, "s": 7246, ")": 6637, "[C@]": 5077, "F": 3518, "O": 3156}}, "0.00": {"activatedMoleculePct": 0.6171595384028363, "activatedTokens": {"c": 1008413, "C": 629927, "1": 485398, "(": 383190, ")": 120605, "n": 112764, "N": 92306, "[C@@H]": 57785, "[C@H]": 54127, "2": 43599, "others": 30128, "o": 12490, "s": 10518, "[C@]": 9778, "O": 9755, "-": 8913, "S": 8423}}}