{"0.20": {"activatedMoleculePct": 0.5122558192163219, "activatedTokens": {"1": 700646, "2": 20467, "others": 1867}}, "0.00": {"activatedMoleculePct": 0.7428661823758471, "activatedTokens": {"1": 1064241, "2": 140832, "3": 14378, "others": 7502}}}