{"0.20": {"activatedMoleculePct": 0.628264440657286, "activatedTokens": {"c": 583033, "n": 413679, "C": 307526, "others": 3039}}, "0.00": {"activatedMoleculePct": 0.8054434014704493, "activatedTokens": {"c": 1071514, "n": 619405, "C": 550514, "=": 33951, "others": 20828}}}