{"0.20": {"activatedMoleculePct": 0.2444631117015628, "activatedTokens": {"1": 228642, "2": 104931, "3": 30659, "4": 3829, "others": 290}}, "0.00": {"activatedMoleculePct": 0.4117895202474233, "activatedTokens": {"1": 388232, "2": 206777, "3": 64513, "4": 8317, "others": 5197}}}