{"0.20": {"activatedMoleculePct": 0.5450417559850977, "activatedTokens": {"c": 971744, "others": 6090}}, "0.00": {"activatedMoleculePct": 0.7799005883115466, "activatedTokens": {"c": 1647509, "n": 27809, "others": 13471, "C": 7144, "O": 4968}}}