{"0.20": {"activatedMoleculePct": 0.9375839019563758, "activatedTokens": {"(": 3610840, "others": 289}}, "0.00": {"activatedMoleculePct": 0.9955647768876247, "activatedTokens": {"(": 5554272, "others": 5836}}}