{"0.20": {"activatedMoleculePct": 0.6614539124219204, "activatedTokens": {"O": 1323350, "others": 751}}, "0.00": {"activatedMoleculePct": 0.8505111565342276, "activatedTokens": {"O": 2034187, "others": 11789}}}