{"0.20": {"activatedMoleculePct": 0.08412423018925132, "activatedTokens": {"O": 117085, "S": 4419, "F": 1437, "others": 1066, "n": 750, "=": 449, "[nH]": 355}}, "0.00": {"activatedMoleculePct": 0.20470429526750855, "activatedTokens": {"O": 193631, "F": 39945, "S": 22611, "n": 13660, "Cl": 9373, "C": 7158, "[nH]": 5354, "o": 4536, "s": 4067, "=": 3533, "[C@H]": 2571, "others": 2547, "N": 2354, "[C@@H]": 1939, "-": 1360, "2": 1090, ")": 924, "Br": 868, "(": 652}}}