{"0.20": {"activatedMoleculePct": 0.16723559486258205, "activatedTokens": {"C": 124339, "=": 111163, "O": 63463, "[C@H]": 38136, "[C@@H]": 31691, "N": 31626, "(": 21715, "n": 3769, "others": 3197, "1": 2961, "c": 2878, "[C@]": 2538, "[C@@]": 1408, "S": 1248}}, "0.00": {"activatedMoleculePct": 0.34224674517167814, "activatedTokens": {"C": 339776, "O": 170323, "(": 151188, "=": 139098, "N": 90419, "c": 81219, "[C@H]": 67693, "[C@@H]": 64747, "1": 62145, "n": 22171, ")": 13053, "others": 11323, "S": 6796, "[C@]": 4505, "2": 3806, "[C@@]": 3142, "-": 2882, "#": 2830, "/": 2774, "[nH]": 2661}}}