{"0.20": {"activatedMoleculePct": 0.2319586534088454, "activatedTokens": {"N": 326243, "others": 1609}}, "0.00": {"activatedMoleculePct": 0.46688852547140725, "activatedTokens": {"N": 674942, "=": 11858, "n": 10732, "others": 6115, "O": 4016, "[C@@H]": 2291, "C": 1557, "c": 1290}}}