{"0.20": {"activatedMoleculePct": 0.1353951457156814, "activatedTokens": {"C": 154648, "N": 46148, "c": 40336, "O": 36240, "(": 32456, "1": 28222, "=": 23162, "F": 10991, "n": 8226, "Cl": 7741, "-": 7370, "S": 5405, "[C@H]": 5099, "[C@@H]": 4720, "others": 3917, "Br": 3585, "[N+]": 3331, "#": 2909, ")": 2760, "2": 2350, "[O-]": 1546, ".": 908, "[C@@]": 806}}, "0.00": {"activatedMoleculePct": 0.49320764914865833, "activatedTokens": {"C": 634252, "c": 254212, "(": 208137, "O": 206248, "N": 205779, "=": 170123, "1": 142577, ")": 95875, "2": 77477, "n": 42431, "F": 36810, "[C@H]": 27600, "[C@@H]": 27045, "others": 21583, "Cl": 20095, "S": 16499, "-": 11951, "#": 10030, "[N+]": 6150, "Br": 5351, "/": 5313, "[nH]": 4284, "3": 4026, "[O-]": 3968, "[C@]": 3703}}}