{"0.20": {"activatedMoleculePct": 0.21422947885396063, "activatedTokens": {"C": 479509, "O": 3826, "others": 3772, "[C@@H]": 3732, "[C@H]": 3417}}, "0.00": {"activatedMoleculePct": 0.40689436977134724, "activatedTokens": {"C": 801619, "c": 67198, "O": 18344, "[C@@H]": 12413, "[C@H]": 11378, "=": 10065, "n": 9345, "others": 7904, "o": 7047, "s": 7015, "(": 5966, "[nH]": 5841, "1": 5555, ")": 4536, "N": 4182}}}