{"0.20": {"activatedMoleculePct": 0.11378368620064111, "activatedTokens": {"O": 165594, "1": 2007, "others": 935}}, "0.00": {"activatedMoleculePct": 0.1612045409771113, "activatedTokens": {"O": 220918, "1": 8672, "N": 5277, "2": 4117, "others": 2326, "C": 1538, "S": 1119, "(": 1117, "n": 862}}}