{"0.20": {"activatedMoleculePct": 0.23264122077026114, "activatedTokens": {"(": 342632, "others": 1037}}, "0.00": {"activatedMoleculePct": 0.4432901504504432, "activatedTokens": {"(": 735969, "others": 6349, "2": 2574}}}