{"0.20": {"activatedMoleculePct": 0.29244935489328294, "activatedTokens": {"c": 397763, "C": 109518, "n": 108787, "[C@@H]": 15621, "[C@H]": 14632, "o": 12945, "O": 12428, "N": 10817, "[nH]": 8902, "s": 6826, "others": 6197, "2": 4326, "Cl": 3259, "1": 3214, "3": 2724, "F": 2596, ")": 2446, "=": 2430, "[C@]": 1559}}, "0.00": {"activatedMoleculePct": 0.6222114157194092, "activatedTokens": {"c": 938679, "C": 428918, "n": 253802, "O": 67864, "[C@H]": 57048, "[C@@H]": 53244, "N": 41378, ")": 31033, "o": 25175, "Cl": 22798, "F": 20938, "1": 20929, "=": 19588, "(": 19418, "others": 18343, "[nH]": 17431, "s": 16858, "2": 13978, "3": 9243, "#": 5557, "S": 4775, "[O-]": 4178, "Br": 3906}}}