{"0.20": {"activatedMoleculePct": 0.5074324408447723, "activatedTokens": {"c": 449598, "n": 193452, "C": 161182, "s": 22645, "others": 5710, "[C@H]": 4243, "[C@@H]": 3691}}, "0.00": {"activatedMoleculePct": 0.685902567171, "activatedTokens": {"c": 512972, "C": 442434, "n": 212240, "(": 49303, "s": 38675, "o": 29295, "[C@@H]": 23376, "[C@H]": 23188, "N": 13713, "O": 12316, "others": 12012, "[nH]": 11042, "=": 8554}}}