{"0.20": {"activatedMoleculePct": 0.1471979950682311, "activatedTokens": {"C": 154631, "(": 114776, "N": 45898, "2": 29777, "[C@H]": 27147, "c": 24711, "3": 17059, "[C@@H]": 16864, ")": 13358, "[C@]": 7179, "O": 6913, "[C@@]": 6880, "others": 3308, "1": 2046, "n": 1952}}, "0.00": {"activatedMoleculePct": 0.36843843674497395, "activatedTokens": {"(": 371090, "C": 321564, "c": 115107, "N": 114906, "2": 78451, ")": 63866, "[C@H]": 56980, "3": 42833, "[C@@H]": 36472, "O": 13225, "1": 13218, "n": 11380, "others": 10223, "[C@]": 9578, "[C@@]": 9540, "F": 7829, "4": 4173}}}