{"0.20": {"activatedMoleculePct": 0.5650485963060802, "activatedTokens": {"O": 1137969, "others": 145}}, "0.00": {"activatedMoleculePct": 0.8200878402675196, "activatedTokens": {"O": 1925340, "others": 3037}}}