{"0.20": {"activatedMoleculePct": 0.0065261349330212465, "activatedTokens": {"C": 3719, "O": 1075, "c": 959, "N": 884, "[N+]": 690, "=": 417, "3": 343, "2": 301, ")": 175, "-": 133, "others": 92, "n": 77, "4": 76, "[O-]": 63, "Cl": 55, "[Si]": 44, "S": 44, "1": 42, "P": 27, ".": 27, "5": 25, "[N-]": 25, "F": 23, "[Cl-]": 20, "[U+2]": 18, "7": 17, "B": 16, "[C@@H]": 16, "[Y]": 10, "[SiH]": 10, "[Br-]": 10, "[K+]": 8, "[Li+]": 5, "[HH]": 5}}, "0.00": {"activatedMoleculePct": 0.022176847930290244, "activatedTokens": {"C": 13386, "O": 4526, "c": 4514, "N": 2725, "=": 1714, "3": 1147, "2": 1059, "[N+]": 927, ")": 824, "-": 430, "others": 312, "n": 274, "4": 236, "[O-]": 175, "1": 166, "Cl": 130, "S": 91, ".": 78, "[C@@H]": 78, "F": 74, "[N-]": 62, "5": 60, "[Si]": 59, "P": 40, "7": 36, "[Cl-]": 32}}}