{"0.20": {"activatedMoleculePct": 0.03776970382288988, "activatedTokens": {"N": 51879, "others": 392}}, "0.00": {"activatedMoleculePct": 0.05985866754355578, "activatedTokens": {"N": 81593, "1": 2788, "C": 1754, "2": 1669, "others": 837, "(": 537, "[C@]": 482, "c": 360, "F": 197, "-": 166, "Cl": 151}}}