{"0.20": {"activatedMoleculePct": 0.647311878356536, "activatedTokens": {"C": 585737, "F": 229827, "n": 207186, "c": 195686, "O": 125445, "Cl": 81526, "Br": 50141, "N": 43939, "s": 41509, "[nH]": 18560, "=": 17133, "o": 16667, "others": 14784, "[C@@]": 14100, "#": 13286, "[C@H]": 9849, "[C@@H]": 8671, "2": 5420, "S": 4668}}, "0.00": {"activatedMoleculePct": 0.9566943233391898, "activatedTokens": {"C": 1894400, "c": 907083, "n": 609671, "F": 425108, "O": 332051, "Cl": 136556, "N": 126000, "s": 87137, "=": 64388, "o": 61554, "Br": 61541, "[nH]": 56236, "2": 46084, "others": 39821, "[C@@H]": 33485, "[C@H]": 29968, "#": 28177, "(": 27770, "[C@@]": 21393, "3": 20187, "S": 10639}}}