{"0.20": {"activatedMoleculePct": 0.1498894489879767, "activatedTokens": {"C": 219557, "O": 9836, "F": 8784, "N": 6731, "others": 2190, "\\": 1715, "/": 1458, "#": 882, "S": 679}}, "0.00": {"activatedMoleculePct": 0.3527708792741936, "activatedTokens": {"C": 552587, "F": 62933, "O": 30869, "N": 26221, "(": 9803, ")": 8535, "others": 7075, "c": 6524, "=": 4580, "Cl": 4580, "/": 4572, "n": 4055, "\\": 3638, "Br": 3082, "[C@H]": 2682, "#": 2536, "1": 1952, "S": 1917}}}