{"0.20": {"activatedMoleculePct": 0.09486514534217351, "activatedTokens": {"c": 146231, "n": 21780, "C": 6760, "others": 1579, "(": 1218, "[nH]": 944, "O": 664, "[C@H]": 629}}, "0.00": {"activatedMoleculePct": 0.23494964600972731, "activatedTokens": {"c": 292672, "C": 57057, "n": 40726, "(": 32085, "[C@H]": 11464, "[C@@H]": 9348, "N": 7190, "/": 5660, "O": 5328, "others": 4135, "=": 3460, "1": 2783, "Cl": 2590, ")": 2130, "2": 1937, "[nH]": 1413, "s": 1274, "\\": 803, "F": 760}}}