{"0.20": {"activatedMoleculePct": 0.08956645987023897, "activatedTokens": {"-": 119730, "[C@H]": 2859, "C": 2411, "O": 1524, "[C@@H]": 1456, "=": 1297, "2": 1179, "others": 990}}, "0.00": {"activatedMoleculePct": 0.2001233308408395, "activatedTokens": {"-": 156919, "C": 55859, "(": 37101, "2": 21298, "O": 14700, "3": 13784, "[C@H]": 8057, "[C@@H]": 7729, "=": 6537, "4": 4713, "others": 3257, "1": 3159, "c": 3122, "F": 1815, "Cl": 1560, "n": 1175}}}