{"0.20": {"activatedMoleculePct": 0.1528943565887158, "activatedTokens": {"c": 220126, "n": 15933, "others": 59}}, "0.00": {"activatedMoleculePct": 0.29240980699895197, "activatedTokens": {"c": 489649, "n": 18310, "others": 2470}}}