{"0.20": {"activatedMoleculePct": 0.13544128492573418, "activatedTokens": {"c": 390272, "C": 344633, "1": 131346, "2": 130573, ")": 100832, "(": 74091, "n": 67235, "O": 65606, "F": 59401, "N": 40739, "3": 32892, "=": 26745, "[C@H]": 24128, "[C@@H]": 22229, "Cl": 17115, "others": 13100, "[nH]": 10355, "-": 9086, "s": 8806, "o": 7544, "Br": 6391, "S": 5982, "4": 4297}}, "0.00": {"activatedMoleculePct": 0.5577600658545677, "activatedTokens": {"c": 1169739, "C": 904502, ")": 504282, "2": 357250, "1": 355493, "(": 298830, "O": 223290, "n": 186409, "F": 149386, "3": 131071, "N": 113777, "=": 113624, "[C@H]": 58107, "[C@@H]": 55460, "others": 44198, "Cl": 39983, "[nH]": 24746, "-": 24100, "4": 23169, "o": 20345, "s": 20327, "S": 13654, "Br": 13182}}}