{"0.20": {"activatedMoleculePct": 0.47665905247639395, "activatedTokens": {"O": 881551, "others": 564}}, "0.00": {"activatedMoleculePct": 0.550585784875567, "activatedTokens": {"O": 1024412, "others": 10163, "F": 7883, "=": 7470, "S": 6711, "o": 4007, "N": 3791, "c": 3037, ")": 2033}}}