{"0.20": {"activatedMoleculePct": 0.8844747417119697, "activatedTokens": {"1": 1118172, "2": 896853, "3": 254605, "4": 62823, "others": 5096}}, "0.00": {"activatedMoleculePct": 0.9795508091572417, "activatedTokens": {"1": 1804073, "2": 1221644, "3": 436612, "4": 93811, "others": 15541}}}