{"0.20": {"activatedMoleculePct": 0.407708031078786, "activatedTokens": {"=": 739723, "others": 4903}}, "0.00": {"activatedMoleculePct": 0.7173995355319521, "activatedTokens": {"=": 1538225, "others": 15527, "C": 8954, "(": 5463, ".": 4650}}}