{"0.20": {"activatedMoleculePct": 0.19918736400834022, "activatedTokens": {"c": 339408, "others": 793}}, "0.00": {"activatedMoleculePct": 0.4711970488482408, "activatedTokens": {"c": 939342, "others": 7762, "=": 7364, "n": 6859, "C": 4538, "o": 3662, "s": 2706}}}