{"0.20": {"activatedMoleculePct": 0.899768058923433, "activatedTokens": {")": 3010986, "others": 1046}}, "0.00": {"activatedMoleculePct": 0.9909442645666247, "activatedTokens": {")": 5358420, "others": 21825}}}