{"0.20": {"activatedMoleculePct": 0.904042893353244, "activatedTokens": {"(": 2583017, "others": 394}}, "0.00": {"activatedMoleculePct": 0.9838900920074438, "activatedTokens": {"(": 4633203, "others": 11092}}}