{"0.20": {"activatedMoleculePct": 0.13164395470154888, "activatedTokens": {"N": 143951, "O": 49343, "others": 1648, "C": 1047, "[C@H]": 471, "[C@@H]": 411}}, "0.00": {"activatedMoleculePct": 0.4933240957264106, "activatedTokens": {"N": 658178, "O": 115071, "C": 16305, "c": 9212, "others": 7549, "o": 6745, "[C@@H]": 4609, "[C@H]": 3569, "-": 3559, "n": 3295, "(": 1795, "s": 1350, "/": 1301}}}