{"0.20": {"activatedMoleculePct": 0.2138471825420947, "activatedTokens": {"C": 134237, "[C@H]": 104095, "N": 93598, "[C@@H]": 37468, "[nH]": 21880, "O": 13685, "n": 10917, "c": 9932, "o": 8167, "s": 4857, "others": 4083, "(": 1179}}, "0.00": {"activatedMoleculePct": 0.4566946895233966, "activatedTokens": {"C": 285947, "[C@H]": 146731, "c": 138747, "N": 109333, ")": 77568, "[C@@H]": 64001, "(": 61764, "n": 61446, "[nH]": 58819, "O": 56503, "o": 29404, "s": 15748, "others": 9135, "1": 3609, "S": 3549}}}