{"0.20": {"activatedMoleculePct": 0.5035743240422635, "activatedTokens": {"C": 717032, "(": 359734, "N": 166344, "[C@H]": 89689, "c": 46679, "2": 44653, "O": 35096, "[C@@H]": 28361, "3": 26980, "others": 12104, "n": 11867, "=": 9031}}, "0.00": {"activatedMoleculePct": 0.7467015957575363, "activatedTokens": {"C": 1399274, "(": 799001, "N": 238698, "c": 159732, "[C@H]": 117883, "2": 112003, "O": 69163, "[C@@H]": 63563, "3": 62077, "n": 61175, "=": 29553, "1": 28316, "others": 25863, "4": 15018}}}