{"0.20": {"activatedMoleculePct": 0.3993692843222626, "activatedTokens": {"C": 182403, "c": 149098, "-": 75338, "[C@H]": 68704, "F": 66503, "2": 33823, "1": 31403, "[C@@H]": 31141, "O": 29769, "N": 29757, "Cl": 21409, "3": 16803, "=": 16647, ")": 9304, "others": 7732, "[N+]": 5735, "Br": 5431, "[C@@]": 4806, "S": 4121}}, "0.00": {"activatedMoleculePct": 0.7539813377880863, "activatedTokens": {"c": 593733, "C": 486807, "1": 215836, "2": 167603, "[C@H]": 132554, "N": 130919, "F": 116743, "-": 115258, "O": 112000, ")": 108272, "3": 72526, "[C@@H]": 71325, "=": 58824, "Cl": 49404, "others": 16933, "(": 16011, "4": 15517, "Br": 15106, "S": 13901, "[N+]": 13122, "[C@@]": 9729}}}