{"0.20": {"activatedMoleculePct": 0.3248632485079824, "activatedTokens": {"N": 285432, "S": 131565, "[C@@H]": 41060, "[C@@]": 18936, "[C@H]": 15885, "others": 4050}}, "0.00": {"activatedMoleculePct": 0.4805127750684215, "activatedTokens": {"N": 447202, "S": 140293, "[C@@H]": 101917, "[C@H]": 42833, "[C@@]": 32626, "(": 14226, "n": 11508, "others": 7829, "c": 4192, "C": 4140, "[C@]": 2241}}}