{"0.20": {"activatedMoleculePct": 0.771840141552167, "activatedTokens": {"(": 2037024, "others": 253}}, "0.00": {"activatedMoleculePct": 0.9879913551232467, "activatedTokens": {"(": 5072664, "others": 9532}}}