{"0.20": {"activatedMoleculePct": 0.9029531291539021, "activatedTokens": {"c": 8357250, "others": 65}}, "0.00": {"activatedMoleculePct": 0.9090068864601925, "activatedTokens": {"c": 8409984, "others": 34588}}}