{"0.20": {"activatedMoleculePct": 0.7808263019862564, "activatedTokens": {"N": 749896, "(": 299892, "C": 285795, "c": 243294, ")": 160156, "O": 108372, "1": 72020, "[C@H]": 36073, "[C@@H]": 31355, "[N+]": 28479, "others": 20484, "2": 15499}}, "0.00": {"activatedMoleculePct": 0.8364115998368283, "activatedTokens": {"N": 833258, "C": 559066, "(": 472970, "c": 321243, ")": 284810, "O": 136531, "1": 131472, "[C@H]": 47444, "[C@@H]": 38272, "2": 34713, "[N+]": 28788, "others": 25748, "n": 15850, "S": 10835, "3": 8363}}}