{"0.20": {"activatedMoleculePct": 0.7354560787676876, "activatedTokens": {"c": 940259, "C": 810561, "N": 226322, "n": 215946, "O": 196188, "[C@H]": 77982, "2": 46042, "1": 35892, "o": 32431, "=": 30341, "S": 29943, "[C@@H]": 29257, "others": 25749, "-": 25115, "[N+]": 19860, "#": 18041, "[nH]": 16826, "F": 16260, "s": 13759, "3": 12945, "[C@@]": 8084, "4": 6540, "Cl": 6503}}, "0.00": {"activatedMoleculePct": 0.9735256142190792, "activatedTokens": {"c": 2928917, "C": 2791260, "O": 866879, "N": 775018, "n": 499765, "1": 390382, "2": 317158, "[C@H]": 217433, "=": 127790, "F": 120927, "[C@@H]": 110360, "3": 90277, "others": 88304, "S": 76780, "o": 67058, "-": 63659, "[nH]": 43287, "#": 35643, "Cl": 33129, "s": 32435, "4": 30421, "[N+]": 29433, "Br": 18800, "[C@@]": 18072}}}