{"0.20": {"activatedMoleculePct": 0.13439473046279093, "activatedTokens": {"N": 67712, "O": 51501, "[C@@H]": 21784, "[C@H]": 14144, "S": 10288, "C": 7737, "F": 3434, "Cl": 1991, "others": 1482, "n": 950, "Br": 899, "1": 819, "[N-]": 719, "[C@]": 679, "[C@@]": 517, "[S@]": 399, "#": 380}}, "0.00": {"activatedMoleculePct": 0.263200757561887, "activatedTokens": {"O": 127181, "N": 98274, "[C@@H]": 38249, "C": 32182, "[C@H]": 24710, "S": 15476, "1": 14565, "n": 11240, "c": 9481, "=": 5186, "F": 4858, "#": 3542, "others": 3492, "Cl": 2444, "[C@]": 1731, "[nH]": 1731, "[C@@]": 1278, "o": 1117, "Br": 984, "/": 919, "(": 808, "[N-]": 764, "2": 638, "[S@]": 598}}}