{"0.20": {"activatedMoleculePct": 0.9999641139477368, "activatedTokens": {"C": 11393463, "c": 8719497, "1": 3225791, "O": 2777223, ")": 2315636, "2": 2277233, "N": 2211749, "=": 1432649, "(": 1348099, "n": 1130046, "3": 878487, "[C@@H]": 539877, "[C@H]": 502688, "F": 421185, "others": 339919, "4": 166779, "-": 147604, "S": 134051, "o": 113192, "Cl": 112105, "s": 109722}}, "0.00": {"activatedMoleculePct": 0.9999816907896616, "activatedTokens": {"C": 13053014, "c": 10088876, ")": 5923218, "(": 5402699, "1": 4034392, "O": 3282560, "N": 2632591, "2": 2629004, "=": 2327246, "n": 1574095, "3": 992664, "[C@H]": 746622, "[C@@H]": 745422, "F": 536493, "others": 521955, "S": 212061, "4": 197657, "-": 178258, "Cl": 169123, "o": 159964, "s": 153477}}}