{"0.20": {"activatedMoleculePct": 0.048354624503728856, "activatedTokens": {"(": 59404, "=": 40981, "C": 24878, ")": 24861, "S": 15493, "N": 12348, "1": 1689, "2": 1229, "O": 1136, "others": 1083}}, "0.00": {"activatedMoleculePct": 0.16811443695882552, "activatedTokens": {"(": 266022, "=": 174789, "O": 79365, "C": 67653, "S": 61922, ")": 56048, "N": 37526, "F": 14028, "others": 7620, "2": 6997, "1": 5470, "[N+]": 4938, "c": 3550}}}