{"0.20": {"activatedMoleculePct": 0.36180464365516285, "activatedTokens": {"C": 808932, "c": 40105, "others": 7718, "o": 6782, "s": 5158}}, "0.00": {"activatedMoleculePct": 0.6359045079472958, "activatedTokens": {"C": 1598397, "c": 292241, "o": 18879, "others": 16279, "s": 13215, "N": 6632, "S": 6470, "(": 5014, "n": 4597}}}