{"0.20": {"activatedMoleculePct": 0.6841412211364454, "activatedTokens": {"O": 1367145, "others": 160}}, "0.00": {"activatedMoleculePct": 0.8348882735366729, "activatedTokens": {"O": 1951150, "others": 9567}}}