{"0.20": {"activatedMoleculePct": 2.3435789233159005e-05, "activatedTokens": {".": 25, "3": 2, "N": 2, "C": 1, "2": 1, ")": 1, "others": 0}}, "0.00": {"activatedMoleculePct": 0.0037922036452905416, "activatedTokens": {")": 1483, "=": 911, "2": 583, "1": 483, "c": 479, "(": 418, "C": 250, ".": 205, "N": 172, "n": 58, "[C@H]": 53, "others": 52, "[C@@H]": 50, "3": 47, "O": 45, "[C@@]": 21, "\\": 14}}}