{"0.20": {"activatedMoleculePct": 0.49892378461630854, "activatedTokens": {"C": 698438, "(": 257410, "N": 238528, "c": 157970, "n": 142354, ")": 115808, "O": 104621, "[C@H]": 85221, "[C@@H]": 80446, "1": 65304, "=": 44200, "2": 41237, "-": 33295, "others": 21556, "S": 14252, "3": 14127, "F": 8792, "[nH]": 7578, "s": 7204, "o": 6962, "#": 6408, "[N+]": 5466, "/": 5430}}, "0.00": {"activatedMoleculePct": 0.9245140552484084, "activatedTokens": {"C": 2583916, "(": 1445808, ")": 1307976, "N": 718135, "c": 512610, "n": 322662, "1": 320586, "O": 312080, "2": 240448, "[C@@H]": 176996, "=": 171023, "[C@H]": 170554, "F": 100693, "-": 90670, "others": 85128, "3": 75512, "S": 53310, "Cl": 25801, "o": 22479, "[N+]": 20251, "s": 19493, "4": 17667, "/": 17025}}}