{"0.20": {"activatedMoleculePct": 0.12765767342667125, "activatedTokens": {"Cl": 168041, "Br": 30663, "others": 1038}}, "0.00": {"activatedMoleculePct": 0.15913267073521734, "activatedTokens": {"Cl": 176669, "Br": 57673, "-": 3954, "I": 2850, "F": 2262, "others": 2237, "[N+]": 2006, "s": 1422, "2": 1037, "C": 660, "(": 375}}}