{"0.20": {"activatedMoleculePct": 0.257509522620297, "activatedTokens": {"C": 248063, "c": 61020, "O": 22519, "2": 16930, "S": 15889, "-": 13641, "=": 10505, "s": 8148, "1": 7492, "(": 7194, "o": 7153, "3": 6877, "n": 5170, "[C@H]": 4524, "others": 3361, "[nH]": 3259, "N": 3194, "[C@@H]": 3155, ")": 2260, "4": 1546}}, "0.00": {"activatedMoleculePct": 0.640014559484061, "activatedTokens": {"C": 829456, "c": 254812, "(": 211796, "O": 83749, "=": 72551, "2": 65156, "1": 60706, "-": 32163, "S": 31958, ")": 29280, "3": 24851, "o": 18506, "s": 16637, "n": 15057, "[C@H]": 13047, "N": 12695, "Cl": 12341, "others": 12230, "[nH]": 10906, "[C@@H]": 8932, "F": 8709}}}