{"0.20": {"activatedMoleculePct": 0.16132904360741246, "activatedTokens": {"C": 338859, "(": 136854, "N": 113979, "c": 81167, "=": 63905, "1": 55894, "O": 54762, "[C@H]": 35949, "2": 35607, "[C@@H]": 33991, "n": 18682, "3": 9891, "others": 9397, ")": 7794, "S": 6751, "F": 5757, "s": 3719, "-": 3057, "#": 2476, "[C@@]": 2451, "o": 2351, "[C@]": 2011, "4": 1749}}, "0.00": {"activatedMoleculePct": 0.7133012018898035, "activatedTokens": {"C": 1811092, "(": 1031907, "c": 896299, "1": 603998, "N": 404841, "O": 401985, "=": 401178, "2": 306106, "n": 148553, "[C@H]": 125310, "[C@@H]": 115353, ")": 101851, "3": 79759, "F": 69346, "others": 59564, "S": 31042, "-": 27224, "s": 25348, "o": 20714, "4": 14667, "Cl": 14168, "[nH]": 12961}}}