{"0.20": {"activatedMoleculePct": 0.4090944044856101, "activatedTokens": {"O": 771983, "others": 194}}, "0.00": {"activatedMoleculePct": 0.7729980160139678, "activatedTokens": {"O": 1848470, "others": 10054}}}