{"0.20": {"activatedMoleculePct": 0.0047149878463461775, "activatedTokens": {"C": 1712, "c": 634, "n": 493, "s": 477, "/": 405, "1": 385, "[C@H]": 375, "\\": 365, "O": 336, "[C@@H]": 311, "=": 307, "N": 257, "[nH]": 218, "3": 210, ")": 115, "Cl": 96, "5": 91, "others": 66, "2": 50, ".": 40, "7": 39, "I": 23, "4": 22, "#": 22, "S": 20}}, "0.00": {"activatedMoleculePct": 0.025837225261144268, "activatedTokens": {"C": 8970, "c": 6138, "1": 3747, "=": 3012, "n": 2399, "s": 2350, ")": 1776, "N": 1495, "O": 1359, "3": 1268, "[C@@H]": 1248, "[C@H]": 1223, "/": 1148, "[nH]": 1147, "\\": 767, "2": 665, "others": 332, "Cl": 291, "5": 243, ".": 180, "4": 145, "7": 99}}}