{"0.20": {"activatedMoleculePct": 0.4655526854851172, "activatedTokens": {"c": 1491524, "others": 3030}}, "0.00": {"activatedMoleculePct": 0.726364457282049, "activatedTokens": {"c": 3127794, "others": 26249, "n": 9965, "C": 9574}}}