{"0.20": {"activatedMoleculePct": 0.012841347762944062, "activatedTokens": {"C": 5220, "O": 3153, "N": 2140, "2": 1404, "n": 1188, "(": 1070, "1": 1036, "=": 898, "c": 598, "3": 518, "[C@@H]": 318, "F": 241, "S": 228, "-": 173, "others": 153, "4": 151, "o": 133, "5": 124, "7": 73, "6": 54, ".": 43}}, "0.00": {"activatedMoleculePct": 0.04463199585772425, "activatedTokens": {"C": 18078, "O": 12832, "N": 6961, "(": 5521, "2": 5016, "1": 3944, "n": 3216, "c": 2606, "=": 2330, "3": 2298, "[C@@H]": 870, "F": 745, "-": 646, "S": 591, "others": 580, "4": 430, "o": 416, ")": 349, "5": 323, "7": 128}}}