{"0.20": {"activatedMoleculePct": 0.1693235772095738, "activatedTokens": {"=": 260130, "others": 2177}}, "0.00": {"activatedMoleculePct": 0.5617602621293025, "activatedTokens": {"=": 1085645, "others": 9568, "1": 4837, "C": 4742}}}