{"0.20": {"activatedMoleculePct": 0.005597491784657321, "activatedTokens": {"C": 1729, "c": 1135, "1": 843, "=": 823, "N": 516, "O": 493, "(": 426, "2": 418, "n": 403, "[O-]": 302, "[C@H]": 232, "4": 202, "[C@@H]": 184, "[nH]": 182, "S": 173, "others": 83, "#": 68, "[C@@]": 65, "3": 56, "Br": 51, "6": 49, "-": 47, "F": 32, "[C@]": 12, "8": 11}}, "0.00": {"activatedMoleculePct": 0.022012065037244597, "activatedTokens": {"=": 5382, "C": 5188, "1": 4991, "c": 4628, "O": 2485, "(": 1811, "2": 1766, "N": 1522, "n": 1214, "[O-]": 910, "4": 706, "[C@H]": 606, "[C@@H]": 461, "[nH]": 431, "S": 416, "others": 314, "3": 299, "[C@@]": 193, "#": 191, "Br": 166, "F": 96, "-": 88}}}