{"0.20": {"activatedMoleculePct": 0.489369306293315, "activatedTokens": {"1": 452825, "2": 316010, "3": 105607, "c": 40673, "F": 31426, "C": 25515, "4": 18226, "n": 15115, "Cl": 12513, "others": 9463, "O": 7749, "s": 5546, "Br": 4278, "N": 3991, "[C@H]": 3701, "-": 3594, "o": 3343, "[C@@H]": 3135, "5": 2532}}, "0.00": {"activatedMoleculePct": 0.9043072783505306, "activatedTokens": {"1": 1268003, "2": 843576, "3": 307298, "c": 293479, "C": 219814, "F": 133962, "n": 92912, "O": 64447, "4": 57122, "Cl": 38620, "others": 30937, "N": 27387, "s": 24953, "-": 22427, "[C@H]": 20015, "o": 18438, "[C@@H]": 17157, "(": 15909, "S": 13673, "Br": 13547, "[N+]": 7055, "5": 6977}}}