{"0.20": {"activatedMoleculePct": 0.002616019973151374, "activatedTokens": {"O": 903, "(": 671, "=": 409, ")": 342, "N": 297, "C": 270, "n": 199, "2": 129, "[C@H]": 111, "1": 98, "5": 51, "3": 47, "c": 47, "others": 37, "4": 28, "[C@]": 25, "o": 17, "[S@@]": 15, "[C@@H]": 15, "S": 10}}, "0.00": {"activatedMoleculePct": 0.007342725714114131, "activatedTokens": {")": 2315, "O": 2089, "(": 2057, "N": 719, "C": 708, "=": 688, "n": 464, "2": 324, "[C@H]": 247, "1": 183, "c": 165, "3": 124, "5": 102, "others": 97, "4": 79, "o": 44, "[C@]": 43, "[C@@H]": 31, "[S@@]": 28, "S": 23}}}