{"0.20": {"activatedMoleculePct": 0.5453596038765725, "activatedTokens": {"C": 648744, "(": 435972, "-": 33383, "2": 28392, "3": 8427, "others": 7728, "[C@@H]": 5779, "[C@H]": 4442, "c": 4048}}, "0.00": {"activatedMoleculePct": 0.891889971899024, "activatedTokens": {"C": 1703684, "(": 1176185, "2": 75653, "-": 59201, "c": 40312, "3": 27154, "others": 25869, "=": 19955, "[C@@H]": 14950, "[C@H]": 12661, "4": 10106, "N": 5864}}}