{"0.20": {"activatedMoleculePct": 0.35303013769258546, "activatedTokens": {"n": 434433, "O": 88009, "C": 79068, "others": 5722, "c": 5154, "N": 2750}}, "0.00": {"activatedMoleculePct": 0.5684658273236401, "activatedTokens": {"n": 640797, "C": 236339, "O": 189091, "c": 73363, "N": 10778, "others": 10107, "o": 7238, "(": 6738, ")": 4738, "=": 4117, "[C@@H]": 3443, "[nH]": 2173}}}