{"0.20": {"activatedMoleculePct": 0.08421504387252982, "activatedTokens": {"o": 118394, "others": 707}}, "0.00": {"activatedMoleculePct": 0.11622174064930318, "activatedTokens": {"o": 144996, "[nH]": 10287, "[O-]": 6283, "s": 3537, "others": 1179, "O": 491}}}