{"0.20": {"activatedMoleculePct": 0.9636195990575883, "activatedTokens": {"C": 2515286, "c": 2289727, "(": 702315, "N": 518874, "O": 423650, "2": 401333, ")": 386516, "n": 375324, "3": 339287, "=": 259426, "F": 217126, "[C@H]": 150500, "[C@@H]": 125749, "1": 103536, "others": 90095, "4": 82208, "Cl": 71480, "-": 61639, "[nH]": 39642, "S": 34342, "s": 34025, "#": 24027, "Br": 22754, "/": 22530}}, "0.00": {"activatedMoleculePct": 0.9997041231609314, "activatedTokens": {"C": 5868732, "c": 5020334, "(": 2752306, ")": 2462254, "O": 1522951, "N": 1244044, "=": 1203695, "2": 850893, "n": 794178, "1": 730024, "3": 474352, "F": 345141, "[C@H]": 342611, "[C@@H]": 311593, "others": 227027, "Cl": 114768, "-": 101716, "4": 100678, "S": 76246, "s": 73856, "[nH]": 71249, "o": 52666}}}