{"0.20": {"activatedMoleculePct": 0.051174975264256836, "activatedTokens": {"[C@H]": 46593, "1": 16569, "[C@@H]": 15209, "2": 14285, "3": 2777, "[C@@]": 1279, "c": 861, "C": 673, "others": 568}}, "0.00": {"activatedMoleculePct": 0.15379956394784658, "activatedTokens": {"2": 79955, "1": 78832, "[C@H]": 76443, "[C@@H]": 39840, "C": 28278, "3": 18455, "c": 17263, "=": 10725, "n": 3313, "others": 3011, "(": 2625, "[C@@]": 2614, ")": 1524, "[C@]": 1347, "4": 967}}}