{"0.20": {"activatedMoleculePct": 0.45222724220082566, "activatedTokens": {"1": 386736, "2": 240713, "3": 100962, "4": 24720, "others": 3432}}, "0.00": {"activatedMoleculePct": 0.8078990327610363, "activatedTokens": {"1": 945452, "2": 526882, "3": 206238, "4": 45917, "others": 8879}}}