{"0.20": {"activatedMoleculePct": 0.15104512634453687, "activatedTokens": {"C": 84544, "c": 78542, "[C@H]": 66565, "(": 40893, "2": 25531, "[C@@H]": 16762, "O": 12939, "1": 11555, "n": 10202, "N": 8784, "3": 7921, "4": 3649, "others": 3265}}, "0.00": {"activatedMoleculePct": 0.39324521964827275, "activatedTokens": {"c": 494623, "C": 252928, "2": 160486, "[C@H]": 101614, "(": 84309, "1": 61968, "3": 52993, "O": 45379, "n": 42603, "[C@@H]": 41996, "N": 26924, "4": 20521, "others": 13559, "F": 8096, ")": 5037}}}