{"0.20": {"activatedMoleculePct": 0.12533460081893436, "activatedTokens": {"c": 210411, "n": 65805, "C": 20669, "[nH]": 10334, "O": 4841, "o": 4428, "N": 4355, "others": 3270, "s": 3235, "=": 3204, ")": 1992, "Cl": 1630, "F": 1481, "[C@@H]": 1253, "[C@H]": 1233}}, "0.00": {"activatedMoleculePct": 0.31968247435062724, "activatedTokens": {"c": 485887, "C": 141565, "n": 125274, "N": 62450, ")": 55197, "O": 33382, "(": 24056, "=": 20014, "[nH]": 14225, "[C@H]": 13998, "F": 13511, "[C@@H]": 13470, "others": 8389, "-": 7975, "o": 7951, "s": 7208, "S": 6240, "2": 5525, "Cl": 2672, "3": 2425}}}