{"0.20": {"activatedMoleculePct": 0.9596157409407858, "activatedTokens": {"O": 3456409, "others": 605}}, "0.00": {"activatedMoleculePct": 0.9631647982727823, "activatedTokens": {"O": 3456453, "others": 33896}}}