{"0.20": {"activatedMoleculePct": 0.483221805830092, "activatedTokens": {")": 945457, "others": 2107}}, "0.00": {"activatedMoleculePct": 0.8821707106829848, "activatedTokens": {")": 2862957, "others": 24637}}}