{"0.20": {"activatedMoleculePct": 0.19366017959138238, "activatedTokens": {"c": 216693, "C": 107872, "2": 55703, "n": 37649, "3": 20950, "O": 15415, "[C@@H]": 14077, "1": 11213, "4": 6030, "others": 4040, "[C@@]": 3650, "[C@]": 3557, "[nH]": 2871, "o": 2765, "[C@H]": 2258, "N": 1749}}, "0.00": {"activatedMoleculePct": 0.3798575250488307, "activatedTokens": {"c": 467260, "C": 228931, "2": 201397, "3": 87243, "1": 76155, "n": 67947, "[C@@H]": 32792, "O": 27027, "4": 23037, "[C@H]": 17672, "(": 13654, "others": 12370, "[C@@]": 8731, "[C@]": 8350, "[nH]": 8330, "=": 6082, "o": 5258, "N": 4408}}}