{"0.20": {"activatedMoleculePct": 0.13267732653304848, "activatedTokens": {"c": 200688, "others": 908}}, "0.00": {"activatedMoleculePct": 0.2653524559608564, "activatedTokens": {"c": 502670, "C": 5816, "others": 4857, "=": 2510, "(": 1839, "[C@H]": 1512}}}