{"0.20": {"activatedMoleculePct": 0.23445310022534976, "activatedTokens": {")": 371157, "others": 608}}, "0.00": {"activatedMoleculePct": 0.7337687019429001, "activatedTokens": {")": 1822125, "others": 11999}}}