{"0.20": {"activatedMoleculePct": 0.1417037672298824, "activatedTokens": {"F": 208065, "S": 6486, "#": 3430, "others": 2002}}, "0.00": {"activatedMoleculePct": 0.23996124306355565, "activatedTokens": {"F": 389388, "#": 29580, "N": 11708, "O": 10440, "S": 10325, "others": 4441, "/": 3317, "Br": 1360, "[O-]": 1112, "Cl": 907}}}