{"0.20": {"activatedMoleculePct": 0.004090277589599783, "activatedTokens": {"C": 1553, "N": 1162, "O": 751, ")": 369, "Br": 331, "c": 305, "=": 295, "(": 146, "#": 127, "o": 123, "Cl": 89, "[C@H]": 73, "I": 71, "n": 60, "2": 55, "others": 55, ".": 48, "1": 31, "[N+]": 26, "[n+]": 18, "S": 11, "[Si]": 9, "F": 8, "[C@@H]": 8, "[C@@]": 7}}, "0.00": {"activatedMoleculePct": 0.011075607517908238, "activatedTokens": {"C": 3862, ")": 2605, "N": 2391, "O": 1781, "c": 911, "Br": 843, "(": 694, "=": 591, "Cl": 335, "#": 283, "o": 263, "2": 203, "[C@H]": 177, "n": 161, "others": 144, "1": 117, "I": 110, ".": 60, "[N+]": 39, "[n+]": 30, "S": 24, "[C@@H]": 18}}}