{"0.20": {"activatedMoleculePct": 0.4157941107326394, "activatedTokens": {"N": 644594, "S": 5364, "others": 5259, "O": 4640, "[C@@H]": 3196}}, "0.00": {"activatedMoleculePct": 0.7233969004704003, "activatedTokens": {"N": 1316618, "O": 31226, "[C@@H]": 23682, "[C@H]": 20202, "S": 19858, "others": 13383, "c": 13064, "C": 9551, "F": 7985, "=": 6140}}}