{"0.20": {"activatedMoleculePct": 0.010609821206899203, "activatedTokens": {"C": 5349, "N": 2412, "c": 1585, "1": 1281, "(": 869, "S": 490, "n": 446, "3": 409, "[C@@H]": 377, "O": 329, "o": 297, "[C@H]": 271, "#": 222, "=": 216, "5": 161, "others": 152, "[n+]": 100, "Br": 86, "7": 85, "[N+]": 60, "F": 53, ".": 52, "9": 44, "-": 25, "[NH+]": 25, "[C-]": 23, "I": 22, "2": 15}}, "0.00": {"activatedMoleculePct": 0.03586994015817693, "activatedTokens": {"C": 21968, "c": 6756, "N": 6111, "1": 4336, "(": 3275, "3": 1629, "n": 1557, "[C@@H]": 1194, "=": 1080, "o": 1078, "S": 1029, "O": 869, "[C@H]": 831, "#": 700, "5": 505, "others": 505, "Br": 323, "F": 176, "7": 159, "[n+]": 157, "[N+]": 124, "2": 86, ".": 69}}}