{"0.20": {"activatedMoleculePct": 0.24457150222676616, "activatedTokens": {"C": 256300, "=": 96982, "1": 73000, "(": 62562, "2": 27200, "[C@@H]": 22509, ")": 18995, "3": 10668, "N": 7384, "[C@H]": 6031, "others": 5520, "[C@]": 3645, "O": 1881}}, "0.00": {"activatedMoleculePct": 0.6932760523584827, "activatedTokens": {"C": 512166, "1": 426898, ")": 368034, "2": 209402, "(": 166001, "=": 161287, "3": 82745, "N": 62027, "[C@@H]": 59998, "O": 26218, "[C@H]": 24529, "others": 15808, "c": 15242, "4": 9552, "[C@]": 8378}}}