{"0.20": {"activatedMoleculePct": 0.22779587134630552, "activatedTokens": {"C": 406166, "others": 2344}}, "0.00": {"activatedMoleculePct": 0.5988693696431828, "activatedTokens": {"C": 1358760, "c": 17875, "N": 13477, "others": 12241, "O": 9970, "[C@@H]": 4866, "-": 4360, "n": 4057, "F": 2923}}}