{"0.20": {"activatedMoleculePct": 0.9592810485757998, "activatedTokens": {"(": 4020466, "others": 76}}, "0.00": {"activatedMoleculePct": 0.965101180358172, "activatedTokens": {"(": 4134648, "others": 13899}}}