{"0.20": {"activatedMoleculePct": 0.1686073209011354, "activatedTokens": {"C": 394923, "O": 10107, "=": 3775, "others": 2974, "[C@@H]": 2596, "[C@H]": 1715}}, "0.00": {"activatedMoleculePct": 0.5168214039063066, "activatedTokens": {"C": 1235027, "O": 56698, "[C@@H]": 33073, "[C@H]": 24195, "=": 21452, ")": 20188, "others": 13021, "c": 11318, "N": 8889, "3": 8232, "1": 7550, "n": 6135, "2": 3005, "(": 2816, "o": 2386, ".": 2126, "-": 1840}}}