{"0.20": {"activatedMoleculePct": 0.16228405201866367, "activatedTokens": {"o": 120691, "[nH]": 91684, "O": 22972, "[C@H]": 1475, "others": 1432}}, "0.00": {"activatedMoleculePct": 0.23028738868915574, "activatedTokens": {"o": 151057, "[nH]": 126866, "O": 41464, "[C@H]": 8187, "[C@@H]": 5651, "S": 4509, "C": 4095, "others": 2909, "N": 2377, "c": 2333, "s": 1062, "\\": 681}}}