{"0.20": {"activatedMoleculePct": 0.5731866741172946, "activatedTokens": {"=": 1166006, "others": 112}}, "0.00": {"activatedMoleculePct": 0.7927609776532426, "activatedTokens": {"=": 1834833, "others": 6352}}}