{"0.20": {"activatedMoleculePct": 0.2749845653356847, "activatedTokens": {"N": 149913, "c": 79381, "C": 59580, ")": 45590, "n": 28714, "s": 18952, "[C@H]": 13480, "S": 12918, "=": 12715, "(": 11450, "O": 11267, "Cl": 10309, "Br": 7674, "[C@@H]": 7486, "others": 4493, "2": 3087, "F": 2951, "3": 1867, "1": 1371, "[nH]": 1139, "#": 1047, "-": 976}}, "0.00": {"activatedMoleculePct": 0.7000511925521061, "activatedTokens": {")": 551725, "c": 499749, "N": 252842, "C": 201614, "O": 125448, "(": 96385, "n": 90717, "=": 45340, "s": 44531, "Cl": 33324, "[C@H]": 26863, "S": 25417, "Br": 23952, "others": 16786, "2": 16062, "[C@@H]": 14063, "3": 8893, "1": 8141, "-": 7573, "F": 7077, "#": 6752, "[nH]": 5820}}}