{"0.20": {"activatedMoleculePct": 0.0650921722266856, "activatedTokens": {"O": 90214, "N": 1620, "others": 651}}, "0.00": {"activatedMoleculePct": 0.10678004706199426, "activatedTokens": {"O": 152432, "N": 7079, "S": 1399, "others": 1286, "o": 957}}}