{"0.20": {"activatedMoleculePct": 0.36584658492946925, "activatedTokens": {"c": 880527, "s": 9331, "others": 4020}}, "0.00": {"activatedMoleculePct": 0.6274280759290276, "activatedTokens": {"c": 1695710, "s": 26748, "n": 20809, "others": 17277, "o": 14049, "[nH]": 9244}}}