{"0.20": {"activatedMoleculePct": 0.20786739444557148, "activatedTokens": {"C": 174023, "n": 102350, "c": 90914, "[C@H]": 29376, "2": 24330, "3": 19709, "s": 16648, "1": 15405, "o": 13783, "[C@@H]": 12530, "[nH]": 11867, "O": 6509, "others": 5084, "=": 2481, "N": 2382, "4": 1503, "[C@@]": 1228, "[C@]": 1132, "S": 1049, "Cl": 861, "(": 850}}, "0.00": {"activatedMoleculePct": 0.6019423875063807, "activatedTokens": {"C": 646714, "c": 417454, "1": 277185, "n": 267577, "2": 164973, "3": 67809, "[C@H]": 54021, "o": 39821, "s": 39155, "O": 35809, "[C@@H]": 33041, ")": 25414, "=": 23890, "[nH]": 21561, "others": 20088, "N": 19220, "(": 18956, "F": 9838, "4": 9612, "Cl": 8193, "S": 5426, "/": 3263, "Br": 3077}}}