{"0.20": {"activatedMoleculePct": 0.08661867700575568, "activatedTokens": {"C": 74287, "2": 58076, "3": 27200, "[C@H]": 10970, "[C@@H]": 9335, "4": 4785, "[C@]": 2455, "[C@@]": 1964, "O": 1610, "others": 1172, "1": 989}}, "0.00": {"activatedMoleculePct": 0.25789328366899, "activatedTokens": {"C": 332280, "2": 124195, "3": 60085, "[C@H]": 35260, "[C@@H]": 32493, "1": 26904, "4": 13876, "(": 8365, "O": 7624, "N": 5764, "[C@]": 5495, "others": 5278, "[C@@]": 4459, "c": 2686, "5": 1649}}}