{"0.20": {"activatedMoleculePct": 0.1592088370502251, "activatedTokens": {"1": 120578, "2": 77840, "3": 30747, "4": 5962, "others": 1800, "#": 1722}}, "0.00": {"activatedMoleculePct": 0.31380595020041263, "activatedTokens": {"1": 256880, "2": 168433, "3": 63329, "4": 12734, "=": 9104, "others": 4621, "#": 3589, "(": 2822, "N": 2451, "/": 1637, "C": 1433, "[C@@H]": 1337, "5": 1270, "F": 980}}}