{"0.20": {"activatedMoleculePct": 0.005939507833778735, "activatedTokens": {"C": 2676, "O": 872, "=": 655, "[C@H]": 623, "c": 622, "2": 611, "n": 555, "#": 353, "[C@@H]": 343, "Cl": 186, "-": 182, "4": 165, "\\": 130, "[O-]": 117, "N": 81, "others": 74, "Br": 65, "1": 64, "(": 61, "/": 45, ")": 31, "s": 30, "3": 20, "[n+]": 16, "I": 16, "S": 14}}, "0.00": {"activatedMoleculePct": 0.03292874860941548, "activatedTokens": {"C": 13247, "=": 10197, "O": 6583, "c": 3193, "2": 2825, "[C@H]": 2450, "n": 2387, "[C@@H]": 1557, "#": 1166, "-": 897, "N": 659, "\\": 594, ")": 588, "4": 571, "(": 499, "Cl": 435, "1": 399, "[O-]": 382, "others": 358, "s": 232, "3": 180, "/": 161, "Br": 145}}}