{"0.20": {"activatedMoleculePct": 0.4236304527574769, "activatedTokens": {"c": 1138655, "n": 49177, "C": 28034, "others": 12340, "s": 6823, "[nH]": 5351, "O": 5165, "o": 3764, "[C@H]": 2576}}, "0.00": {"activatedMoleculePct": 0.7819014188173276, "activatedTokens": {"c": 2957235, "n": 170640, "C": 169972, "O": 35153, "others": 34972, "s": 23557, "2": 22890, "[nH]": 22446, ")": 18590, "(": 17281, "o": 15959, "[C@H]": 14949, "N": 9248, "=": 9035}}}