{"0.20": {"activatedMoleculePct": 0.3023209487393376, "activatedTokens": {")": 470737, "others": 1058}}, "0.00": {"activatedMoleculePct": 0.5662094002415351, "activatedTokens": {")": 1280688, "others": 11765, "=": 2739, "C": 2642, "c": 2520}}}