{"0.20": {"activatedMoleculePct": 0.6463158573141268, "activatedTokens": {")": 789654, "1": 411803, "c": 318619, "2": 304954, "C": 221532, "3": 94555, "n": 66888, "O": 45579, "F": 30923, "=": 29911, "Cl": 22817, "others": 22244, "4": 20330, "s": 12805, "o": 8344, "#": 7982, "[C@@H]": 7348, "Br": 7346, "[C@H]": 6766}}, "0.00": {"activatedMoleculePct": 0.9738405326368998, "activatedTokens": {")": 3532487, "1": 1214201, "c": 1059251, "C": 856193, "2": 827030, "3": 287672, "n": 223036, "O": 210657, "=": 175485, "F": 135489, "others": 87184, "Cl": 63644, "4": 57070, "o": 33339, "s": 32180, "[C@@H]": 29149, "[C@H]": 27394, "#": 22092, "(": 18770}}}