{"0.20": {"activatedMoleculePct": 0.30929382840461594, "activatedTokens": {"n": 263709, "N": 92063, "O": 65286, "F": 25487, "Cl": 11025, "[nH]": 10984, "c": 9293, "o": 9278, "=": 8151, "S": 7353, "C": 5944, "#": 5734, "s": 5511, "Br": 5183, "others": 4893, "2": 2691, "\\": 2235, "3": 1652}}, "0.00": {"activatedMoleculePct": 0.8105011377343304, "activatedTokens": {"n": 686032, "N": 592902, "O": 272698, "c": 265294, "F": 118785, "C": 118423, "=": 72065, "Cl": 59438, "[nH]": 54727, "o": 49410, "s": 38128, "#": 29402, "2": 26685, "S": 26557, "others": 21584, "[O-]": 15005, "Br": 14542, "3": 13706, ")": 11324, "\\": 8071, "/": 7372}}}