{"0.20": {"activatedMoleculePct": 0.5873960860767243, "activatedTokens": {"(": 1058557, "others": 1292}}, "0.00": {"activatedMoleculePct": 0.8368671329900479, "activatedTokens": {"(": 1984766, "others": 16979, "N": 3607}}}