{"0.20": {"activatedMoleculePct": 0.2030388894951272, "activatedTokens": {"O": 301699, "others": 2931}}, "0.00": {"activatedMoleculePct": 0.35263465874927585, "activatedTokens": {"O": 542651, "S": 7177, "F": 5605, "others": 4668, "Cl": 3474, "2": 3453, "=": 3380, "#": 2224, "[C@@H]": 1121}}}