{"0.20": {"activatedMoleculePct": 0.3900557552073225, "activatedTokens": {"C": 391831, "c": 296710, "n": 109046, "[C@@H]": 28843, "[C@H]": 24025, "O": 17707, "o": 17429, "s": 15911, "[nH]": 13695, "=": 12316, "others": 7291, "N": 6360}}, "0.00": {"activatedMoleculePct": 0.6504332325350274, "activatedTokens": {"C": 700139, "c": 677087, "n": 230398, "O": 63501, "=": 55623, "[C@@H]": 49173, "[C@H]": 43321, "o": 31956, "F": 27715, "s": 26365, "[nH]": 23332, "(": 21951, "N": 20186, "others": 16868, ")": 8941, "Cl": 8274, "-": 4314, "4": 3819}}}