{"0.20": {"activatedMoleculePct": 0.417201722823456, "activatedTokens": {"C": 604791, "c": 544941, "n": 51221, "O": 31103, "others": 10742, "N": 9625, "[C@H]": 6446, "s": 3424}}, "0.00": {"activatedMoleculePct": 0.7708104315627351, "activatedTokens": {"c": 1681251, "C": 1357726, "n": 169187, "O": 75658, "N": 41954, "others": 26141, "[C@H]": 22991, "[nH]": 17078, "s": 12843, "2": 11041, "=": 10909, "S": 9310}}}