{"0.20": {"activatedMoleculePct": 0.1823450876022478, "activatedTokens": {"C": 366908, "N": 12631, "O": 6963, "c": 6391, "others": 4005, "=": 3861, "[C@@H]": 2590, "-": 2030, "[C@H]": 1660, "n": 1212, "/": 778}}, "0.00": {"activatedMoleculePct": 0.6304110124773606, "activatedTokens": {"C": 1513384, "N": 164501, "c": 123013, "O": 72899, "[C@@H]": 36776, "=": 32382, "n": 28078, "[C@H]": 21394, "others": 18198, "-": 15063, "S": 9742, ")": 9281, "2": 8925, "(": 8252, "F": 5594, "#": 4842, "3": 4708, "/": 4594, "s": 3942, "1": 3817}}}