{"0.20": {"activatedMoleculePct": 0.5252245990832212, "activatedTokens": {"=": 1140052, "others": 94}}, "0.00": {"activatedMoleculePct": 0.794942703157167, "activatedTokens": {"=": 1896101, "others": 8508}}}