{"0.20": {"activatedMoleculePct": 0.06901839929165327, "activatedTokens": {"c": 79000, "(": 57936, "2": 47596, "3": 24754, "n": 7859, "4": 7018, "1": 2071, "others": 1744, "[C@@H]": 1629, "5": 1297, "[nH]": 1053}}, "0.00": {"activatedMoleculePct": 0.1512179652901314, "activatedTokens": {"c": 207369, "(": 73425, "2": 55663, "3": 29861, "[nH]": 16326, "n": 16275, "[C@@H]": 13790, "C": 12172, "1": 9680, "4": 8419, "others": 4188, "[C@H]": 2344}}}