{"0.20": {"activatedMoleculePct": 0.7575062269624361, "activatedTokens": {"c": 1893678, "C": 858311, "N": 52694, "O": 33965, "others": 15366}}, "0.00": {"activatedMoleculePct": 0.8987398136708282, "activatedTokens": {"c": 3245244, "C": 1212713, "N": 87270, "O": 52351, "others": 40265, "1": 19291, "2": 16523, "S": 11811}}}