{"0.20": {"activatedMoleculePct": 0.21041896599833165, "activatedTokens": {"2": 106700, "1": 95618, "[C@H]": 49566, "3": 45313, "[C@@H]": 38168, "O": 23120, "N": 11943, "4": 9926, "=": 5644, "C": 3515, "c": 2989, "others": 2862, "S": 2581, "5": 1321, "(": 1247}}, "0.00": {"activatedMoleculePct": 0.4801780827034355, "activatedTokens": {"1": 275350, "2": 265977, "3": 115028, "[C@H]": 85993, "[C@@H]": 74217, "O": 64945, ")": 57470, "=": 52682, "N": 43718, "(": 39933, "C": 31305, "4": 26507, "c": 26374, "F": 11959, "others": 9957, "S": 8292, "s": 5445, "5": 4130, "[C@]": 2265}}}