{"0.20": {"activatedMoleculePct": 0.00408881285277271, "activatedTokens": {"C": 2542, "c": 1108, "=": 384, "-": 266, "1": 264, "S": 188, "n": 187, "F": 173, "Cl": 165, "O": 113, "(": 110, "3": 103, "N": 97, "#": 89, "/": 82, "[N+]": 73, "2": 67, "Br": 64, "others": 62, ".": 57, "[C@@H]": 46, "[C@H]": 34, "[C@]": 18}}, "0.00": {"activatedMoleculePct": 0.01344408696728437, "activatedTokens": {"C": 8435, "c": 4180, "=": 2267, "(": 1060, "-": 822, "1": 768, "n": 602, "Cl": 443, "F": 433, "S": 409, "O": 359, "3": 335, "N": 324, "2": 243, "#": 226, "others": 176, "Br": 150, "/": 148, "[N+]": 147, "[C@H]": 136, "[C@@H]": 131, ".": 62}}}