{"0.20": {"activatedMoleculePct": 0.8234040044440115, "activatedTokens": {"C": 1170613, "c": 870657, "(": 413015, "N": 379163, ")": 320140, "O": 300983, "1": 278202, "n": 217066, "=": 203382, "2": 177555, "[C@H]": 86891, "[C@@H]": 86473, "3": 74562, "F": 49438, "others": 40623, "-": 28547, "Cl": 23125, "S": 22200, "#": 17859, "4": 14400, "s": 11105, "[C@@]": 9051, "[N+]": 8598, "o": 8508}}, "0.00": {"activatedMoleculePct": 0.9946661608442157, "activatedTokens": {"C": 4262996, "c": 3616787, ")": 2739553, "(": 2535890, "1": 1462791, "O": 1345782, "=": 1152802, "N": 1000180, "2": 872887, "n": 630539, "3": 311885, "[C@@H]": 228642, "[C@H]": 222974, "F": 184770, "others": 180752, "Cl": 73828, "-": 71768, "S": 55095, "4": 54995, "s": 38800, "o": 37419}}}