{"0.20": {"activatedMoleculePct": 0.5792287135289684, "activatedTokens": {"N": 803274, "=": 249619, "O": 20835, "others": 9358, "F": 8823}}, "0.00": {"activatedMoleculePct": 0.8963925729054446, "activatedTokens": {"=": 1402993, "N": 1361659, "F": 77543, "O": 72777, "Cl": 37984, ")": 30080, "others": 28746, "C": 11401, "(": 9987, "n": 7663}}}