{"0.20": {"activatedMoleculePct": 0.22013676247754374, "activatedTokens": {"N": 137313, "C": 86100, "O": 36915, "n": 23761, "(": 22888, "[C@@H]": 22650, "[C@H]": 22056, "c": 22010, "S": 9189, "1": 8609, "=": 7378, "[nH]": 5627, "others": 3958, "s": 3006, "o": 2899, "-": 2237, "F": 2094, "Cl": 2069, ".": 1734, "[C@@]": 1517, "2": 1369, "[C@]": 1104, "Br": 726, ")": 471, "[N+]": 421}}, "0.00": {"activatedMoleculePct": 0.6089057463822831, "activatedTokens": {"C": 492731, "c": 299224, "N": 264067, "(": 150581, "O": 114708, "n": 85538, "1": 71390, "[C@H]": 65307, "=": 61166, "[C@@H]": 59332, "S": 28265, "F": 27586, "2": 20610, "s": 18612, ")": 18225, "others": 17832, "o": 17403, "[nH]": 16549, "Cl": 12315, "-": 11083, "[C@@]": 8225, "3": 7552, "[C@]": 6760, "#": 5745, ".": 5251, "\\": 4135}}}