{"0.20": {"activatedMoleculePct": 0.14661063560057505, "activatedTokens": {"C": 219317, "N": 8637, "c": 3176, "others": 2179}}, "0.00": {"activatedMoleculePct": 0.3494547150977016, "activatedTokens": {"C": 533637, "1": 68263, "N": 51089, "c": 29812, ")": 28373, "-": 8257, "others": 6435, "2": 5496, "F": 4863, "[C@H]": 1521, "n": 1061}}}