{"0.20": {"activatedMoleculePct": 0.0036215618049366023, "activatedTokens": {"c": 1374, "C": 1077, "[C@H]": 690, "O": 351, "o": 309, "[C@@H]": 294, "2": 180, "1": 165, "(": 109, "F": 107, "n": 83, "3": 74, "s": 68, "N": 60, "others": 50, "4": 44, "S": 40, "[C@@]": 20, "5": 16, "[Si]": 14, "7": 11, ".": 6, "6": 6, "=": 5, "P": 5, "[C@]": 5, "I": 4}}, "0.00": {"activatedMoleculePct": 0.014151554854760358, "activatedTokens": {"c": 6385, "C": 3359, "[C@H]": 1829, "o": 1395, "1": 1158, "O": 1083, "(": 968, "2": 967, "[C@@H]": 748, "3": 512, "F": 366, "n": 308, "s": 290, "4": 241, "N": 229, ")": 213, "others": 191, "S": 133, "5": 82, "[C@@]": 60, "=": 41, ".": 39, "[Si]": 38}}}