{"0.20": {"activatedMoleculePct": 0.7688762465825859, "activatedTokens": {"C": 901573, "N": 845665, "c": 211018, "[C@H]": 193088, "O": 172235, "[C@@H]": 164927, "-": 97041, "n": 69712, "S": 44264, "=": 34270, "others": 23785, "/": 15313, "[C@@]": 14706, "#": 14593, "[C@]": 13211, "s": 11526, "Cl": 9587, "[nH]": 8561, "o": 8196, "F": 4881}}, "0.00": {"activatedMoleculePct": 0.9831284288573662, "activatedTokens": {"C": 3134713, "N": 1699437, "c": 1141308, "O": 501715, "[C@H]": 412164, "[C@@H]": 360700, "n": 355912, "-": 159376, "=": 136455, "S": 110806, "others": 68698, "Cl": 53650, "F": 45812, "#": 41081, "1": 39089, "/": 36654, "o": 35177, "s": 34204, "[nH]": 29223, "[C@@]": 27118, "[C@]": 24818, "2": 24792, ")": 22425, "Br": 17362}}}