{"0.20": {"activatedMoleculePct": 0.42262198145203755, "activatedTokens": {"C": 1180720, "others": 11324, "c": 4888, "O": 4337}}, "0.00": {"activatedMoleculePct": 0.8089031098559945, "activatedTokens": {"C": 3186688, "c": 142665, "others": 31499, "O": 26626, "s": 22477, "N": 18637, "o": 12350, "2": 12107, "[nH]": 9504, "[C@@H]": 8958, ")": 4873}}}