{"0.20": {"activatedMoleculePct": 0.4806695019089183, "activatedTokens": {"c": 418312, "C": 344923, "(": 108017, "N": 38289, "1": 35408, "[C@@H]": 28046, "[C@H]": 17793, "O": 14160, "2": 13600, "n": 11593, "others": 9965, "S": 8552, "#": 4519, "3": 4200, "=": 3190, "F": 2839, "[N+]": 2206}}, "0.00": {"activatedMoleculePct": 0.8561818851602385, "activatedTokens": {"C": 1098368, "(": 882847, "c": 673671, "O": 213410, "1": 177542, "N": 149686, "2": 96623, "[C@@H]": 68927, "F": 40076, "3": 37097, "=": 37018, "n": 36538, "[C@H]": 36107, "S": 32457, "others": 32225, "#": 17856, ")": 11330, "-": 10420, "[N+]": 8010, "o": 7508}}}