{"0.20": {"activatedMoleculePct": 0.1047081768201003, "activatedTokens": {")": 150436, "others": 2}}, "0.00": {"activatedMoleculePct": 0.2143913322733521, "activatedTokens": {")": 395684, "others": 2056}}}