{"0.20": {"activatedMoleculePct": 0.22399634401687962, "activatedTokens": {"c": 812927, "(": 343042, "C": 252850, ")": 174557, "1": 108606, "2": 73717, "3": 33448, "n": 30726, "O": 25342, "others": 17719, "Cl": 11767, "N": 11334, "[C@@H]": 9134, "[C@H]": 8521, "Br": 6296, "4": 5754, "s": 2905}}, "0.00": {"activatedMoleculePct": 0.35313340163889406, "activatedTokens": {"c": 1445081, ")": 763195, "(": 573400, "C": 475178, "1": 310492, "2": 206105, "O": 93918, "3": 84202, "n": 83555, "N": 57678, "=": 56366, "others": 35210, "F": 34433, "[C@H]": 24024, "Cl": 20329, "[C@@H]": 19121, "4": 14365, "-": 14172, "s": 10911, "Br": 8846}}}