{"0.20": {"activatedMoleculePct": 0.05852722176774693, "activatedTokens": {"n": 39463, "N": 22044, "#": 8979, "S": 3796, "[C@@]": 2183, "[C@]": 2089, "1": 615, "others": 459, "[S@]": 356}}, "0.00": {"activatedMoleculePct": 0.12130730691289869, "activatedTokens": {"n": 67678, "N": 52854, "#": 21773, "1": 9923, "S": 8954, "[C@]": 3691, "[C@@]": 3450, "others": 1582, "C": 1151, "=": 752, "[S@]": 579, ")": 542, "[S@@]": 511, "[C@H]": 408, "(": 338}}}