{"0.20": {"activatedMoleculePct": 0.2691395330272522, "activatedTokens": {"2": 153899, "1": 118606, "3": 90764, "4": 25678, "5": 3814, "others": 1294}}, "0.00": {"activatedMoleculePct": 0.5405743086625269, "activatedTokens": {"2": 320570, "1": 312570, "3": 190145, "4": 54423, "others": 7869, "5": 6834, "=": 3484, "c": 2140, "[C@H]": 1642, "C": 1637}}}