{"0.20": {"activatedMoleculePct": 0.6432999641871846, "activatedTokens": {"c": 2455044, "C": 19470, "others": 5938}}, "0.00": {"activatedMoleculePct": 0.7830007038060454, "activatedTokens": {"c": 3261652, "C": 207685, "others": 33992, "(": 23428, "1": 21264, "n": 17257}}}