{"0.20": {"activatedMoleculePct": 0.012960723814350466, "activatedTokens": {"C": 3339, "O": 3266, "c": 2865, "3": 1619, "[C@@H]": 1564, "n": 910, "1": 814, "N": 684, "-": 595, "#": 469, "2": 459, "5": 351, "[C@H]": 329, "4": 271, "(": 246, "=": 195, "others": 163, "S": 161, "[nH]": 100, "[Si]": 89, ")": 61, "7": 58}}, "0.00": {"activatedMoleculePct": 0.041484276416345583, "activatedTokens": {"C": 13089, "O": 11661, "c": 10857, "3": 4251, "1": 4200, "[C@@H]": 3546, "n": 2636, "N": 2362, "2": 1606, "#": 1186, "=": 1081, "-": 1055, "(": 1017, "5": 858, "4": 824, "[C@H]": 822, "others": 534, "F": 380, "S": 346, "[nH]": 311, ")": 194}}}