{"0.20": {"activatedMoleculePct": 0.0015138055107793646, "activatedTokens": {".": 1159, "C": 242, "1": 173, "=": 163, "c": 162, "[C@H]": 125, "n": 104, "-": 103, "s": 63, "2": 54, "[C@]": 53, "3": 47, "[C@@H]": 47, "[nH]": 43, "O": 27, "4": 20, "Cl": 18, "others": 18, "[Si]": 11}}, "0.00": {"activatedMoleculePct": 0.010373998577740542, "activatedTokens": {"C": 3737, ".": 2241, "c": 1872, "=": 1726, "1": 1414, "n": 804, "[C@H]": 781, "-": 600, "2": 565, "3": 562, "[C@@H]": 448, "[C@]": 257, "s": 232, "[nH]": 221, "Cl": 158, "4": 148, "others": 137, "O": 109}}}