{"0.20": {"activatedMoleculePct": 0.21290389202546006, "activatedTokens": {"(": 240008, "2": 24876, "1": 23545, "3": 8416, "others": 2134, ")": 1793}}, "0.00": {"activatedMoleculePct": 0.3374980683783093, "activatedTokens": {"(": 377004, "1": 37417, "2": 34621, ")": 24938, "3": 12286, "C": 8146, "others": 4976, "4": 1356, "N": 1267}}}