{"0.20": {"activatedMoleculePct": 0.754583344624013, "activatedTokens": {")": 1378786, "others": 429}}, "0.00": {"activatedMoleculePct": 0.8815438033209978, "activatedTokens": {")": 2269055, "others": 12320}}}