{"0.20": {"activatedMoleculePct": 0.2682357904049485, "activatedTokens": {"1": 165976, "2": 135833, "3": 79529, "C": 24863, "4": 18164, "N": 11058, "=": 6539, "#": 4375, "[C@H]": 4216, "others": 4185, "[C@@H]": 2819, "5": 2803, "n": 2292, "c": 2017, "S": 1296, "(": 818, "6": 742}}, "0.00": {"activatedMoleculePct": 0.8208289971020182, "activatedTokens": {"1": 987212, "2": 618543, "3": 263758, "C": 228219, "N": 84637, "c": 63933, "=": 56069, "4": 50226, "(": 28020, "others": 20723, "[C@H]": 19290, "#": 19050, "n": 17326, "[C@@H]": 16715, ")": 16450, "S": 8119, "o": 7141, "5": 6559, "F": 5712, "/": 5224}}}