{"0.20": {"activatedMoleculePct": 0.09138639537787648, "activatedTokens": {"S": 128963, "others": 451}}, "0.00": {"activatedMoleculePct": 0.10159268158891721, "activatedTokens": {"S": 138722, "C": 1792, "[S@@]": 1500, "others": 1321, "[S@]": 1015, "N": 640, "c": 545, "P": 521}}}