{"0.20": {"activatedMoleculePct": 0.9544562054674232, "activatedTokens": {"O": 2371622, "C": 1478739, "N": 102859, "others": 7897}}, "0.00": {"activatedMoleculePct": 0.9720952987074429, "activatedTokens": {"O": 2498057, "C": 1669871, "F": 152767, "N": 125935, "others": 31439}}}