{"0.20": {"activatedMoleculePct": 0.3611184144516794, "activatedTokens": {"C": 351311, "c": 307172, "2": 67745, "[C@H]": 56568, "O": 51400, "[C@@H]": 51151, "1": 47729, "n": 39997, "3": 35635, "(": 27594, "others": 9240, "4": 8489, "/": 8159, "=": 4868, "N": 4607, "F": 4443, "[C@@]": 3677}}, "0.00": {"activatedMoleculePct": 0.523167376209598, "activatedTokens": {"c": 632219, "C": 562555, "2": 154384, "1": 153267, "(": 142178, "n": 83542, "O": 74699, "[C@H]": 73781, "3": 72732, "[C@@H]": 69897, "=": 52523, ")": 28721, "N": 22359, "others": 20828, "4": 14676, "/": 12878, "F": 9977, "[C@@]": 5672, "[nH]": 5069, "s": 4897}}}