{"0.20": {"activatedMoleculePct": 0.3736865887963745, "activatedTokens": {"(": 557325, "others": 478}}, "0.00": {"activatedMoleculePct": 0.5985178328046854, "activatedTokens": {"(": 1000269, "others": 9812, "N": 3364, "C": 3362}}}