{"0.20": {"activatedMoleculePct": 0.08850086382854376, "activatedTokens": {"=": 142835, "others": 1114}}, "0.00": {"activatedMoleculePct": 0.15797406390500301, "activatedTokens": {"=": 237606, "#": 8507, "\\": 5163, ".": 2474, "others": 2316, "-": 1916, "O": 1772, "/": 1586, "[C@H]": 1212, ")": 1010, "[C@@H]": 855, "F": 792, "c": 757, "[C@@]": 675, "N": 622}}}