{"0.20": {"activatedMoleculePct": 0.8979005194689157, "activatedTokens": {")": 3018092, "others": 687}}, "0.00": {"activatedMoleculePct": 0.9889558843238738, "activatedTokens": {")": 5547159, "others": 10324}}}