{"0.20": {"activatedMoleculePct": 0.2517252768901879, "activatedTokens": {"c": 704675, "n": 10782, "others": 6976, "[nH]": 2944}}, "0.00": {"activatedMoleculePct": 0.5449392244072027, "activatedTokens": {"c": 1925665, "n": 36567, "others": 17479, "C": 14974, ")": 12295, "F": 11557, "[nH]": 9171, "2": 5036, "o": 5034, "O": 4372, "(": 4296, "3": 3493}}}