{"0.20": {"activatedMoleculePct": 0.18642145019199038, "activatedTokens": {"C": 363339, "(": 166124, "N": 94724, "=": 72311, "O": 70252, "[C@H]": 55912, "[C@@H]": 48847, "c": 38597, "n": 13525, ")": 13393, "1": 12883, "S": 8186, "others": 7404, "[C@]": 3692, "[C@@]": 3224, "#": 2631}}, "0.00": {"activatedMoleculePct": 0.5114875647505224, "activatedTokens": {"C": 1012729, "(": 496038, "O": 311162, "c": 288719, "=": 239441, "N": 216612, "1": 161985, ")": 122136, "[C@H]": 89757, "[C@@H]": 82605, "n": 59802, "S": 29844, "others": 26845, "2": 18116, "s": 8907, "F": 8529, "#": 7774, "[C@]": 7724, "[C@@]": 6756}}}