{"0.20": {"activatedMoleculePct": 0.12745187790246756, "activatedTokens": {"O": 211944, "others": 75}}, "0.00": {"activatedMoleculePct": 0.2707866295892951, "activatedTokens": {"O": 525307, "others": 3166}}}