{"0.20": {"activatedMoleculePct": 0.3054342468652801, "activatedTokens": {"C": 275313, "c": 253807, "n": 71519, "O": 27007, "N": 20086, "1": 14272, "2": 10259, "[C@@H]": 10258, "o": 10147, "[C@H]": 8979, "(": 8710, "=": 5620, "S": 5159, ")": 4980, "s": 4701, "[nH]": 4039, "others": 3541}}, "0.00": {"activatedMoleculePct": 0.6412676418396216, "activatedTokens": {"C": 741924, "c": 637683, "n": 158794, "1": 113245, "(": 85420, "O": 65813, ")": 61098, "N": 48848, "2": 44480, "=": 29506, "o": 28604, "[C@@H]": 21669, "others": 19612, "[C@H]": 18834, "s": 15727, "S": 10493, "[nH]": 9997}}}