{"0.20": {"activatedMoleculePct": 0.37319224011723756, "activatedTokens": {"N": 516026, "others": 442}}, "0.00": {"activatedMoleculePct": 0.541660411019801, "activatedTokens": {"N": 763140, "n": 6672, "others": 5927}}}