{"0.20": {"activatedMoleculePct": 0.1367580833332723, "activatedTokens": {"c": 253780, "n": 7999, "(": 5453, "1": 3669, "others": 2204, "s": 1770, "/": 1670, "C": 1365, ")": 598}}, "0.00": {"activatedMoleculePct": 0.3329771581615502, "activatedTokens": {"c": 608830, ")": 42315, "(": 36991, "n": 27713, "1": 26387, "C": 21423, "/": 11042, "others": 7766, "Cl": 5177, "F": 3658, "N": 3149, "s": 2903, "[C@H]": 2609, "2": 2591, "o": 2533}}}