{"0.20": {"activatedMoleculePct": 0.5218703517492254, "activatedTokens": {")": 863956, "others": 680}}, "0.00": {"activatedMoleculePct": 0.8833132054081013, "activatedTokens": {")": 2278593, "others": 14468}}}