{"0.20": {"activatedMoleculePct": 0.8640804785002266, "activatedTokens": {"1": 1172711, "2": 703937, "3": 243036, "4": 51455, "others": 10315}}, "0.00": {"activatedMoleculePct": 0.9777491828599426, "activatedTokens": {"1": 1784117, "2": 1082828, "3": 396890, "4": 80968, "others": 22547}}}