{"0.20": {"activatedMoleculePct": 0.43309484976560547, "activatedTokens": {"C": 719650, "others": 6382}}, "0.00": {"activatedMoleculePct": 0.7067428427465866, "activatedTokens": {"C": 1216029, "O": 20896, "others": 11212, "N": 9233, "c": 8931, "F": 5665, "=": 5230}}}