{"0.20": {"activatedMoleculePct": 0.1971828716604916, "activatedTokens": {"C": 292459, "others": 2212, "[C@H]": 1258}}, "0.00": {"activatedMoleculePct": 0.39901408564169755, "activatedTokens": {"C": 622428, "(": 25364, "c": 7101, "others": 6110, "[C@@H]": 5555, "[C@H]": 5554, "=": 3381, "O": 2912, "/": 2133}}}