{"0.20": {"activatedMoleculePct": 0.7749065680996431, "activatedTokens": {")": 2880730, "others": 528}}, "0.00": {"activatedMoleculePct": 0.9692324705789299, "activatedTokens": {")": 5239771, "others": 9107}}}