{"0.20": {"activatedMoleculePct": 0.8965837210613776, "activatedTokens": {"(": 3192064, "others": 1099}}, "0.00": {"activatedMoleculePct": 0.983468247801247, "activatedTokens": {"(": 5155753, "others": 15889}}}