{"0.20": {"activatedMoleculePct": 0.7191901763030482, "activatedTokens": {"C": 828642, "c": 784746, "N": 179184, "n": 172838, "[C@@H]": 133431, "O": 131633, "[C@H]": 122221, "-": 39040, "o": 37553, "F": 29237, "=": 21624, "[nH]": 21412, "others": 18547, "Cl": 13344, "#": 10303, "[O-]": 10284, "s": 10193, "S": 10190, "2": 9333, "[C@]": 8454}}, "0.00": {"activatedMoleculePct": 0.9633178632712114, "activatedTokens": {"C": 2920490, "c": 2486809, "N": 525590, "n": 411960, "O": 352358, "[C@@H]": 266936, "[C@H]": 261174, "F": 121775, "=": 111238, "o": 87533, "-": 79797, "others": 70930, "[nH]": 46923, "2": 41299, "Cl": 39654, "s": 31890, "S": 28240, "[O-]": 22615, "#": 19969, "[C@]": 18605, ")": 15858}}}