{"0.20": {"activatedMoleculePct": 0.6333273035000618, "activatedTokens": {"c": 1133006, "others": 181}}, "0.00": {"activatedMoleculePct": 0.8128959824465939, "activatedTokens": {"c": 1683851, "others": 4784}}}