{"0.20": {"activatedMoleculePct": 0.11175649043197286, "activatedTokens": {"n": 243641, "others": 252}}, "0.00": {"activatedMoleculePct": 0.21653790409342677, "activatedTokens": {"n": 421258, "others": 3954, "o": 2175, "=": 1897, "[nH]": 1357, "s": 1003}}}