{"0.20": {"activatedMoleculePct": 0.18580845782986055, "activatedTokens": {")": 215910, "C": 65157, "N": 41139, "O": 39936, "c": 18211, "1": 13314, "2": 7629, "=": 5147, "n": 4962, "others": 3482, "3": 3097, "F": 2318, "[C@H]": 1613, "[C@@H]": 1419, "Cl": 1167, "#": 1099, "(": 1042}}, "0.00": {"activatedMoleculePct": 0.48098661743197946, "activatedTokens": {")": 556169, "C": 288300, "N": 143552, "c": 139386, "O": 104258, "1": 103923, "F": 71962, "=": 63317, "2": 39221, "n": 36450, "(": 28507, "3": 16599, "others": 13878, "[C@H]": 8691, "[C@@H]": 7837, "Cl": 7485, "o": 5271, "S": 4620, "4": 4212}}}