{"0.20": {"activatedMoleculePct": 0.0014391039325986701, "activatedTokens": {".": 644, "C": 306, "O": 248, "N": 151, "c": 121, "#": 112, "1": 110, "F": 108, "=": 97, "3": 49, "(": 45, ")": 40, "[C@@]": 36, "2": 18, "others": 17, "[C@@H]": 16, "[C@H]": 9, "5": 7, "7": 5, "n": 5}}, "0.00": {"activatedMoleculePct": 0.013518056177051528, "activatedTokens": {"C": 3927, "N": 2613, "O": 1621, "c": 1553, "1": 1552, ")": 1520, ".": 1481, "(": 1084, "#": 921, "=": 848, "3": 832, "F": 520, "2": 400, "[C@@]": 317, "n": 185, "others": 178, "[C@@H]": 171, "s": 107, "[C@H]": 75}}}