{"0.20": {"activatedMoleculePct": 0.3657220822991681, "activatedTokens": {"c": 820406, "others": 4892}}, "0.00": {"activatedMoleculePct": 0.6502603935894328, "activatedTokens": {"c": 1741295, "C": 53237, "others": 17631, "o": 12223, "n": 10880, "s": 6062, "N": 5700, "[nH]": 4672, "2": 4342}}}