{"0.20": {"activatedMoleculePct": 0.4752990443324572, "activatedTokens": {")": 831985, "others": 921}}, "0.00": {"activatedMoleculePct": 0.8588191438173824, "activatedTokens": {")": 2586501, "others": 11762}}}