{"0.20": {"activatedMoleculePct": 0.0005858947308289751, "activatedTokens": {".": 746, "=": 39, "C": 12, "O": 11, "7": 6, "others": 6, "N": 5, "4": 5, "3": 4, "2": 4, "s": 4, "5": 3, "S": 3}}, "0.00": {"activatedMoleculePct": 0.0042799610087056635, "activatedTokens": {".": 2316, "=": 1066, "C": 657, "O": 525, ")": 316, "c": 262, "s": 237, "Cl": 233, "1": 166, "n": 154, "2": 108, "F": 93, "N": 68, "others": 53, "S": 27, "5": 24, "3": 21}}}