{"0.20": {"activatedMoleculePct": 0.16305670069494438, "activatedTokens": {"N": 221911, "O": 4840, "others": 1973}}, "0.00": {"activatedMoleculePct": 0.33127806344214616, "activatedTokens": {"N": 446006, "O": 15595, "n": 5231, "=": 5050, "others": 4272, "C": 3176, "S": 2016, "(": 1740, "c": 1637, ")": 1253, "[C@H]": 1233, "[C@@H]": 940}}}