{"0.20": {"activatedMoleculePct": 0.9677215945418047, "activatedTokens": {"C": 2535282, "c": 1552502, "N": 501787, "n": 465823, "O": 321447, "[C@@H]": 148983, "[C@H]": 133221, "F": 104528, "-": 95877, "S": 72229, "s": 71252, "[nH]": 68553, "Cl": 59028, "others": 51025, "Br": 40803, "o": 34987, "[C@]": 20479, "[N+]": 17004, "#": 16176}}, "0.00": {"activatedMoleculePct": 0.9974396400262774, "activatedTokens": {"C": 6446398, "c": 4537921, "N": 1243612, "n": 946407, "O": 674089, "[C@@H]": 388300, "[C@H]": 365455, "F": 288743, "-": 156367, "S": 149938, "others": 143808, "s": 120964, "Cl": 112884, "[nH]": 110179, "=": 96509, "o": 90162, "Br": 60763, "#": 41968, "[C@]": 36052, "/": 32968, "[N+]": 25862}}}