{"0.20": {"activatedMoleculePct": 0.1018512076388955, "activatedTokens": {"(": 160377, "others": 305}}, "0.00": {"activatedMoleculePct": 0.472414245151538, "activatedTokens": {"(": 913770, "others": 8251, ")": 1494}}}