{"0.20": {"activatedMoleculePct": 0.1055049936540277, "activatedTokens": {"C": 227281, "O": 6801, "[C@H]": 3135, "others": 1890, "S": 665}}, "0.00": {"activatedMoleculePct": 0.24081079042325768, "activatedTokens": {"C": 578631, "O": 17757, "(": 12610, "1": 8895, "[C@H]": 8291, "c": 7273, "S": 6079, "others": 5956, "2": 3638, "o": 3248, "N": 1922, ")": 1892}}}