{"0.20": {"activatedMoleculePct": 0.25743408867370277, "activatedTokens": {"c": 546899, "n": 14030, "others": 4820, "2": 1715, "[nH]": 950}}, "0.00": {"activatedMoleculePct": 0.5374324481684565, "activatedTokens": {"c": 1377637, "n": 49243, "(": 29672, "others": 15050, "2": 13106, "F": 12671, "C": 12572, "3": 8148, "Cl": 6803, "=": 6255, "N": 6210, "O": 4716, "S": 4072, "[nH]": 3072, "4": 3021, "-": 2919, "o": 2786}}}