{"0.20": {"activatedMoleculePct": 0.9474540310656033, "activatedTokens": {"N": 1654639, "C": 1343948, "S": 129719, "O": 112249, "[C@H]": 58859, "[C@@H]": 53877, "n": 35952, "-": 34131, "others": 32044, "[N+]": 19571, "/": 7671}}, "0.00": {"activatedMoleculePct": 0.9978387808116547, "activatedTokens": {"C": 3860140, "N": 2163708, "O": 362086, "c": 354069, "n": 267319, "[C@H]": 221919, "[C@@H]": 204739, "S": 164790, "-": 119052, "F": 115928, "=": 96272, "others": 78614, "[N+]": 30297, "o": 29996, "/": 25756, "2": 16423, "Cl": 15815, "s": 14979, ")": 11847, "[nH]": 11779}}}