{"0.20": {"activatedMoleculePct": 0.7545511204138174, "activatedTokens": {"c": 1901085, "others": 102}}, "0.00": {"activatedMoleculePct": 0.8120779269286739, "activatedTokens": {"c": 2327899, "others": 21412, "C": 3994, "O": 3700}}}