{"0.20": {"activatedMoleculePct": 0.21984601221736988, "activatedTokens": {"C": 475415, "others": 4052, "[C@@H]": 2106}}, "0.00": {"activatedMoleculePct": 0.647837718877455, "activatedTokens": {"C": 1860324, "c": 58349, "[C@@H]": 20519, "others": 18362, "N": 15690, ")": 13887, "1": 13353, "[C@H]": 12401, "=": 12137, "2": 11868, "-": 11167, "(": 10153}}}