{"0.20": {"activatedMoleculePct": 0.8449934929066457, "activatedTokens": {"1": 1059476, "2": 652044, "3": 195624, "4": 40728, "others": 4583}}, "0.00": {"activatedMoleculePct": 0.9826904725460714, "activatedTokens": {"1": 1809759, "2": 1139673, "3": 393419, "4": 81505, "others": 15937}}}