{"0.20": {"activatedMoleculePct": 0.261836355207469, "activatedTokens": {"C": 162792, "O": 112526, "(": 100316, "=": 41161, "S": 15198, "n": 11085, "N": 10907, "others": 2718, "[N+]": 1884}}, "0.00": {"activatedMoleculePct": 0.5567721008647074, "activatedTokens": {"C": 472100, "(": 459970, "O": 216745, "=": 140453, "n": 74387, "S": 37478, "1": 36159, "N": 28158, "others": 12134, ")": 7080, "[N+]": 3527, "3": 2962}}}