{"0.20": {"activatedMoleculePct": 0.9852750006774408, "activatedTokens": {")": 5079093, "others": 165}}, "0.00": {"activatedMoleculePct": 0.9962151200388448, "activatedTokens": {")": 6016233, "others": 12111}}}