{"0.20": {"activatedMoleculePct": 0.721055518652325, "activatedTokens": {"1": 645583, "2": 416781, "O": 407007, "=": 358998, "3": 105819, "4": 22590, "others": 10635}}, "0.00": {"activatedMoleculePct": 0.9728584265943477, "activatedTokens": {"O": 1576464, "=": 1360068, "1": 1314041, "2": 798718, "3": 270454, "4": 55568, "others": 47354, "C": 15139, "(": 10468}}}