{"0.20": {"activatedMoleculePct": 0.11871252562373986, "activatedTokens": {"C": 165840, "c": 2230, "others": 1174}}, "0.00": {"activatedMoleculePct": 0.2767612911069236, "activatedTokens": {"C": 411984, "c": 9690, "(": 4213, "1": 3820, "S": 3076, "others": 2484, "2": 2060, "N": 1974}}}