{"0.20": {"activatedMoleculePct": 0.40064214062498854, "activatedTokens": {"N": 557079, "O": 47805, "others": 3597, "C": 2992}}, "0.00": {"activatedMoleculePct": 0.5289120740453761, "activatedTokens": {"N": 715162, "O": 85343, "C": 22205, "c": 15258, "others": 8734, "n": 7418, "F": 5359, ")": 3440, "[O-]": 3219, "[C@H]": 2855, "[nH]": 2532, "[C@@H]": 1888}}}