{"0.20": {"activatedMoleculePct": 0.41696956203636504, "activatedTokens": {"N": 185022, "O": 124350, "[C@@H]": 93060, "[C@H]": 55178, "n": 42023, "(": 39628, "C": 34710, "2": 32524, "1": 18778, "c": 16539, "F": 14679, "3": 10100, "[C@@]": 9929, "[C@]": 9902, "=": 8519, "S": 7048, "others": 6872, ")": 4594, "4": 2561}}, "0.00": {"activatedMoleculePct": 0.7596015329935633, "activatedTokens": {"N": 301319, "O": 214688, "C": 203757, "(": 172224, "n": 158125, "[C@@H]": 139914, ")": 119624, "2": 112283, "c": 87374, "1": 85089, "F": 81854, "[C@H]": 80740, "=": 76430, "3": 38477, "others": 19157, "S": 18694, "[nH]": 14838, "[C@]": 14764, "o": 14506, "[C@@]": 14033, "Cl": 12012, "-": 10659}}}