{"0.20": {"activatedMoleculePct": 0.7683811655350354, "activatedTokens": {")": 2224376, "others": 683}}, "0.00": {"activatedMoleculePct": 0.9846231927893936, "activatedTokens": {")": 5103281, "others": 5513}}}