{"0.20": {"activatedMoleculePct": 0.17838956580073867, "activatedTokens": {"C": 85676, "N": 82124, "c": 55677, "1": 24986, "(": 23072, "n": 19292, "2": 14118, "=": 13784, "O": 12517, "S": 10510, "[C@@H]": 8810, "[C@H]": 8682, "3": 4599, "#": 3841, "others": 3714, "F": 2136, ")": 1384}}, "0.00": {"activatedMoleculePct": 0.5712151383480552, "activatedTokens": {"C": 324473, "(": 324180, "c": 251221, "N": 209397, "=": 209107, "1": 110002, "2": 99186, "O": 69013, "n": 65795, "3": 32837, "[C@@H]": 31812, "S": 25969, ")": 25142, "[C@H]": 24336, "others": 17469, "F": 12063, "#": 7124, "-": 6393, "[nH]": 3618}}}