{"0.20": {"activatedMoleculePct": 0.5258163527613585, "activatedTokens": {"2": 776466, "4": 77824, "others": 3286}}, "0.00": {"activatedMoleculePct": 0.7996518320562049, "activatedTokens": {"2": 1323669, "4": 102536, "others": 8691, "c": 7942}}}