{"0.20": {"activatedMoleculePct": 0.6368104476748402, "activatedTokens": {"c": 532248, "C": 414716, "n": 111443, "2": 92851, "1": 66791, "O": 46580, "(": 44281, ")": 42029, "N": 41648, "F": 41411, "3": 33441, "o": 28038, "=": 27834, "[C@H]": 26051, "[nH]": 16683, "s": 14866, "4": 11821, "[C@@H]": 9659, "others": 9630, "Cl": 7603}}, "0.00": {"activatedMoleculePct": 0.8762224144282437, "activatedTokens": {"c": 940045, "C": 870033, ")": 418071, "2": 325162, "1": 276037, "(": 177708, "n": 169844, "O": 165491, "F": 132354, "3": 126134, "N": 112335, "=": 91139, "[C@H]": 46128, "o": 35211, "4": 34797, "others": 25780, "s": 22769, "Cl": 21190, "[nH]": 19764, "[C@@H]": 16316}}}