{"0.20": {"activatedMoleculePct": 0.2027503363401939, "activatedTokens": {"C": 304838, "others": 1143}}, "0.00": {"activatedMoleculePct": 0.28204825868424155, "activatedTokens": {"C": 428666, "others": 4327, "[C@@H]": 2934, "[C@H]": 2806}}}