{"0.20": {"activatedMoleculePct": 0.2031018731786913, "activatedTokens": {"O": 131524, "C": 108815, "n": 36050, "N": 31144, "c": 10155, "2": 5246, "S": 5215, "3": 3252, "others": 2777, "=": 1779, "[C@@H]": 912, "s": 865, "[nH]": 727}}, "0.00": {"activatedMoleculePct": 0.4501524424852776, "activatedTokens": {"C": 320643, "O": 180491, "n": 150961, "c": 125104, "N": 66864, "(": 39839, "2": 20450, ")": 18286, "3": 11950, "1": 11461, "S": 10023, "=": 6758, "others": 6215, "s": 5476, "[C@@H]": 5009, "[nH]": 3935, "o": 3859}}}