{"0.20": {"activatedMoleculePct": 0.4287738761257418, "activatedTokens": {"C": 474290, "c": 449876, "N": 151767, "(": 122909, "1": 97497, "n": 88404, "2": 84824, "=": 70507, "O": 69560, "-": 56770, "[C@H]": 43107, "[C@@H]": 43024, "3": 41338, ")": 29133, "others": 18043, "F": 13078, "Cl": 9113, "4": 8842, "S": 8503, "s": 6119, "[nH]": 5653, "o": 4429}}, "0.00": {"activatedMoleculePct": 0.8411639384722649, "activatedTokens": {"C": 1707619, "c": 1326481, "(": 878398, "O": 518245, "N": 484009, "1": 452566, "=": 452391, ")": 374114, "2": 333959, "n": 277828, "3": 159055, "[C@@H]": 126189, "[C@H]": 115740, "F": 103749, "-": 96271, "others": 63521, "Cl": 41349, "S": 35517, "4": 31304, "[nH]": 29395, "o": 25194, "s": 22026, "#": 19846}}}