{"0.20": {"activatedMoleculePct": 0.2186917995976368, "activatedTokens": {"C": 416141, "O": 4660, "others": 4181, "[C@@H]": 3061, "n": 1987, "[C@H]": 1846}}, "0.00": {"activatedMoleculePct": 0.4433948791335789, "activatedTokens": {"C": 885758, "c": 59933, "n": 48322, "O": 30960, "N": 10395, "others": 9626, "[C@H]": 9130, "[C@@H]": 8295, "s": 6331, ")": 5065, "o": 4502, "=": 4173, "3": 3377, "[nH]": 2167}}}