{"0.20": {"activatedMoleculePct": 0.017497013767793806, "activatedTokens": {"C": 5941, "c": 4402, "(": 3249, "O": 1709, ")": 1623, "3": 1321, "/": 1316, "N": 1211, "[C@@H]": 883, "F": 666, "n": 510, "1": 422, "=": 399, "#": 377, "[C@H]": 365, "5": 322, "[nH]": 312, "others": 184, "S": 170, "2": 120, "o": 91}}, "0.00": {"activatedMoleculePct": 0.05116032789598611, "activatedTokens": {"C": 18541, "c": 14750, "(": 10670, ")": 7641, "O": 5294, "N": 3362, "3": 3125, "/": 2672, "[C@@H]": 2293, "=": 1837, "F": 1457, "n": 1421, "1": 1025, "[C@H]": 926, "#": 762, "[nH]": 651, "others": 622, "5": 536, "S": 490, "o": 297}}}