{"0.20": {"activatedMoleculePct": 0.6397435831710527, "activatedTokens": {"O": 1302897, "others": 2630}}, "0.00": {"activatedMoleculePct": 0.8132973203372117, "activatedTokens": {"O": 1872652, "others": 14049, "F": 6428}}}