{"0.20": {"activatedMoleculePct": 0.18506437152170777, "activatedTokens": {"c": 530382, "n": 47421, "others": 5992, "[C@H]": 4680, "(": 4380, "[C@@H]": 3096, "N": 2215, "s": 1767, "[C@@]": 1619, "2": 1543, "[nH]": 974}}, "0.00": {"activatedMoleculePct": 0.40626380056729255, "activatedTokens": {"c": 1063476, "n": 124748, "C": 33574, "(": 33027, "[C@H]": 26188, "2": 23488, "N": 20197, "[C@@H]": 17636, "1": 12755, "others": 11448, "3": 8646, ")": 7173, "O": 6392, "[nH]": 4887, "=": 4216, "[C@@]": 4104, "s": 4095, "Cl": 3202, "o": 2907}}}