{"0.20": {"activatedMoleculePct": 0.8078272606565097, "activatedTokens": {"c": 1241382, "1": 738480, "2": 558198, "3": 265491, "C": 225915, "n": 143909, "4": 49159, "F": 34421, "others": 29042, "o": 21052, "O": 20745, "s": 20133, "N": 12288, "[C@H]": 12229, "[nH]": 9792, "Cl": 9726, "5": 7065, "Br": 6667}}, "0.00": {"activatedMoleculePct": 0.9727222060694299, "activatedTokens": {"c": 3083746, "1": 1518472, "2": 992493, "C": 836183, "3": 403287, "n": 378119, "F": 137579, "O": 85090, "4": 75822, "others": 67020, "o": 54838, "N": 51365, "s": 48011, "[C@H]": 41573, "Cl": 37128, "(": 35315, "[nH]": 25800, "[C@@H]": 25548, "=": 21142, "-": 19110, "Br": 18233}}}