{"0.20": {"activatedMoleculePct": 0.4454982412172549, "activatedTokens": {")": 712050, "others": 53}}, "0.00": {"activatedMoleculePct": 0.691828892373335, "activatedTokens": {")": 1257571, "others": 3086}}}