{"0.20": {"activatedMoleculePct": 0.0910414498551009, "activatedTokens": {"O": 98945, "N": 25353, "-": 2523, "S": 2357, "others": 474}}, "0.00": {"activatedMoleculePct": 0.17783882475375942, "activatedTokens": {"O": 140579, "N": 77369, "C": 9696, "3": 7252, "[nH]": 5794, "-": 5180, "S": 5133, "o": 3972, "2": 3433, "others": 2734, "[C@@H]": 2670, "[C@H]": 2100, "4": 1997, "=": 1366, "1": 1136, ")": 1076, "[N+]": 804, "s": 662, "5": 540}}}