{"0.20": {"activatedMoleculePct": 0.23745581072084826, "activatedTokens": {"[C@H]": 228623, "[C@@H]": 115159, "others": 1503}}, "0.00": {"activatedMoleculePct": 0.4067698671410461, "activatedTokens": {"[C@H]": 373651, "[C@@H]": 247631, "others": 5952, "c": 5441, "1": 4661, "(": 4236, "2": 4024, "/": 2826, "=": 2686, "O": 2686}}}