{"0.20": {"activatedMoleculePct": 0.18321221180387467, "activatedTokens": {"N": 263290, "others": 2034}}, "0.00": {"activatedMoleculePct": 0.3841550628994612, "activatedTokens": {"N": 540390, ")": 24593, "n": 12577, "others": 5976, "O": 5602, "F": 5220, "S": 4432, "(": 4268, "C": 3848, "-": 3687, "=": 2937, "o": 1545, "2": 1543, "c": 1256}}}