{"0.20": {"activatedMoleculePct": 0.3943664756893967, "activatedTokens": {"c": 247391, "O": 162629, "C": 97945, "o": 83793, "(": 49232, "[nH]": 30474, "-": 22068, "s": 15196, ")": 14614, "others": 5939, "[C@@]": 4567, "2": 1884, "[Si]": 1559}}, "0.00": {"activatedMoleculePct": 0.6628080616185489, "activatedTokens": {"c": 698657, "O": 405838, "C": 261049, ")": 213080, "(": 131815, "o": 117017, "[nH]": 55039, "-": 35934, "1": 28100, "2": 25132, "s": 22020, "others": 16200, "[C@@]": 15050, "n": 9217, "[C@H]": 8405, "3": 5925, "[C@@H]": 4896}}}