{"0.20": {"activatedMoleculePct": 0.0003859581539335874, "activatedTokens": {".": 603, "C": 16, "/": 11, "N": 11, "[nH]": 6, "others": 5, "[C@H]": 4, "2": 3, "=": 3, "O": 3}}, "0.00": {"activatedMoleculePct": 0.005275249682701385, "activatedTokens": {".": 2306, "C": 1603, ")": 958, "=": 487, "3": 440, "N": 418, "c": 397, "(": 383, "2": 320, "[C@H]": 199, "/": 154, "[nH]": 85, "S": 66, "O": 57, "4": 56, "others": 55}}}