{"0.20": {"activatedMoleculePct": 0.0007755781499348558, "activatedTokens": {"2": 545, "3": 325, "C": 63, "N": 31, "4": 30, "-": 20, "=": 17, "n": 13, "others": 10, "1": 5}}, "0.00": {"activatedMoleculePct": 0.009365527272301168, "activatedTokens": {"2": 3950, "C": 3714, "3": 2322, "N": 948, "=": 728, "4": 310, "1": 302, "n": 271, "-": 231, "O": 123, "others": 90, "s": 89, "o": 79, "c": 75}}}