{"0.20": {"activatedMoleculePct": 0.02447135816989922, "activatedTokens": {"S": 32420, "C": 1951, "N": 1298, "[S@]": 602, "[S@@]": 557, "others": 47}}, "0.00": {"activatedMoleculePct": 0.06240438014900768, "activatedTokens": {"S": 79031, "C": 12619, "(": 5968, "N": 4406, "O": 1945, "1": 1059, "=": 1001, "[S@]": 916, "others": 820, "[S@@]": 702, "n": 307}}}