{"0.20": {"activatedMoleculePct": 0.21971858011341458, "activatedTokens": {"N": 310856, "O": 5224, "others": 1282}}, "0.00": {"activatedMoleculePct": 0.3763882958739096, "activatedTokens": {"N": 523256, "O": 20371, "others": 5202, ")": 5028, "S": 3850, "2": 3682, "=": 3589, "C": 2488, "/": 2296, "\\": 2272, "1": 2079, "c": 1150, "(": 1104, "n": 1032}}}