{"0.20": {"activatedMoleculePct": 0.13965240330356743, "activatedTokens": {"F": 209325, "others": 110}}, "0.00": {"activatedMoleculePct": 0.1735676521660162, "activatedTokens": {"F": 245363, "Br": 13943, "#": 9069, "Cl": 2983, "others": 2283, "-": 1867, "C": 926, "S": 660}}}