{"0.20": {"activatedMoleculePct": 0.36230631601843516, "activatedTokens": {"c": 216439, "N": 77623, "2": 70218, "[C@@H]": 68720, "Cl": 59546, "C": 54156, "n": 42340, "3": 29309, "[C@H]": 29259, "-": 12891, "1": 12173, "O": 9429, "others": 6873, "4": 4521, "o": 2924}}, "0.00": {"activatedMoleculePct": 0.7871415148161792, "activatedTokens": {"c": 845806, "C": 334686, "2": 277353, "N": 208168, "1": 157097, "n": 144584, "[C@@H]": 125934, "3": 114556, "Cl": 96308, "O": 94409, "[C@H]": 63244, "-": 49185, "=": 27016, "4": 24288, "others": 22535, "o": 18017, "S": 8390, ")": 7884, "F": 5594, "(": 4946}}}