{"0.20": {"activatedMoleculePct": 0.5352734260853517, "activatedTokens": {"C": 608267, "c": 239319, "[C@H]": 147836, "(": 127679, "[C@@H]": 111906, "=": 89309, "n": 62183, "S": 56160, "O": 43653, "N": 41940, "1": 39074, "-": 37154, "2": 30938, "s": 28437, "[C@]": 16216, "others": 15646, "o": 15470, "F": 12191, "3": 12130, "[C@@]": 11683, "#": 10740, ".": 3918, "Cl": 3519}}, "0.00": {"activatedMoleculePct": 0.8892483190313988, "activatedTokens": {"C": 2240931, "c": 1044087, "(": 1003098, "=": 418215, "O": 350827, "1": 323860, "[C@H]": 305962, "[C@@H]": 250197, "n": 218620, "2": 190200, "N": 182130, "S": 100436, "-": 80862, "s": 71153, "F": 63117, "others": 61110, "3": 60083, "o": 42193, "[C@]": 29132, "[C@@]": 24055, "#": 22459, ")": 14065, "4": 12869}}}