{"0.20": {"activatedMoleculePct": 0.07536656870018521, "activatedTokens": {"N": 100478, "[C@H]": 1130, "Cl": 801, "others": 770, "[N-]": 715, "O": 358, "/": 352}}, "0.00": {"activatedMoleculePct": 0.1401775114560729, "activatedTokens": {"N": 154021, "C": 16362, "O": 14155, "[C@H]": 8427, "=": 4734, "/": 3756, "Cl": 3137, "[C@@H]": 2618, "(": 2285, "others": 2179, "n": 1695, "1": 1609, "[nH]": 1543, "[N-]": 761, "Br": 509, "S": 500, "o": 450, ")": 442, "[S@@]": 413, "[C@]": 366, "s": 359}}}