{"0.20": {"activatedMoleculePct": 0.27465060533911223, "activatedTokens": {"C": 521540, "O": 29337, "others": 2311}}, "0.00": {"activatedMoleculePct": 0.5431983846882271, "activatedTokens": {"C": 1245370, "O": 61257, "c": 22758, "others": 12184, "n": 11292, "[C@H]": 4995, "N": 4305, ")": 4104, "[C@@H]": 3560, "=": 3400, "2": 3050}}}