{"0.20": {"activatedMoleculePct": 0.002684130235610242, "activatedTokens": {"c": 700, ")": 620, "2": 431, "O": 368, "C": 353, "(": 351, "1": 200, "3": 180, "=": 177, "N": 139, "[nH]": 70, "n": 62, "S": 55, "4": 55, ".": 45, "others": 34, "[C@H]": 33, "Br": 31, "-": 28, "[C-]": 10, "5": 6}}, "0.00": {"activatedMoleculePct": 0.008807462541186568, "activatedTokens": {")": 2841, "c": 1918, "2": 1452, "(": 1418, "=": 984, "O": 803, "C": 800, "1": 684, "3": 672, "N": 510, "4": 212, "[nH]": 196, "n": 163, "others": 121, "S": 97, "[C@H]": 78, "Br": 62, ".": 50}}}