{"0.20": {"activatedMoleculePct": 0.889189729558316, "activatedTokens": {"N": 870579, "c": 320398, "C": 317943, "O": 134545, "F": 90082, "[C@@H]": 72530, "[C@H]": 66005, "=": 57753, "[O-]": 29371, "others": 16298, "1": 13812, "/": 6609, "[C@@]": 6200, "[C@]": 4973}}, "0.00": {"activatedMoleculePct": 0.9207701879184113, "activatedTokens": {"N": 921245, "C": 424776, "c": 397179, "F": 201269, "=": 185963, "1": 160611, "(": 149782, "O": 142995, "2": 97546, "[C@@H]": 80482, "[C@H]": 73651, "[O-]": 31470, "3": 29107, "others": 27703, "/": 10546, "n": 9876, "[C@@]": 7482}}}