{"0.20": {"activatedMoleculePct": 0.1481925513738133, "activatedTokens": {"C": 212193, "N": 34726, "1": 4334, "2": 3797, "others": 2180, "c": 1849, "(": 1751, "3": 1591, "=": 1235}}, "0.00": {"activatedMoleculePct": 0.36016267367201465, "activatedTokens": {"C": 516377, "N": 92983, "c": 83435, "1": 30284, "(": 23997, "2": 21982, ")": 19469, "3": 8877, "F": 8419, "others": 8347, "=": 6707, "O": 6600, "[C@H]": 5015, "n": 4538, "s": 4352}}}