{"0.20": {"activatedMoleculePct": 0.6122292342429105, "activatedTokens": {"(": 426191, "C": 425753, "n": 237219, "1": 175027, "2": 136895, "[C@H]": 58614, "[nH]": 55951, "[C@@H]": 52819, "o": 42140, "O": 27483, "3": 24626, "others": 16556, "S": 11880, "#": 8585, "c": 6123}}, "0.00": {"activatedMoleculePct": 0.873287814195204, "activatedTokens": {"C": 941792, "(": 902428, "1": 449811, "n": 409823, "2": 343036, "[C@H]": 103315, "[C@@H]": 99698, "[nH]": 78718, "o": 70890, "3": 67381, "O": 58396, "c": 41852, "S": 30913, ")": 28559, "others": 28203, "#": 16675, "N": 14607, "=": 13111}}}