{"0.20": {"activatedMoleculePct": 0.16346023569080284, "activatedTokens": {"s": 78755, "Cl": 70488, "Br": 69058, "\\": 11998, "#": 2539, "S": 2439, "others": 1884, "[O-]": 1579, "[N-]": 835}}, "0.00": {"activatedMoleculePct": 0.2949921380250807, "activatedTokens": {"Cl": 155123, "s": 154657, "Br": 69140, "#": 21105, "[O-]": 15265, "\\": 12887, "S": 9877, "-": 6831, "others": 4689, "[nH]": 3244, "I": 3034, "N": 2893, "=": 2100, "/": 2000, "[N+]": 1868, "O": 1779, "[N-]": 1761, "o": 1401, "2": 900, "3": 814, "c": 781, "F": 535}}}