{"0.20": {"activatedMoleculePct": 0.16241954017516788, "activatedTokens": {"O": 144832, "C": 21230, ")": 17639, "n": 16201, "N": 9919, "S": 8984, "2": 6183, "3": 6077, "1": 6046, "(": 5833, "F": 2471, "others": 2409, "4": 1540, "c": 997, "=": 894, "[O-]": 626}}, "0.00": {"activatedMoleculePct": 0.7640272353165626, "activatedTokens": {"O": 1281053, ")": 348735, "C": 109110, "n": 74463, "1": 69808, "2": 68065, "(": 53637, "N": 49422, "3": 47287, "F": 45396, "c": 33162, "S": 15861, "others": 14334, "[O-]": 11064, "4": 10065, "=": 9967}}}