{"0.20": {"activatedMoleculePct": 0.01576496246978065, "activatedTokens": {"C": 4613, "n": 3256, "F": 2426, "O": 2264, "2": 1879, "=": 1508, "-": 1292, "c": 893, "(": 731, "[C@@H]": 706, "4": 675, "1": 671, "N": 560, "S": 437, "[C@H]": 348, "/": 226, "[O-]": 215, "6": 215, "3": 212, "others": 206, "\\": 63, "5": 63, "8": 55, "#": 40, "7": 33}}, "0.00": {"activatedMoleculePct": 0.07885996603275298, "activatedTokens": {"C": 30982, "O": 21293, "F": 14562, "=": 11737, "(": 9998, "n": 8090, "2": 7277, "-": 4756, "c": 4457, "1": 4406, "N": 3322, "[C@@H]": 2802, "4": 2267, "S": 1967, "[C@H]": 1740, "others": 1162, "3": 1068, "/": 863, "[O-]": 788, "6": 464, "#": 312}}}