{"0.20": {"activatedMoleculePct": 0.428808297441178, "activatedTokens": {"c": 374887, "C": 229764, "n": 106678, "N": 69744, "[C@H]": 29898, "F": 26091, "O": 20544, "[C@@H]": 19187, "others": 9347, "-": 9277, "(": 7014, "3": 6896, "2": 6756, ")": 6429, "=": 5797, "[C@]": 4238, "#": 3777, "[C@@]": 3484, "4": 2759}}, "0.00": {"activatedMoleculePct": 0.8589648851316761, "activatedTokens": {"c": 1489777, "C": 913152, "n": 285929, "N": 211985, ")": 188312, "(": 130412, "F": 106088, "O": 101081, "2": 73769, "3": 57456, "[C@H]": 56593, "-": 53453, "=": 43961, "[C@@H]": 40829, "others": 32593, "4": 21433, "Cl": 18705, "1": 17731, "#": 15474, "S": 14160, "Br": 12474, "[nH]": 9687, "[C@]": 9294, "[C@@]": 8776}}}