{"0.20": {"activatedMoleculePct": 0.3316032350177563, "activatedTokens": {"(": 536859, "C": 4420, "others": 1663}}, "0.00": {"activatedMoleculePct": 0.5607217637189083, "activatedTokens": {"(": 1080557, "C": 36979, "others": 10883, "c": 8731, "O": 2617}}}