{"0.20": {"activatedMoleculePct": 0.5059603803335645, "activatedTokens": {"c": 394910, "C": 378839, ")": 229282, "n": 123104, "2": 94455, "1": 87187, "(": 73872, "3": 33154, "[C@@H]": 27406, "N": 25107, "o": 23928, "[C@H]": 23928, "O": 16855, "s": 14559, "others": 12290, "=": 11807, "[nH]": 8673, "F": 5976}}, "0.00": {"activatedMoleculePct": 0.7771651922869888, "activatedTokens": {")": 1117664, "C": 704833, "c": 621572, "1": 311800, "2": 265668, "n": 195594, "(": 180205, "3": 78789, "N": 60233, "[C@@H]": 45686, "[C@H]": 44935, "O": 37318, "=": 36857, "o": 30886, "others": 30738, "s": 19257, "[nH]": 13251, "F": 12768}}}