{"0.20": {"activatedMoleculePct": 0.09716844400274492, "activatedTokens": {"C": 99332, "[C@@H]": 52480, "[C@H]": 34712, "2": 4895, "O": 2851, "3": 2406, "N": 2116, "others": 1547, "[C@]": 1513, "[C@@]": 1346, "n": 1061, "c": 676}}, "0.00": {"activatedMoleculePct": 0.3147258049278141, "activatedTokens": {"C": 442874, "[C@@H]": 96181, "[C@H]": 76112, "c": 34342, "2": 23034, "N": 19861, "O": 19744, "=": 17108, "3": 13197, "(": 10949, "n": 8288, "others": 5984, "[C@]": 5608, "[C@@]": 5431, "S": 3210, "1": 3122, "4": 3081, "s": 2131}}}