{"0.20": {"activatedMoleculePct": 0.29893447719514615, "activatedTokens": {"C": 520682, "N": 3086, "others": 2923}}, "0.00": {"activatedMoleculePct": 0.5255299967116658, "activatedTokens": {"C": 1133121, "O": 26108, "N": 25140, "others": 10342, "#": 6754, "Cl": 3682, "c": 2987}}}