{"0.20": {"activatedMoleculePct": 0.5829454832276648, "activatedTokens": {"c": 1092967, "N": 158163, "Cl": 130764, "F": 61307, "C": 39242, "1": 35355, "2": 26224, "O": 18820, "3": 12238, "others": 10819, "-": 10492, "n": 7836}}, "0.00": {"activatedMoleculePct": 0.874592162339712, "activatedTokens": {"c": 2797966, "C": 329623, "N": 326889, "1": 202840, "F": 179415, "Cl": 163515, "2": 139115, "O": 103389, ")": 93283, "3": 61134, "others": 34666, "n": 30974, "(": 29553, "-": 21632}}}