{"0.20": {"activatedMoleculePct": 0.23669780941283827, "activatedTokens": {"1": 198999, "2": 123431, "3": 20870, "others": 2892, "C": 2567}}, "0.00": {"activatedMoleculePct": 0.41624378493855063, "activatedTokens": {"1": 373982, "2": 214965, "3": 51346, "C": 25249, "4": 7860, "others": 5865, "N": 3813, "=": 2431, "(": 1848, "[C@H]": 1727, "c": 1383, "\\": 1234}}}