{"0.20": {"activatedMoleculePct": 0.2915258383238138, "activatedTokens": {"C": 192728, "n": 143580, "c": 74263, "N": 25925, "[nH]": 18077, "s": 14939, "O": 12755, "o": 10474, "others": 4014, "(": 3286, "2": 2841, "S": 2780, "1": 2748}}, "0.00": {"activatedMoleculePct": 0.5766156230294712, "activatedTokens": {"C": 595559, "c": 283631, "n": 215304, "N": 80408, "O": 37090, "(": 35347, "[nH]": 31772, "2": 30430, "1": 23351, ")": 21064, "s": 20483, "3": 19128, "o": 17510, "others": 11106, "S": 6793}}}