{"0.20": {"activatedMoleculePct": 0.28085889238065875, "activatedTokens": {"O": 120570, "c": 81497, "2": 63052, "n": 45317, "N": 42032, "3": 26631, "=": 22161, "[C@H]": 15320, "4": 6595, "[nH]": 5635, "others": 2959, "S": 2448}}, "0.00": {"activatedMoleculePct": 0.6027619077611278, "activatedTokens": {"c": 275167, "O": 182705, "n": 159808, "N": 111778, "2": 109864, ")": 76198, "=": 71265, "3": 57327, "[C@H]": 47678, "(": 29120, "C": 23720, "[nH]": 22513, "4": 15219, "others": 8606, "[C@@H]": 7937, "S": 3946}}}