{"0.20": {"activatedMoleculePct": 0.4729774364615474, "activatedTokens": {"c": 1363264, "others": 11426}}, "0.00": {"activatedMoleculePct": 0.7414768794953689, "activatedTokens": {"c": 3083394, "others": 28618, "C": 26283, "n": 19870, "(": 7789, "[C@@H]": 7696}}}