{"0.20": {"activatedMoleculePct": 0.22486493295533358, "activatedTokens": {"c": 244697, "C": 86414, ")": 56838, "(": 48058, "=": 31960, "O": 31720, "3": 27718, "2": 23182, "F": 18182, "n": 17007, "1": 15224, "Br": 12884, "Cl": 12249, "4": 6228, "others": 5521, "S": 4906, "[C@H]": 3670, "[N+]": 3221, "[C@@H]": 2368, "5": 1749, "[nH]": 1431, "N": 1404}}, "0.00": {"activatedMoleculePct": 0.5483996651611613, "activatedTokens": {"c": 572123, ")": 456603, "C": 370738, "(": 187068, "=": 125319, "O": 119567, "2": 90782, "F": 89783, "3": 83403, "1": 75030, "n": 53136, "Br": 27706, "Cl": 22416, "others": 21530, "S": 20229, "4": 19389, "[C@H]": 12541, "N": 11068, "[C@@H]": 10351, "[N+]": 8970, "[O-]": 8459, "[nH]": 6248, "#": 5245, "o": 4901}}}