{"0.20": {"activatedMoleculePct": 0.09645511716796064, "activatedTokens": {"(": 70686, "C": 64599, "c": 29637, "N": 29625, ")": 19892, "O": 19756, "F": 15755, "Cl": 10952, "=": 9608, "-": 9333, "Br": 6908, "n": 5760, "3": 4106, "S": 4065, "others": 2540, "4": 1982, "[C@@H]": 1674, "[N+]": 1440, "[C@H]": 1286, "#": 938, "5": 825, "[nH]": 767}}, "0.00": {"activatedMoleculePct": 0.47179246436844574, "activatedTokens": {"C": 440365, "(": 323865, "O": 209071, "c": 183002, ")": 174608, "N": 165343, "=": 144688, "F": 56822, "3": 34006, "Cl": 25893, "S": 25500, "-": 24821, "[C@@H]": 24436, "n": 19020, "[C@H]": 18771, "others": 18563, "2": 18333, "Br": 16085, "1": 11888, "4": 9883, "#": 7143, "[N+]": 3520, "\\": 3243}}}