{"0.20": {"activatedMoleculePct": 0.47297523935630675, "activatedTokens": {"C": 901233, "others": 3585}}, "0.00": {"activatedMoleculePct": 0.6316428561489286, "activatedTokens": {"C": 1522927, "others": 15323, "[C@H]": 7967, "O": 5918, "c": 5521, "=": 3083}}}