{"0.20": {"activatedMoleculePct": 0.1387559843653991, "activatedTokens": {"=": 332128, "others": 159}}, "0.00": {"activatedMoleculePct": 0.18907115911216443, "activatedTokens": {"=": 408425, "F": 15711, "others": 3464, "c": 1264, "C": 990}}}