{"0.20": {"activatedMoleculePct": 0.16555407698510288, "activatedTokens": {"c": 331478, "n": 36816, "o": 7239, "s": 3477, "[nH]": 3136, "others": 2442}}, "0.00": {"activatedMoleculePct": 0.31268396179087515, "activatedTokens": {"c": 677780, "n": 85166, "(": 74917, "o": 15511, "C": 14287, "1": 14124, ")": 8599, "others": 7941, "[nH]": 6661, "s": 6503, "2": 5377, "[C@@H]": 3050, "S": 2082, "-": 1819, "O": 1777}}}