{"0.20": {"activatedMoleculePct": 0.502866123786374, "activatedTokens": {"2": 343221, "1": 329063, "3": 161506, "4": 42728, "5": 6875, "others": 2600}}, "0.00": {"activatedMoleculePct": 0.7801034543620962, "activatedTokens": {"1": 840107, "2": 566730, "3": 245633, "4": 57682, "others": 17224}}}