{"0.20": {"activatedMoleculePct": 0.9903378635202167, "activatedTokens": {")": 4445845, "others": 27}}, "0.00": {"activatedMoleculePct": 0.9975245947622475, "activatedTokens": {")": 5936570, "others": 3305}}}