{"0.20": {"activatedMoleculePct": 0.4229185906595197, "activatedTokens": {"C": 366383, "O": 178261, "N": 122857, "(": 26511, "c": 25382, "[C@@H]": 22332, "2": 17853, "-": 14178, "3": 13051, "1": 7374, "others": 6874, "[C@H]": 4887, "F": 3558, "4": 2306}}, "0.00": {"activatedMoleculePct": 0.8394589848055525, "activatedTokens": {"C": 1323747, "O": 302265, "N": 216329, "2": 134830, "(": 125359, "c": 124767, "3": 91586, "1": 72457, "[C@@H]": 48538, "-": 47495, ")": 42090, "others": 23609, "4": 19407, "F": 12241, "[C@H]": 11238, "=": 7658, "[nH]": 6783}}}