{"0.20": {"activatedMoleculePct": 0.32001789908402684, "activatedTokens": {"c": 319559, "C": 170925, "N": 84564, "[C@H]": 45685, "[C@@H]": 29000, "n": 12034, "O": 8952, "1": 7304, "others": 6631}}, "0.00": {"activatedMoleculePct": 0.5644297449966421, "activatedTokens": {"c": 693090, "C": 394942, "N": 177282, "[C@H]": 75460, "[C@@H]": 59339, "n": 35844, "1": 23582, "O": 18653, "others": 12212, "2": 8920, "s": 4983, "[C@@]": 4373, "[C@]": 3661, "=": 3545}}}