{"0.20": {"activatedMoleculePct": 0.7913577597729072, "activatedTokens": {"C": 1371579, "c": 745316, "O": 173304, "N": 170914, "=": 164729, "n": 149155, "1": 140615, "F": 114792, "2": 106872, "[C@H]": 106559, ")": 81917, "[C@@H]": 79783, "3": 43258, "others": 30624, "-": 12356, "4": 11258, "[C@@]": 10737, "s": 10301, "#": 9907, "o": 7593, "S": 6639}}, "0.00": {"activatedMoleculePct": 0.9934885124352495, "activatedTokens": {"C": 4115857, "c": 3266214, ")": 1502188, "1": 1112524, "=": 826684, "O": 783718, "2": 684227, "N": 537947, "n": 457267, "F": 306541, "3": 260458, "[C@H]": 249081, "[C@@H]": 197704, "others": 142814, "4": 57972, "-": 42096, "o": 39611, "s": 36380, "#": 28819, "[C@@]": 22625}}}