{"0.20": {"activatedMoleculePct": 0.33700591680441294, "activatedTokens": {"C": 467823, "c": 347438, "n": 152360, "(": 88304, "2": 40757, "3": 34936, "O": 32965, "N": 32754, ")": 30707, "F": 27622, "[nH]": 27068, "o": 21927, "s": 20638, "1": 18765, "=": 17767, "[C@@H]": 16434, "[C@H]": 13560, "others": 13027, "4": 12719, "Cl": 5969, "S": 5510, "#": 4811}}, "0.00": {"activatedMoleculePct": 0.7563827738160716, "activatedTokens": {"C": 1499546, "c": 1376475, "(": 528472, "n": 371926, ")": 206149, "2": 196370, "N": 154497, "O": 138412, "3": 133411, "F": 124791, "1": 116544, "=": 87213, "[C@@H]": 57461, "[nH]": 54551, "o": 48385, "s": 43513, "others": 42878, "[C@H]": 37993, "4": 37951, "Cl": 22976, "-": 18090, "S": 17842}}}