{"0.20": {"activatedMoleculePct": 0.4752770732800511, "activatedTokens": {"C": 650962, "2": 60380, "O": 48015, "N": 47505, "3": 46996, "4": 15357, "others": 5841, "5": 4521}}, "0.00": {"activatedMoleculePct": 0.7384309592634717, "activatedTokens": {"C": 1107791, "2": 179920, "O": 152084, "3": 150400, "N": 85781, "4": 37109, "1": 35470, "others": 17087, "5": 7164}}}