{"0.20": {"activatedMoleculePct": 0.09407491982396793, "activatedTokens": {"C": 53761, "S": 32644, "=": 30607, "N": 20978, "#": 2735, "others": 1270, "Br": 414, "Cl": 409, "(": 375, "[S@@]": 327, "[C@]": 326, "[C@@]": 271, "[S@]": 191}}, "0.00": {"activatedMoleculePct": 0.28294760709606404, "activatedTokens": {"C": 166175, "N": 110447, "S": 63290, "=": 57133, "(": 15091, "2": 13867, ")": 11792, "3": 11200, "O": 6144, "1": 5639, "n": 5600, "#": 5169, "others": 4512, "s": 3617, "c": 3197, "[C@H]": 2648, "[C@@]": 2572, "[C@]": 2475, "4": 2087, "[C@@H]": 1362, "Br": 1281, "Cl": 1158, "[S@@]": 951}}}