{"0.20": {"activatedMoleculePct": 0.1418714795965822, "activatedTokens": {"N": 206062, "n": 7061, "others": 1740}}, "0.00": {"activatedMoleculePct": 0.3100401118180094, "activatedTokens": {"N": 452338, "n": 39497, "S": 7732, "O": 4835, "others": 3857, "C": 3323, "-": 2429, "F": 1839, "[N+]": 1418}}}