{"0.20": {"activatedMoleculePct": 0.115732518549061, "activatedTokens": {"c": 167263, "C": 4194, "others": 1236}}, "0.00": {"activatedMoleculePct": 0.45599820716212364, "activatedTokens": {"c": 748848, "C": 40647, "others": 7837, "1": 7755, "[nH]": 2911, "s": 2537}}}