{"0.20": {"activatedMoleculePct": 0.2740215008718846, "activatedTokens": {"C": 645919, "[C@H]": 16081, "n": 6578, "others": 6500, "[C@@H]": 3005, "N": 1986}}, "0.00": {"activatedMoleculePct": 0.5846497045259635, "activatedTokens": {"C": 1675256, "n": 65872, "[C@H]": 44695, "c": 24210, "N": 16793, "[C@@H]": 16620, "others": 15761, "O": 12391, "2": 6776, "s": 6486, "3": 6035, "1": 5975, ")": 5933, "o": 4354}}}