{"0.20": {"activatedMoleculePct": 0.06716257773175249, "activatedTokens": {"C": 87678, "O": 7600, "N": 3569, "S": 1527, "others": 964, "[C@@H]": 439, "-": 382}}, "0.00": {"activatedMoleculePct": 0.21012748336974424, "activatedTokens": {"C": 246189, "O": 26608, "N": 24755, "-": 16517, "(": 10026, "c": 8098, ")": 6326, "S": 4965, "[C@@H]": 4512, "1": 4167, "[C@H]": 3559, "others": 2608, "n": 1545, "/": 1497, "=": 1235, "3": 1116}}}