{"0.20": {"activatedMoleculePct": 0.26390090176522757, "activatedTokens": {"c": 227730, "2": 88232, "C": 72860, "O": 53192, "3": 42937, "=": 32699, "n": 28955, "N": 14441, "(": 14069, "4": 13784, "[C@@H]": 8370, "[C@@]": 7180, "[C@]": 6162, "others": 5335}}, "0.00": {"activatedMoleculePct": 0.5022882851080939, "activatedTokens": {"c": 432809, "C": 214166, "2": 196066, "O": 174737, "(": 101518, "3": 92204, "=": 73411, "n": 60204, "N": 39051, "4": 28759, "[C@@H]": 28289, "1": 14108, "-": 10776, "[C@@]": 10341, "[C@]": 9544, "others": 9170, ")": 8835, "[C@H]": 6428}}}