{"0.20": {"activatedMoleculePct": 0.06555795853769464, "activatedTokens": {"n": 85864, "3": 2194, "[nH]": 2030, "2": 1485, "s": 702, "others": 668}}, "0.00": {"activatedMoleculePct": 0.20030422583898294, "activatedTokens": {"n": 237043, "2": 27227, "3": 17069, "[nH]": 5611, "4": 4534, "s": 3796, "O": 3656, "c": 3203, "C": 3008, "others": 2697, "N": 2525, "o": 1766, "#": 1256, "S": 1004, "F": 967, "5": 930}}}