{"0.20": {"activatedMoleculePct": 0.05812954571919677, "activatedTokens": {"C": 126371, "others": 1188, "O": 654}}, "0.00": {"activatedMoleculePct": 0.17885388737492064, "activatedTokens": {"C": 428212, "(": 16331, "N": 7316, "others": 3989, "O": 3331, "c": 3158, "=": 2290, "n": 1556, "/": 1432, "1": 1386, "[C@@H]": 1337, "[C@H]": 1294, "[nH]": 911, "\\": 787}}}