{"0.20": {"activatedMoleculePct": 0.439827512591244, "activatedTokens": {"C": 548052, "n": 197431, "N": 129462, "O": 29476, "c": 12494, "others": 3326}}, "0.00": {"activatedMoleculePct": 0.8751363120709694, "activatedTokens": {"C": 1856541, "n": 383560, "N": 180438, "c": 163910, "O": 111370, "(": 69173, ")": 60168, "others": 24878, "[nH]": 12075}}}