{"0.20": {"activatedMoleculePct": 0.5253080890823644, "activatedTokens": {"C": 522781, "c": 308494, "[C@@H]": 91810, "[C@H]": 66727, "others": 7094, "N": 5039, "S": 4956, "/": 4599, "=": 4340, ")": 4330}}, "0.00": {"activatedMoleculePct": 0.8915735887443763, "activatedTokens": {"C": 1480877, "c": 809989, "[C@@H]": 170180, "[C@H]": 132451, "=": 59537, ")": 50551, "N": 29394, "S": 27195, "others": 23364, "1": 19880, "O": 17335, "(": 16393, "/": 12376, "2": 8967, "[C@]": 8360, "-": 5730}}}