{"0.20": {"activatedMoleculePct": 0.8923740674203714, "activatedTokens": {"C": 1318875, "c": 859951, ")": 558029, "O": 394007, "(": 377377, "N": 373328, "1": 365003, "2": 288427, "n": 272599, "=": 176275, "3": 148426, "[C@H]": 144965, "[C@@H]": 118917, "F": 90220, "others": 56826, "-": 39139, "S": 34581, "o": 25211, "4": 22651, "s": 17834, "[O-]": 17347, "[nH]": 14630, "Cl": 12662, "/": 11543}}, "0.00": {"activatedMoleculePct": 0.9998213021070972, "activatedTokens": {"C": 6292766, "c": 5077051, ")": 4490252, "(": 3597618, "O": 2342321, "1": 2311749, "2": 1572793, "=": 1489070, "N": 1271902, "n": 861480, "3": 646208, "[C@H]": 398579, "[C@@H]": 365181, "F": 349463, "others": 290749, "-": 108490, "4": 104527, "o": 93245, "S": 92741, "s": 67240, "Cl": 60368}}}