{"0.20": {"activatedMoleculePct": 0.3014289240116505, "activatedTokens": {"C": 509672, "(": 83401, "c": 48586, "1": 14863, "2": 14362, "N": 12036, "=": 8578, "others": 5104, "O": 5023, "[C@H]": 4809, "3": 4655, "[C@@H]": 2505}}, "0.00": {"activatedMoleculePct": 0.6982730020440402, "activatedTokens": {"C": 1174904, "c": 560477, "(": 196070, "1": 130311, "2": 83118, "N": 64353, ")": 37643, "[C@H]": 34408, "3": 22737, "O": 22728, "n": 20946, "others": 20342, "=": 15134, "[C@@H]": 13872}}}