{"0.20": {"activatedMoleculePct": 0.8848775443394147, "activatedTokens": {"1": 1081499, "2": 774078, "3": 279775, "4": 50627, "others": 6856}}, "0.00": {"activatedMoleculePct": 0.9752671863064684, "activatedTokens": {"1": 1706490, "2": 1070140, "3": 388862, "4": 73927, "others": 24929}}}