{"0.20": {"activatedMoleculePct": 0.007272418346414654, "activatedTokens": {"C": 2598, "(": 1470, "=": 1272, "c": 1245, "O": 1137, "[C@H]": 668, "[C@@H]": 423, "N": 405, "n": 360, "S": 351, ")": 349, "3": 223, "1": 179, "-": 117, "others": 108, "[N-]": 92, "2": 80, ".": 74, "[nH]": 70, "[N+]": 55, "#": 47, "[O-]": 26, "[O+]": 17, "5": 15, "4": 15, "[C-]": 13, "I": 12, "P": 12, "[W]": 7}}, "0.00": {"activatedMoleculePct": 0.06130143331822213, "activatedTokens": {"O": 19075, "c": 17402, "C": 17231, "(": 13799, "=": 6999, ")": 5102, "N": 4749, "1": 3763, "[C@@H]": 2876, "[C@H]": 2579, "n": 2435, "3": 2177, "2": 1808, "S": 1362, "others": 842, "[nH]": 637, "-": 520, "4": 247, "[N-]": 246}}}