{"0.20": {"activatedMoleculePct": 0.6108062424154096, "activatedTokens": {"C": 1829699, "N": 15295, "others": 13249, "=": 10122, "(": 8368}}, "0.00": {"activatedMoleculePct": 0.7978209110223643, "activatedTokens": {"C": 2886304, ")": 110949, "N": 78130, "(": 60997, "1": 39788, "2": 38420, "=": 33864, "others": 25090, "3": 11493}}}