{"0.20": {"activatedMoleculePct": 0.004681298899323511, "activatedTokens": {"c": 2087, "N": 633, "n": 567, "1": 510, "2": 441, "Cl": 416, ")": 393, "C": 387, "=": 354, "O": 274, "[C@H]": 193, "/": 145, "F": 130, "(": 92, "3": 80, "[N-]": 72, "others": 68, ".": 47, "[C@@H]": 28, "Br": 28, "S": 20, "[N+]": 18}}, "0.00": {"activatedMoleculePct": 0.02143422635896452, "activatedTokens": {"c": 9857, "=": 3664, "O": 3254, "1": 2492, "2": 2401, "n": 2352, ")": 2257, "N": 2104, "C": 1421, "Cl": 1267, "F": 622, "[C@H]": 498, "3": 386, "/": 314, "others": 280, "(": 274, "[N-]": 133, "[C@@H]": 99, "Br": 90}}}