{"0.20": {"activatedMoleculePct": 0.009724387794933915, "activatedTokens": {"C": 4283, "n": 1463, "c": 1455, "[C@H]": 1047, "O": 947, "3": 818, "N": 755, "[O-]": 673, "=": 495, "2": 349, "#": 335, "[nH]": 262, ")": 217, "[C@@]": 139, "/": 133, "others": 125, "5": 101, "[C@@H]": 92, "4": 61, "S": 49, "o": 46, "7": 38, "Cl": 36, "F": 23, "s": 23, "[Cl-]": 22, "[N-]": 20}}, "0.00": {"activatedMoleculePct": 0.03920221643976673, "activatedTokens": {"C": 17747, "c": 7637, "O": 7362, "n": 5590, "3": 3320, "[C@H]": 2770, "[O-]": 2484, "2": 2260, "N": 2128, "=": 1907, ")": 1841, "#": 765, "[nH]": 660, "others": 547, "[C@@]": 367, "5": 345, "4": 338, "/": 316, "[C@@H]": 302, "o": 130, "Cl": 107, "S": 101, "F": 99, "7": 96}}}