{"0.20": {"activatedMoleculePct": 0.8606735006404562, "activatedTokens": {"O": 1961430, "others": 2645}}, "0.00": {"activatedMoleculePct": 0.8862631853778252, "activatedTokens": {"O": 2169103, "C": 18161, "others": 12445}}}