{"0.20": {"activatedMoleculePct": 0.05562118390283522, "activatedTokens": {"s": 77238, "others": 69}}, "0.00": {"activatedMoleculePct": 0.07848792287867658, "activatedTokens": {"s": 101201, "[nH]": 2462, "=": 2205, "#": 1134, "others": 977, "Cl": 812, "o": 592, "[C@]": 351, "1": 234, "N": 188}}}