{"0.20": {"activatedMoleculePct": 0.7204425262901951, "activatedTokens": {"C": 1149272, "c": 764420, "N": 384297, "O": 251077, "n": 188645, "=": 122624, "[C@H]": 107344, "[C@@H]": 99974, "F": 47071, "others": 30776, "Cl": 27682, "-": 26264, "o": 21983, "S": 21156, "s": 12366, "[nH]": 12343, "2": 11566, "[C@]": 8357, "#": 7678}}, "0.00": {"activatedMoleculePct": 0.9772650873385952, "activatedTokens": {"C": 3847227, "c": 3424476, "O": 1229527, "N": 947394, "=": 714050, "n": 618459, "[C@H]": 253257, "[C@@H]": 231489, "F": 189963, "others": 98769, "Cl": 77883, "-": 68886, "o": 64092, "S": 56868, "s": 44603, "[nH]": 40630, "2": 36384, "1": 25220, "(": 24373, "#": 24313, ")": 21717}}}