{"0.20": {"activatedMoleculePct": 0.28396926103294706, "activatedTokens": {"C": 695826, "[C@@H]": 10943, "N": 6948, "others": 6932, "3": 1983, "(": 1705}}, "0.00": {"activatedMoleculePct": 0.5319953450663636, "activatedTokens": {"C": 1498405, "N": 42328, "(": 37570, "[C@@H]": 32436, ")": 22152, "c": 17361, "others": 16635, "2": 12010, "3": 11006, "1": 10394, "O": 6187}}}