{"0.20": {"activatedMoleculePct": 0.00011937605140640369, "activatedTokens": {"C": 36, "S": 28, "O": 26, "[C@H]": 25, "/": 23, "2": 11, "1": 8, "N": 4, ".": 2, "\\": 2, "#": 1, "3": 1, "others": 1}}, "0.00": {"activatedMoleculePct": 0.0031352691783485534, "activatedTokens": {"O": 1174, "=": 612, "C": 578, "c": 383, "[C@H]": 383, "1": 376, ")": 289, "S": 218, "2": 207, "(": 104, "/": 80, "others": 45, ".": 28, "n": 26, "[C@@H]": 22, "\\": 22}}}