{"0.20": {"activatedMoleculePct": 0.9969533473996893, "activatedTokens": {"C": 10898337, "others": 3392}}, "0.00": {"activatedMoleculePct": 0.9986780750135671, "activatedTokens": {"C": 12511190, "others": 69292}}}