{"0.20": {"activatedMoleculePct": 0.0739911808195642, "activatedTokens": {"(": 75331, "1": 49726, "C": 47365, "2": 21382, "3": 6160, "=": 2278, "others": 1199}}, "0.00": {"activatedMoleculePct": 0.13202918048706894, "activatedTokens": {"C": 138534, "(": 93056, "1": 59821, "2": 34602, "3": 13550, "=": 5207, "others": 3004}}}