{"0.20": {"activatedMoleculePct": 0.4231126682891068, "activatedTokens": {"C": 671763, "others": 1466}}, "0.00": {"activatedMoleculePct": 0.7143609389841904, "activatedTokens": {"C": 1193788, "O": 15037, "others": 9812, "1": 6014}}}