{"0.20": {"activatedMoleculePct": 0.14719360085774988, "activatedTokens": {"N": 208424, "others": 1027}}, "0.00": {"activatedMoleculePct": 0.3278659590034809, "activatedTokens": {"N": 469270, "O": 9490, "c": 8519, "others": 4518, "=": 3253, ")": 2919, "1": 2044, "[C@@H]": 1787, "2": 1586, "3": 1214, "F": 940, "C": 849}}}