{"0.20": {"activatedMoleculePct": 0.08794279909742916, "activatedTokens": {"C": 126278, "2": 47728, "3": 21452, "O": 19365, "N": 14825, "n": 5792, "[C@H]": 4651, "[C@@H]": 2524, "=": 2296, "4": 2286, "others": 2163, ")": 2091, "-": 1339, "c": 1038}}, "0.00": {"activatedMoleculePct": 0.14360426326300887, "activatedTokens": {"C": 240753, "2": 78341, ")": 44856, "O": 39680, "3": 37337, "N": 28048, "n": 9520, "[C@H]": 7494, "c": 6677, "=": 6187, "others": 5156, "4": 5109, "[C@@H]": 3726, "(": 3370, "-": 2450, "1": 2441}}}