{"0.20": {"activatedMoleculePct": 0.01642336167354971, "activatedTokens": {"C": 6735, "=": 3483, "1": 2459, "N": 1488, "2": 1389, "c": 1126, "O": 1061, "n": 861, "\\": 801, "[nH]": 773, "F": 630, "3": 567, "[O-]": 508, "S": 381, "(": 297, "[C@H]": 296, "/": 258, "others": 217, ")": 210, "Cl": 157, "4": 151, ".": 72, "5": 68, "[S@]": 66, "6": 51, "[C@@H]": 45, "s": 44, "[S@@]": 35}}, "0.00": {"activatedMoleculePct": 0.06424408960381066, "activatedTokens": {"C": 24578, "=": 17789, "1": 10476, "O": 9550, "c": 8295, "N": 4475, "2": 3974, "F": 3514, "n": 3109, "[nH]": 2249, "\\": 1923, ")": 1849, "[O-]": 1694, "3": 1563, "(": 1379, "S": 1048, "/": 1021, "others": 906, "[C@H]": 822, "Cl": 403, "4": 364, "s": 197, "[C@@H]": 165}}}