{"0.20": {"activatedMoleculePct": 0.35366949531760256, "activatedTokens": {"C": 985001, "others": 462}}, "0.00": {"activatedMoleculePct": 0.5005196153894039, "activatedTokens": {"C": 1366526, "others": 13011, "c": 9007, "O": 5265, "s": 3110, "[C@@H]": 2665, "=": 2436}}}