{"0.20": {"activatedMoleculePct": 0.5477830109569638, "activatedTokens": {"=": 1068526, "others": 459}}, "0.00": {"activatedMoleculePct": 0.7796054438408915, "activatedTokens": {"=": 1799127, "others": 10543}}}