{"0.20": {"activatedMoleculePct": 0.5557724179802305, "activatedTokens": {"n": 534968, "C": 467585, "N": 63754, "O": 45135, "(": 40520, "=": 15024, ")": 11146, "others": 10484, "2": 9591, "3": 4646, "F": 2657}}, "0.00": {"activatedMoleculePct": 0.8501486341695271, "activatedTokens": {"C": 1109248, "n": 750369, ")": 324585, "N": 281534, "O": 195898, "(": 174553, "=": 115120, "F": 42148, "c": 40536, "2": 36349, "others": 28632, "3": 16047, "1": 14060, "[O-]": 12164}}}