{"0.20": {"activatedMoleculePct": 0.5259899240753666, "activatedTokens": {")": 860747, "others": 842}}, "0.00": {"activatedMoleculePct": 0.8359897556306315, "activatedTokens": {")": 1750438, "others": 10836}}}