{"0.20": {"activatedMoleculePct": 0.23773411071799203, "activatedTokens": {"[C@@H]": 208822, "[C@H]": 147823, "others": 2717}}, "0.00": {"activatedMoleculePct": 0.45415776533890717, "activatedTokens": {"[C@@H]": 401388, "[C@H]": 322096, "c": 16791, ")": 11101, "others": 6984, "C": 6621, "=": 4849, "-": 4574, "[C@]": 4366, "O": 3394, "N": 3026, "[C@@]": 2829}}}