{"0.20": {"activatedMoleculePct": 0.06787077798764202, "activatedTokens": {"C": 87722, "-": 12736, "O": 1399, "others": 893, "N": 519}}, "0.00": {"activatedMoleculePct": 0.19161467461237572, "activatedTokens": {"C": 247012, "-": 44701, "O": 6366, "c": 4274, "others": 3049, "N": 2781, "S": 2751, "[C@@H]": 1202, "[C@H]": 1145}}}