{"0.20": {"activatedMoleculePct": 0.44157494362594135, "activatedTokens": {"C": 764177, "others": 1653}}, "0.00": {"activatedMoleculePct": 0.7258884178132504, "activatedTokens": {"C": 1313946, "O": 14667, "others": 6826}}}