{"0.20": {"activatedMoleculePct": 0.1223084545342027, "activatedTokens": {"N": 226418, "others": 2112}}, "0.00": {"activatedMoleculePct": 0.41099929472921776, "activatedTokens": {"N": 814803, "C": 10561, "others": 8491, "O": 5484, "S": 3148, "[nH]": 2446, "n": 2380, "=": 2185}}}