{"0.20": {"activatedMoleculePct": 0.0044586589016085, "activatedTokens": {"C": 2012, "c": 1259, "n": 931, "1": 712, "S": 385, "2": 320, "[C@H]": 269, ")": 228, "3": 106, "4": 69, "others": 59, ".": 53, "[N+]": 12, "(": 11, "P": 9, "5": 7}}, "0.00": {"activatedMoleculePct": 0.017282429822627694, "activatedTokens": {"C": 6808, "c": 6159, ")": 4000, "1": 3120, "n": 2318, "2": 1499, "[C@H]": 748, "S": 705, "3": 409, "4": 219, "others": 201, "(": 114, ".": 66, "F": 65}}}