{"0.20": {"activatedMoleculePct": 0.35756203343554754, "activatedTokens": {"c": 411758, "C": 110749, "(": 98650, "n": 85026, "N": 31654, "O": 18762, "[C@H]": 16791, "o": 13194, "s": 11434, "[C@@H]": 9723, "others": 6717, "[nH]": 6444, "S": 4512, "=": 4450, "2": 3765, "F": 2715, "3": 2579}}, "0.00": {"activatedMoleculePct": 0.59256660707629, "activatedTokens": {"c": 605395, "C": 390668, "(": 271804, "n": 140919, "N": 119153, "O": 64998, "[C@H]": 38705, "=": 35542, "2": 24853, "[C@@H]": 24320, "F": 21620, "o": 20361, "others": 18722, "s": 18099, "S": 16775, "1": 15966, "3": 14972, "[nH]": 13314, "Cl": 11232, ")": 10913, "-": 8020, "Br": 3891}}}