{"0.20": {"activatedMoleculePct": 0.0859397714864076, "activatedTokens": {"[C@@H]": 53040, "C": 35366, "[C@H]": 33618, "n": 12676, "(": 12117, "1": 5255, "2": 5010, "c": 3651, "/": 3136, "N": 2825, "3": 2717, "[C@]": 2233, "s": 2032, "others": 1756, "4": 1076, "=": 1070, "[C@@]": 687, "Cl": 607}}, "0.00": {"activatedMoleculePct": 0.24929527849407476, "activatedTokens": {"C": 120429, "n": 102752, "(": 79001, "[C@@H]": 78379, "[C@H]": 47852, ")": 37113, "c": 35837, "1": 31615, "N": 26505, "2": 24872, "F": 23902, "/": 17624, "3": 11148, "s": 5767, "others": 5678, "[C@]": 4472, "\\": 3970, "4": 3890, "Cl": 3437, "O": 2987, "=": 2396, "[C@@]": 2084, "S": 1474}}}