{"0.20": {"activatedMoleculePct": 0.996440689510214, "activatedTokens": {")": 5722427, "others": 146}}, "0.00": {"activatedMoleculePct": 0.9980196758097981, "activatedTokens": {")": 6168647, "others": 8103}}}