{"0.20": {"activatedMoleculePct": 0.4637224968196902, "activatedTokens": {"C": 491400, "N": 226822, "(": 199526, "=": 67267, "c": 31067, "-": 10729, "o": 7880, "others": 7680, "[C@@H]": 7289, "[C@H]": 6386, "O": 5992, "n": 5619, ")": 3536}}, "0.00": {"activatedMoleculePct": 0.7675792221222133, "activatedTokens": {"C": 937568, "(": 871831, "=": 458542, "N": 372012, "c": 101328, ")": 77442, "O": 65022, "others": 24329, "2": 19087, "1": 17245, "n": 16951, "[C@@H]": 16521, "[C@H]": 14419, "-": 14093}}}