{"0.20": {"activatedMoleculePct": 0.08546739385967675, "activatedTokens": {"C": 89706, "N": 66901, "(": 49434, "c": 7054, "S": 6445, ")": 3989, "[C@H]": 2846, "1": 2808, "/": 2359, "[C@@H]": 1566, "O": 1349, "others": 1090}}, "0.00": {"activatedMoleculePct": 0.39982481747548215, "activatedTokens": {"C": 510007, "N": 168412, "(": 161541, "c": 76999, ")": 51474, "1": 33402, "S": 31341, "[C@H]": 13792, "O": 11392, "others": 9648, "[C@@H]": 8314, "2": 6923, "/": 4973}}}