{"0.20": {"activatedMoleculePct": 0.5591530305771136, "activatedTokens": {")": 863485, "O": 125902, "C": 54064, "1": 25732, "c": 24313, "/": 16625, "[C@@H]": 15159, "2": 13132, "o": 11368, "others": 11339, "=": 6450, "N": 5167, "#": 3648, "[C@H]": 3309}}, "0.00": {"activatedMoleculePct": 0.8567582591016916, "activatedTokens": {")": 1835662, "C": 272694, "O": 218329, "c": 96574, "1": 90026, "2": 52921, "[C@@H]": 44287, "o": 37751, "N": 25207, "n": 23169, "others": 22362, "/": 22061, "=": 20582, "[C@H]": 16682, "(": 12532, "3": 12052, "#": 11788}}}