{"0.20": {"activatedMoleculePct": 0.22992706342969593, "activatedTokens": {"C": 528573, "others": 1015}}, "0.00": {"activatedMoleculePct": 0.39051568257102326, "activatedTokens": {"C": 989076, "c": 10091, "others": 8824, "N": 6132, "n": 4777, ")": 3024, "O": 1910}}}