{"0.20": {"activatedMoleculePct": 0.5984511872790536, "activatedTokens": {"1": 917255, "2": 19981, "others": 3746}}, "0.00": {"activatedMoleculePct": 0.7705335963024184, "activatedTokens": {"1": 1183550, "2": 206687, "3": 53453, "others": 11102, "5": 4214}}}