{"0.20": {"activatedMoleculePct": 0.36166622602500453, "activatedTokens": {"C": 529674, "O": 76451, "N": 35776, "S": 23238, "=": 20227, "[C@@H]": 13163, "n": 7821, "others": 6815, "[C@H]": 5726, "1": 2450, "c": 1835}}, "0.00": {"activatedMoleculePct": 0.7635189716375684, "activatedTokens": {"C": 1307379, "O": 186039, "N": 78553, "=": 72770, "c": 53874, "S": 41663, "[C@@H]": 38909, "n": 24944, "[C@H]": 20502, "others": 18807, "(": 17574, "1": 16551, "#": 7579, "2": 3631}}}