{"0.20": {"activatedMoleculePct": 0.955647036507833, "activatedTokens": {"N": 2703512, "others": 2001}}, "0.00": {"activatedMoleculePct": 0.958225705691894, "activatedTokens": {"N": 2704417, "others": 18402}}}