{"0.20": {"activatedMoleculePct": 0.9108092451259051, "activatedTokens": {"1": 1355352, "2": 853839, "3": 275483, "4": 59997, "others": 7668}}, "0.00": {"activatedMoleculePct": 0.9719517544983899, "activatedTokens": {"1": 1727166, "2": 1147702, "3": 397933, "4": 83878, "others": 15220}}}