{"0.20": {"activatedMoleculePct": 0.6275562404013965, "activatedTokens": {"c": 1101112, "others": 42}}, "0.00": {"activatedMoleculePct": 0.8086167538063017, "activatedTokens": {"c": 1732605, "others": 1462}}}