{"0.20": {"activatedMoleculePct": 0.5464698743914934, "activatedTokens": {"N": 966232, "others": 100}}, "0.00": {"activatedMoleculePct": 0.8220256870897363, "activatedTokens": {"N": 1841923, "others": 1576}}}