{"0.20": {"activatedMoleculePct": 0.4538150169213722, "activatedTokens": {")": 739149, "others": 46}}, "0.00": {"activatedMoleculePct": 0.663358802665528, "activatedTokens": {")": 1308259, "others": 1164}}}