{"0.20": {"activatedMoleculePct": 0.44447658728037187, "activatedTokens": {"O": 861904, "others": 1}}, "0.00": {"activatedMoleculePct": 0.6967928854802835, "activatedTokens": {"O": 1623262, "others": 234}}}