{"0.20": {"activatedMoleculePct": 0.6192687594338206, "activatedTokens": {")": 1031122, "others": 954}}, "0.00": {"activatedMoleculePct": 0.7627558437506637, "activatedTokens": {")": 1473834, "others": 9333}}}