{"0.20": {"activatedMoleculePct": 0.38748880391787804, "activatedTokens": {"C": 1038309, "O": 98678, ")": 24259, "=": 13387, "others": 9689, "[O-]": 4233}}, "0.00": {"activatedMoleculePct": 0.6172979560329946, "activatedTokens": {"C": 2129102, "O": 250330, "=": 125386, ")": 110303, "others": 24977, "c": 19305, "(": 16897, "[O-]": 11794, "o": 11277, "1": 8858}}}