{"0.20": {"activatedMoleculePct": 0.6642032234463353, "activatedTokens": {")": 1148401, "others": 612}}, "0.00": {"activatedMoleculePct": 0.8047220185831161, "activatedTokens": {")": 1627806, "others": 5148}}}