{"0.20": {"activatedMoleculePct": 0.5340291321507536, "activatedTokens": {"=": 831599, "others": 243}}, "0.00": {"activatedMoleculePct": 0.7397177305660548, "activatedTokens": {"=": 1471037, "others": 2424}}}