{"0.20": {"activatedMoleculePct": 0.19903796085197883, "activatedTokens": {"c": 279643, "others": 2036, "[C@@H]": 1389}}, "0.00": {"activatedMoleculePct": 0.31513886071304853, "activatedTokens": {"c": 520949, "[C@@H]": 6180, "others": 4652, ")": 1991, "O": 1667, "[C@]": 1649, "=": 1621, "C": 1407}}}