{"0.20": {"activatedMoleculePct": 0.5067528029570108, "activatedTokens": {"c": 1829599, "others": 3008}}, "0.00": {"activatedMoleculePct": 0.7728940196992455, "activatedTokens": {"c": 4113809, "others": 20846}}}