{"0.20": {"activatedMoleculePct": 0.2230310824478389, "activatedTokens": {"N": 425773, "others": 1100}}, "0.00": {"activatedMoleculePct": 0.3829825410693897, "activatedTokens": {"N": 808677, "others": 4329}}}