{"0.20": {"activatedMoleculePct": 0.5466800641261783, "activatedTokens": {"c": 918584, "others": 9}}, "0.00": {"activatedMoleculePct": 0.7242281386197639, "activatedTokens": {"c": 1404394, "others": 112}}}