{"0.20": {"activatedMoleculePct": 0.16386303831824778, "activatedTokens": {"F": 290410, "others": 219}}, "0.00": {"activatedMoleculePct": 0.20475043447756133, "activatedTokens": {"F": 465306, "#": 4169, "others": 1538}}}