{"0.20": {"activatedMoleculePct": 0.11671608932844013, "activatedTokens": {")": 117931, "C": 35790, "=": 9994, "N": 5679, "others": 1589, "1": 373, "[N+]": 339}}, "0.00": {"activatedMoleculePct": 0.22032205168616842, "activatedTokens": {")": 180914, "C": 85597, "=": 84148, "N": 21723, "others": 3906, "[C@]": 3227, "O": 2972, "[C@H]": 2188, "1": 2071, "\\": 1459, "#": 1392, "[C@@H]": 1378, "[C@@]": 1359, "s": 1308, "(": 928, "/": 805}}}