{"0.20": {"activatedMoleculePct": 0.9551753912495157, "activatedTokens": {"C": 3418520, "c": 1076291, "1": 525721, "O": 516232, "n": 447519, ")": 342533, "2": 230021, "[C@@H]": 223335, "[C@H]": 172141, "F": 151013, "3": 74200, "others": 73642, "=": 59688, "#": 41525, "s": 37654, "Br": 31572, "S": 28303, "Cl": 25741, "[C@@]": 16675}}, "0.00": {"activatedMoleculePct": 0.9990376679046135, "activatedTokens": {"C": 8300372, "c": 4454572, ")": 2265094, "O": 2134307, "1": 1531717, "n": 982941, "2": 889707, "=": 686172, "[C@@H]": 458906, "[C@H]": 425373, "F": 387704, "3": 321823, "others": 222671, "(": 177122, "S": 84868, "Cl": 79677, "s": 76484, "#": 67334, "4": 59303, "o": 53177}}}