{"0.20": {"activatedMoleculePct": 0.17727783054899068, "activatedTokens": {"2": 125012, "3": 78713, "1": 31046, "4": 25960, "5": 5750, "others": 1173}}, "0.00": {"activatedMoleculePct": 0.3861610199841369, "activatedTokens": {"2": 301207, "3": 169280, "1": 143642, "4": 46454, "5": 8665, "C": 3665, "others": 3433}}}