{"0.20": {"activatedMoleculePct": 0.0001669799982862579, "activatedTokens": {"O": 135, ".": 42, "N": 23, ")": 22, "=": 11, "C": 5, "[C@@H]": 4, "c": 2, "others": 2, "1": 1}}, "0.00": {"activatedMoleculePct": 0.0009337697272586792, "activatedTokens": {"O": 305, "N": 189, ")": 185, ".": 178, "C": 144, "=": 101, "c": 84, "2": 61, "o": 59, "1": 43, "[C@@H]": 31, "#": 11, "others": 8}}}