{"0.20": {"activatedMoleculePct": 0.8961215965924363, "activatedTokens": {"C": 1517287, ")": 954910, "c": 809802, "n": 294937, "(": 158334, "O": 150727, "N": 77896, "[C@@H]": 61495, "[C@H]": 55914, "o": 47494, "s": 34521, "others": 33001, "[nH]": 26633, "Cl": 23750, "F": 22367}}, "0.00": {"activatedMoleculePct": 0.9782552494336961, "activatedTokens": {"C": 2316063, ")": 1685846, "c": 1314520, "(": 481215, "n": 468068, "O": 332860, "N": 258800, "[C@@H]": 108461, "[C@H]": 100848, "F": 96037, "o": 70064, "others": 63443, "s": 56997, "Cl": 48051, "[nH]": 43421, "=": 34451, "#": 15211, "[O-]": 12431}}}