{"0.20": {"activatedMoleculePct": 0.13605574202469106, "activatedTokens": {"-": 168245, "[N+]": 30094, "\\": 1542, "/": 1437, "others": 767}}, "0.00": {"activatedMoleculePct": 0.15479192314818815, "activatedTokens": {"-": 177953, "[N+]": 30744, "/": 15642, "\\": 6581, "#": 3244, "others": 1622, "S": 1080}}}