{"0.20": {"activatedMoleculePct": 0.22926060817337796, "activatedTokens": {"[C@H]": 359161, "[C@@]": 3144, "others": 2345}}, "0.00": {"activatedMoleculePct": 0.35507271319793793, "activatedTokens": {"[C@H]": 586386, "[C@@]": 7805, "[C@]": 7436, "others": 4359}}}