{"0.20": {"activatedMoleculePct": 0.12269294795130922, "activatedTokens": {"2": 106320, "3": 46961, "4": 18981, "5": 3853, "1": 1558, "others": 1470, "-": 1341}}, "0.00": {"activatedMoleculePct": 0.212316532557804, "activatedTokens": {"2": 184898, "3": 81502, "4": 33215, "1": 17207, "-": 11056, "5": 6435, "others": 3374, "6": 1293, "C": 718}}}