{"0.20": {"activatedMoleculePct": 0.16049487598439469, "activatedTokens": {"c": 275047, "n": 8241, "others": 762}}, "0.00": {"activatedMoleculePct": 0.23173528104271685, "activatedTokens": {"c": 395288, "n": 19682, "F": 11281, "others": 3945, "C": 3603, "[C@@H]": 1882, "[S@]": 1244, "/": 1122, "S": 845, "Br": 836, ".": 593, "[C@@]": 554, "=": 517}}}