{"0.20": {"activatedMoleculePct": 0.9967006802970193, "activatedTokens": {"(": 5306134, "others": 16}}, "0.00": {"activatedMoleculePct": 0.9980833918617757, "activatedTokens": {"(": 6073327, "others": 814}}}