{"0.20": {"activatedMoleculePct": 0.1768069176590869, "activatedTokens": {"3": 132931, "4": 75268, "2": 32099, "5": 10971, "others": 2290}}, "0.00": {"activatedMoleculePct": 0.3367320110177504, "activatedTokens": {"3": 284963, "2": 110113, "4": 94620, "5": 12359, "others": 4394}}}