{"0.20": {"activatedMoleculePct": 0.0027793381293699506, "activatedTokens": {"c": 630, ".": 582, "[N+]": 535, "/": 313, "2": 245, "1": 213, ")": 189, "[Si]": 170, "4": 163, "(": 152, "C": 143, "3": 105, "O": 82, "=": 64, "[c-]": 63, "S": 60, "[C-]": 59, "[CH]": 57, "P": 55, "o": 50, "others": 45, "[C@H]": 43, "5": 42, "B": 34, "F": 34, "[C@@H]": 32, "[nH]": 29, "[SiH]": 24, "[C]": 22, "s": 22, "N": 21, "[CH-]": 20, "[nH+]": 17, "[B]": 15, "[N-]": 13, "[P+]": 12, "[CH2-]": 12, "Br": 11, "[I-]": 11, "9": 10, "[SiH2]": 9, "6": 9, "[n+]": 8, "[CH2]": 8, "I": 7, "7": 7, "[NH2+]": 7, "n": 7, "[C+]": 6, "[W]": 6, "[S@@]": 6, "[NH+]": 5, "[Cl+3]": 5, "[NH-]": 5, "[se]": 5, "%11": 4, "[NH3+]": 4, "[o+]": 4, "[O+]": 4, "[cH-]": 4, "[Pt+2]": 4, "[CH+]": 4, "8": 4, "[S+]": 3, "[Se]": 3, "p": 3, "[Ir]": 2, "b": 2, "[Ag+]": 2, "[U+2]": 2, "[c]": 2, "[s+]": 2, "[Hf+4]": 2, "[SH+]": 2, "[Al]": 2, "[oH+]": 2, "-": 2, "[As]": 2, "[Ir+3]": 2, "[SiH3]": 2, "[p+]": 2, "%10": 2, "[Li+]": 2, "[O-]": 2, "[K+]": 2, "[Ir+2]": 2}}, "0.00": {"activatedMoleculePct": 0.02393892633325839, "activatedTokens": {"c": 8241, ")": 4186, "C": 3684, "[N+]": 2757, "(": 2661, "/": 2450, "O": 2093, "2": 1627, ".": 1415, "F": 1266, "1": 1141, "S": 1124, "=": 835, "4": 739, "3": 731, "o": 490, "others": 372, "[Si]": 348, "s": 284, "[C@@H]": 272, "5": 245, "[nH]": 207, "[C@H]": 204, "Br": 185, "N": 168, "P": 160, "[C-]": 121, "[c-]": 103, "[CH]": 96, "n": 80, "B": 59, "[S@@]": 54, "6": 40, "7": 38, "[B]": 34, "[C]": 34, "[SiH]": 33, "[CH-]": 31, "-": 30, "[nH+]": 29, "9": 24, "[N-]": 23, "[C@]": 23, "I": 23, "[CH2-]": 20, "[P+]": 20}}}