{"0.20": {"activatedMoleculePct": 0.7368058337538349, "activatedTokens": {")": 1521884, "others": 534}}, "0.00": {"activatedMoleculePct": 0.8782950170385512, "activatedTokens": {")": 2235141, "others": 5363}}}