{"0.20": {"activatedMoleculePct": 0.5693505283671919, "activatedTokens": {"C": 1742029, "others": 2734}}, "0.00": {"activatedMoleculePct": 0.8073299825037186, "activatedTokens": {"C": 3559033, "others": 19541}}}