{"0.20": {"activatedMoleculePct": 0.0032810104926422608, "activatedTokens": {")": 977, "(": 628, "n": 536, "C": 532, "N": 413, "=": 376, "2": 350, "O": 274, "3": 213, "[nH]": 177, "F": 152, "c": 130, "4": 94, "[C@@H]": 51, "others": 50, "Cl": 46, "[O-]": 29, "6": 28, "1": 27, ".": 13}}, "0.00": {"activatedMoleculePct": 0.00960354700670044, "activatedTokens": {"(": 2901, ")": 2512, "C": 1605, "n": 1554, "O": 1156, "=": 1149, "N": 942, "2": 799, "F": 546, "[nH]": 408, "3": 380, "c": 367, "4": 175, "[C@@H]": 119, "others": 117, "[O-]": 70, "Cl": 70, "1": 64, "6": 43}}}