{"0.20": {"activatedMoleculePct": 0.23916882044010948, "activatedTokens": {"C": 207312, "1": 181624, "S": 35291, "O": 34885, "N": 21623, "o": 14237, "#": 8253, "s": 6600, "2": 4266, "others": 4078, "=": 3343, "Cl": 3258, "[nH]": 1935, "[O-]": 1629, "3": 1602}}, "0.00": {"activatedMoleculePct": 0.43689803893709905, "activatedTokens": {"C": 451102, "1": 326366, "O": 114371, "N": 58555, "S": 51631, "=": 45073, "o": 30290, "c": 19501, "2": 18727, "s": 17426, "#": 17065, "others": 11069, "Cl": 8771, "[nH]": 7017, "3": 6436, "-": 2936, "n": 2927, "[O-]": 2662}}}