{"0.20": {"activatedMoleculePct": 0.31236904337305454, "activatedTokens": {")": 494186, "others": 4188, "C": 2613, "n": 2082, "c": 1853, "O": 1271, "Cl": 973}}, "0.00": {"activatedMoleculePct": 0.5523910730149337, "activatedTokens": {")": 1026115, "others": 10480, "C": 9977, "c": 8401, "n": 7741, "o": 3786, "O": 3647, "Cl": 2969, "=": 1593}}}