{"0.20": {"activatedMoleculePct": 0.5955458817825554, "activatedTokens": {")": 1290099, "others": 650}}, "0.00": {"activatedMoleculePct": 0.839679427698027, "activatedTokens": {")": 2322822, "others": 6422}}}