{"0.20": {"activatedMoleculePct": 0.3968982732949914, "activatedTokens": {"[C@H]": 708219, "others": 376}}, "0.00": {"activatedMoleculePct": 0.42753104692797084, "activatedTokens": {"[C@H]": 771713, "others": 4022}}}