{"0.20": {"activatedMoleculePct": 0.09579598559577804, "activatedTokens": {"C": 64539, "c": 21884, "n": 19122, "[C@H]": 16084, "[C@@H]": 15577, "O": 14898, "N": 12186, "=": 8303, ".": 5076, "o": 4395, ")": 2147, "(": 1748, "others": 1718, "Br": 1624, "F": 1593, "s": 1516, "[nH]": 1209, "Cl": 930, "[C@@]": 662, "I": 453, "[C@]": 435, "1": 388, "S": 309}}, "0.00": {"activatedMoleculePct": 0.25895228839496337, "activatedTokens": {"C": 246271, "c": 76328, "n": 64971, "O": 62593, ")": 37373, "[C@H]": 29994, "=": 26212, "[C@@H]": 25755, "N": 23347, "o": 16776, "F": 12459, "(": 11600, ".": 7557, "s": 7353, "others": 6253, "Br": 5524, "[nH]": 5051, "Cl": 4933, "1": 3817, "#": 2155, "2": 1666, "[O-]": 1409, "3": 1341, "I": 1341}}}