{"0.20": {"activatedMoleculePct": 0.0057534862567405354, "activatedTokens": {"C": 1402, "1": 1215, "O": 922, "-": 642, "n": 615, ")": 603, "c": 548, "s": 380, "[Si]": 335, "2": 259, "6": 253, "[nH]": 220, "4": 215, "5": 211, "[C@@]": 197, "(": 189, "7": 168, "=": 167, "3": 165, "N": 122, "[C@H]": 109, "S": 98, "[C@@H]": 92, "others": 91, "8": 36}}, "0.00": {"activatedMoleculePct": 0.016891345089799354, "activatedTokens": {"C": 4673, ")": 2821, "1": 2694, "O": 2467, "n": 2388, "c": 2206, "-": 1299, "s": 988, "=": 966, "2": 804, "[C@@]": 623, "(": 623, "[nH]": 581, "[C@@H]": 479, "[Si]": 451, "4": 413, "3": 393, "6": 369, "[C@H]": 350, "5": 334, "N": 332, "S": 213, "7": 213, "others": 201, "[N+]": 84}}}