{"0.20": {"activatedMoleculePct": 0.4274431627183465, "activatedTokens": {"1": 364437, "2": 216813, "3": 112002, "4": 23034, "others": 3012}}, "0.00": {"activatedMoleculePct": 0.7926225600230843, "activatedTokens": {"1": 908531, "2": 549107, "3": 234752, "4": 47941, "others": 10100}}}