{"0.20": {"activatedMoleculePct": 0.32492769692837364, "activatedTokens": {"N": 485962, "others": 491}}, "0.00": {"activatedMoleculePct": 0.45951650502075164, "activatedTokens": {"N": 731187, "O": 4264, "others": 3124}}}