{"0.20": {"activatedMoleculePct": 0.4441997520200552, "activatedTokens": {"C": 1583822, "c": 574010, "O": 215865, "[C@@H]": 154046, "[C@H]": 151698, "=": 71355, "others": 26907, "n": 21704, "1": 20749, "F": 20550, "S": 19908, "-": 18656, ")": 16160, "o": 11279, "Cl": 9974, "#": 7934, "/": 7829, "s": 7760, "N": 6495, "2": 6237}}, "0.00": {"activatedMoleculePct": 0.8139776905933869, "activatedTokens": {"C": 3857452, "c": 1548653, "O": 747829, "=": 334450, "[C@H]": 303080, "[C@@H]": 294590, ")": 99123, "1": 95047, "others": 69325, "F": 67377, "n": 60478, "S": 56051, "-": 55062, "Cl": 31744, "2": 31744, "o": 25608, "#": 22949, "N": 22527, "/": 20112, "s": 19143, "[C@]": 13663}}}