{"0.20": {"activatedMoleculePct": 0.8477208328786546, "activatedTokens": {"c": 1149284, "(": 1058272, "1": 325521, "O": 231830, ")": 217290, "2": 182192, "[C@@H]": 109814, "=": 108004, "N": 107547, "S": 60997, "3": 48704, "F": 42422, "Cl": 41640, "C": 41004, "others": 37004, "[C@H]": 27620, "[O-]": 17791, "4": 10396}}, "0.00": {"activatedMoleculePct": 0.9976176055507667, "activatedTokens": {"c": 3950150, "(": 2930061, ")": 1505523, "1": 1372101, "O": 747114, "2": 676348, "=": 388078, "N": 326929, "[C@@H]": 275722, "C": 257840, "3": 197014, "F": 174228, "S": 130176, "[C@H]": 129636, "others": 125175, "Cl": 93362, "n": 66025, "4": 39520}}}