{"0.20": {"activatedMoleculePct": 0.0034003865440486642, "activatedTokens": {"C": 765, "c": 547, "-": 543, "=": 496, "(": 443, "N": 415, "3": 408, ")": 371, "O": 326, "1": 164, "2": 155, "[C@H]": 153, "n": 151, "4": 109, "5": 94, "others": 52, "[nH]": 37, ".": 29}}, "0.00": {"activatedMoleculePct": 0.00941532832442163, "activatedTokens": {"C": 2011, "-": 1807, ")": 1619, "=": 1618, "c": 1380, "(": 1245, "N": 1021, "3": 934, "O": 877, "1": 423, "n": 421, "2": 370, "[C@H]": 358, "4": 284, "5": 195, "others": 114, "[nH]": 65, "/": 62}}}