{"0.20": {"activatedMoleculePct": 0.10491470471271751, "activatedTokens": {"C": 103116, "c": 102888, "(": 58112, "1": 35030, "N": 34509, "/": 31409, "O": 28228, "2": 24945, "=": 23977, ")": 22568, "n": 13258, "[C@@H]": 9423, "[C@H]": 8708, "3": 7339, "others": 4409, "F": 3527, "[nH]": 1351, "S": 1322, "Cl": 1185, "4": 1113, "-": 1000}}, "0.00": {"activatedMoleculePct": 0.43448708211973786, "activatedTokens": {"c": 505353, "C": 467745, "(": 313001, ")": 195473, "1": 191420, "2": 169377, "=": 145029, "O": 141316, "N": 125372, "n": 65455, "3": 55353, "[C@@H]": 38384, "[C@H]": 35965, "/": 34034, "F": 29682, "others": 25827, "-": 20240, "4": 12681, "S": 8680, "Cl": 7509, "[nH]": 6403, "#": 5432}}}