{"0.20": {"activatedMoleculePct": 0.9895871858963421, "activatedTokens": {")": 4075169, "others": 76}}, "0.00": {"activatedMoleculePct": 0.9975516923935485, "activatedTokens": {")": 5647751, "others": 1379}}}