{"0.20": {"activatedMoleculePct": 0.5629745289589456, "activatedTokens": {"O": 916881, "others": 102}}, "0.00": {"activatedMoleculePct": 0.7144561468779501, "activatedTokens": {"O": 1413755, "others": 2361}}}