{"0.20": {"activatedMoleculePct": 0.9783336128539445, "activatedTokens": {"O": 3456134, "F": 555157, "o": 163218, "Br": 39452, "others": 31613}}, "0.00": {"activatedMoleculePct": 0.9852625504144107, "activatedTokens": {"O": 3456430, "F": 573517, "o": 177057, "Br": 67255, "S": 55773, "#": 45470, "Cl": 40365, "[O-]": 32628, "others": 29610, "-": 25467, "/": 16704}}}