{"0.20": {"activatedMoleculePct": 0.5252692735564469, "activatedTokens": {")": 743752, "c": 354442, "n": 109568, "2": 75217, "1": 54162, "3": 28085, "O": 23684, "C": 20465, "[C@@H]": 13436, "others": 12384, "4": 7813, "o": 7795, "[nH]": 6008, "=": 4457}}, "0.00": {"activatedMoleculePct": 0.8195978857988638, "activatedTokens": {")": 1510839, "c": 909274, "n": 235776, "2": 217652, "1": 210626, "C": 109807, "O": 95665, "3": 75231, "=": 34540, "others": 28893, "o": 25634, "[C@@H]": 25294, "[nH]": 20152, "4": 18284, "Cl": 12035, "[C@H]": 7280}}}