{"0.20": {"activatedMoleculePct": 0.15182656344178, "activatedTokens": {"1": 189430, "2": 26768, "3": 3175, "others": 707}}, "0.00": {"activatedMoleculePct": 0.42547235931752053, "activatedTokens": {"1": 516382, "2": 158944, "3": 16809, "others": 3369}}}