{"0.20": {"activatedMoleculePct": 6.22513151505786e-05, "activatedTokens": {"C": 25, ".": 23, "6": 10, "[Si]": 7, "N": 3, "8": 3, "/": 2, "7": 2, "S": 2, "4": 2, "2": 2, "[C@]": 2, "[CH-]": 1, "#": 1, "c": 1, "3": 1, "5": 1, ")": 1, "others": 0}}, "0.00": {"activatedMoleculePct": 0.0011615363038684431, "activatedTokens": {"C": 527, ".": 184, ")": 127, "O": 102, "/": 97, "2": 79, "c": 73, "(": 53, "-": 48, "6": 46, "N": 39, "Cl": 38, "[C@@H]": 35, "S": 34, "3": 28, "[C@]": 25, "4": 24, "[Si]": 22, "5": 19, "others": 16, "8": 15, "s": 14, "7": 8, "#": 7, "1": 6, "=": 5, "F": 5}}}