{"0.20": {"activatedMoleculePct": 0.18891223516642705, "activatedTokens": {"C": 540958, "S": 8921, "others": 1000}}, "0.00": {"activatedMoleculePct": 0.33561002260821293, "activatedTokens": {"C": 1064457, "S": 35701, "others": 10443, "#": 1969}}}