{"0.20": {"activatedMoleculePct": 0.7356684656076131, "activatedTokens": {"C": 2269966, "c": 1354441, "others": 25724}}, "0.00": {"activatedMoleculePct": 0.9676761877001654, "activatedTokens": {"C": 5752552, "c": 4006665, "n": 79743, "others": 50599}}}