{"0.20": {"activatedMoleculePct": 0.3539360774201297, "activatedTokens": {"1": 367119, "2": 171047, "c": 153589, "C": 130171, "3": 49165, "n": 38561, "O": 38002, "(": 17213, ")": 15996, "4": 13021, "others": 9560, "o": 9369, "F": 9063, "s": 8894, "Cl": 5787, "=": 4415, "[nH]": 4392, "[O-]": 2518, "5": 2485}}, "0.00": {"activatedMoleculePct": 0.6619006571541775, "activatedTokens": {"1": 782930, "2": 377316, "c": 338669, "C": 297641, "3": 123059, "O": 97856, ")": 96152, "n": 88157, "(": 61917, "F": 45761, "4": 28568, "others": 20445, "o": 18986, "s": 17265, "=": 12989, "Cl": 11907, "[nH]": 11555, "[O-]": 6705, "[C@@H]": 6416, "[C@H]": 5609}}}