{"0.20": {"activatedMoleculePct": 0.9663989371869582, "activatedTokens": {"C": 5945421, "others": 83}}, "0.00": {"activatedMoleculePct": 0.9921570666594406, "activatedTokens": {"C": 9315728, "others": 3104}}}