{"0.20": {"activatedMoleculePct": 0.9634972935325278, "activatedTokens": {"c": 1858367, "(": 1269556, "1": 1073844, ")": 1043966, "C": 954466, "O": 792817, "2": 761038, "N": 395391, "3": 335031, "others": 86032, "n": 79980, "4": 60594, "F": 53242, "[C@H]": 36199, "[C@@H]": 35071, "S": 23565, "=": 22947, "s": 20628}}, "0.00": {"activatedMoleculePct": 0.9985872613302886, "activatedTokens": {"c": 5074774, "C": 3914977, "(": 3513311, ")": 3214538, "1": 2328853, "O": 2039677, "2": 1516937, "N": 1001690, "3": 622424, "n": 281161, "others": 208811, "=": 199782, "F": 197709, "[C@@H]": 128956, "[C@H]": 116514, "4": 115500, "S": 67760, "-": 52971, "s": 47856}}}