{"0.20": {"activatedMoleculePct": 0.4609123992169517, "activatedTokens": {")": 832497, "others": 536}}, "0.00": {"activatedMoleculePct": 0.7170077184307102, "activatedTokens": {")": 1593446, "others": 6026}}}