{"0.20": {"activatedMoleculePct": 0.564477348943522, "activatedTokens": {"[C@@H]": 333021, "[C@H]": 331122, "F": 149800, "S": 42898, "Cl": 42105, "s": 33053, "o": 31616, "[nH]": 27650, "#": 22851, "[C@@]": 21674, "[C@]": 21215, "Br": 20792, "-": 19132, "others": 8531, "[O-]": 5419, "/": 2765}}, "0.00": {"activatedMoleculePct": 0.8048223530557705, "activatedTokens": {"[C@@H]": 530776, "[C@H]": 529804, "F": 383687, "S": 104232, "Cl": 103275, "-": 95813, "o": 85718, "s": 81016, "[nH]": 75026, "#": 50405, "Br": 45350, "[C@]": 34103, "[C@@]": 34017, "others": 21066, "[O-]": 17850, "/": 11623, "[N+]": 8187}}}