{"0.20": {"activatedMoleculePct": 0.014294366695399921, "activatedTokens": {"[C@H]": 2459, "1": 1995, "C": 1930, ")": 1737, "2": 1698, "N": 1690, "[C@@H]": 1349, "3": 1303, "S": 1081, "O": 1010, "c": 986, "[nH]": 856, "n": 690, "/": 607, "[C@@]": 256, "[S@@]": 234, "=": 201, "o": 197, "others": 183, "[S@]": 149}}, "0.00": {"activatedMoleculePct": 0.03020214100582013, "activatedTokens": {"1": 5335, ")": 4434, "C": 4409, "[C@H]": 4109, "2": 3829, "N": 3330, "[C@@H]": 2927, "3": 2729, "c": 2417, "S": 2053, "O": 1878, "n": 1776, "[nH]": 1510, "/": 1291, "=": 678, "[C@@]": 507, "others": 401, "[S@@]": 359, "o": 328, "[S@]": 292}}}