{"0.20": {"activatedMoleculePct": 0.7501678954588031, "activatedTokens": {"=": 1846378, "others": 328}}, "0.00": {"activatedMoleculePct": 0.8583980319795992, "activatedTokens": {"=": 2223455, "others": 2105}}}