{"0.20": {"activatedMoleculePct": 0.50819410399485, "activatedTokens": {"C": 928830, "c": 739607, "(": 380824, ")": 265333, "1": 227041, "N": 208731, "2": 193933, "O": 152009, "[C@@H]": 124159, "[C@H]": 120639, "=": 105533, "3": 72561, "n": 56310, "others": 34440, "[C@@]": 16585, "4": 15578, "[C@]": 15183, "F": 14981, "\\": 7721, "Cl": 7711}}, "0.00": {"activatedMoleculePct": 0.7685437513228405, "activatedTokens": {"C": 2093618, "c": 1575822, "(": 837646, ")": 720050, "1": 562100, "2": 462465, "N": 435109, "O": 415171, "=": 353275, "[C@@H]": 205791, "[C@H]": 202038, "3": 168104, "n": 141803, "others": 79349, "F": 70071, "4": 39587, "-": 29862, "[C@]": 26321, "Cl": 25682, "[C@@]": 24288, "o": 16413, "s": 15534, "Br": 15371}}}