{"0.20": {"activatedMoleculePct": 0.06455974039004476, "activatedTokens": {"N": 92069, "others": 170}}, "0.00": {"activatedMoleculePct": 0.1407194640820897, "activatedTokens": {"N": 204724, "others": 1763, "C": 1003, "O": 701, "S": 541}}}