{"0.20": {"activatedMoleculePct": 0.28859709703808245, "activatedTokens": {"(": 491368, "=": 45529, "others": 2669}}, "0.00": {"activatedMoleculePct": 0.5634549626382254, "activatedTokens": {"(": 1182231, "=": 110790, "others": 12517}}}