{"0.20": {"activatedMoleculePct": 0.42601943852243207, "activatedTokens": {"N": 671144, "others": 171}}, "0.00": {"activatedMoleculePct": 0.6543763040735063, "activatedTokens": {"N": 1133752, "others": 3977}}}