{"0.20": {"activatedMoleculePct": 0.5463431746559516, "activatedTokens": {"O": 1006374, "others": 355}}, "0.00": {"activatedMoleculePct": 0.7774420275473055, "activatedTokens": {"O": 1752939, "others": 2689}}}