{"0.20": {"activatedMoleculePct": 0.025494476843609316, "activatedTokens": {"n": 64987, "others": 43}}, "0.00": {"activatedMoleculePct": 0.03887850960098372, "activatedTokens": {"n": 89672, "others": 742, "o": 456, "c": 400}}}