{"0.20": {"activatedMoleculePct": 0.6563031653695202, "activatedTokens": {"c": 1103433, "C": 736211, "n": 288343, "O": 149148, "F": 81204, "N": 47207, "[C@H]": 39829, "s": 36942, "o": 36269, "=": 35213, "[C@@H]": 34850, "Cl": 26955, "[nH]": 22095, "others": 20912, "Br": 10402, "S": 10317, "#": 10262, "-": 8744}}, "0.00": {"activatedMoleculePct": 0.9215303863316618, "activatedTokens": {"c": 2557704, "C": 1791697, "n": 561428, "O": 440569, "F": 223223, "=": 145216, "N": 125758, "[C@H]": 79518, "[C@@H]": 73641, "o": 68799, "s": 66576, "Cl": 61427, "others": 57478, "[nH]": 48216, "-": 29161, "S": 28678, "(": 24062, "Br": 23636, "#": 20651}}}