{"0.20": {"activatedMoleculePct": 0.0020389136632848336, "activatedTokens": {"c": 799, ")": 667, "N": 495, "C": 445, "n": 181, "o": 153, "1": 108, "(": 65, "/": 59, "[nH]": 39, "\\": 33, "others": 28, "2": 19, "[C@H]": 11, "S": 9, "3": 4}}, "0.00": {"activatedMoleculePct": 0.004419843375691081, "activatedTokens": {"c": 2139, ")": 1219, "C": 1095, "N": 1078, "n": 386, "o": 236, "1": 212, "(": 166, "/": 94, "[nH]": 68, "others": 68, "\\": 57, "[C@H]": 44, "2": 40, "S": 17, "F": 10}}}