{"0.20": {"activatedMoleculePct": 0.4818024758446588, "activatedTokens": {"(": 961379, "others": 552}}, "0.00": {"activatedMoleculePct": 0.8579564138262368, "activatedTokens": {"(": 2815791, "others": 5286}}}