{"0.20": {"activatedMoleculePct": 0.34993295167174077, "activatedTokens": {")": 552541, "others": 500}}, "0.00": {"activatedMoleculePct": 0.5030741164158182, "activatedTokens": {")": 886908, "others": 6441}}}