{"0.20": {"activatedMoleculePct": 0.41113771235937613, "activatedTokens": {"n": 985236, "others": 33}}, "0.00": {"activatedMoleculePct": 0.5246181980368132, "activatedTokens": {"n": 1453474, "others": 367}}}