{"0.20": {"activatedMoleculePct": 0.8727993244633754, "activatedTokens": {"c": 4043822, "others": 332}}, "0.00": {"activatedMoleculePct": 0.8968451765850101, "activatedTokens": {"c": 5438256, "others": 9035}}}