{"0.20": {"activatedMoleculePct": 0.5333341145263077, "activatedTokens": {"1": 675080, "2": 294809, "3": 61109, "4": 10914, "others": 2609}}, "0.00": {"activatedMoleculePct": 0.8036886467516166, "activatedTokens": {"1": 1143984, "2": 568552, "3": 154829, "4": 31225, "others": 11255}}}