{"0.20": {"activatedMoleculePct": 0.0110404538340585, "activatedTokens": {"C": 39220, "=": 9325, "3": 4075, "2": 2362, "O": 1418, "4": 1238, "5": 840, "1": 742, "[C@H]": 686, "(": 653, "others": 601, "[C@@H]": 268, "c": 152, "6": 146}}, "0.00": {"activatedMoleculePct": 0.03216635309092427, "activatedTokens": {"C": 80888, "=": 21809, "O": 9969, "3": 9753, "2": 6224, "(": 2646, "1": 2590, "[C@H]": 2347, "4": 2236, "others": 1361, "5": 1358, "c": 1274, ")": 786, "[C@@H]": 691, ".": 555, "[C@]": 471, "N": 453}}}