{"0.20": {"activatedMoleculePct": 0.39526289462756503, "activatedTokens": {"C": 1299127, "others": 1876}}, "0.00": {"activatedMoleculePct": 0.6414229039432913, "activatedTokens": {"C": 2641824, "others": 19446}}}