{"0.20": {"activatedMoleculePct": 0.9865310125066554, "activatedTokens": {"(": 4279315, "others": 65}}, "0.00": {"activatedMoleculePct": 0.9971269187136974, "activatedTokens": {"(": 5604592, "others": 1578}}}