{"0.20": {"activatedMoleculePct": 0.5884463023817353, "activatedTokens": {"=": 1202652, "others": 6}}, "0.00": {"activatedMoleculePct": 0.8575462875146566, "activatedTokens": {"=": 2126542, "others": 280}}}