{"0.20": {"activatedMoleculePct": 0.29429419092698067, "activatedTokens": {"N": 420215, "others": 14}}, "0.00": {"activatedMoleculePct": 0.40413407322072925, "activatedTokens": {"N": 593299, "others": 553}}}