{"0.20": {"activatedMoleculePct": 0.6176699991870711, "activatedTokens": {"1": 819801, "2": 297306, "3": 85197, "4": 16189, "others": 2977}}, "0.00": {"activatedMoleculePct": 0.884248439872187, "activatedTokens": {"1": 1343046, "2": 737435, "3": 235510, "4": 43841, "others": 11014}}}