{"0.20": {"activatedMoleculePct": 0.0970812921615341, "activatedTokens": {"C": 106804, "S": 56411, "N": 30413, "[C@@H]": 6751, "1": 2997, "others": 2072, "(": 1684, "[C@H]": 1391, "c": 888, ")": 888, "=": 797}}, "0.00": {"activatedMoleculePct": 0.205390524470992, "activatedTokens": {"C": 322716, "S": 74775, "N": 74645, "[C@@H]": 30150, "1": 15049, "(": 10518, ")": 9377, "[C@H]": 8341, "c": 6697, "F": 5095, "O": 4855, "others": 4663, "=": 3731, "2": 3308, "#": 2677}}}