{"0.20": {"activatedMoleculePct": 0.5812698242974939, "activatedTokens": {"C": 1990537, "c": 1165396, ")": 766459, "N": 667856, "=": 540676, "O": 449209, "(": 405709, "n": 248690, "[C@H]": 201439, "[C@@H]": 191405, "others": 67821, "S": 33272, "-": 20794, "F": 19201, "/": 15352, "[C@@]": 14173, "s": 12497}}, "0.00": {"activatedMoleculePct": 0.7809046654065047, "activatedTokens": {"C": 3194212, "c": 2235947, ")": 1561654, "(": 1375558, "O": 1089219, "=": 1011484, "N": 955357, "n": 390651, "[C@H]": 273867, "[C@@H]": 261806, "others": 109516, "F": 81091, "S": 68359, "-": 62288, "[nH]": 30121, "/": 27451, "s": 26333, "Cl": 24890, "o": 24414}}}