{"0.20": {"activatedMoleculePct": 0.8976749499975466, "activatedTokens": {"=": 2344729, "others": 1485}}, "0.00": {"activatedMoleculePct": 0.9002492249711264, "activatedTokens": {"=": 2367381, "others": 8654}}}