{"0.20": {"activatedMoleculePct": 0.8949197800258233, "activatedTokens": {"C": 2005890, "1": 755653, "(": 653332, ")": 617516, "O": 409809, "N": 324203, "2": 290700, "=": 247075, "c": 110139, "3": 107250, "n": 86588, "others": 52325, "4": 29117, "F": 19166, "[C@@H]": 17096, "[C@H]": 15605, "S": 13738, "o": 13672, "#": 11355}}, "0.00": {"activatedMoleculePct": 0.9990486534308165, "activatedTokens": {"C": 7656578, "(": 3692335, ")": 3439083, "1": 2331129, "O": 2221080, "c": 1642518, "=": 1562738, "2": 1248071, "N": 1159655, "n": 505943, "3": 423247, "others": 241277, "F": 150711, "[C@H]": 129751, "[C@@H]": 110872, "4": 88854, "S": 80097, "o": 66128, "-": 53744}}}