{"0.20": {"activatedMoleculePct": 0.3446657580415883, "activatedTokens": {"N": 491137, "others": 805}}, "0.00": {"activatedMoleculePct": 0.5108240389678586, "activatedTokens": {"N": 762723, "others": 6478, "[C@@]": 1681}}}