{"0.20": {"activatedMoleculePct": 0.5146550581390665, "activatedTokens": {"n": 1294669, "others": 2}}, "0.00": {"activatedMoleculePct": 0.5531681159016957, "activatedTokens": {"n": 1560351, "others": 286}}}