{"0.20": {"activatedMoleculePct": 0.2698821545985779, "activatedTokens": {"C": 481289, "others": 809}}, "0.00": {"activatedMoleculePct": 0.5617697829186785, "activatedTokens": {"C": 1161730, "others": 9053}}}