{"0.20": {"activatedMoleculePct": 0.61761800102971, "activatedTokens": {"2": 755924, "3": 318234, "4": 81309, "others": 8666}}, "0.00": {"activatedMoleculePct": 0.7267284443835765, "activatedTokens": {"2": 978261, "3": 411422, "4": 91352, "others": 13107, "1": 11419}}}