{"0.20": {"activatedMoleculePct": 0.11481998750579486, "activatedTokens": {"s": 163453, "others": 25}}, "0.00": {"activatedMoleculePct": 0.12033765113337674, "activatedTokens": {"s": 163536, "[C@]": 4305, "#": 1892, "[C@@]": 1137, "others": 733}}}