{"0.20": {"activatedMoleculePct": 0.6280806161854884, "activatedTokens": {"(": 1132456, "others": 288}}, "0.00": {"activatedMoleculePct": 0.7771161236032819, "activatedTokens": {"(": 1601679, "others": 4162}}}