{"0.20": {"activatedMoleculePct": 0.5519714259139775, "activatedTokens": {"[C@@H]": 574139, "[C@H]": 552375, "[C@@]": 11217, "others": 10191}}, "0.00": {"activatedMoleculePct": 0.6547205172278684, "activatedTokens": {"[C@@H]": 719087, "[C@H]": 713189, "[C@]": 30313, "[C@@]": 30137, "others": 808}}}