{"0.20": {"activatedMoleculePct": 0.32122557459794804, "activatedTokens": {"N": 235676, "[C@H]": 75162, "[C@@H]": 73180, "O": 26619, "F": 25583, "o": 16312, "s": 13638, "Cl": 11143, "S": 9789, "[nH]": 8981, "Br": 7678, "others": 5094, "[C@@]": 3401, "-": 3205, "[N+]": 2613, "[C@]": 2330, "#": 2148, "C": 1587, "I": 1321}}, "0.00": {"activatedMoleculePct": 0.6475857841431986, "activatedTokens": {"N": 571778, "[C@@H]": 143840, "[C@H]": 136232, "O": 112964, "F": 110481, "S": 48650, "Cl": 46037, "o": 38377, "s": 34996, "Br": 23429, "[nH]": 22703, "-": 20258, "C": 15584, "others": 13340, "[N+]": 11950, "[C@@]": 10916, "[C@]": 8605, "#": 7278, "[O-]": 5288, "c": 4183, "\\": 3787, "[S@]": 3093, "I": 2653}}}