{"0.20": {"activatedMoleculePct": 0.33269739342757937, "activatedTokens": {"C": 270350, "(": 164816, "O": 154514, "c": 65636, ")": 51898, "N": 50151, "[C@H]": 25301, "[C@@H]": 23997, "others": 7051, "2": 2194}}, "0.00": {"activatedMoleculePct": 0.6336217156023034, "activatedTokens": {"C": 712729, "O": 452465, "(": 327222, "c": 267813, ")": 244616, "N": 103288, "[C@@H]": 40542, "[C@H]": 40056, "1": 19260, "others": 16805, "2": 15054, "3": 6294}}}