{"0.20": {"activatedMoleculePct": 0.2921168596335375, "activatedTokens": {"[C@@H]": 527664, "others": 14}}, "0.00": {"activatedMoleculePct": 0.36936488278809726, "activatedTokens": {"[C@@H]": 675044, "others": 287}}}