{"0.20": {"activatedMoleculePct": 0.006953838086526398, "activatedTokens": {"\\": 9183, "/": 386, "others": 0}}, "0.00": {"activatedMoleculePct": 0.010137443580168342, "activatedTokens": {"\\": 10543, "/": 3273, "others": 127, "[N+]": 20, "N": 18}}}