{"0.20": {"activatedMoleculePct": 0.21434739016853993, "activatedTokens": {"2": 213272, "3": 87368, "4": 15647, "others": 2351}}, "0.00": {"activatedMoleculePct": 0.27632919374293724, "activatedTokens": {"2": 273278, "3": 128389, "4": 26815, "5": 4247, "others": 2793}}}