{"0.20": {"activatedMoleculePct": 0.06516540906803922, "activatedTokens": {"C": 192497, "O": 67997, "(": 67599, "N": 58135, ")": 51524, "=": 27483, "[C@H]": 15173, "[C@@H]": 11477, "S": 6884, "F": 5523, "others": 4915, "#": 3954, "Cl": 2258, "/": 2144, "[C@@]": 1822, ".": 1479, "c": 1413, "[C@]": 1308, "[O-]": 1021, "1": 869, "P": 803, "[N+]": 757}}, "0.00": {"activatedMoleculePct": 0.217816619343461, "activatedTokens": {"C": 648452, "(": 282971, "O": 225141, ")": 190383, "N": 168476, "=": 140360, "c": 44420, "[C@H]": 41432, "[C@@H]": 34981, "S": 28760, "F": 21133, "others": 18970, "Cl": 12388, "#": 11391, "1": 10854, "/": 9881, "o": 5079, "[C@@]": 4829, "[nH]": 3767, "[C@]": 3748, "[O-]": 3316, ".": 2967, "n": 2770}}}