{"0.20": {"activatedMoleculePct": 0.7208189636547527, "activatedTokens": {"1": 787730, "2": 471792, "3": 125155, "4": 19116, "others": 1780}}, "0.00": {"activatedMoleculePct": 0.899461928926575, "activatedTokens": {"1": 1340757, "2": 649803, "3": 172955, "4": 26443, "others": 5029}}}