{"0.20": {"activatedMoleculePct": 0.19201747723982063, "activatedTokens": {"n": 227662, "C": 192639, "2": 48576, "1": 40355, "3": 12492, "4": 6336, "=": 4490, "others": 3585, "[C@@H]": 2151, "c": 1860}}, "0.00": {"activatedMoleculePct": 0.4104697923662311, "activatedTokens": {"C": 552106, "n": 315997, "2": 106253, "1": 70607, "3": 43725, "4": 23937, "=": 23205, "c": 14340, "others": 9831, "[nH]": 5888, "[C@@H]": 5679}}}