{"0.20": {"activatedMoleculePct": 0.4001807485244607, "activatedTokens": {"C": 653940, ")": 107103, "O": 106385, "=": 38713, "1": 15782, "c": 11882, "3": 8792, "2": 7048, "others": 6437, "N": 6105, "n": 5290}}, "0.00": {"activatedMoleculePct": 0.6863507766400841, "activatedTokens": {"C": 1340829, ")": 309718, "O": 307680, "=": 81872, "c": 66151, "1": 61802, "3": 25401, "2": 24540, "n": 21889, "N": 21479, "[C@@H]": 13898, "others": 12477}}}