{"0.20": {"activatedMoleculePct": 0.11720018484978757, "activatedTokens": {"S": 147626, "[N+]": 9421, "[S@]": 4124, "[S@@]": 3837, "[nH]": 2746, "others": 289}}, "0.00": {"activatedMoleculePct": 0.1837746707454705, "activatedTokens": {"S": 202913, "[nH]": 38880, "[N+]": 14068, "o": 4486, "[S@]": 4294, "[S@@]": 3921, "others": 1112}}}