{"0.20": {"activatedMoleculePct": 0.47573700064375185, "activatedTokens": {"N": 743769, "n": 7251, "others": 4181}}, "0.00": {"activatedMoleculePct": 0.5721335283386296, "activatedTokens": {"N": 944957, "n": 24957, "#": 9411, "others": 8268, "/": 7159, "(": 5614}}}