{"0.20": {"activatedMoleculePct": 0.17067552930096166, "activatedTokens": {"N": 245338, "others": 154}}, "0.00": {"activatedMoleculePct": 0.2907920051734505, "activatedTokens": {"N": 436842, "others": 1186}}}