{"0.20": {"activatedMoleculePct": 0.18391894732293712, "activatedTokens": {"O": 282826, "others": 874}}, "0.00": {"activatedMoleculePct": 0.3049962905539854, "activatedTokens": {"O": 509548, "others": 4816}}}