{"0.20": {"activatedMoleculePct": 0.6810682032732474, "activatedTokens": {"=": 1527202, "others": 310}}, "0.00": {"activatedMoleculePct": 0.8461389171054163, "activatedTokens": {"=": 2112792, "others": 3044}}}