{"0.20": {"activatedMoleculePct": 0.07168348794851157, "activatedTokens": {"[C@]": 41370, "[C@@H]": 27836, "[C@@]": 14782, "(": 4530, "C": 4269, ")": 1766, "O": 1538, "S": 1223, "3": 1107, "[C@H]": 919, "Cl": 904, "others": 903, "2": 712, "1": 634, ".": 459, "=": 450, "c": 424, "P": 220}}, "0.00": {"activatedMoleculePct": 0.1686439393218122, "activatedTokens": {"[C@@H]": 102434, "[C@]": 47298, "[C@@]": 26358, "(": 20032, "C": 16324, "[C@H]": 10781, "O": 8823, "3": 6660, "S": 4617, ")": 4201, "1": 3192, "2": 2844, "c": 2729, "others": 2247, "=": 2041, "Cl": 1930, ".": 1698, "#": 1111, "N": 701, "P": 458}}}