{"0.20": {"activatedMoleculePct": 0.9586504793717451, "activatedTokens": {"(": 3997418, "others": 87}}, "0.00": {"activatedMoleculePct": 0.993599832434107, "activatedTokens": {"(": 5574840, "others": 1229}}}