{"0.20": {"activatedMoleculePct": 0.07948321155267231, "activatedTokens": {"C": 122004, "c": 99492, "(": 81656, "1": 41374, "2": 33309, ")": 15085, "[C@H]": 14332, "3": 12899, "[C@@H]": 7250, "N": 6798, "O": 6682, "n": 5481, "s": 5335, "others": 3465, "4": 2788, "=": 1822}}, "0.00": {"activatedMoleculePct": 0.09572567822807856, "activatedTokens": {"C": 173518, "c": 133639, "(": 107638, "2": 59320, "1": 58240, ")": 24387, "3": 22376, "[C@H]": 17253, "N": 17058, "[C@@H]": 12797, "O": 9505, "n": 7819, "s": 5714, "others": 5004, "4": 4773, "=": 4433, "[C@]": 2219}}}