{"0.20": {"activatedMoleculePct": 0.7068600216927524, "activatedTokens": {"C": 352004, "n": 304420, "c": 250361, "O": 169384, "F": 73736, "s": 63571, "=": 50814, "Cl": 41086, "N": 31518, "Br": 17817, "o": 16721, "[nH]": 15533, "[O-]": 11661, "others": 11566, "(": 4647}}, "0.00": {"activatedMoleculePct": 0.8902545932315976, "activatedTokens": {"C": 652589, "c": 493557, "n": 395765, "O": 270831, "F": 128377, "=": 97246, "s": 83736, "N": 54944, "Cl": 53150, "o": 42590, "(": 36647, "Br": 31106, "[nH]": 30753, "1": 23243, "others": 18197, "[O-]": 17388, "#": 8704, "2": 7229}}}