{"0.20": {"activatedMoleculePct": 0.048848240814452264, "activatedTokens": {"Br": 69158, "others": 165}}, "0.00": {"activatedMoleculePct": 0.05137124999908454, "activatedTokens": {"Br": 69159, "[O-]": 1754, "I": 1457, "others": 589, "#": 318}}}