{"0.20": {"activatedMoleculePct": 0.7481568117952327, "activatedTokens": {"O": 1864140, "others": 29}}, "0.00": {"activatedMoleculePct": 0.9311991141271669, "activatedTokens": {"O": 2963394, "others": 1601}}}