{"0.20": {"activatedMoleculePct": 0.6184448449685924, "activatedTokens": {"c": 1125551, "others": 104}}, "0.00": {"activatedMoleculePct": 0.7749988465197487, "activatedTokens": {"c": 1605321, "others": 3928}}}