{"0.20": {"activatedMoleculePct": 0.004849011266023305, "activatedTokens": {"C": 1765, ")": 1289, "c": 1263, "O": 1131, "(": 761, "N": 730, "=": 328, "3": 240, "s": 238, "n": 176, "[C@@H]": 172, "[O-]": 168, "[C@H]": 109, "Cl": 108, "7": 95, "others": 90, "5": 89, "6": 76, "[N-]": 62, "[Si]": 47, "8": 38, "4": 28, "[N+]": 27, "[C-]": 25, "2": 21, ".": 12, "[c-]": 11, "1": 11, "[HH]": 8}}, "0.00": {"activatedMoleculePct": 0.013485831966855936, "activatedTokens": {"C": 4914, ")": 4321, "c": 3226, "O": 3093, "(": 2542, "N": 1549, "=": 1001, "s": 653, "n": 653, "[C@@H]": 478, "3": 477, "[O-]": 353, "[C@H]": 282, "others": 230, "Cl": 226, "5": 139, "7": 136, "6": 108, "[N-]": 96, "2": 59, "[Si]": 59, "8": 52, "4": 43, "[N+]": 43, ".": 34, "[C-]": 33}}}