{"0.20": {"activatedMoleculePct": 0.8803976467538136, "activatedTokens": {"c": 1310752, "C": 1019217, "N": 546297, "1": 464109, "O": 402353, ")": 386159, "(": 362901, "2": 327545, "n": 221134, "=": 147336, "F": 131812, "3": 128806, "[C@H]": 100173, "[C@@H]": 58291, "others": 56338, "Cl": 34979, "-": 31420, "o": 26843, "S": 22202, "[nH]": 21952, "4": 20074, "Br": 16088, "#": 15644, "s": 15382}}, "0.00": {"activatedMoleculePct": 0.9958591889898663, "activatedTokens": {"c": 3969809, "C": 3431661, ")": 1732501, "(": 1627292, "1": 1479843, "O": 1395430, "N": 1183485, "2": 915949, "=": 702001, "n": 592834, "3": 335198, "F": 319273, "[C@H]": 235611, "others": 186426, "[C@@H]": 166995, "-": 85464, "Cl": 72253, "S": 68621, "o": 68094, "[nH]": 60201, "4": 53406, "s": 37481}}}