{"0.20": {"activatedMoleculePct": 0.27469161797027025, "activatedTokens": {"c": 702314, "C": 675220, "(": 219253, ")": 187263, "2": 176995, "1": 171481, "n": 128452, "O": 106725, "F": 76160, "=": 63672, "N": 53384, "[C@H]": 36434, "[C@@H]": 35929, "3": 32235, "others": 26668, "Cl": 20640, "s": 15368, "[nH]": 14596, "S": 11941, "o": 11892, "-": 10179, "Br": 6662, "[N+]": 5916}}, "0.00": {"activatedMoleculePct": 0.6177124765550561, "activatedTokens": {"C": 1497902, "c": 1463666, ")": 557106, "(": 546548, "1": 403869, "2": 330372, "O": 298259, "n": 259307, "=": 197318, "F": 169646, "N": 113080, "3": 83516, "[C@H]": 80377, "[C@@H]": 74590, "others": 54954, "Cl": 38269, "s": 32075, "S": 30248, "[nH]": 28720, "-": 25850, "o": 24722, "4": 18358, "[N+]": 12999, "#": 11744}}}