{"0.20": {"activatedMoleculePct": 0.9141188179866753, "activatedTokens": {"O": 2632574, "others": 133}}, "0.00": {"activatedMoleculePct": 0.956272479132993, "activatedTokens": {"O": 3280618, "others": 1849}}}