{"0.20": {"activatedMoleculePct": 0.2691300122378762, "activatedTokens": {"c": 750313, "Br": 63360, "n": 15471, "O": 11639, "others": 4972}}, "0.00": {"activatedMoleculePct": 0.554015466156157, "activatedTokens": {"c": 2159440, "n": 100464, "Br": 66116, "O": 54722, "others": 18447, "[C@@H]": 16654, ")": 11094, "(": 7725}}}