{"0.20": {"activatedMoleculePct": 0.23189566972528128, "activatedTokens": {"n": 419686, "others": 156}}, "0.00": {"activatedMoleculePct": 0.37350569379823106, "activatedTokens": {"n": 792590, "others": 4170}}}