{"0.20": {"activatedMoleculePct": 0.34957335878069445, "activatedTokens": {"O": 734664, "others": 119}}, "0.00": {"activatedMoleculePct": 0.5045058966642816, "activatedTokens": {"O": 1077768, "others": 3198}}}