{"0.20": {"activatedMoleculePct": 0.4166839383550859, "activatedTokens": {"N": 424911, "C": 153956, "O": 66257, "[N+]": 25385, "S": 8968, "others": 6586}}, "0.00": {"activatedMoleculePct": 0.5946091825816426, "activatedTokens": {"N": 606806, "C": 328432, "O": 100248, "S": 30672, "[N+]": 27779, "-": 26592, "others": 8764, "/": 4061}}}