{"0.20": {"activatedMoleculePct": 0.2598084270703872, "activatedTokens": {"C": 594467, "others": 2128}}, "0.00": {"activatedMoleculePct": 0.45130885221025124, "activatedTokens": {"C": 1228759, "others": 12531, "c": 5149, "O": 3828, "1": 3541}}}