{"0.20": {"activatedMoleculePct": 0.07972635786596632, "activatedTokens": {"C": 104475, "/": 20191, "\\": 12629, "N": 3037, "others": 1248, "2": 749, "3": 398}}, "0.00": {"activatedMoleculePct": 0.15721899207064718, "activatedTokens": {"C": 203562, "O": 36021, "/": 31829, "N": 22038, "\\": 12808, "2": 5227, "3": 3241, "others": 2072, "[C@@H]": 1902, ")": 1708, "1": 1541, "c": 1442, "(": 1264}}}