{"0.20": {"activatedMoleculePct": 0.4724618490984179, "activatedTokens": {"C": 704029, "c": 387894, "O": 277426, "N": 120558, "=": 98759, "[C@@H]": 96920, "[C@H]": 81953, "n": 53133, "others": 18356, "-": 14279, "F": 9982, "/": 8857, "S": 7169, ")": 6895, "[nH]": 5888, "[C@@]": 4874, "[C@]": 4536, "s": 3203, "Br": 2991}}, "0.00": {"activatedMoleculePct": 0.8494990233867206, "activatedTokens": {"C": 1919480, "c": 1012622, "O": 843383, "=": 538184, "N": 279431, "[C@@H]": 215814, "[C@H]": 190571, "n": 136142, ")": 61879, "F": 59447, "others": 52007, "-": 41009, "S": 27959, "/": 21613, "[nH]": 17974, "[C@@]": 13894, "(": 13614, "[C@]": 13508, "Br": 10746, "#": 9879, "s": 8465}}}