{"0.20": {"activatedMoleculePct": 0.07398239239860176, "activatedTokens": {"[nH]": 105901, "others": 15}}, "0.00": {"activatedMoleculePct": 0.08831923646198678, "activatedTokens": {"[nH]": 127181, "others": 206}}}