{"0.20": {"activatedMoleculePct": 0.8549676183305955, "activatedTokens": {"N": 1885202, "others": 52}}, "0.00": {"activatedMoleculePct": 0.9315572422813861, "activatedTokens": {"N": 2383642, "others": 1211}}}