{"0.20": {"activatedMoleculePct": 0.06225497699264629, "activatedTokens": {"-": 93404, ".": 1066, "others": 259}}, "0.00": {"activatedMoleculePct": 0.09117400853795096, "activatedTokens": {"-": 134653, ".": 3175, "others": 1346, "/": 544, "1": 213}}}