{"0.20": {"activatedMoleculePct": 0.9429338532172579, "activatedTokens": {"1": 1499738, "2": 933235, "3": 391710, "4": 56232, "others": 7343}}, "0.00": {"activatedMoleculePct": 0.9815406541368196, "activatedTokens": {"1": 1844802, "2": 1194577, "3": 461866, "4": 81965, "others": 13245}}}