{"0.20": {"activatedMoleculePct": 0.8322466206690479, "activatedTokens": {"c": 1528529, "C": 1417873, "n": 298163, "O": 288343, "F": 106966, "[C@H]": 104112, "[C@@H]": 90222, "-": 62097, "[nH]": 44461, "others": 38209, "s": 26791, "Cl": 19212, "o": 17792, "Br": 15070, "S": 12864, "[C@@]": 10153}}, "0.00": {"activatedMoleculePct": 0.9778260815433639, "activatedTokens": {"C": 3747909, "c": 3421625, "O": 890947, "n": 604015, "F": 252735, "[C@H]": 250400, "[C@@H]": 215835, "-": 106709, "others": 96241, "[nH]": 77639, "s": 61789, "Cl": 52529, "S": 51966, "o": 51527, "Br": 30689, "[C@@]": 21442, "#": 21152}}}