{"0.20": {"activatedMoleculePct": 0.65970794612405, "activatedTokens": {"=": 1139968, "others": 208}}, "0.00": {"activatedMoleculePct": 0.8111024122018436, "activatedTokens": {"=": 1694922, "others": 2146}}}