{"0.20": {"activatedMoleculePct": 0.2775390663620991, "activatedTokens": {"=": 619435, "others": 24}}, "0.00": {"activatedMoleculePct": 0.6671297676268261, "activatedTokens": {"=": 1432109, "others": 676}}}