{"0.20": {"activatedMoleculePct": 0.4115764010390843, "activatedTokens": {"C": 721281, "N": 374240, "c": 272072, "=": 251632, "(": 201435, "O": 158543, "n": 89349, "[C@@H]": 79435, "[C@H]": 62480, ")": 40906, "others": 21792, "F": 21778, "S": 18473, "[C@@]": 13022, "-": 12902, "o": 7226, "[C@]": 7194, "Cl": 6491, "/": 5588, "2": 4729, "s": 4563}}, "0.00": {"activatedMoleculePct": 0.7367794684909476, "activatedTokens": {"C": 1647675, "N": 689379, "=": 688008, "c": 675249, "(": 577047, "O": 448972, "n": 203973, ")": 197261, "[C@@H]": 159692, "[C@H]": 131330, "F": 64095, "others": 46963, "S": 42123, "-": 33618, "2": 24034, "[C@@]": 21321, "Cl": 15694, "o": 15428, "[C@]": 14989, "1": 12551, "/": 11971, "s": 11549}}}