{"0.20": {"activatedMoleculePct": 0.8600392695943339, "activatedTokens": {"c": 1960837, "others": 536}}, "0.00": {"activatedMoleculePct": 0.8777779649385946, "activatedTokens": {"c": 2158330, "others": 8141}}}