{"0.20": {"activatedMoleculePct": 0.9892393108999123, "activatedTokens": {"1": 1956982, "2": 1237440, "3": 439885, "4": 89592, "others": 11835}}, "0.00": {"activatedMoleculePct": 0.9917081248219429, "activatedTokens": {"1": 2015041, "2": 1301021, "3": 480842, "4": 97694, "others": 18334}}}