{"0.20": {"activatedMoleculePct": 0.6662172365835599, "activatedTokens": {"O": 1412872, "others": 63}}, "0.00": {"activatedMoleculePct": 0.912112128533586, "activatedTokens": {"O": 2768166, "others": 791}}}