{"0.20": {"activatedMoleculePct": 0.10420870156206859, "activatedTokens": {"C": 253785, "others": 97}}, "0.00": {"activatedMoleculePct": 0.31621837175460094, "activatedTokens": {"C": 738347, "others": 1318}}}