{"0.20": {"activatedMoleculePct": 0.3992294019552772, "activatedTokens": {"C": 677406, "others": 2989}}, "0.00": {"activatedMoleculePct": 0.6029354790751359, "activatedTokens": {"C": 1193646, "others": 9858, "S": 4839, "c": 3617, "1": 2796, "(": 2653, "O": 2360}}}