{"0.20": {"activatedMoleculePct": 0.8406139297936991, "activatedTokens": {"C": 1704796, "(": 1401053, ")": 114042, "O": 40768, "others": 18398}}, "0.00": {"activatedMoleculePct": 0.8832450951456424, "activatedTokens": {"C": 1919135, "(": 1861075, ")": 143771, "O": 134252, "others": 35124, "c": 17198}}}