{"0.20": {"activatedMoleculePct": 0.2570364126251526, "activatedTokens": {"C": 739902, "(": 410651, ")": 212929, "N": 16861, "1": 15247, "others": 2119}}, "0.00": {"activatedMoleculePct": 0.3491105019433396, "activatedTokens": {"C": 1048522, "(": 568536, ")": 371012, "N": 46786, "1": 24579, "F": 17982, "others": 7688}}}