{"0.20": {"activatedMoleculePct": 0.2034958873851738, "activatedTokens": {"c": 264276, "C": 132693, "O": 47784, "1": 44028, "2": 41655, "n": 32085, ")": 15324, "3": 7915, "[C@@H]": 4735, "S": 4039, "others": 3084}}, "0.00": {"activatedMoleculePct": 0.467924826776561, "activatedTokens": {"c": 763815, "C": 292168, "1": 161553, "2": 157005, "O": 112973, "n": 104387, ")": 87736, "3": 40193, "[C@@H]": 16872, "others": 13406, "S": 9907}}}