{"0.20": {"activatedMoleculePct": 0.1368166728063552, "activatedTokens": {"=": 91426, "1": 37469, "[C@@H]": 31596, "[C@H]": 19531, "O": 11858, "2": 9213, "/": 7153, "F": 5813, "C": 3930, "[C@@]": 2924, "S": 2191, "others": 1889, "(": 1507, "3": 1313, "c": 1294, "N": 1209, "\\": 1022, "Cl": 808}}, "0.00": {"activatedMoleculePct": 0.39228288755288615, "activatedTokens": {"=": 278430, "1": 131207, "O": 106403, "[C@@H]": 99715, "[C@H]": 68433, "2": 38517, "F": 24082, "C": 21982, "/": 15147, "S": 13313, "c": 12552, "N": 11782, "(": 10599, "[C@@]": 9683, "3": 8418, "others": 7499, "Cl": 5608, "\\": 4394, "n": 4354, "#": 2998}}}