{"0.20": {"activatedMoleculePct": 0.5309443963929391, "activatedTokens": {"2": 411961, "1": 348531, "3": 142832, "4": 17358, "others": 3465}}, "0.00": {"activatedMoleculePct": 0.6510293804236459, "activatedTokens": {"1": 553595, "2": 498743, "3": 174520, "4": 23551, ")": 8825, "others": 7203}}}