{"0.20": {"activatedMoleculePct": 0.1759537084573172, "activatedTokens": {")": 278447, "others": 1380}}, "0.00": {"activatedMoleculePct": 0.3248581219290877, "activatedTokens": {")": 567663, "others": 4926, "n": 4796, "N": 4164, "C": 2505, "O": 1744, "(": 1423}}}