{"0.20": {"activatedMoleculePct": 0.47980018060205076, "activatedTokens": {")": 1013910, "=": 157580, "others": 11597, "O": 5396, "F": 5168, "-": 3858, "Br": 2812, "/": 1980}}, "0.00": {"activatedMoleculePct": 0.8876620090476793, "activatedTokens": {")": 2922559, "=": 710988, "O": 47101, "others": 37729, "F": 24890, "-": 17536, "Br": 8442, "N": 7485, "/": 7046, "Cl": 6206}}}