{"0.20": {"activatedMoleculePct": 0.6912364063267843, "activatedTokens": {"2": 681523, "1": 456041, "3": 236327, "4": 58550, "others": 4690}}, "0.00": {"activatedMoleculePct": 0.8899909406027245, "activatedTokens": {"2": 1047940, "1": 773759, "3": 382028, "4": 84690, "others": 11608}}}