{"0.20": {"activatedMoleculePct": 0.012761519605868615, "activatedTokens": {"1": 5061, "C": 4141, "(": 1795, "N": 1575, "c": 1514, "S": 1389, "O": 689, ")": 653, "n": 578, "/": 453, "[C@@H]": 335, "3": 291, "2": 251, "Cl": 250, "=": 237, "others": 159, "s": 144, "[nH]": 120, "#": 106, "o": 106, "4": 91}}, "0.00": {"activatedMoleculePct": 0.034565592013668926, "activatedTokens": {"C": 14762, "1": 10464, "(": 6680, "c": 3983, "N": 3944, "S": 3266, ")": 3018, "O": 2792, "n": 1580, "/": 734, "[C@@H]": 661, "3": 642, "2": 600, "=": 551, "Cl": 450, "others": 442, "[nH]": 410, "s": 302, "#": 258, "o": 217}}}