{"0.20": {"activatedMoleculePct": 0.5175134920570984, "activatedTokens": {"1": 482401, "2": 324545, "3": 115676, "4": 19176, "others": 7786, "5": 2074}}, "0.00": {"activatedMoleculePct": 0.8499501623294589, "activatedTokens": {"1": 1080088, "2": 711636, "3": 252632, "4": 45406, "others": 20407, "F": 6081, "5": 4782, "S": 2973, "/": 2802, "Cl": 2701, "O": 2283, "Br": 2135}}}