{"0.20": {"activatedMoleculePct": 0.3502031956163356, "activatedTokens": {"n": 442133, "O": 168477, "F": 20105, "S": 5596, "others": 4182, "Cl": 3440, "s": 2968, "#": 2951, "o": 2761}}, "0.00": {"activatedMoleculePct": 0.5614988066056702, "activatedTokens": {"n": 787870, "O": 325553, "F": 72773, "Cl": 17104, "[nH]": 14547, "s": 13898, "o": 12852, "S": 10764, "#": 10453, "others": 9374, "=": 6616, "N": 3556}}}