{"0.20": {"activatedMoleculePct": 0.006186315989140441, "activatedTokens": {"1": 8061, "2": 744, "O": 731, "3": 454, "n": 120, "c": 117, "(": 110, "others": 103, "5": 42, "C": 38, ")": 32, "=": 18, "[Si]": 17}}, "0.00": {"activatedMoleculePct": 0.028597521811762276, "activatedTokens": {"1": 30822, "O": 4748, "(": 3325, "2": 1966, "3": 938, "n": 781, "C": 619, "c": 525, "others": 443, ")": 151, "N": 124, "5": 121, "=": 115, "#": 111, "-": 75}}}