{"0.20": {"activatedMoleculePct": 0.633339753763092, "activatedTokens": {")": 1336615, "others": 282}}, "0.00": {"activatedMoleculePct": 0.84968943917424, "activatedTokens": {")": 2285256, "others": 4259}}}