{"0.20": {"activatedMoleculePct": 0.4942161204540977, "activatedTokens": {"C": 817806, "F": 248073, "Br": 56435, "N": 54841, "Cl": 54619, "O": 22956, "[O-]": 12789, "others": 5835}}, "0.00": {"activatedMoleculePct": 0.6716331010016603, "activatedTokens": {"C": 1233459, "F": 394498, "Cl": 118786, "N": 82975, "O": 80462, "Br": 67506, "[O-]": 24701, "1": 21608, "others": 15655, "c": 8607}}}