{"0.20": {"activatedMoleculePct": 0.002063814189345065, "activatedTokens": {".": 3946, "others": 38, "7": 14, "S": 11, "Cl": 10, "N": 6, "O": 5, "-": 4, "9": 3}}, "0.00": {"activatedMoleculePct": 0.006495375459652726, "activatedTokens": {".": 7961, "O": 815, ")": 639, "1": 431, "F": 349, "2": 282, "/": 200, "Cl": 131, "3": 127, "others": 114, "Br": 93, "7": 92, "N": 91, "C": 88, "-": 71, "5": 67, "=": 63, "[C@H]": 48, "[C@]": 40, "9": 28, "S": 28, "[C@@H]": 27, "[Si]": 22, "n": 17}}}