{"0.20": {"activatedMoleculePct": 0.0011512831460789362, "activatedTokens": {"2": 391, "3": 352, "C": 177, "4": 117, "5": 93, "1": 76, "O": 74, "(": 69, "[Si]": 68, ")": 65, "Br": 63, "c": 58, "Cl": 49, "n": 45, ".": 42, "6": 41, "others": 18, "F": 15, "#": 12, "=": 5, "P": 3, "%13": 3, "8": 3, "S": 3, "%14": 2, "%12": 2, "[CH+]": 1}}, "0.00": {"activatedMoleculePct": 0.004485024164495805, "activatedTokens": {"2": 1801, "3": 1392, "C": 656, "(": 504, "1": 470, "4": 359, "c": 290, ")": 285, "Br": 251, "F": 177, "O": 175, "5": 171, "n": 145, "Cl": 121, "[Si]": 110, "6": 78, "others": 66, ".": 60, "=": 60, "#": 48, "P": 14}}}