{"0.20": {"activatedMoleculePct": 0.8888806700878037, "activatedTokens": {"=": 2234593, "others": 1333}}, "0.00": {"activatedMoleculePct": 0.8937758205638797, "activatedTokens": {"=": 2258030, "others": 14900}}}