{"0.20": {"activatedMoleculePct": 0.3831824776462851, "activatedTokens": {"C": 840549, "others": 2345}}, "0.00": {"activatedMoleculePct": 0.6842298377144832, "activatedTokens": {"C": 2150690, "others": 16944}}}