{"0.20": {"activatedMoleculePct": 0.27085547222016754, "activatedTokens": {"c": 278557, "C": 237869, "O": 229405, ")": 203661, "n": 57765, "=": 49610, "[C@@H]": 21553, "F": 16421, "[C@H]": 14288, "1": 13710, "o": 12631, "others": 10244, "(": 8049, "2": 7670, "Cl": 5095, "s": 4755, "-": 4601}}, "0.00": {"activatedMoleculePct": 0.4658866454816897, "activatedTokens": {"c": 609010, "C": 539799, "O": 472167, ")": 457363, "=": 218233, "n": 118887, "(": 61008, "F": 55005, "[C@@H]": 42497, "[C@H]": 33334, "others": 26039, "1": 25120, "o": 23918, "Cl": 16716, "-": 13200, "s": 11970, "2": 10477}}}