{"0.20": {"activatedMoleculePct": 0.37073001751092877, "activatedTokens": {"[C@H]": 634744, "others": 118}}, "0.00": {"activatedMoleculePct": 0.4210005177844684, "activatedTokens": {"[C@H]": 746039, "others": 3246}}}