{"0.20": {"activatedMoleculePct": 0.13499380782506354, "activatedTokens": {"C": 170077, "O": 30578, "[C@H]": 19742, "=": 17669, "/": 15278, "[C@@H]": 13878, "\\": 11859, "S": 10880, "N": 9749, "#": 3577, "others": 2910, "1": 1869, "c": 1847, "F": 1772, ")": 992, "2": 673, "(": 633, "n": 551, "s": 491, "Br": 481}}, "0.00": {"activatedMoleculePct": 0.3361944526022148, "activatedTokens": {"C": 512838, "O": 89843, "=": 51776, "[C@H]": 41922, "S": 40849, "N": 34797, "[C@@H]": 34630, "/": 32175, "F": 19444, "c": 16131, "#": 14750, ")": 14100, "1": 13708, "\\": 12772, "s": 8786, "others": 8425, "Br": 6862, "(": 6472, "n": 6155, "2": 4944, "3": 3984, "-": 2963, "[C@]": 2866, ".": 2450, "[C@@]": 2281, "[O-]": 2124, "Cl": 2092}}}