{"0.20": {"activatedMoleculePct": 0.999322559217479, "activatedTokens": {"C": 1990493, "O": 380834, "c": 226471, "=": 169955, "N": 126147, "[C@@H]": 83790, "[C@H]": 76003, "others": 28640, "S": 28244, "#": 24672, "n": 23904}}, "0.00": {"activatedMoleculePct": 0.9995715644780813, "activatedTokens": {"C": 2068342, "O": 402887, "c": 340152, "=": 171706, "N": 147821, "[C@@H]": 103051, "[C@H]": 93353, "S": 34144, "others": 28913, "n": 27189, "#": 27104, "(": 12971, "/": 6770, "[C@]": 6052}}}