{"0.20": {"activatedMoleculePct": 0.1243993663548486, "activatedTokens": {"O": 182162, "others": 22}}, "0.00": {"activatedMoleculePct": 0.29988875323798386, "activatedTokens": {"O": 488649, "others": 1250}}}