{"0.20": {"activatedMoleculePct": 0.5832999495398163, "activatedTokens": {"=": 1267287, "others": 568}}, "0.00": {"activatedMoleculePct": 0.8103700437883075, "activatedTokens": {"=": 1928986, "others": 5330}}}