{"0.20": {"activatedMoleculePct": 0.8701789102797428, "activatedTokens": {"c": 863176, "C": 780818, "n": 219111, "O": 190876, "F": 73513, "N": 51163, "=": 32441, "Cl": 21255, "others": 17452}}, "0.00": {"activatedMoleculePct": 0.9508463615571031, "activatedTokens": {"c": 1162106, "C": 1128103, "n": 282170, "O": 281640, "F": 131948, "N": 79803, "=": 69139, "others": 31585, "Cl": 30721, "o": 10631, "[O-]": 9559, "(": 8592}}}