{"0.20": {"activatedMoleculePct": 0.02775383339936855, "activatedTokens": {"C": 99351, "(": 3193, "c": 1141, "others": 947, "O": 661, "[C@@H]": 634, "N": 456, "[C@H]": 260}}, "0.00": {"activatedMoleculePct": 0.13486564335269471, "activatedTokens": {"C": 407032, "(": 29142, "c": 10307, "O": 5216, "others": 4327, "[C@@H]": 4221, "N": 2587, "[N+]": 1859, "[C@H]": 1719, "S": 968, ".": 929}}}