{"0.20": {"activatedMoleculePct": 0.23246471998259893, "activatedTokens": {"1": 288971, "2": 53797, "3": 5363, "others": 364}}, "0.00": {"activatedMoleculePct": 0.4880005097284158, "activatedTokens": {"1": 680581, "2": 142219, "3": 21686, "others": 3108}}}