{"0.20": {"activatedMoleculePct": 0.3878461997036837, "activatedTokens": {")": 782254, "others": 682}}, "0.00": {"activatedMoleculePct": 0.5769320061841189, "activatedTokens": {")": 1294124, "others": 7570}}}