{"0.20": {"activatedMoleculePct": 0.9981500373874075, "activatedTokens": {"(": 6212442, "others": 45}}, "0.00": {"activatedMoleculePct": 0.9982056973868363, "activatedTokens": {"(": 6223668, "others": 2231}}}