{"0.20": {"activatedMoleculePct": 0.243294251713559, "activatedTokens": {"(": 416498, "others": 1505}}, "0.00": {"activatedMoleculePct": 0.5068824321662067, "activatedTokens": {"(": 995364, "others": 8562, "[C@H]": 3604, "=": 2312, "C": 2234}}}