{"0.20": {"activatedMoleculePct": 0.3010766548047396, "activatedTokens": {"c": 319350, "C": 206409, "n": 78039, "o": 10022, "s": 8667, "O": 5647, "[nH]": 5442, "others": 4567, "[C@@H]": 2316}}, "0.00": {"activatedMoleculePct": 0.4476272361954047, "activatedTokens": {"c": 473472, "C": 389842, "n": 118959, "o": 19971, "s": 15459, "O": 12987, "[nH]": 12251, "others": 8281, "[C@H]": 8076, "[C@@H]": 6472, "N": 2962, ")": 2501}}}