{"0.20": {"activatedMoleculePct": 0.5936168233813011, "activatedTokens": {"c": 345423, "1": 293837, "O": 274138, "(": 205469, "C": 149146, ")": 116337, "=": 115660, "N": 71184, "n": 67347, "others": 11493, "/": 5789}}, "0.00": {"activatedMoleculePct": 0.8309510609455023, "activatedTokens": {"c": 747641, "1": 488404, "(": 458276, "O": 365199, "C": 363821, ")": 264471, "=": 221886, "n": 127875, "N": 125087, "others": 23993, "F": 9973, "o": 9959, "/": 8648}}}