{"0.20": {"activatedMoleculePct": 0.5268138385405948, "activatedTokens": {"2": 652930, "3": 183817, "4": 29505, "1": 11708, "others": 1578}}, "0.00": {"activatedMoleculePct": 0.6608731442699861, "activatedTokens": {"2": 892320, "3": 264809, "1": 48316, "4": 44695, "others": 5088}}}