{"0.20": {"activatedMoleculePct": 0.21709743356136846, "activatedTokens": {"C": 404428, "O": 4501, "others": 3346}}, "0.00": {"activatedMoleculePct": 0.40396050190672117, "activatedTokens": {"C": 896113, "O": 10813, "others": 8172, "[C@@H]": 7365, "[C@H]": 4506, "N": 2215}}}