{"0.20": {"activatedMoleculePct": 0.10773212599959134, "activatedTokens": {"o": 152429, "[O-]": 1453, "others": 167}}, "0.00": {"activatedMoleculePct": 0.12351905952177808, "activatedTokens": {"o": 167836, "[O-]": 8459, "others": 1451, "s": 670, "O": 510}}}