{"0.20": {"activatedMoleculePct": 0.15814397337694344, "activatedTokens": {"1": 115880, "2": 86551, "3": 22262, "4": 4777, "others": 1242}}, "0.00": {"activatedMoleculePct": 0.3122650470583324, "activatedTokens": {"1": 255311, "2": 197515, "3": 41576, "4": 8650, "others": 3964}}}