{"0.20": {"activatedMoleculePct": 0.9857583638303747, "activatedTokens": {"c": 4894035, "C": 3150086, ")": 676569, "N": 605322, "n": 591799, "1": 430412, "[C@@H]": 377632, "O": 329253, "(": 272677, "[C@H]": 244462, "=": 226095, "2": 193851, "others": 102252, "3": 63237, "o": 48419, "[nH]": 46273, "s": 44350, "-": 37340, "S": 32505}}, "0.00": {"activatedMoleculePct": 0.9990816100094256, "activatedTokens": {"c": 7981280, "C": 7115437, ")": 2391234, "O": 1399709, "(": 1338440, "1": 1299914, "N": 1218602, "n": 1053716, "=": 1042978, "2": 634034, "[C@@H]": 558215, "[C@H]": 440229, "others": 250495, "3": 198496, "o": 100743, "S": 93436, "-": 90996, "s": 85790, "[nH]": 85413}}}