{"0.20": {"activatedMoleculePct": 0.0027939854976406753, "activatedTokens": {"1": 798, "O": 636, "3": 366, "C": 344, "(": 327, "N": 280, "c": 272, "n": 206, "2": 206, "/": 134, ")": 129, "[C@@H]": 101, ".": 68, "=": 50, "[n+]": 43, "S": 43, "others": 37, "4": 36, "I": 29, "\\": 27, "5": 26, "[Si]": 25, "F": 24, "6": 15, "#": 14, "[N+]": 13, "[NH+]": 10}}, "0.00": {"activatedMoleculePct": 0.006816885193195126, "activatedTokens": {"1": 1945, "O": 1742, "3": 897, "C": 860, "(": 803, "2": 670, "n": 666, "c": 616, "N": 511, ")": 388, "/": 296, "[C@@H]": 249, ".": 136, "=": 117, "others": 101, "S": 93, "[n+]": 78, "F": 77, "4": 62, "I": 61, "\\": 55, "[Si]": 46, "5": 42, "Cl": 35, "#": 27, "[C@H]": 27, "6": 25}}}