{"0.20": {"activatedMoleculePct": 0.20280013739231437, "activatedTokens": {")": 412582, "others": 156}}, "0.00": {"activatedMoleculePct": 0.37003060567600166, "activatedTokens": {")": 817289, "others": 3748}}}