{"0.20": {"activatedMoleculePct": 0.8433551847655653, "activatedTokens": {"O": 2020562, "others": 325}}, "0.00": {"activatedMoleculePct": 0.8700998144910809, "activatedTokens": {"O": 2150542, "others": 4811}}}