{"0.20": {"activatedMoleculePct": 0.5250795901373411, "activatedTokens": {"c": 1979720, "others": 2044}}, "0.00": {"activatedMoleculePct": 0.764197144788503, "activatedTokens": {"c": 4231029, "others": 12826}}}