{"0.20": {"activatedMoleculePct": 0.7007872228077101, "activatedTokens": {")": 1804069, "others": 683}}, "0.00": {"activatedMoleculePct": 0.9319783541191695, "activatedTokens": {")": 3662301, "others": 5027}}}