{"0.20": {"activatedMoleculePct": 0.505921564807647, "activatedTokens": {")": 866295, "others": 452}}, "0.00": {"activatedMoleculePct": 0.6920149139503733, "activatedTokens": {")": 1354051, "others": 2674}}}