{"0.20": {"activatedMoleculePct": 0.3517455634952429, "activatedTokens": {"C": 548357, "[C@H]": 15891, "[C@@H]": 12787, "others": 4919}}, "0.00": {"activatedMoleculePct": 0.49657800858775203, "activatedTokens": {"C": 892853, "[C@H]": 25380, "[C@@H]": 19435, "O": 15215, "others": 8596, ")": 3006, "-": 2300, "(": 1684, "Br": 1557}}}