{"0.20": {"activatedMoleculePct": 0.14623566297284452, "activatedTokens": {"Cl": 143202, "Br": 62442, "[O-]": 27896, "others": 2173}}, "0.00": {"activatedMoleculePct": 0.16901451773906154, "activatedTokens": {"Cl": 169153, "Br": 67524, "[O-]": 33062, "others": 2483, "I": 2300, "F": 973, "[N+]": 768, "O": 617}}}