{"0.20": {"activatedMoleculePct": 0.07379710318997709, "activatedTokens": {"[nH]": 92901, "s": 9783, "[N+]": 1109, "others": 718}}, "0.00": {"activatedMoleculePct": 0.11602839538812963, "activatedTokens": {"[nH]": 119147, "s": 41602, "#": 2187, "[N+]": 1866, "others": 1579, "[N-]": 1367, "1": 543}}}