{"0.20": {"activatedMoleculePct": 0.6826830756250948, "activatedTokens": {"C": 1950230, "c": 803392, "(": 526355, "O": 394111, "1": 342105, "N": 226335, "=": 218503, "n": 135128, ")": 109723, "[C@@H]": 70679, "[C@H]": 66127, "others": 47020, "S": 34494, "2": 34189, "#": 16798, "F": 14090, "-": 12304, "o": 9811}}, "0.00": {"activatedMoleculePct": 0.9661059898215438, "activatedTokens": {"C": 3369289, "c": 1676854, "(": 1248296, "O": 757131, "1": 747920, "=": 544851, "N": 459879, ")": 338299, "n": 264791, "[C@@H]": 147490, "[C@H]": 145006, "2": 107354, "others": 87294, "S": 63296, "F": 35065, "-": 32708, "#": 28395, "o": 22371, "/": 16319}}}