{"0.20": {"activatedMoleculePct": 0.2497383613842642, "activatedTokens": {"(": 471969, "others": 596}}, "0.00": {"activatedMoleculePct": 0.4692635962365052, "activatedTokens": {"(": 992572, "others": 7415}}}