{"0.20": {"activatedMoleculePct": 0.9038561394077923, "activatedTokens": {"C": 3182169, "c": 2963768, "others": 4754}}, "0.00": {"activatedMoleculePct": 0.9961140531977768, "activatedTokens": {"C": 7253121, "c": 6220383, "others": 31199}}}