{"0.20": {"activatedMoleculePct": 0.19782003218026808, "activatedTokens": {"C": 428709, "O": 87280, "c": 70596, "N": 48543, "(": 45509, "[C@@H]": 36853, ")": 35321, "=": 28300, "[C@H]": 25793, "1": 19299, "others": 6728, "n": 6112, "S": 4637, "[C@]": 2565, "[C@@]": 2169, "F": 2159}}, "0.00": {"activatedMoleculePct": 0.5489020698928472, "activatedTokens": {"C": 1256054, "O": 247790, "c": 245353, "(": 176421, "N": 111616, "=": 109032, ")": 97989, "[C@@H]": 75906, "[C@H]": 57927, "1": 55270, "others": 20153, "n": 16781, "S": 10022, "#": 8021, "F": 6334, "[C@]": 5589}}}