{"0.20": {"activatedMoleculePct": 0.7508050559785797, "activatedTokens": {"(": 1696876, "others": 1051}}, "0.00": {"activatedMoleculePct": 0.9206654592352755, "activatedTokens": {"(": 2909325, "others": 4974}}}