{"0.20": {"activatedMoleculePct": 9.081368327849115e-05, "activatedTokens": {".": 32, "c": 28, "[N-]": 19, "1": 11, ")": 8, "2": 7, "[N+]": 6, "O": 5, "s": 4, "=": 4, "-": 3, "3": 3, "C": 3, "N": 2, "5": 2, "[C@]": 1, "%20": 1, "p": 1, "6": 1, "[nH]": 1, "#": 1, "%14": 1, "others": 1}}, "0.00": {"activatedMoleculePct": 0.0006745113088668576, "activatedTokens": {".": 288, "O": 138, "c": 131, ")": 71, "[N-]": 67, "1": 41, "=": 39, "[N+]": 30, "3": 29, "2": 29, "-": 22, "[C@]": 19, "o": 16, "N": 16, "s": 15, "C": 13, "[C@H]": 12, "n": 10, "others": 10, "\\": 7, "[nH]": 7, "4": 6, "5": 6, "6": 3, "(": 3, "[C@@]": 3, "%13": 3, "#": 2, "F": 2, "%18": 2}}}