{"0.20": {"activatedMoleculePct": 0.7542303430486886, "activatedTokens": {"C": 2705840, "others": 2573}}, "0.00": {"activatedMoleculePct": 0.9249996155065829, "activatedTokens": {"C": 4842516, "others": 19175}}}