{"0.20": {"activatedMoleculePct": 0.010830264099373606, "activatedTokens": {"N": 2711, "C": 2474, "[nH]": 1421, "O": 1233, "Cl": 1115, "c": 969, "2": 969, ")": 769, "3": 688, "1": 628, "F": 608, "(": 487, "s": 441, "-": 272, "o": 209, "S": 192, "others": 151, "Br": 47, "[N-]": 42, "[O-]": 28, "[C@H]": 26, "[c-]": 22, "[C@@H]": 21, "[NH-]": 16, "[cH-]": 14, "[CH2-]": 12}}, "0.00": {"activatedMoleculePct": 0.03977053432867083, "activatedTokens": {"C": 9026, "N": 8262, "O": 7288, ")": 5824, "2": 4679, "c": 3888, "(": 3338, "Cl": 3122, "[nH]": 3112, "1": 2488, "3": 2381, "F": 2298, "-": 1367, "s": 1081, "o": 762, "others": 575, "S": 515, "[C@H]": 101, "Br": 87}}}