{"0.20": {"activatedMoleculePct": 0.10155020422093211, "activatedTokens": {"=": 138644, "others": 43}}, "0.00": {"activatedMoleculePct": 0.11109076754406844, "activatedTokens": {"=": 155652, "others": 502}}}