{"0.20": {"activatedMoleculePct": 0.5120595444814942, "activatedTokens": {"1": 583991, "2": 315849, "3": 88859, "4": 23846, "others": 4256}}, "0.00": {"activatedMoleculePct": 0.8561650406867272, "activatedTokens": {"1": 1272549, "2": 751972, "3": 230313, "4": 54123, "others": 18433}}}