{"0.20": {"activatedMoleculePct": 0.5356659755550071, "activatedTokens": {"C": 886873, ")": 384536, "(": 380693, "O": 124270, "c": 58974, "1": 46732, "2": 21723, "others": 16791, "F": 13816, "3": 13411}}, "0.00": {"activatedMoleculePct": 0.7624636287536628, "activatedTokens": {"C": 1726042, ")": 730633, "(": 719563, "O": 223185, "c": 192223, "1": 151658, "2": 83259, "F": 42501, "3": 35972, "N": 31238, "others": 28759, "S": 16007}}}