{"0.20": {"activatedMoleculePct": 0.19143744145629996, "activatedTokens": {"C": 354971, "[C@H]": 43159, "[C@@H]": 40466, "O": 8132, "others": 3768, "[C@]": 2028, "[C@@]": 1524}}, "0.00": {"activatedMoleculePct": 0.3659666933492892, "activatedTokens": {"C": 855823, "[C@H]": 81785, "[C@@H]": 74317, "O": 32161, "others": 9603, "N": 7999, "F": 7404, "[C@]": 6103, "[C@@]": 4181, "#": 3074, "(": 2883, "/": 1990, "S": 1882, "2": 1377}}}