{"0.20": {"activatedMoleculePct": 0.7824294564434872, "activatedTokens": {"(": 1759626, "others": 239}}, "0.00": {"activatedMoleculePct": 0.9003100115494499, "activatedTokens": {"(": 2514028, "others": 4055}}}