{"0.20": {"activatedMoleculePct": 0.6736808030859075, "activatedTokens": {"(": 1701422, "others": 145}}, "0.00": {"activatedMoleculePct": 0.8503507678516632, "activatedTokens": {"(": 2672477, "others": 3809}}}