{"0.20": {"activatedMoleculePct": 0.2592950368124983, "activatedTokens": {"n": 478558, "others": 109}}, "0.00": {"activatedMoleculePct": 0.3737217424802242, "activatedTokens": {"n": 772001, "others": 679}}}