{"0.20": {"activatedMoleculePct": 0.1555206297196567, "activatedTokens": {"[C@H]": 102891, "[C@@H]": 100086, "[C@@]": 5090, "[C@]": 4447, "others": 1369}}, "0.00": {"activatedMoleculePct": 0.19241222381471665, "activatedTokens": {"[C@@H]": 125750, "[C@H]": 125618, "[C@]": 7296, "[C@@]": 6823, "#": 2825, "/": 2589, "others": 1673}}}