{"0.20": {"activatedMoleculePct": 0.8819737035797436, "activatedTokens": {"O": 2179694, ")": 1643832, "others": 401}}, "0.00": {"activatedMoleculePct": 0.8876898390473937, "activatedTokens": {"O": 2235497, ")": 1856946, "others": 10860}}}