{"0.20": {"activatedMoleculePct": 0.13623077807552622, "activatedTokens": {"c": 132137, "2": 113442, "3": 57568, "1": 27228, "4": 20456, "(": 17783, "n": 6496, "5": 3613, "others": 2094}}, "0.00": {"activatedMoleculePct": 0.17938998105362913, "activatedTokens": {"c": 294519, "2": 159177, "3": 87943, "1": 57224, "(": 39463, "4": 31250, "n": 20027, "5": 5788, "others": 4788, "O": 2324}}}