{"0.20": {"activatedMoleculePct": 0.2882148007262165, "activatedTokens": {"C": 775462, "others": 1138}}, "0.00": {"activatedMoleculePct": 0.4461800762102571, "activatedTokens": {"C": 1349507, "others": 10682, "c": 7854}}}