{"0.20": {"activatedMoleculePct": 0.872297652100103, "activatedTokens": {"=": 2211822, "others": 23}}, "0.00": {"activatedMoleculePct": 0.8984981320943612, "activatedTokens": {"=": 2366669, "others": 716}}}