{"0.20": {"activatedMoleculePct": 0.5685236844283096, "activatedTokens": {"c": 1571064, "[C@@H]": 132223, "[C@H]": 109261, "others": 11321, "[C@@]": 7128}}, "0.00": {"activatedMoleculePct": 0.8293464417514445, "activatedTokens": {"c": 3182397, "[C@@H]": 311261, "[C@H]": 280664, "others": 29451, "[C@]": 17377, "[C@@]": 17266}}}