{"0.20": {"activatedMoleculePct": 0.17688601344774882, "activatedTokens": {")": 259986, "others": 50}}, "0.00": {"activatedMoleculePct": 0.4506006519543617, "activatedTokens": {")": 759006, "others": 2297}}}