{"0.20": {"activatedMoleculePct": 0.8202350463186403, "activatedTokens": {"O": 1870867, "others": 706}}, "0.00": {"activatedMoleculePct": 0.8695014694972217, "activatedTokens": {"O": 2118121, "others": 5580}}}