{"0.20": {"activatedMoleculePct": 0.001981788927029008, "activatedTokens": {"P": 2452, "B": 484, "[P+]": 213, "[B-]": 71, "[C]": 39, "[Cl+3]": 37, "[Se]": 30, "[B]": 29, "others": 26, "[PH+]": 21, "[P-]": 18, "[P@]": 17, "[Sn]": 16, "[SiH]": 14, "[Si]": 13, "[S-]": 13}}, "0.00": {"activatedMoleculePct": 0.002528868131940564, "activatedTokens": {"P": 2452, "B": 502, "[P+]": 215, "[C@]": 190, "[Si]": 183, "S": 140, "N": 128, "C": 113, "[B]": 98, "[B-]": 86, "2": 85, "[I-]": 66, "[C]": 66, ".": 64, "I": 56, "[Se]": 47, "[SiH]": 44, "others": 43, "[CH]": 41, "1": 40, "[Cl+3]": 39, "[Sn]": 33, "[S-]": 33, "[PH+]": 25, "[P-]": 18, "[P@]": 17, "=": 17, "[C-]": 13, "[Ge]": 11, "3": 11, "[Al]": 10, "c": 9}}}