{"0.20": {"activatedMoleculePct": 0.08745284462877344, "activatedTokens": {"-": 130858, "others": 1007}}, "0.00": {"activatedMoleculePct": 0.11359253804470816, "activatedTokens": {"-": 166653, "others": 1665, ".": 1497, "[N+]": 1298, "[n+]": 305, "[c-]": 281, "I": 265, "/": 219, "[C-]": 194, "F": 169, "1": 153, "S": 120}}}