{"0.20": {"activatedMoleculePct": 0.42086210015431, "activatedTokens": {"c": 1502014, "F": 19800, "others": 14770, "n": 13377, "Cl": 13118, "C": 11454, "Br": 8436, "o": 7029, "[C@@H]": 6367, "[nH]": 4601, "[C@H]": 4244, "s": 3549, "N": 3258, "(": 2577, "=": 2326, "[O-]": 2179}}, "0.00": {"activatedMoleculePct": 0.6960304899617923, "activatedTokens": {"c": 3552627, "F": 83015, "n": 53919, "C": 51917, "Cl": 38641, "others": 35946, "[C@@H]": 23584, "o": 22606, "(": 21407, "Br": 20153, "[C@H]": 17426, "=": 15339, "[nH]": 14728, "N": 11821, "s": 11292, "O": 8548, "#": 8112, ")": 7044, "[O-]": 6884}}}