{"0.20": {"activatedMoleculePct": 0.36117114497745406, "activatedTokens": {"F": 199854, "Cl": 115027, "-": 72872, "S": 52385, "Br": 48331, "s": 42055, "[nH]": 38820, "o": 25334, "#": 23246, "/": 7099, "others": 5897, "I": 5751, "[N+]": 5372, "[O-]": 3841}}, "0.00": {"activatedMoleculePct": 0.557522778488582, "activatedTokens": {"F": 425363, "Cl": 152588, "-": 137885, "S": 129101, "s": 85690, "[nH]": 74012, "Br": 60413, "o": 59639, "#": 51039, "/": 17295, "[N+]": 17120, "[O-]": 13128, "others": 11922, "I": 6442, "[C@@]": 2844, "O": 2223, "N": 2060, "C": 1963, "1": 1827, "4": 1675, "[S@]": 1640}}}