{"0.20": {"activatedMoleculePct": 0.006107952568892066, "activatedTokens": {"[S@]": 4360, "[S@@]": 3971, "others": 32}}, "0.00": {"activatedMoleculePct": 0.009350879904030444, "activatedTokens": {"[S@]": 4360, "[S@@]": 3971, "[nH]": 3561, "[n+]": 611, "[NH+]": 157, "[P+]": 74, "others": 68}}}