{"0.20": {"activatedMoleculePct": 0.18063573972505426, "activatedTokens": {"1": 129111, "2": 114557, "[C@H]": 39271, "3": 36122, "O": 22664, "4": 11283, "C": 4693, "others": 3201}}, "0.00": {"activatedMoleculePct": 0.3954174243628212, "activatedTokens": {"1": 280647, "2": 268280, "O": 141024, "[C@H]": 106498, "C": 93372, "3": 80808, "4": 25480, "others": 8608, "c": 7944, ")": 6766, "s": 5339, "5": 3488, "(": 3332, "[C@@H]": 2633}}}