{"0.20": {"activatedMoleculePct": 0.1618497575494367, "activatedTokens": {"C": 247837, "O": 9626, "others": 949}}, "0.00": {"activatedMoleculePct": 0.24756762140654284, "activatedTokens": {"C": 414535, "O": 21164, "others": 3916, "N": 2724, "Cl": 1004, "/": 835}}}