{"0.20": {"activatedMoleculePct": 0.0015138055107793646, "activatedTokens": {"C": 694, "1": 326, ")": 318, "c": 290, "2": 270, "(": 242, "O": 220, "N": 202, "4": 201, "3": 149, "5": 52, "6": 40, "=": 29, "others": 27, "n": 26, "s": 20, "[C@@H]": 20, "Cl": 19}}, "0.00": {"activatedMoleculePct": 0.0042799610087056635, "activatedTokens": {"C": 1819, "1": 1168, "O": 1016, "2": 889, "c": 759, ")": 690, "N": 440, "4": 426, "(": 424, "3": 362, "=": 200, "5": 85, "others": 72, "n": 71, "s": 70, "6": 66, "[C@@H]": 40, "Cl": 36}}}