{"0.20": {"activatedMoleculePct": 0.5291295874641964, "activatedTokens": {"C": 661966, "N": 192589, "O": 95039, "[C@@H]": 40569, "[C@H]": 37866, "others": 6181}}, "0.00": {"activatedMoleculePct": 0.725325226503241, "activatedTokens": {"C": 1177793, "N": 294202, "O": 175591, "[C@@H]": 69454, "[C@H]": 68608, "others": 16534, "S": 15072, "=": 6067, "Cl": 5595}}}