{"0.20": {"activatedMoleculePct": 0.40897649317103074, "activatedTokens": {"C": 142262, "c": 126283, "n": 72215, "O": 68640, "2": 67383, ")": 41098, "F": 30235, "=": 21014, "o": 20825, "s": 17317, "Cl": 13457, "N": 6257, "others": 5502, "[nH]": 5252, "[O-]": 4903, ".": 4830, "Br": 3521, "I": 1952, "S": 1912}}, "0.00": {"activatedMoleculePct": 0.6015051635634996, "activatedTokens": {"C": 274287, "c": 200341, ")": 139232, "O": 111135, "n": 95978, "2": 86772, "F": 41994, "=": 39659, "o": 27011, "s": 21192, "Cl": 18564, "N": 11076, "others": 9765, "[nH]": 8792, "1": 8138, ".": 6531, "[O-]": 5130, "Br": 4882, "S": 3766, "I": 2118}}}