{"0.20": {"activatedMoleculePct": 0.18869325701077974, "activatedTokens": {"c": 315340, "others": 99}}, "0.00": {"activatedMoleculePct": 0.35418801215438617, "activatedTokens": {"c": 741665, "others": 4213, "/": 3509}}}