{"0.20": {"activatedMoleculePct": 0.9763635418215321, "activatedTokens": {"C": 7972502, "others": 87}}, "0.00": {"activatedMoleculePct": 0.9962641887225517, "activatedTokens": {"C": 11754601, "others": 2635}}}