{"0.20": {"activatedMoleculePct": 0.32310556431549553, "activatedTokens": {")": 174060, "c": 111297, "2": 86159, "1": 85304, "3": 30320, "[C@H]": 21991, "N": 20445, "O": 12123, "C": 9314, "(": 7103, "[C@@H]": 4768, "4": 4400, "/": 3053, "others": 2987}}, "0.00": {"activatedMoleculePct": 0.520234973081799, "activatedTokens": {"c": 298714, ")": 284796, "2": 132945, "1": 123032, "[C@H]": 65019, "N": 61824, "(": 57377, "C": 50025, "3": 43863, "O": 30988, "[C@@H]": 17358, "others": 11059, "=": 9791, "/": 7046, "n": 6927}}}