{"0.20": {"activatedMoleculePct": 0.37921084373967817, "activatedTokens": {"O": 233983, "=": 86421, "[C@H]": 79396, "[C@@H]": 58886, "n": 26255, "#": 23400, "N": 22104, "S": 17744, "c": 12341, "/": 8462, "others": 4320, "o": 3494, "[C@]": 3106, "[nH]": 2412, "[C@@]": 2264, ")": 2249, "F": 1816}}, "0.00": {"activatedMoleculePct": 0.683113708252254, "activatedTokens": {"O": 409823, "=": 155104, "c": 125272, "[C@H]": 107375, "[C@@H]": 101936, "n": 79969, "N": 53939, "S": 32262, "#": 28940, ")": 24334, "o": 13531, "/": 12226, "others": 11715, "1": 8530, "C": 7795, "F": 6942, "[nH]": 6778, "[C@]": 6209, "(": 5956, "s": 4949}}}