{"0.20": {"activatedMoleculePct": 0.7423300886971386, "activatedTokens": {"=": 1537740, "others": 89}}, "0.00": {"activatedMoleculePct": 0.8670780624168304, "activatedTokens": {"=": 2110327, "others": 1386}}}