{"0.20": {"activatedMoleculePct": 0.7330143624769578, "activatedTokens": {")": 1548547, "others": 2402}}, "0.00": {"activatedMoleculePct": 0.8351555880076137, "activatedTokens": {")": 2026461, "others": 9742}}}