{"0.20": {"activatedMoleculePct": 0.11401877646138624, "activatedTokens": {"O": 159318, "[O-]": 12954, "o": 4203, "N": 2041, "S": 1353, "others": 864}}, "0.00": {"activatedMoleculePct": 0.23562562205542126, "activatedTokens": {"O": 330872, "o": 28454, "[O-]": 27398, "N": 7780, "S": 3889, "others": 3746, "=": 2387, "s": 980, "C": 938, "Cl": 921, "[nH]": 920, "n": 801}}}