{"0.20": {"activatedMoleculePct": 0.3136880388858333, "activatedTokens": {"2": 415656, "3": 77236, "4": 6393, "others": 123}}, "0.00": {"activatedMoleculePct": 0.40649229951231586, "activatedTokens": {"2": 541323, "3": 113468, "4": 10834, "others": 1661}}}