{"0.20": {"activatedMoleculePct": 0.84399820423265, "activatedTokens": {"(": 2850970, "others": 23}}, "0.00": {"activatedMoleculePct": 0.9807028246717342, "activatedTokens": {"(": 5075928, "others": 855}}}