{"0.20": {"activatedMoleculePct": 0.06524523722511467, "activatedTokens": {"=": 49749, "#": 42965, ".": 864, "others": 348}}, "0.00": {"activatedMoleculePct": 0.0965818169035024, "activatedTokens": {"=": 70519, "#": 68616, "/": 2090, ".": 2040, "others": 1293, "\\": 911, "1": 728}}}