{"0.20": {"activatedMoleculePct": 0.9637528901088519, "activatedTokens": {"1": 1520377, "2": 1086405, "3": 370872, "4": 77379, "others": 7490}}, "0.00": {"activatedMoleculePct": 0.9873747009190491, "activatedTokens": {"1": 1908619, "2": 1253860, "3": 459537, "4": 94839, "others": 15540}}}