{"0.20": {"activatedMoleculePct": 0.1238471605710423, "activatedTokens": {"[nH]": 79725, "o": 67015, "s": 30068, "others": 1720}}, "0.00": {"activatedMoleculePct": 0.20379249659265597, "activatedTokens": {"o": 106604, "[nH]": 104648, "s": 77766, "#": 12417, "others": 2135}}}