{"0.20": {"activatedMoleculePct": 0.17157927192326536, "activatedTokens": {"[C@@H]": 65710, "[C@H]": 59218, "N": 37531, "s": 23746, "O": 19702, "[nH]": 16962, "[C@]": 15853, "[C@@]": 15845, "1": 11829, "S": 9337, "o": 9325, "-": 9223, "F": 4720, "n": 3400, "Cl": 2993, "others": 2986, "Br": 2444, "C": 2272, "=": 1228, "3": 733, ")": 625, "/": 582, "#": 449, "I": 437, "c": 392, "[N+]": 378}}, "0.00": {"activatedMoleculePct": 0.39965710510878233, "activatedTokens": {"[C@@H]": 141729, "[C@H]": 141011, "N": 113035, "O": 81536, "s": 57836, "-": 51703, "F": 44178, "1": 35302, "[nH]": 35238, "o": 34303, "S": 31801, "[C@@]": 25876, "[C@]": 25848, "=": 24381, "Cl": 22262, "n": 18203, "Br": 13806, "C": 12841, "others": 9260, "/": 7596, ")": 5806, "#": 5089, "c": 4954, "(": 3983, "3": 3204, "[N+]": 2730, "[O-]": 1934}}}