{"0.20": {"activatedMoleculePct": 0.9379449595842491, "activatedTokens": {"=": 1672650, "N": 1583185, "others": 163}}, "0.00": {"activatedMoleculePct": 0.9772043007602716, "activatedTokens": {"N": 2256782, "=": 2205541, "others": 3838}}}