{"0.20": {"activatedMoleculePct": 0.5088883892508823, "activatedTokens": {"O": 772509, ")": 440203, "others": 601}}, "0.00": {"activatedMoleculePct": 0.7098012132415139, "activatedTokens": {"O": 1236578, ")": 975413, "others": 4342}}}