{"0.20": {"activatedMoleculePct": 0.007280474398963553, "activatedTokens": {"C": 1330, "2": 1281, "O": 1171, "c": 1072, "1": 942, "3": 800, "s": 725, "N": 618, "=": 449, "(": 403, ")": 320, "4": 282, "[O-]": 201, "[C@@]": 195, "S": 169, "[C@@H]": 157, "o": 120, "5": 97, "others": 96, "n": 90, "6": 60, "[C@]": 30, "7": 30, "#": 18, "8": 15}}, "0.00": {"activatedMoleculePct": 0.018583848493481554, "activatedTokens": {"C": 5854, "O": 2771, "c": 2729, "2": 2544, "1": 2044, "s": 1676, "(": 1577, "3": 1532, ")": 1524, "N": 1447, "=": 751, "4": 498, "[O-]": 467, "[C@@]": 414, "[C@@H]": 407, "o": 371, "S": 287, "others": 272, "n": 199, "5": 152, "6": 82, "[C@]": 79}}}