{"0.20": {"activatedMoleculePct": 0.6192358028552115, "activatedTokens": {"O": 1154842, "others": 77}}, "0.00": {"activatedMoleculePct": 0.7939012752731185, "activatedTokens": {"O": 1715918, "others": 1128}}}