{"0.20": {"activatedMoleculePct": 0.5143438015633136, "activatedTokens": {"F": 351608, "o": 133444, "Cl": 127152, "[nH]": 117633, "s": 101351, "-": 60334, "Br": 45242, "#": 41529, "S": 39339, "[O-]": 20098, "[N+]": 6903, "others": 6443, "I": 5222}}, "0.00": {"activatedMoleculePct": 0.6260475614695119, "activatedTokens": {"F": 507453, "Cl": 162844, "o": 162067, "s": 136714, "[nH]": 135787, "-": 129995, "S": 102115, "#": 61101, "Br": 59203, "[O-]": 27861, "[N+]": 18990, "others": 14219, "I": 6039, ".": 3475, "O": 2985}}}