{"0.20": {"activatedMoleculePct": 0.3494246879927466, "activatedTokens": {"1": 314632, "2": 180325, "3": 54208, "4": 9029, "others": 1450}}, "0.00": {"activatedMoleculePct": 0.6093803211142546, "activatedTokens": {"1": 624359, "2": 359750, "3": 106674, "4": 17116, "others": 3806}}}