{"0.20": {"activatedMoleculePct": 0.3076145076323774, "activatedTokens": {"N": 116150, ")": 82981, "(": 82253, "[C@@H]": 66254, "O": 39809, "[C@H]": 35138, "=": 34515, "-": 26140, "c": 22968, "Cl": 22531, "1": 22327, "F": 18495, "2": 14260, "C": 11719, "/": 11161, "3": 11154, "4": 6344, "others": 5336, "\\": 3440, "Br": 3067, "n": 2731, "#": 2716, "[nH]": 1933, "s": 1754, "[O-]": 1237}}, "0.00": {"activatedMoleculePct": 0.6180984347089897, "activatedTokens": {")": 256024, "N": 234007, "(": 214501, "=": 168057, "O": 130012, "[C@@H]": 120568, "F": 102086, "C": 95076, "c": 91514, "1": 81207, "[C@H]": 68549, "Cl": 59220, "-": 58356, "2": 56583, "3": 38986, "n": 23151, "/": 19974, "4": 19319, "others": 18558, "Br": 11791, "[nH]": 11238, "#": 10688, "[O-]": 7612, "s": 7158, "\\": 5281}}}