{"0.20": {"activatedMoleculePct": 0.5588490976854961, "activatedTokens": {"1": 526524, "2": 375389, "3": 146448, "4": 28303, "others": 6823}}, "0.00": {"activatedMoleculePct": 0.8882874516728393, "activatedTokens": {"1": 1214164, "2": 819339, "3": 299416, "4": 58712, "others": 19149, "5": 8135}}}