{"0.20": {"activatedMoleculePct": 0.7154265350258856, "activatedTokens": {"=": 1461168, "others": 302}}, "0.00": {"activatedMoleculePct": 0.835990487999045, "activatedTokens": {"=": 1984707, "others": 4143}}}