{"0.20": {"activatedMoleculePct": 0.6275906617168326, "activatedTokens": {"=": 1247372, "others": 10}}, "0.00": {"activatedMoleculePct": 0.8492053436528926, "activatedTokens": {"=": 2107088, "others": 534}}}