{"0.20": {"activatedMoleculePct": 0.9873754332874627, "activatedTokens": {"(": 4817008, "others": 23}}, "0.00": {"activatedMoleculePct": 0.9960832937244083, "activatedTokens": {"(": 5832031, "others": 816}}}