{"0.20": {"activatedMoleculePct": 0.42854244770706434, "activatedTokens": {"[C@H]": 410021, "[C@@H]": 377741, "[C@]": 11468, "[C@@]": 10599, "others": 40}}, "0.00": {"activatedMoleculePct": 0.6012232017242882, "activatedTokens": {"[C@H]": 645554, "[C@@H]": 614298, "[C@]": 29878, "[C@@]": 27356, "others": 857}}}