{"0.20": {"activatedMoleculePct": 0.13941218646392756, "activatedTokens": {"N": 191110, "others": 820}}, "0.00": {"activatedMoleculePct": 0.1725145063873511, "activatedTokens": {"N": 238895, "others": 2267, "[N+]": 1289, "[S@]": 867}}}