{"0.20": {"activatedMoleculePct": 0.5170777328510443, "activatedTokens": {"C": 972701, "others": 1754}}, "0.00": {"activatedMoleculePct": 0.7549605143569842, "activatedTokens": {"C": 1488504, "others": 13110}}}