{"0.20": {"activatedMoleculePct": 0.36508418941097803, "activatedTokens": {"C": 1436017, "others": 1993}}, "0.00": {"activatedMoleculePct": 0.5889809313236167, "activatedTokens": {"C": 2933035, "others": 18601}}}