{"0.20": {"activatedMoleculePct": 0.9535883488973828, "activatedTokens": {"(": 4505817, "others": 67}}, "0.00": {"activatedMoleculePct": 0.9915089206134611, "activatedTokens": {"(": 5740135, "others": 1614}}}