{"0.20": {"activatedMoleculePct": 0.5122133418483368, "activatedTokens": {"C": 963486, "O": 132264, "[C@H]": 54624, "[C@@H]": 53019, "S": 6286, "others": 6004}}, "0.00": {"activatedMoleculePct": 0.7037108375145467, "activatedTokens": {"C": 1756964, "O": 202568, "[C@@H]": 94877, "[C@H]": 92463, ")": 19508, "others": 17575, "S": 16223}}}