{"0.20": {"activatedMoleculePct": 0.35826144527047465, "activatedTokens": {"N": 547355, "others": 787}}, "0.00": {"activatedMoleculePct": 0.551203171448178, "activatedTokens": {"N": 899328, "others": 8104, "S": 1832}}}