{"0.20": {"activatedMoleculePct": 0.16346902411176528, "activatedTokens": {"C": 466092, "O": 122323, "(": 120464, "N": 59596, "F": 58235, "=": 54941, "[C@H]": 18544, "c": 16081, "[C@@H]": 15265, "S": 11874, "others": 9694, "n": 9270, ")": 7492, "[O-]": 7143, "[N+]": 5216, "Cl": 3268, "#": 2742, "3": 1477, "[C@@]": 1385, "1": 1260, "/": 1198, "2": 1116}}, "0.00": {"activatedMoleculePct": 0.3682861041149584, "activatedTokens": {"C": 865432, "O": 228958, "(": 211776, "N": 125399, "=": 105369, "F": 99037, "c": 97275, ")": 66235, "n": 54805, "[C@H]": 50020, "[C@@H]": 49288, "S": 26879, "1": 22812, "others": 18525, "[O-]": 13214, "o": 12762, "[nH]": 9192, "Cl": 9074, "[N+]": 6794, "s": 6717, "3": 6464, "#": 5908, "/": 5336, "2": 4549, "[C@@]": 3401}}}