{"0.20": {"activatedMoleculePct": 0.5791108022143892, "activatedTokens": {"C": 1045228, "others": 1195}}, "0.00": {"activatedMoleculePct": 0.7728105297001024, "activatedTokens": {"C": 1503987, "others": 11532}}}