{"0.20": {"activatedMoleculePct": 0.9014034375908595, "activatedTokens": {"C": 3299956, "c": 501932, "N": 441380, "O": 423516, ")": 385607, "(": 320173, "1": 155445, "n": 137633, "2": 127520, "3": 62375, "[C@H]": 54764, "others": 54340, "F": 39000, "[C@@H]": 31178, "=": 24540, "Cl": 23201, "4": 22448, "s": 21398, "S": 14932, "-": 14181, "/": 9595}}, "0.00": {"activatedMoleculePct": 0.9969094052948771, "activatedTokens": {"C": 7896192, "c": 2456494, ")": 1927566, "(": 1815757, "O": 1644164, "N": 1188820, "1": 653644, "2": 596598, "n": 501074, "3": 254008, "=": 205197, "[C@H]": 187925, "others": 181821, "F": 181062, "[C@@H]": 119489, "Cl": 68449, "4": 67283, "-": 64439, "S": 60130, "s": 56785}}}