{"0.20": {"activatedMoleculePct": 0.646421318365676, "activatedTokens": {")": 1399480, "others": 198}}, "0.00": {"activatedMoleculePct": 0.8599045138062431, "activatedTokens": {")": 2403277, "others": 2501}}}