{"0.20": {"activatedMoleculePct": 0.42496775748059407, "activatedTokens": {"N": 697705, "others": 1093}}, "0.00": {"activatedMoleculePct": 0.7179370939474877, "activatedTokens": {"N": 1404876, "others": 10592}}}