{"0.20": {"activatedMoleculePct": 0.18220227576160822, "activatedTokens": {"C": 496838, "others": 332}}, "0.00": {"activatedMoleculePct": 0.44340586465978193, "activatedTokens": {"C": 1045443, "(": 8518, "others": 4862}}}