{"0.20": {"activatedMoleculePct": 0.19419114669119614, "activatedTokens": {"1": 154593, "2": 112396, "3": 15963, "4": 3375, "others": 106}}, "0.00": {"activatedMoleculePct": 0.40941152000867126, "activatedTokens": {"1": 318295, "2": 288665, "3": 59172, "4": 12647, "others": 2292}}}