{"0.20": {"activatedMoleculePct": 0.19204823671318916, "activatedTokens": {"F": 373529, "others": 18}}, "0.00": {"activatedMoleculePct": 0.22032498115982257, "activatedTokens": {"F": 538929, "others": 1057}}}