{"0.20": {"activatedMoleculePct": 4.1744999571564475e-05, "activatedTokens": {".": 45, "Cl": 4, "(": 3, "c": 3, "=": 2, "s": 1, "Br": 1, "1": 1, "others": 0}}, "0.00": {"activatedMoleculePct": 0.0005382907839491209, "activatedTokens": {".": 269, "-": 118, "O": 74, "C": 67, "c": 61, "(": 39, "[C@@H]": 37, "Cl": 36, "/": 23, "=": 21, "F": 19, "s": 13, "[C@H]": 11, "[C@@]": 9, "others": 7, "Br": 6, ")": 6, "1": 6, "3": 3}}}