{"0.20": {"activatedMoleculePct": 0.09264094247026401, "activatedTokens": {"O": 79086, "=": 20390, "F": 17727, "N": 10236, "Cl": 8463, "Br": 4269, "S": 2489, "[O-]": 1953, "others": 1406, "#": 1313, "[C@@H]": 1152, "[C@H]": 703, "n": 582, "[nH]": 405, "I": 356}}, "0.00": {"activatedMoleculePct": 0.16328593200838123, "activatedTokens": {"O": 122048, "=": 35267, "F": 34456, "N": 16596, "Cl": 11397, "n": 8580, "Br": 6885, "o": 5603, "[nH]": 4342, "S": 4185, "[C@@H]": 3843, "(": 3726, "C": 3699, "[O-]": 3337, "2": 3137, "[C@H]": 2705, "#": 2317, "others": 2102, ")": 2016, "s": 2014, "[N+]": 1610, "-": 1515, "1": 1065}}}