{"0.20": {"activatedMoleculePct": 0.9904352685192169, "activatedTokens": {"C": 9323676, "others": 19}}, "0.00": {"activatedMoleculePct": 0.9972060145023594, "activatedTokens": {"C": 11970527, "others": 1349}}}