{"0.20": {"activatedMoleculePct": 0.00820472333684626, "activatedTokens": {"1": 2221, "/": 1576, "C": 1221, "2": 1204, "(": 1171, "N": 1009, ")": 919, "c": 667, "n": 651, "3": 366, "[nH]": 318, "S": 152, "others": 116, "\\": 86, "O": 56, "[C@@H]": 52}}, "0.00": {"activatedMoleculePct": 0.02138003109636284, "activatedTokens": {"1": 5427, "C": 5094, ")": 4415, "2": 2858, "(": 2805, "/": 2651, "N": 2365, "c": 1461, "n": 1358, "3": 992, "[nH]": 625, "S": 451, "others": 257, "[C@@H]": 203, "\\": 186, "O": 161}}}