{"0.20": {"activatedMoleculePct": 0.7074913232652207, "activatedTokens": {"=": 1660477, "others": 130}}, "0.00": {"activatedMoleculePct": 0.8518762912570591, "activatedTokens": {"=": 2188533, "others": 1814}}}