{"0.20": {"activatedMoleculePct": 0.004080756800223812, "activatedTokens": {"c": 1503, "(": 794, "O": 756, "2": 556, "C": 516, "1": 387, "n": 337, "3": 331, "=": 253, "[C@]": 201, "/": 194, ".": 157, "Cl": 88, ")": 77, "others": 53, "4": 45, "5": 40, "N": 31, "I": 13}}, "0.00": {"activatedMoleculePct": 0.009400680956150907, "activatedTokens": {"c": 4433, "(": 2284, "O": 1513, "C": 1118, "2": 1116, "1": 976, "n": 755, "3": 585, "/": 487, "[C@]": 431, "=": 401, ".": 294, "Cl": 252, ")": 178, "others": 145, "N": 77, "5": 72, "4": 71}}}