{"0.20": {"activatedMoleculePct": 0.3918595786098622, "activatedTokens": {"1": 544333, "2": 9542, "others": 57}}, "0.00": {"activatedMoleculePct": 0.508437250308144, "activatedTokens": {"1": 736896, "2": 43605, "others": 1699}}}