{"0.20": {"activatedMoleculePct": 0.9810008986160434, "activatedTokens": {"(": 4400835, "others": 36}}, "0.00": {"activatedMoleculePct": 0.9943322008476432, "activatedTokens": {"(": 5628456, "others": 1707}}}