{"0.20": {"activatedMoleculePct": 0.055019909435321986, "activatedTokens": {"3": 111832, "5": 26977, "7": 1967, "others": 1231, "6": 1193, "8": 652}}, "0.00": {"activatedMoleculePct": 0.14248154248505784, "activatedTokens": {"3": 293409, "5": 27117, "1": 19331, "6": 3598, "4": 3146, "others": 2397, "7": 1967}}}