{"0.20": {"activatedMoleculePct": 0.0029595007590998606, "activatedTokens": {"C": 658, "c": 589, ".": 510, "N": 404, "(": 305, ")": 290, "s": 259, "1": 231, "[C@@H]": 226, "[C@H]": 177, "S": 129, "/": 128, "o": 84, "O": 64, "F": 62, "[C@@]": 59, "Cl": 48, "others": 45, "#": 42, "3": 34, "n": 33, "4": 32, "[C@]": 30, "Br": 28, "=": 25, "B": 25, "[Si]": 17, "5": 12, "-": 10, "[nH]": 10, "[n+]": 7, "P": 5, "[Se]": 4, "[O-]": 4}}, "0.00": {"activatedMoleculePct": 0.008633891227178486, "activatedTokens": {"C": 2524, "c": 1684, "(": 1322, ")": 1134, "N": 995, ".": 782, "1": 730, "s": 636, "[C@@H]": 618, "[C@H]": 504, "/": 374, "S": 344, "F": 291, "O": 260, "o": 244, "others": 131, "=": 128, "n": 122, "3": 112, "Cl": 110, "[C@@]": 104, "#": 90, "4": 87, "[C@]": 68, "Br": 47, "-": 45, "B": 34, "5": 33, "[Si]": 29, "[nH]": 27}}}