{"0.20": {"activatedMoleculePct": 0.019322075854326062, "activatedTokens": {"C": 114169, "c": 48362, "N": 39668, "1": 34880, "O": 15255, "=": 9865, "[C@@H]": 9785, "[C@H]": 8973, "n": 6642, "others": 2752, "-": 2176, "Cl": 1193, "F": 739, "/": 703, "S": 576}}, "0.00": {"activatedMoleculePct": 0.075513774751306, "activatedTokens": {"C": 318053, "c": 125699, "N": 89975, "1": 86558, "O": 55884, "=": 45547, "[C@@H]": 22672, "[C@H]": 22629, "n": 21149, "-": 9092, "(": 7615, "others": 7563, "F": 3902, "S": 3450, "Cl": 3282, "/": 2705, "[C@@]": 2155, "o": 1264, "#": 1124}}}