{"0.20": {"activatedMoleculePct": 0.6221308551939202, "activatedTokens": {"2": 659202, "1": 202812, "3": 197256, "4": 51637, "others": 7089}}, "0.00": {"activatedMoleculePct": 0.8238529462815093, "activatedTokens": {"2": 928726, "1": 471441, "3": 305419, "4": 72301, "others": 15151}}}