{"0.20": {"activatedMoleculePct": 0.30200969216358475, "activatedTokens": {"O": 230913, "C": 133852, ")": 119809, "1": 25942, "#": 19622, "(": 15589, "2": 14511, "S": 12005, "\\": 4316, "others": 3632, "=": 3248, "F": 2986, "3": 2727}}, "0.00": {"activatedMoleculePct": 0.5806517053564694, "activatedTokens": {"C": 537130, ")": 416934, "O": 323777, "1": 89133, "(": 88563, "2": 59292, "#": 29364, "S": 20424, "others": 14602, "=": 14054, "3": 13994, "[C@H]": 11209, "\\": 6727, "/": 5725}}}