{"0.20": {"activatedMoleculePct": 0.6845410942902361, "activatedTokens": {"1": 688040, "C": 563110, "c": 333507, ")": 177010, "2": 113149, "[C@H]": 111268, "[C@@H]": 73482, "3": 44813, "/": 17034, "others": 16073, "N": 10876, "4": 6701, "(": 6019}}, "0.00": {"activatedMoleculePct": 0.8615728490522786, "activatedTokens": {"C": 1033177, "1": 977638, "c": 582163, ")": 315552, "2": 223231, "[C@H]": 177612, "[C@@H]": 130146, "3": 79023, "(": 39014, "N": 33556, "others": 32817, "O": 27542, "/": 25777, "n": 14477}}}