{"0.20": {"activatedMoleculePct": 0.3384889628418238, "activatedTokens": {"C": 743922, "(": 52814, "O": 39336, "S": 22906, "#": 17467, "s": 17368, "others": 6658, "n": 6209}}, "0.00": {"activatedMoleculePct": 0.5833585390128992, "activatedTokens": {"C": 1531710, "(": 173693, "O": 116599, "s": 42450, "#": 37244, "n": 36328, "S": 34981, "others": 16327, "o": 14661, "N": 5441}}}