{"0.20": {"activatedMoleculePct": 0.6726554873069568, "activatedTokens": {"c": 2066888, "others": 164}}, "0.00": {"activatedMoleculePct": 0.8189709784368768, "activatedTokens": {"c": 3428951, "others": 4469}}}