{"0.20": {"activatedMoleculePct": 0.8383567703431806, "activatedTokens": {"(": 958463, "N": 740957, "c": 731893, "C": 716798, "=": 519123, "1": 414842, "O": 343304, "n": 322462, "2": 310901, ")": 248225, "[C@@H]": 155404, "[C@H]": 138500, "3": 61246, "others": 57436, "-": 47110, "S": 35287, "F": 34318, "s": 26695, "o": 24171, "[C@]": 23988, "[C@@]": 20908, "[nH]": 17656}}, "0.00": {"activatedMoleculePct": 0.9682928419043629, "activatedTokens": {"C": 2005926, "(": 1832742, "c": 1601392, "N": 1154736, "=": 1078803, "1": 1009322, "O": 901489, ")": 805630, "n": 486758, "2": 474268, "[C@@H]": 264657, "[C@H]": 250987, "others": 111780, "3": 99629, "-": 74744, "S": 71164, "F": 68819, "o": 47177, "s": 41275, "[C@]": 32082, "[C@@]": 28764, "Cl": 28417}}}