{"0.20": {"activatedMoleculePct": 0.2310241513131732, "activatedTokens": {"C": 515382, "1": 63287, "(": 33427, "c": 29900, "=": 20802, "N": 18854, "S": 12796, "Br": 12106, "#": 11409, "O": 10505, "n": 8123, "others": 6583, "2": 3872, "/": 1965, "Cl": 1649}}, "0.00": {"activatedMoleculePct": 0.543934414943831, "activatedTokens": {"C": 1391995, "c": 182152, "1": 180207, "(": 158868, "N": 78333, "n": 53875, "=": 45752, "O": 38310, "S": 36694, "Br": 31250, "#": 27668, "others": 20547, "2": 20199, "Cl": 10456, "F": 9677, "/": 8604, ")": 8086, "o": 4989, "[O-]": 4874}}}