{"0.20": {"activatedMoleculePct": 0.35983530499116395, "activatedTokens": {"c": 897502, "others": 729}}, "0.00": {"activatedMoleculePct": 0.5499522861978581, "activatedTokens": {"c": 1778513, "others": 9667}}}