{"0.20": {"activatedMoleculePct": 0.8852005188097841, "activatedTokens": {"c": 7565254, "others": 40}}, "0.00": {"activatedMoleculePct": 0.9027810225767211, "activatedTokens": {"c": 9611388, "others": 2134}}}