{"0.20": {"activatedMoleculePct": 0.0860730625376712, "activatedTokens": {"Cl": 125895, "Br": 13601, "others": 1300}}, "0.00": {"activatedMoleculePct": 0.1318343704890683, "activatedTokens": {"Cl": 165074, "Br": 39810, "[N+]": 6501, "others": 1795, "N": 849}}}