{"0.20": {"activatedMoleculePct": 0.20453804763763583, "activatedTokens": {"O": 266738, "(": 70246, "N": 49442, "=": 21879, "C": 8428, "F": 8299, "2": 6606, "others": 2912, "1": 1868, "c": 1803, "3": 1640, "S": 1506}}, "0.00": {"activatedMoleculePct": 0.6275562404013965, "activatedTokens": {"(": 766861, "O": 684936, "=": 273689, "N": 138805, "C": 132758, "F": 109188, "2": 45678, "c": 25665, "1": 23864, ")": 17712, "S": 17124, "others": 15627, "3": 9620}}}