{"0.20": {"activatedMoleculePct": 0.6977603441545649, "activatedTokens": {"c": 779610, "C": 726768, "(": 312727, "[C@@H]": 190140, "1": 176311, "n": 176241, "[C@H]": 130734, "=": 108099, "2": 93172, "N": 78824, "S": 29231, "others": 19791, "[C@@]": 18587, "[C@]": 16742, "3": 14047, "O": 10029}}, "0.00": {"activatedMoleculePct": 0.842997056611346, "activatedTokens": {"c": 1441395, "C": 1220401, "(": 648256, "1": 361386, "n": 270841, "[C@@H]": 244799, "[C@H]": 191128, "N": 171726, "2": 164311, "=": 126788, "S": 64661, "others": 43436, "O": 41979, ")": 28544, "[C@@]": 23968, "3": 23090, "[C@]": 22720}}}