{"0.20": {"activatedMoleculePct": 0.6342867061217944, "activatedTokens": {"c": 1093579, "C": 992517, "others": 16640}}, "0.00": {"activatedMoleculePct": 0.9001650026035697, "activatedTokens": {"c": 2392587, "C": 2233779, "others": 42843, "n": 13031, "[C@@H]": 9964, "-": 7109, "O": 6854, "(": 5506}}}