{"0.20": {"activatedMoleculePct": 0.5573470100693333, "activatedTokens": {"1": 393277, "2": 366198, "3": 165746, "4": 40427, "others": 6564}}, "0.00": {"activatedMoleculePct": 0.6910101044870015, "activatedTokens": {"1": 586843, "2": 483252, "3": 209576, "4": 49333, "others": 9567}}}