{"0.20": {"activatedMoleculePct": 0.0717772311054442, "activatedTokens": {"[nH]": 102129, "others": 11}}, "0.00": {"activatedMoleculePct": 0.08575521464619648, "activatedTokens": {"[nH]": 122764, "others": 638}}}