{"0.20": {"activatedMoleculePct": 0.5766236790820202, "activatedTokens": {"C": 1411959, "others": 541}}, "0.00": {"activatedMoleculePct": 0.8527353594061371, "activatedTokens": {"C": 3541931, "others": 9228}}}