{"0.20": {"activatedMoleculePct": 0.5614570616060985, "activatedTokens": {")": 1030362, "others": 497}}, "0.00": {"activatedMoleculePct": 0.7222858975870657, "activatedTokens": {")": 1522844, "others": 4298}}}