{"0.20": {"activatedMoleculePct": 0.3705352075129281, "activatedTokens": {"S": 166750, "s": 108733, "o": 100332, "[nH]": 72280, "Cl": 56262, "#": 27651, "Br": 25173, "[N+]": 17803, "[O-]": 7484, "/": 6230, "others": 5847, "F": 5763, "I": 3390, "[N-]": 1488}}, "0.00": {"activatedMoleculePct": 0.5162142704914852, "activatedTokens": {"S": 212125, "o": 145505, "s": 144807, "Cl": 113600, "[nH]": 108408, "#": 53173, "Br": 45700, "F": 35522, "[N+]": 26342, "[O-]": 17667, "/": 15223, "-": 10407, "others": 8942, "I": 4599, "[S@]": 1894, "1": 1831, "[N-]": 1812, "[S@@]": 1557, "C": 1203, "=": 1172}}}