{"0.20": {"activatedMoleculePct": 0.003828089697553816, "activatedTokens": {"N": 1093, "C": 968, "[nH]": 696, ")": 611, "c": 447, "1": 429, "2": 413, "[C@]": 255, "S": 242, "[C@@H]": 156, "[Si]": 89, "others": 55, "3": 44, "4": 41, "[C@H]": 24, "=": 17, "/": 11, "P": 7}}, "0.00": {"activatedMoleculePct": 0.00990381805625029, "activatedTokens": {"N": 2607, ")": 2520, "C": 2517, "[nH]": 1654, "2": 1224, "c": 1192, "1": 1013, "S": 688, "[C@]": 468, "[C@@H]": 344, "others": 143, "[Si]": 127, "3": 92, "=": 87, "4": 76, "[C@H]": 54, "/": 30}}}