{"0.20": {"activatedMoleculePct": 0.5995497398993579, "activatedTokens": {"(": 1316056, "others": 389}}, "0.00": {"activatedMoleculePct": 0.860962786163803, "activatedTokens": {"(": 2570641, "others": 4935}}}