{"0.20": {"activatedMoleculePct": 0.7615833219205922, "activatedTokens": {"c": 3602226, "others": 237}}, "0.00": {"activatedMoleculePct": 0.8885576956174341, "activatedTokens": {"c": 7134568, "others": 4377}}}