{"0.20": {"activatedMoleculePct": 0.8947989392375898, "activatedTokens": {"c": 9075779, "others": 90}}, "0.00": {"activatedMoleculePct": 0.902961185206451, "activatedTokens": {"c": 10061234, "others": 3729}}}