{"0.20": {"activatedMoleculePct": 0.09397238824607286, "activatedTokens": {"2": 87239, "1": 44477, "3": 14289, "4": 2063, "others": 1111}}, "0.00": {"activatedMoleculePct": 0.1691998069476862, "activatedTokens": {"2": 160569, "1": 108489, "3": 30120, "4": 5619, "others": 2029, "5": 1814}}}