{"0.20": {"activatedMoleculePct": 0.9820657622893251, "activatedTokens": {"c": 1767608, ")": 1509866, "N": 1184129, "(": 897047, "=": 766744, "C": 667145, "2": 644115, "1": 518978, "n": 324581, "[C@H]": 242527, "3": 229397, "O": 196277, "[C@@H]": 95407, "others": 82632, "-": 69140, "4": 54227, "F": 27211, "S": 23093, "Cl": 16217}}, "0.00": {"activatedMoleculePct": 0.9989761489578763, "activatedTokens": {"c": 5334856, ")": 3947766, "(": 3096961, "N": 1993932, "C": 1985649, "=": 1828247, "1": 1546101, "2": 1537478, "O": 837493, "n": 789154, "3": 520116, "[C@H]": 470660, "[C@@H]": 273133, "others": 245973, "-": 138566, "4": 116538, "S": 78247, "F": 77040, "Cl": 48384}}}