{"0.20": {"activatedMoleculePct": 0.9890554864281147, "activatedTokens": {"C": 3583962, "=": 1882810, "(": 1766796, "N": 557118, "O": 327237, "-": 134085, "S": 102914, "F": 97845, "others": 86653, "[C@@H]": 74189, "[C@H]": 66745, "n": 59084}}, "0.00": {"activatedMoleculePct": 0.9995517905309158, "activatedTokens": {"C": 6043078, "(": 3091400, "=": 2118089, "O": 1273365, "N": 1148816, "n": 289214, "F": 272516, "[C@H]": 255440, "[C@@H]": 237546, "S": 174533, "-": 166472, "others": 128601, "Cl": 58266, "s": 36924, "#": 35969, "Br": 28529, "[nH]": 26499}}}