{"0.20": {"activatedMoleculePct": 0.9330637241080302, "activatedTokens": {"N": 2343561, "others": 60}}, "0.00": {"activatedMoleculePct": 0.9517376539163767, "activatedTokens": {"N": 2604583, "others": 838}}}