{"0.20": {"activatedMoleculePct": 0.16388647410748092, "activatedTokens": {"1": 83126, "n": 44632, "S": 43355, "C": 36851, "2": 26503, ")": 10331, "c": 9801, "O": 8204, "[C@@H]": 7372, "3": 6698, "(": 6244, "[S@]": 4128, "=": 3990, "[S@@]": 3526, "others": 2950, "/": 2681, "#": 2661, "4": 1572}}, "0.00": {"activatedMoleculePct": 0.3317672855423884, "activatedTokens": {"1": 180636, "C": 137481, "n": 90162, "2": 77611, "S": 75796, ")": 45137, "c": 40822, "(": 32935, "[C@@H]": 24241, "3": 21653, "O": 21395, "=": 10424, "/": 9527, "N": 6241, "#": 5767, "4": 5321, "others": 4480, "[S@]": 4259, "F": 3873, "[S@@]": 3775, "[C@H]": 3669}}}