{"0.20": {"activatedMoleculePct": 0.8984175715688723, "activatedTokens": {"2": 888768, "1": 705319, "3": 329561, "4": 63978, "others": 8556}}, "0.00": {"activatedMoleculePct": 0.9665520021853874, "activatedTokens": {"1": 1203078, "2": 1134822, "3": 419331, "4": 83966, "others": 14002}}}