{"0.20": {"activatedMoleculePct": 0.06014355885642137, "activatedTokens": {"C": 334765, "c": 131288, "N": 104148, "1": 76984, "O": 39400, "=": 36213, "[C@H]": 25667, "n": 25474, "[C@@H]": 24959, "others": 7374, "-": 3081, "Cl": 2981, "[C@@]": 2620, "/": 2310, "[C@]": 2215, "F": 1313, "[nH]": 1210, "S": 1056}}, "0.00": {"activatedMoleculePct": 0.16242466675406264, "activatedTokens": {"C": 725552, "c": 266563, "N": 187690, "1": 158230, "O": 127310, "=": 118464, "n": 55464, "[C@@H]": 52865, "[C@H]": 49801, "(": 27840, "others": 17564, "Cl": 10670, "-": 10360, ")": 6108, "F": 6106, "/": 5526, "S": 5449, "[C@@]": 5042, "[C@]": 4867, "[nH]": 3808, "o": 3545, ".": 3068}}}