{"0.20": {"activatedMoleculePct": 0.19394653564107503, "activatedTokens": {"2": 125675, "3": 92651, "1": 36983, "4": 24248, "5": 2674, "others": 1198}}, "0.00": {"activatedMoleculePct": 0.38118823845622596, "activatedTokens": {"2": 272269, "3": 172860, "1": 111734, "4": 46369, "5": 5816, "others": 3649}}}