{"0.20": {"activatedMoleculePct": 0.121505778752967, "activatedTokens": {"N": 161636, "O": 9290, "others": 170}}, "0.00": {"activatedMoleculePct": 0.21108761835989023, "activatedTokens": {"N": 237834, "O": 115452, "others": 3309}}}