{"0.20": {"activatedMoleculePct": 0.1874738636022419, "activatedTokens": {"F": 183462, "O": 125509, "=": 43404, "[O-]": 31183, "N": 4115, "others": 3699, "Cl": 1843}}, "0.00": {"activatedMoleculePct": 0.3051039487107753, "activatedTokens": {"O": 284347, "F": 232842, "=": 86050, "[O-]": 31985, "N": 15416, "C": 12467, "Cl": 7962, "others": 5558, "S": 5438, "1": 4002, "#": 3973, "3": 2628, "2": 2555, "[N+]": 1454}}}