{"0.20": {"activatedMoleculePct": 0.6914400047457473, "activatedTokens": {"C": 1259348, "others": 223}}, "0.00": {"activatedMoleculePct": 0.8672750695200716, "activatedTokens": {"C": 1699814, "others": 3828}}}