{"0.20": {"activatedMoleculePct": 0.9969921629256068, "activatedTokens": {"C": 4775387, "c": 4454047, ")": 3241714, "2": 1382118, "(": 1341104, "1": 1061193, "n": 731360, "3": 669913, "O": 663852, "N": 484631, "F": 311337, "=": 233532, "[C@H]": 195916, "[C@@H]": 177806, "others": 177565, "4": 157920, "Cl": 101403, "o": 88402, "[nH]": 83976, "s": 79003, "S": 52760, "Br": 40023}}, "0.00": {"activatedMoleculePct": 0.9997649097392549, "activatedTokens": {"C": 6617772, "c": 5997031, ")": 4151052, "(": 2283616, "2": 1748938, "1": 1671072, "O": 1241164, "n": 910055, "3": 781161, "N": 732505, "=": 547320, "F": 423529, "[C@H]": 298496, "[C@@H]": 269529, "others": 236007, "4": 177113, "Cl": 132328, "o": 102092, "[nH]": 99480, "s": 97730, "S": 88463, "-": 73859}}}