{"0.20": {"activatedMoleculePct": 0.4407949712655253, "activatedTokens": {"c": 1058135, "others": 373}}, "0.00": {"activatedMoleculePct": 0.6244854196434391, "activatedTokens": {"c": 1710341, "others": 6095}}}