{"0.20": {"activatedMoleculePct": 0.9220452413263778, "activatedTokens": {")": 3086308, "others": 19}}, "0.00": {"activatedMoleculePct": 0.9858206151455252, "activatedTokens": {")": 4791550, "others": 591}}}