{"0.20": {"activatedMoleculePct": 0.7417192934402493, "activatedTokens": {"=": 1657156, "others": 13}}, "0.00": {"activatedMoleculePct": 0.8554297427995369, "activatedTokens": {"=": 2159168, "others": 289}}}