{"0.20": {"activatedMoleculePct": 0.16050805861583833, "activatedTokens": {"c": 76442, "s": 47179, "n": 41134, "=": 20336, "O": 14181, "Cl": 9365, "#": 7697, "[C@@]": 7673, "[C@]": 6939, ".": 4793, "others": 2287, "3": 2003, "[nH]": 1915, "\\": 1769, "Br": 1639, "2": 1404, "o": 888, "[C@H]": 792}}, "0.00": {"activatedMoleculePct": 0.418465058336806, "activatedTokens": {"c": 192346, "=": 181996, "O": 133577, "s": 86696, "n": 77146, "[C@@]": 21547, "[C@]": 21534, "#": 18857, "Cl": 17188, "(": 13816, "2": 9843, "[nH]": 9745, "3": 9030, "[C@H]": 7844, ".": 7182, "others": 6518, "o": 5936, "N": 5263, "S": 4524, "\\": 4514, "F": 2775, "Br": 2631, "[O-]": 2406}}}