{"0.20": {"activatedMoleculePct": 0.2929400417303522, "activatedTokens": {"C": 316016, ")": 149849, "c": 40030, "N": 30865, "3": 28921, "2": 23903, "1": 8088, "4": 6343, "O": 5409, "others": 4646, "n": 2507, "[C@H]": 1984}}, "0.00": {"activatedMoleculePct": 0.5802803945708065, "activatedTokens": {"C": 869452, ")": 332574, "c": 117254, "N": 72928, "2": 68271, "3": 62300, "1": 36203, "O": 21122, "4": 15736, "others": 14582, "n": 11771, "S": 7135, "[C@H]": 5411}}}