{"0.20": {"activatedMoleculePct": 0.43537690974218435, "activatedTokens": {"n": 1096540, "others": 135}}, "0.00": {"activatedMoleculePct": 0.517354568111361, "activatedTokens": {"n": 1441525, "others": 1334}}}