{"0.20": {"activatedMoleculePct": 0.29429345855856714, "activatedTokens": {"C": 993736, "others": 1430}}, "0.00": {"activatedMoleculePct": 0.5020488006368675, "activatedTokens": {"C": 1937064, "others": 15237, "c": 6159}}}