{"0.20": {"activatedMoleculePct": 0.9008402462808501, "activatedTokens": {"=": 2386644, "others": 58}}, "0.00": {"activatedMoleculePct": 0.9010577596996704, "activatedTokens": {"=": 2386920, "others": 1014}}}