{"0.20": {"activatedMoleculePct": 0.5617851626553628, "activatedTokens": {"2": 473541, "1": 365035, "3": 76411, "4": 8846, "others": 1195}}, "0.00": {"activatedMoleculePct": 0.8296474451694078, "activatedTokens": {"1": 818670, "2": 759601, "3": 198260, "4": 33296, "others": 8269}}}