{"0.20": {"activatedMoleculePct": 0.39696565118903676, "activatedTokens": {"C": 849554, "others": 479}}, "0.00": {"activatedMoleculePct": 0.6932819113057909, "activatedTokens": {"C": 1634373, "others": 7341}}}