{"0.20": {"activatedMoleculePct": 0.20715919418968196, "activatedTokens": {"c": 99189, "N": 70001, "(": 46691, "1": 40520, "C": 36238, "2": 17839, "[C@H]": 16133, "[C@@H]": 13448, "=": 12321, "O": 9659, "F": 6626, "Cl": 6377, "[nH]": 5601, "o": 5216, "s": 4771, "-": 4173, "others": 3254, "3": 2636, "[C@@]": 2580, "[N+]": 1770, "[C@]": 1588, "Br": 1413, "S": 1341}}, "0.00": {"activatedMoleculePct": 0.5335142771560377, "activatedTokens": {"c": 394602, "C": 203978, "N": 180987, "=": 121801, "(": 109131, "1": 67416, "O": 60760, "[C@H]": 32137, "2": 31091, "-": 26246, "[C@@H]": 25301, "Cl": 17748, "[nH]": 16777, "F": 14092, "others": 12248, "s": 11705, "o": 10956, "[C@@]": 9197, "n": 6594, "S": 5891, "[C@]": 5025, "3": 5008}}}