{"0.20": {"activatedMoleculePct": 0.2926573475227272, "activatedTokens": {"C": 505303, "others": 4501}}, "0.00": {"activatedMoleculePct": 0.44791285987668383, "activatedTokens": {"C": 916386, "O": 11537, "others": 6242}}}