{"0.20": {"activatedMoleculePct": 0.2039594765909422, "activatedTokens": {"n": 418073, "[nH]": 3789, "others": 3203}}, "0.00": {"activatedMoleculePct": 0.35466698109683886, "activatedTokens": {"n": 784370, "[nH]": 16635, "o": 8915, "others": 6463, "s": 4152}}}