{"0.20": {"activatedMoleculePct": 0.5890431826387673, "activatedTokens": {"2": 621926, "3": 171717, "1": 141835, "4": 30005, "others": 2087}}, "0.00": {"activatedMoleculePct": 0.8032455638614271, "activatedTokens": {"2": 835935, "1": 402807, "3": 238762, "4": 40819, "others": 5211}}}