{"0.20": {"activatedMoleculePct": 0.4621112863099105, "activatedTokens": {"O": 830910, "others": 201}}, "0.00": {"activatedMoleculePct": 0.5533043364266134, "activatedTokens": {"O": 1079194, "others": 1619}}}