{"0.20": {"activatedMoleculePct": 0.4604275713271907, "activatedTokens": {"=": 743445, "others": 442}}, "0.00": {"activatedMoleculePct": 0.7194428434057182, "activatedTokens": {"=": 1478668, "others": 3516}}}