{"0.20": {"activatedMoleculePct": 0.33062039660679066, "activatedTokens": {"c": 540474, "others": 151}}, "0.00": {"activatedMoleculePct": 0.44367903807803094, "activatedTokens": {"c": 829190, "others": 4272}}}