{"0.20": {"activatedMoleculePct": 0.647311878356536, "activatedTokens": {"1": 871983, "2": 281682, "3": 49224, "others": 4967}}, "0.00": {"activatedMoleculePct": 0.8693571929197551, "activatedTokens": {"1": 1348282, "2": 523205, "3": 117851, "others": 19275}}}