{"0.20": {"activatedMoleculePct": 0.500399506969584, "activatedTokens": {"n": 1287682, "others": 14}}, "0.00": {"activatedMoleculePct": 0.5479228933239493, "activatedTokens": {"n": 1556525, "others": 608}}}