{"0.20": {"activatedMoleculePct": 0.828619199916803, "activatedTokens": {")": 1989442, "others": 40}}, "0.00": {"activatedMoleculePct": 0.9469040223870376, "activatedTokens": {")": 2928937, "others": 2074}}}