{"0.20": {"activatedMoleculePct": 0.8310623809443598, "activatedTokens": {"c": 6348287, "others": 63}}, "0.00": {"activatedMoleculePct": 0.8982418031496237, "activatedTokens": {"c": 9309775, "others": 2230}}}