{"0.20": {"activatedMoleculePct": 0.4429913441377204, "activatedTokens": {"C": 723404, "c": 298548, ")": 111173, "=": 73853, "o": 43847, "[nH]": 35178, "n": 33583, "O": 28667, "[C@H]": 24289, "N": 17220, "[C@@]": 14787, "1": 14107, "[C@@H]": 13873, "others": 12333, "2": 9856}}, "0.00": {"activatedMoleculePct": 0.735313266927048, "activatedTokens": {"C": 1483423, "c": 858509, ")": 353891, "=": 145666, "n": 84855, "o": 83470, "[nH]": 65734, "O": 62711, "[C@H]": 40938, "N": 29640, "[C@@H]": 29172, "1": 27485, "s": 27257, "others": 23095, "2": 22996, "[C@@]": 20638}}}