{"0.20": {"activatedMoleculePct": 0.2698682395987207, "activatedTokens": {"c": 430904, "others": 1984}}, "0.00": {"activatedMoleculePct": 0.484151913715283, "activatedTokens": {"c": 1000423, "others": 8157, "C": 5460}}}