{"0.20": {"activatedMoleculePct": 0.2947555830275085, "activatedTokens": {"c": 368107, "n": 155878, "o": 30678, "C": 27855, "s": 19835, "[C@@H]": 8297, "O": 7559, "[C@H]": 5730, "[nH]": 5428, "others": 4952, "=": 2204, "Cl": 2151}}, "0.00": {"activatedMoleculePct": 0.4912939704840882, "activatedTokens": {"c": 696639, "n": 264850, "C": 132848, "o": 46160, "O": 39972, "s": 33843, "[C@@H]": 17594, "[nH]": 15315, "[C@H]": 12600, "others": 11537, "Cl": 9475, "=": 8389, "F": 5378, "Br": 4244, "(": 2657}}}