{"0.20": {"activatedMoleculePct": 0.5085602882016181, "activatedTokens": {"O": 595505, "n": 410380, "others": 3326}}, "0.00": {"activatedMoleculePct": 0.8852122367044007, "activatedTokens": {"O": 1748643, "n": 889860, "others": 25620}}}