{"0.20": {"activatedMoleculePct": 0.5845435111060008, "activatedTokens": {")": 1157453, "others": 1236}}, "0.00": {"activatedMoleculePct": 0.7358435016584483, "activatedTokens": {")": 1610130, "others": 8849}}}