{"0.20": {"activatedMoleculePct": 0.4021881703459635, "activatedTokens": {"(": 857533, "others": 1232}}, "0.00": {"activatedMoleculePct": 0.8146309632182611, "activatedTokens": {"(": 2763318, "others": 11379}}}