{"0.20": {"activatedMoleculePct": 0.0019861831375102257, "activatedTokens": {"3": 419, "c": 399, "1": 388, "C": 294, "Cl": 245, "o": 192, "(": 157, "2": 154, "=": 119, "O": 115, "[C@@]": 103, "\\": 79, "Br": 74, "[C@]": 64, ".": 57, "N": 48, "4": 35, "others": 28, "5": 25, "I": 24, "S": 21, "[nH]": 15, "%11": 12, ")": 11, "6": 10, "[O-]": 8, "#": 8, "[C@H]": 7, "9": 7, "[Cl-]": 6, "8": 5, "7": 5, "%10": 5, "[Si]": 4, "%12": 4}}, "0.00": {"activatedMoleculePct": 0.007788005709544152, "activatedTokens": {"c": 2091, "1": 1874, "C": 1304, "o": 1033, "Cl": 843, "3": 804, "O": 731, "=": 610, "(": 554, "2": 351, "Br": 274, "[C@@]": 267, ".": 258, "N": 229, "\\": 198, "[C@]": 140, "others": 117, "[nH]": 98, ")": 95, "#": 82, "4": 64, "I": 51, "S": 48, "5": 42, "[O-]": 38, "[C@H]": 36, "F": 17, "6": 16, "%11": 16, "[Cl-]": 10, "[Si]": 10}}}