{"0.20": {"activatedMoleculePct": 0.13392674704654128, "activatedTokens": {"n": 362102, "[nH]": 17800, "others": 17}}, "0.00": {"activatedMoleculePct": 0.1971367324504388, "activatedTokens": {"n": 530326, "[nH]": 24565, "others": 312}}}