{"0.20": {"activatedMoleculePct": 0.7961481815658477, "activatedTokens": {"C": 1574698, "c": 457831, "O": 222596, "1": 152031, "n": 26913, "others": 13399, "=": 12289}}, "0.00": {"activatedMoleculePct": 0.8861562595894489, "activatedTokens": {"C": 1934347, "c": 795332, "O": 322141, "1": 250815, "n": 86846, "=": 32405, "others": 26408, "o": 17481, "[C@@H]": 11487, "N": 8865}}}