{"0.20": {"activatedMoleculePct": 0.01576496246978065, "activatedTokens": {"C": 31892, "O": 28356, "(": 17411, ")": 17357, "1": 14938, "=": 13912, "c": 11699, "N": 7315, "2": 6112, "F": 3657, "n": 2949, "3": 2178, "[C@@H]": 2150, "S": 2113, ".": 2014, "others": 1819, "[N+]": 1799, "[C@H]": 1651, "I": 1640, "Cl": 1367, "P": 1299, "[N-]": 1278, "-": 1174, "[Si]": 928, "[nH]": 912, "[O-]": 908, "4": 818, "#": 695, "Br": 552, "[n+]": 435, "B": 384, "o": 363, "[C-]": 296, "[CH]": 249, "[c-]": 226, "5": 197, "s": 179, "[P+]": 166, "[C@@]": 164, "[B]": 162, "/": 115, "[CH2-]": 102, "[C]": 100, "[O+]": 98, "[C@]": 96, "[Na+]": 96, "[I-]": 95, "[S@@]": 88, "[cH-]": 82, "[K+]": 81, "[HH]": 80, "[NH+]": 78, "[SiH]": 78, "[NH2+]": 76, "[Cl-]": 76, "\\": 68, "[CH-]": 67, "[S-]": 65, "[Se]": 65, "[B-]": 59, "[Br-]": 59, "[NH3+]": 58}}, "0.00": {"activatedMoleculePct": 0.06334474119198819, "activatedTokens": {"C": 124360, "O": 91554, ")": 87855, "c": 78576, "(": 67812, "1": 58948, "=": 50722, "2": 30841, "N": 23271, "n": 17981, "F": 17190, "[C@@H]": 12390, "-": 10518, "3": 10469, "[C@H]": 10221, "others": 7125, "S": 5803, "I": 4904, "Cl": 4862, "[N+]": 4231, ".": 3979, "4": 3620, "[nH]": 3410, "#": 3099, "Br": 2453, "[O-]": 2158, "o": 2029, "P": 1759, "[N-]": 1725, "/": 1509, "[Si]": 1389, "[S@@]": 1173, "s": 995, "[n+]": 979, "[C@@]": 874, "\\": 824, "5": 696}}}