{"0.20": {"activatedMoleculePct": 0.5397496618288851, "activatedTokens": {"n": 1384653, "others": 23}}, "0.00": {"activatedMoleculePct": 0.5620619979156795, "activatedTokens": {"n": 1590168, "others": 1279}}}