{"0.20": {"activatedMoleculePct": 0.34227896938187374, "activatedTokens": {"N": 638187, "others": 9}}, "0.00": {"activatedMoleculePct": 0.4945515451874973, "activatedTokens": {"N": 1040555, "others": 932}}}