{"0.20": {"activatedMoleculePct": 0.32605115007473817, "activatedTokens": {"1": 260390, "2": 222399, "3": 52594, "4": 13094, "others": 2785}}, "0.00": {"activatedMoleculePct": 0.6736734794017721, "activatedTokens": {"1": 669392, "2": 562843, "3": 141027, "4": 32120, "others": 5915}}}