{"0.20": {"activatedMoleculePct": 0.8409163979484896, "activatedTokens": {"C": 2426468, "others": 119}}, "0.00": {"activatedMoleculePct": 0.9181724771555982, "activatedTokens": {"C": 3522466, "others": 3558}}}