{"0.20": {"activatedMoleculePct": 0.4905498841759354, "activatedTokens": {"C": 1329436, "c": 199610, "others": 6299}}, "0.00": {"activatedMoleculePct": 0.736524604283037, "activatedTokens": {"C": 2386460, "c": 663059, "others": 29537, "n": 5287, "F": 4600}}}