{"0.20": {"activatedMoleculePct": 0.15220959212205945, "activatedTokens": {"C": 124540, "c": 99851, "N": 20367, ")": 16838, "n": 16036, "[C@H]": 14615, "[C@@H]": 7510, "(": 6816, "=": 4058, "O": 3633, "others": 2899, "2": 1659, "1": 588}}, "0.00": {"activatedMoleculePct": 0.33799607889951394, "activatedTokens": {"C": 344516, "c": 241918, ")": 90433, "N": 50961, "n": 47218, "(": 46375, "[C@H]": 34524, "[C@@H]": 21227, "=": 13074, "O": 12303, "others": 8653, "2": 4790, "-": 3210, "/": 3145, "#": 1989}}}