{"0.20": {"activatedMoleculePct": 0.27900087371551735, "activatedTokens": {"c": 400102, "C": 148804, "(": 122688, "1": 75345, "n": 59624, "N": 49487, "[C@@H]": 21747, "2": 16825, "others": 8386, "o": 3720, "O": 2963, "[C@H]": 2843, "/": 2510}}, "0.00": {"activatedMoleculePct": 0.4471101840954481, "activatedTokens": {"c": 718795, "C": 352009, "(": 239915, "1": 155762, "N": 108563, "n": 104919, "[C@@H]": 49305, "2": 28538, "O": 18355, "others": 14827, "[C@H]": 8355, "/": 7418, "o": 6299, "=": 3963, "S": 3891}}}