{"0.20": {"activatedMoleculePct": 0.004224301009276911, "activatedTokens": {"c": 1564, "=": 1511, ")": 796, "C": 460, "3": 384, "2": 325, "[C@H]": 218, "[nH]": 183, "[N+]": 135, "1": 77, "Cl": 65, "(": 61, "others": 60, "[C@@H]": 50, "F": 38, "4": 33, "N": 31, "o": 28, "-": 10, "Br": 9}}, "0.00": {"activatedMoleculePct": 0.012368237767799665, "activatedTokens": {"=": 5264, "c": 4467, ")": 2995, "3": 939, "C": 921, "2": 826, "[nH]": 642, "[C@H]": 613, "[N+]": 251, "1": 214, "(": 183, "others": 167, "[C@@H]": 152, "Cl": 146, "F": 82, "4": 78, "N": 67, "o": 59, "-": 39}}}