{"0.20": {"activatedMoleculePct": 0.1902370896265141, "activatedTokens": {"F": 432363, "others": 457}}, "0.00": {"activatedMoleculePct": 0.2179052359214989, "activatedTokens": {"F": 518648, "#": 7348, "others": 5184}}}