{"0.20": {"activatedMoleculePct": 0.0034033160177028093, "activatedTokens": {"F": 1213, "C": 1110, "O": 1014, "c": 789, ")": 502, "Cl": 264, "=": 256, "(": 128, "N": 99, "S": 54, "others": 51, "[C@H]": 26, "1": 11, "2": 11, "[O-]": 9, "[S@]": 9, ".": 6}}, "0.00": {"activatedMoleculePct": 0.009854749372543362, "activatedTokens": {"F": 3657, "C": 3156, "O": 2552, "c": 2111, ")": 1535, "=": 1298, "Cl": 460, "(": 397, "N": 226, "S": 194, "others": 155, "[C@H]": 121, "1": 25, "2": 23}}}