{"0.20": {"activatedMoleculePct": 0.892366743736236, "activatedTokens": {"c": 1503211, "C": 1073876, "O": 624547, "n": 320150, "1": 255239, "2": 211160, "[C@H]": 136714, "(": 77228, "[C@@H]": 68219, "3": 57372, "others": 41903, "4": 17247, "o": 17005, "s": 13667, "[C@]": 13553, "[C@@]": 12536}}, "0.00": {"activatedMoleculePct": 0.9930263879663082, "activatedTokens": {"c": 3514698, "C": 2709324, "O": 1621346, "1": 666754, "n": 570374, "(": 517614, "2": 480509, "[C@H]": 260923, "[C@@H]": 171806, "3": 132079, "others": 98501, "4": 37204, "o": 33771, "s": 31355, "F": 31108, "S": 28956, "[C@]": 25172}}}