{"0.20": {"activatedMoleculePct": 0.19897570953682825, "activatedTokens": {"[C@H]": 266772, "[nH]": 25814, "C": 24549, "o": 22509, "\\": 12492, "O": 5426, "N": 3711, "S": 3301, "s": 3300, "others": 2060}}, "0.00": {"activatedMoleculePct": 0.3471777817000175, "activatedTokens": {"[C@H]": 381283, "C": 92482, "[nH]": 70397, "o": 58950, "N": 32804, "O": 17736, "\\": 12848, "s": 12687, "S": 9898, "others": 6706, "/": 4391, "c": 3013}}}