{"0.20": {"activatedMoleculePct": 0.4256576485261452, "activatedTokens": {"c": 1770567, "others": 1166}}, "0.00": {"activatedMoleculePct": 0.6148606339527461, "activatedTokens": {"c": 3230113, "others": 9846}}}