{"0.20": {"activatedMoleculePct": 0.6409505263165604, "activatedTokens": {"C": 1778642, "(": 447797, "1": 194416, "2": 90833, "3": 36107, "N": 33707, "others": 13424}}, "0.00": {"activatedMoleculePct": 0.8431069118733764, "activatedTokens": {"C": 3397326, "(": 1072641, "1": 313398, "2": 163679, "N": 88266, "3": 63472, "others": 50708}}}