{"0.20": {"activatedMoleculePct": 0.14566954218918102, "activatedTokens": {"(": 211702, "others": 17}}, "0.00": {"activatedMoleculePct": 0.3051171313422189, "activatedTokens": {"(": 484228, "others": 538}}}