{"0.20": {"activatedMoleculePct": 0.04359056797367575, "activatedTokens": {"2": 30717, "3": 21131, "4": 5463, "[S@]": 2098, "5": 1109, "P": 334, "others": 330}}, "0.00": {"activatedMoleculePct": 0.06482705486098549, "activatedTokens": {"2": 39923, "3": 35044, "4": 7984, "[S@]": 3974, "5": 1678, "[S@@]": 1251, "P": 1210, "others": 899, "/": 353, "6": 312}}}