{"0.20": {"activatedMoleculePct": 0.8987273634077981, "activatedTokens": {"c": 7992385, "others": 17}}, "0.00": {"activatedMoleculePct": 0.9035888249368516, "activatedTokens": {"c": 9723824, "others": 1517}}}