{"0.20": {"activatedMoleculePct": 0.6204332252113433, "activatedTokens": {"1": 560655, "2": 453883, "3": 239518, "4": 34072, "others": 7660}}, "0.00": {"activatedMoleculePct": 0.8932280089905547, "activatedTokens": {"1": 1231059, "2": 859077, "3": 364346, "4": 59563, "others": 23923}}}