{"0.20": {"activatedMoleculePct": 0.8844571648700449, "activatedTokens": {"O": 2187344, "others": 9217}}, "0.00": {"activatedMoleculePct": 0.8895075774497907, "activatedTokens": {"O": 2218075, "others": 12391}}}