{"0.20": {"activatedMoleculePct": 0.8897946658678969, "activatedTokens": {"c": 7223150, "others": 222}}, "0.00": {"activatedMoleculePct": 0.904113933089357, "activatedTokens": {"c": 9459075, "others": 4314}}}