{"0.20": {"activatedMoleculePct": 0.1259475931810642, "activatedTokens": {"C": 223752, "N": 96813, "(": 60474, "=": 39331, "/": 39069, "c": 38027, "1": 23968, ")": 18820, "Cl": 9347, "2": 8609, "[C@@H]": 7444, "S": 7341, "n": 7291, "[C@H]": 6683, "others": 5551, "3": 5054, ".": 4564, "I": 3734, "s": 3240, "\\": 2839, "O": 2518, "[N+]": 1532, "Br": 1447, "4": 1384}}, "0.00": {"activatedMoleculePct": 0.2599292678586207, "activatedTokens": {"C": 344184, "N": 180949, "(": 131383, "c": 111201, "1": 95809, ")": 61686, "=": 48531, "/": 45987, "2": 33021, "n": 31198, "Cl": 29326, "S": 21091, "[C@@H]": 19094, "3": 19051, "[C@H]": 14274, "O": 11749, "others": 11741, "s": 10140, "\\": 7854, ".": 5973, "I": 5865, "4": 5311, "Br": 5215, "#": 2918, "F": 2792, "-": 2791, "[N+]": 2514}}}