{"0.20": {"activatedMoleculePct": 0.1760320718775656, "activatedTokens": {"N": 128591, "C": 119752, "n": 47418, "[C@H]": 7983, "=": 6408, "[C@@H]": 5191, "(": 2841, "others": 2709, "c": 822, "O": 748}}, "0.00": {"activatedMoleculePct": 0.3431087427944103, "activatedTokens": {"C": 295801, "N": 277468, "n": 78921, "[C@H]": 25888, "[C@@H]": 18770, "=": 13500, "(": 9917, "others": 7068, "c": 4056, ")": 3353, "O": 2871, "1": 2623}}}