{"0.20": {"activatedMoleculePct": 0.7624731495430387, "activatedTokens": {"C": 828375, "(": 686093, "N": 496276, "c": 314393, "O": 224102, "[C@H]": 135022, "n": 134327, "[C@@H]": 132049, "2": 119932, "1": 76251, "3": 34226, "S": 29839, "others": 29507, "=": 28738, "-": 19282, "Cl": 17250, ")": 15941, "F": 15254, "[C@@]": 13158, "[nH]": 8252, "[C@]": 7469, "s": 7131, "4": 6833}}, "0.00": {"activatedMoleculePct": 0.9807086836190425, "activatedTokens": {"C": 2434480, "(": 2187097, "c": 1124526, "N": 1054334, "O": 852589, "2": 362814, "n": 344009, "[C@H]": 299707, "1": 292242, "[C@@H]": 288791, "=": 204538, "3": 118304, ")": 102649, "others": 99256, "S": 73499, "-": 64394, "F": 63930, "Cl": 44931, "[C@@]": 25045, "[nH]": 24663, "4": 23382, "s": 19111}}}