{"0.20": {"activatedMoleculePct": 0.9933449682261963, "activatedTokens": {"(": 4417762, "others": 72}}, "0.00": {"activatedMoleculePct": 0.9978768639691585, "activatedTokens": {"(": 5630170, "others": 1335}}}