{"0.20": {"activatedMoleculePct": 0.0025881899734369975, "activatedTokens": {"c": 996, "[N+]": 597, "/": 293, "S": 277, "N": 272, ")": 264, "3": 252, "C": 224, "(": 210, "2": 126, "[nH]": 110, "=": 58, "1": 38, "others": 30, "4": 23, "O": 19, "[Si]": 18, "[Cl-]": 14, "[Na+]": 12, "\\": 12}}, "0.00": {"activatedMoleculePct": 0.006082319674418298, "activatedTokens": {"c": 2507, ")": 1226, "[N+]": 991, "C": 747, "S": 728, "/": 517, "3": 492, "N": 482, "(": 447, "2": 296, "=": 268, "[nH]": 210, "O": 84, "others": 77, "1": 72, "4": 52, "[Si]": 25, "[C@]": 25, "\\": 20, "[Cl-]": 19}}}