{"0.20": {"activatedMoleculePct": 0.7217556628556656, "activatedTokens": {"O": 1497874, "others": 203}}, "0.00": {"activatedMoleculePct": 0.8395944729620567, "activatedTokens": {"O": 1975698, "others": 1794}}}