{"0.20": {"activatedMoleculePct": 0.5590043597891657, "activatedTokens": {"c": 1769102, "others": 1197}}, "0.00": {"activatedMoleculePct": 0.7626393971729114, "activatedTokens": {"c": 3405942, "others": 10556}}}