{"0.20": {"activatedMoleculePct": 0.09393137561491482, "activatedTokens": {"S": 129631, "[Si]": 2050, "P": 1945, "others": 859}}, "0.00": {"activatedMoleculePct": 0.10475138655649893, "activatedTokens": {"S": 142668, "[N+]": 2777, "P": 2173, "[Si]": 2084, "others": 1231}}}