{"0.20": {"activatedMoleculePct": 0.6693400554988784, "activatedTokens": {")": 527653, "N": 340008, "O": 314732, "(": 290105, "c": 258185, "1": 96513, "2": 96300, "[C@H]": 53225, "F": 28547, "3": 26652, "[C@@H]": 23021, "others": 19730, "-": 13250, "o": 10082, "4": 8126, "S": 6155, "[C@@]": 6084, "=": 6009}}, "0.00": {"activatedMoleculePct": 0.9607179554031579, "activatedTokens": {")": 1919756, "(": 1265632, "O": 1113077, "c": 958572, "N": 703053, "1": 391938, "2": 313196, "[C@H]": 135977, "F": 99588, "3": 94846, "[C@@H]": 66969, "others": 62372, "-": 48409, "=": 44704, "o": 28333, "4": 24102, "S": 19124, "[C@@]": 12164}}}