{"0.20": {"activatedMoleculePct": 0.606707908773261, "activatedTokens": {"1": 836490, "2": 22964, "others": 873}}, "0.00": {"activatedMoleculePct": 0.7746377888918753, "activatedTokens": {"1": 1104719, "2": 143246, "others": 6737}}}