{"0.20": {"activatedMoleculePct": 0.7466232323372879, "activatedTokens": {"=": 1670223, "others": 64}}, "0.00": {"activatedMoleculePct": 0.860507985378997, "activatedTokens": {"=": 2162999, "others": 1448}}}