{"0.20": {"activatedMoleculePct": 0.9284754359972258, "activatedTokens": {"O": 2244012, "n": 1211147, "others": 115}}, "0.00": {"activatedMoleculePct": 0.9854888522541934, "activatedTokens": {"O": 3264960, "n": 1585115, "others": 2791}}}