{"0.20": {"activatedMoleculePct": 0.5860712316166373, "activatedTokens": {"=": 1029008, "others": 2758}}, "0.00": {"activatedMoleculePct": 0.819398681590382, "activatedTokens": {"=": 1791982, "others": 16339, "-": 2460}}}