{"0.20": {"activatedMoleculePct": 0.006953838086526398, "activatedTokens": {"N": 1202, "O": 1145, "1": 955, "2": 919, "\\": 840, ")": 682, "c": 680, "3": 628, "(": 561, "=": 559, "C": 476, "-": 367, "n": 235, "/": 211, "Cl": 147, "[C@@]": 147, "4": 118, "[C@H]": 78, "others": 74, "F": 65, "[C@@H]": 62, "s": 40, "[C@]": 39}}, "0.00": {"activatedMoleculePct": 0.020022952426080227, "activatedTokens": {"O": 4161, "=": 3217, "N": 2887, ")": 2743, "1": 2505, "2": 2306, "c": 2050, "(": 1549, "\\": 1540, "3": 1503, "C": 1433, "-": 1115, "n": 827, "/": 665, "F": 479, "Cl": 304, "4": 289, "[C@@]": 283, "others": 263, "[C@H]": 173, "[C@@H]": 160, "s": 97}}}