{"0.20": {"activatedMoleculePct": 0.3765040100832483, "activatedTokens": {"O": 572681, "S": 81569, "others": 1392}}, "0.00": {"activatedMoleculePct": 0.5178342694222272, "activatedTokens": {"O": 897879, "S": 89622, "C": 14614, "others": 6929}}}