{"0.20": {"activatedMoleculePct": 0.51382528472653, "activatedTokens": {"n": 1219161, "others": 14}}, "0.00": {"activatedMoleculePct": 0.5608052537180513, "activatedTokens": {"n": 1572751, "others": 545}}}