{"0.20": {"activatedMoleculePct": 0.6271395227740943, "activatedTokens": {"c": 1112357, "others": 332}}, "0.00": {"activatedMoleculePct": 0.797226227870573, "activatedTokens": {"c": 1643595, "others": 3578}}}