{"0.20": {"activatedMoleculePct": 0.5932938489109315, "activatedTokens": {"N": 897139, "others": 95}}, "0.00": {"activatedMoleculePct": 0.6833136448291495, "activatedTokens": {"N": 1077866, "others": 973}}}