{"0.20": {"activatedMoleculePct": 0.43172898267436044, "activatedTokens": {"(": 687034, "others": 233}}, "0.00": {"activatedMoleculePct": 0.6644888471276145, "activatedTokens": {"(": 1274774, "others": 2938}}}