{"0.20": {"activatedMoleculePct": 0.4480527422436692, "activatedTokens": {"2": 459542, "3": 218881, "4": 50896, "others": 4286}}, "0.00": {"activatedMoleculePct": 0.6391254642300281, "activatedTokens": {"2": 766318, "3": 347697, "4": 76937, "others": 9145, "1": 7877}}}