{"0.20": {"activatedMoleculePct": 0.1821231799729463, "activatedTokens": {"n": 344116, "others": 11}}, "0.00": {"activatedMoleculePct": 0.24775950193088933, "activatedTokens": {"n": 474133, "others": 279}}}