{"0.20": {"activatedMoleculePct": 0.40101564851589205, "activatedTokens": {"N": 749058, "others": 90}}, "0.00": {"activatedMoleculePct": 0.7133070608371117, "activatedTokens": {"N": 1565946, "others": 1875}}}