{"0.20": {"activatedMoleculePct": 0.30940221892981934, "activatedTokens": {"c": 882188, "others": 661}}, "0.00": {"activatedMoleculePct": 0.525655964078794, "activatedTokens": {"c": 2043430, "others": 8192}}}