{"0.20": {"activatedMoleculePct": 0.005846497045259635, "activatedTokens": {"/": 1994, "N": 1373, "2": 361, "O": 305, "S": 288, "[N-]": 275, ")": 252, "c": 248, "3": 238, "[C@H]": 197, "I": 195, "C": 185, "n": 173, "1": 165, "[C@@H]": 165, "[nH]": 162, "4": 162, "[C@]": 154, "s": 135, "[O-]": 128, "=": 124, "Cl": 111, "8": 105, "#": 101, "P": 90, "others": 89, "\\": 88, "(": 81, "[Cl-]": 67, "[C@@]": 65, ".": 64, "F": 59, "6": 57, "%10": 55, "9": 52, "Br": 49, "7": 46, "%11": 37, "5": 36, "[Br-]": 35, "[I-]": 30, "B": 25, "[CH]": 23, "[Pt+2]": 17, "[n+]": 16, "[U+2]": 15, "[Li+]": 15, "[B]": 14, "[N+]": 14, "[c-]": 14, "[Na+]": 13, "%12": 13, "[S-]": 13, "[Y]": 12, "[Si]": 12, "[C-]": 11, "%14": 11, "[NH2+]": 10, "o": 10, "[Pt]": 8, "[Ir]": 8, "[Zn+2]": 8, "[B-]": 8, "[CH2-]": 7, "%13": 7, "[U]": 7, "[Na]": 6, "[Pd+2]": 6, "[Ni+2]": 6, "[Ir+3]": 6, "[CH2]": 6, "[K+]": 5, "[Se]": 5, "[P+]": 5, "[Rb+]": 5, "[CH3-]": 5, "[nH+]": 5, "[Cu+2]": 5, "[Ca+2]": 5, "[Mo]": 4, "[C]": 4, "[O+]": 4, "[Ti+2]": 4, "%15": 4, "[Re]": 4, "[HH]": 4, "[O-2]": 3, "[OH-]": 3, "[NH3+]": 3, "[Eu+3]": 3}}, "0.00": {"activatedMoleculePct": 0.03811831118773312, "activatedTokens": {"/": 7204, "N": 5721, "=": 5068, ")": 4381, "O": 3830, "1": 2874, "C": 2858, "c": 2823, "2": 2759, "n": 2218, "[C@H]": 2117, "(": 1707, "3": 1654, "F": 1514, "s": 1401, "S": 1273, "4": 1248, "[nH]": 1206, "[C@@H]": 1197, "Cl": 1142, "[C@]": 993, "[O-]": 989, "#": 764, "I": 634, "others": 607, "[N-]": 524, "\\": 482, "5": 428, "Br": 362, "[C@@]": 353, "6": 226, "8": 195, "7": 153, "P": 137, "[Cl-]": 105, "9": 82, ".": 82, "%10": 66, "[I-]": 64, "[n+]": 63, "[Br-]": 61, "B": 54, "[N+]": 52, "%11": 43, "[CH]": 37, "[C-]": 33, "[U+2]": 31, "[c-]": 31, "[B]": 30, "[HH]": 24, "[Pt+2]": 22, "[Si]": 22, "[Li+]": 21, "[Zn+2]": 21, "[Na+]": 20}}}