{"0.20": {"activatedMoleculePct": 0.8355063924776975, "activatedTokens": {"c": 3732729, "others": 210}}, "0.00": {"activatedMoleculePct": 0.8876817829948449, "activatedTokens": {"c": 5343026, "others": 5675}}}