{"0.20": {"activatedMoleculePct": 0.27707181531426295, "activatedTokens": {"[C@@H]": 448391, "others": 215}}, "0.00": {"activatedMoleculePct": 0.38243692660130524, "activatedTokens": {"[C@@H]": 657389, "others": 3639}}}