{"0.20": {"activatedMoleculePct": 0.339988853352746, "activatedTokens": {"2": 262933, "1": 165340, "3": 101501, "others": 3099}}, "0.00": {"activatedMoleculePct": 0.5940569767978363, "activatedTokens": {"2": 485668, "1": 386037, "3": 181876, "others": 10417, ")": 7781, "4": 4522}}}