{"0.20": {"activatedMoleculePct": 0.22709645951137844, "activatedTokens": {"N": 232491, "C": 42950, "o": 36611, "[nH]": 33154, "[C@@H]": 24549, "s": 10955, "O": 3540, "others": 575}}, "0.00": {"activatedMoleculePct": 0.3489457190502939, "activatedTokens": {"N": 349841, "C": 141840, "[nH]": 59958, "o": 56672, "[C@@H]": 49891, "s": 25305, "O": 14287, "others": 5630}}}