{"0.20": {"activatedMoleculePct": 0.6110354737288465, "activatedTokens": {"(": 1014962, "others": 298}}, "0.00": {"activatedMoleculePct": 0.7568243919694339, "activatedTokens": {"(": 1442774, "others": 4233}}}