{"0.20": {"activatedMoleculePct": 0.7530841864815044, "activatedTokens": {"C": 2202933, "others": 158}}, "0.00": {"activatedMoleculePct": 0.883913747507201, "activatedTokens": {"C": 3875532, "others": 5265}}}