{"0.20": {"activatedMoleculePct": 0.14029761987589284, "activatedTokens": {"C": 157779, "=": 123838, "(": 34790, "[C@@H]": 24580, "1": 21510, "c": 8691, "2": 6794, ")": 5144, "3": 3217, "[C@]": 2949, "others": 2379}}, "0.00": {"activatedMoleculePct": 0.2699627151240669, "activatedTokens": {"C": 306354, "=": 143620, "(": 71929, "1": 61474, ")": 58267, "[C@@H]": 45721, "c": 27786, "2": 18359, "3": 6007, "[C@]": 5576, "others": 5408, "/": 2780, "S": 2673}}}