{"0.20": {"activatedMoleculePct": 0.4619054907857068, "activatedTokens": {"(": 987043, "others": 3410}}, "0.00": {"activatedMoleculePct": 0.6837061942988049, "activatedTokens": {"(": 1641344, "[C@H]": 14496, "others": 8492}}}