{"0.20": {"activatedMoleculePct": 0.3837427394826403, "activatedTokens": {"c": 1621980, "others": 6380}}, "0.00": {"activatedMoleculePct": 0.6083205840198677, "activatedTokens": {"c": 3037846, "others": 26091, "C": 10288, "[C@@H]": 5436}}}