{"0.20": {"activatedMoleculePct": 0.11100727754492531, "activatedTokens": {"1": 241940, "3": 4586, "2": 2746, "others": 181}}, "0.00": {"activatedMoleculePct": 0.24683818246666075, "activatedTokens": {"1": 574291, "3": 16149, "2": 14697, "others": 1243}}}