{"0.20": {"activatedMoleculePct": 0.007884678340130933, "activatedTokens": {"P": 2419, "[Si]": 2120, "[n+]": 1700, "I": 1255, "[S@@]": 957, "[NH+]": 523, "B": 506, "[C-]": 442, ".": 432, "[O-]": 352, "[c-]": 320, "[N+]": 284, "[CH]": 259, "[NH2+]": 221, "[P+]": 215, "[B]": 195, "[I-]": 161, "others": 148, "[CH2-]": 122, "[C]": 111, "[cH-]": 107, "[NH3+]": 100, "[N-]": 99, "[B-]": 97, "[S-]": 94, "[K+]": 85, "[SiH]": 83, "[CH-]": 78, "[Br-]": 70, "[Se]": 69, "[nH+]": 66, "[n-]": 64, "[Sn]": 63, "[SiH2]": 56, "[Y]": 54, "-": 52, "[U+2]": 50, "[Li+]": 47, "[C@]": 45, "[Cl+3]": 45, "[NH-]": 43, "[W]": 41, "%13": 40, "[CH3-]": 38, "[O+]": 33, "[PH+]": 33, "[CH2]": 33, "[Al]": 31, "[Zr+2]": 29, "[Ge]": 27, "[Ir]": 26, "[Fe+2]": 25, "[HH]": 24, "[U]": 24, "[Pt+2]": 23, "%12": 23, "[SiH3]": 22, "[P-]": 20, "[C+]": 19, "[Mg+2]": 19, "%14": 19, "[Na]": 18, "[P@]": 17, "[Fe]": 17, "%16": 16, "[OH-]": 15, "[Zn+2]": 15, "%11": 14, "[Na+]": 13, "%15": 13, "[V]": 13, "[As]": 12, "[Pt]": 12, "%17": 12, "[Ni+2]": 11, "[O-2]": 10, "[Ca+2]": 10, "[Ti]": 10, "[Rb+]": 10, "9": 9, "[Cl-]": 9, "[NH4+]": 8, "[OH+]": 8, "[OH2+]": 8, "[Li]": 8, "[Cu+2]": 8, "[c]": 7, "%10": 7, "[Zr]": 7, "[Re]": 6, "2": 6, "[Pb]": 6, "[Ba+2]": 6, "[Ti+4]": 6, "[Co]": 6, "[F-]": 5, "[Cu+]": 5, "[Zn+]": 5, "[NH2-]": 5, "[H+]": 5, "[Pd+2]": 5, "[Pd]": 5, "[S+]": 4, "[W+2]": 4, "4": 4, "[K]": 4, "[Ru]": 4}}, "0.00": {"activatedMoleculePct": 0.052394368672794636, "activatedTokens": {"[C@]": 45249, "-": 7542, "I": 5416, "[S@@]": 3825, ".": 2702, "P": 2452, "[Si]": 2120, "[N+]": 2014, "[n+]": 1722, "[O-]": 1173, "others": 811, "[NH+]": 526, "B": 508, "[C-]": 465, "[c-]": 321, "[CH]": 266, "[NH2+]": 227, "[P+]": 215, "[B]": 195, "[I-]": 181, "[N-]": 147, "2": 137, "[C]": 125, "[CH2-]": 123, "[cH-]": 111, "[Br-]": 110, "[S-]": 110, "[NH3+]": 104, "[B-]": 97, "N": 94, "=": 90, "[K+]": 89, "[nH+]": 87, "[HH]": 85, "[O+]": 84, "[SiH]": 83, "[CH-]": 79, "[Se]": 71, "[Na+]": 68, "[n-]": 66, "[Sn]": 65, "[SiH2]": 58, "[CH3-]": 55, "[Y]": 54, "[W]": 53, "[U+2]": 50, "[Li+]": 48, "[Cl-]": 46, "[Cl+3]": 45, "[NH-]": 45, "%13": 43, "1": 42, "%12": 41, "%11": 39, "[Al]": 36, "[CH2]": 35, "[C@H]": 33, "[PH+]": 33, "[Na]": 32, "[Ge]": 32, "%10": 32, "[Zr+2]": 31, "[Pt+2]": 28, "[SiH3]": 27, "[OH-]": 27, "C": 27, "[Fe+2]": 26, "[NH4+]": 26, "[Ir]": 26, "[O-2]": 25, "[Zn+2]": 25, "[C+]": 24, "[U]": 24, "[V]": 23, "c": 22, "[C@@H]": 21, "[Fe]": 21, "%14": 21, "[P-]": 21, "[Mg+2]": 20, "4": 20, "[Ti]": 19, "[Pt]": 19, "[Ni+2]": 18, "%15": 18}}}