{"0.20": {"activatedMoleculePct": 0.9993152355333437, "activatedTokens": {"C": 4018227, "c": 2256973, "(": 1750046, "1": 1066691, "O": 912012, "N": 689713, "=": 606754, ")": 549006, "n": 333050, "[C@@H]": 237019, "[C@H]": 223699, "2": 153470, "others": 123214, "S": 71594, "F": 34773, "-": 33549, "#": 33516, "o": 29961}}, "0.00": {"activatedMoleculePct": 0.9998659765803228, "activatedTokens": {"C": 4799423, "c": 2776245, "(": 2321582, "1": 1273823, "O": 1250265, "N": 946821, "=": 894330, ")": 841183, "n": 412706, "2": 317270, "[C@@H]": 289619, "[C@H]": 275029, "others": 150994, "S": 93248, "F": 56607, "-": 52687, "#": 36359, "o": 35633, "s": 23465}}}