{"0.20": {"activatedMoleculePct": 0.005712473625582508, "activatedTokens": {"C": 2023, "(": 1215, "N": 768, ")": 717, "O": 582, "2": 516, "=": 468, "n": 450, "1": 438, "c": 300, "3": 208, ".": 146, "4": 103, "s": 88, "Cl": 83, "others": 80, "[C@]": 35}}, "0.00": {"activatedMoleculePct": 0.016645269302851182, "activatedTokens": {"C": 7682, "(": 3628, ")": 2913, "N": 1758, "O": 1631, "2": 1363, "c": 1302, "1": 1048, "=": 923, "n": 856, "3": 494, ".": 326, "4": 238, "others": 196, "s": 177, "Cl": 130, "[C@]": 75}}}