{"0.20": {"activatedMoleculePct": 0.7451958462993058, "activatedTokens": {"1": 818175, "2": 443494, "3": 167150, "4": 29902, "others": 2359}}, "0.00": {"activatedMoleculePct": 0.8585239993467274, "activatedTokens": {"1": 1061364, "2": 590335, "3": 231885, "4": 46424, "others": 7165}}}