{"0.20": {"activatedMoleculePct": 0.10179994184994796, "activatedTokens": {"n": 260173, "others": 49}}, "0.00": {"activatedMoleculePct": 0.1475480671699014, "activatedTokens": {"n": 391044, "others": 1186}}}