{"0.20": {"activatedMoleculePct": 0.6017549011925155, "activatedTokens": {"C": 997087, "(": 384242, "c": 36340, "S": 29267, ")": 23177, "others": 10699, "2": 9577, "3": 4642}}, "0.00": {"activatedMoleculePct": 0.7824089501279081, "activatedTokens": {"C": 1487337, "(": 832494, ")": 179850, "c": 85444, "S": 53175, "=": 33241, "others": 26361, "2": 15757}}}