{"0.20": {"activatedMoleculePct": 0.6716953523168109, "activatedTokens": {")": 1193989, "others": 72}}, "0.00": {"activatedMoleculePct": 0.7815315727684917, "activatedTokens": {")": 1625352, "others": 2193}}}