{"0.20": {"activatedMoleculePct": 0.09447845481982639, "activatedTokens": {"3": 127604, "4": 9401, "5": 4188, "others": 412}}, "0.00": {"activatedMoleculePct": 0.1567180520757884, "activatedTokens": {"3": 218903, "4": 19088, "5": 8269, "2": 1932, "others": 1224}}}