{"0.20": {"activatedMoleculePct": 0.009947760161062462, "activatedTokens": {"1": 1787, "c": 1717, "[C@@H]": 1300, ")": 1117, "C": 1085, "O": 978, ".": 930, "-": 863, "n": 848, "s": 780, "2": 611, "N": 571, "=": 556, "[C@]": 334, "(": 332, "others": 124, "#": 91, "[C@H]": 83, "/": 64, "[nH]": 56}}, "0.00": {"activatedMoleculePct": 0.02548422368581981, "activatedTokens": {"1": 4665, "c": 4066, "C": 3850, ")": 3674, "O": 3525, "[C@@H]": 2634, "=": 2372, "n": 2069, "-": 1958, "s": 1882, "(": 1521, "2": 1492, ".": 1485, "N": 1155, "[C@]": 1012, "others": 279, "#": 183, "[C@H]": 165, "[nH]": 147, "/": 146}}}