{"0.20": {"activatedMoleculePct": 0.00021238683992550348, "activatedTokens": {".": 254, "[Si]": 16, "[N+]": 10, "P": 7, "1": 3, "S": 2, "others": 2, "B": 1, "[SiH3]": 1, "[CH]": 1, "[n+]": 1, "C": 1}}, "0.00": {"activatedMoleculePct": 0.0013673318280721207, "activatedTokens": {".": 1522, "1": 87, "[Si]": 81, "S": 45, "c": 40, "=": 32, "N": 29, "3": 28, "[N+]": 28, "C": 26, "P": 24, "others": 19, "#": 14, "/": 14, "o": 13, ")": 13, "2": 9, "[C@@H]": 9, "I": 9, "s": 8, "B": 6, "n": 6}}}