{"0.20": {"activatedMoleculePct": 0.288062468096201, "activatedTokens": {"2": 202472, "1": 97828, "3": 96641, "4": 43042, "5": 6740, "others": 2580}}, "0.00": {"activatedMoleculePct": 0.4806563192774746, "activatedTokens": {"2": 378938, "1": 212479, "3": 167566, "4": 59206, "5": 9051, "others": 7496, "6": 2014, ")": 1409}}}