{"0.20": {"activatedMoleculePct": 0.7625837371734827, "activatedTokens": {"c": 2955558, "others": 428}}, "0.00": {"activatedMoleculePct": 0.8622993585185066, "activatedTokens": {"c": 4965427, "others": 3962}}}