{"0.20": {"activatedMoleculePct": 0.46760404941143213, "activatedTokens": {"C": 900105, "n": 37778, "N": 13978, "c": 7670, "others": 7647, "O": 6667, "#": 5301, "[C@@H]": 3733, "S": 3010, "[nH]": 2832, "s": 2519}}, "0.00": {"activatedMoleculePct": 0.7588054485280493, "activatedTokens": {"C": 1845819, "n": 115030, "c": 49719, "N": 40227, "O": 31053, "[C@@H]": 26562, "#": 21701, "[C@H]": 16220, "others": 15628, "s": 13222, "o": 11809, "[nH]": 11271, "F": 9910, "S": 9854, "=": 7808}}}