{"0.20": {"activatedMoleculePct": 0.18814178359538697, "activatedTokens": {"n": 395109, "others": 2193}}, "0.00": {"activatedMoleculePct": 0.2771172221559022, "activatedTokens": {"n": 611805, "1": 4560, "others": 3994}}}