{"0.20": {"activatedMoleculePct": 0.003716037330282775, "activatedTokens": {"C": 844, "O": 669, "2": 572, ")": 561, "(": 555, "1": 482, "c": 455, "3": 415, "n": 410, "=": 313, "4": 127, "[nH]": 111, "others": 42, "#": 32, "-": 27, ".": 23, "[N+]": 22, "5": 16}}, "0.00": {"activatedMoleculePct": 0.012547668029116039, "activatedTokens": {"(": 3840, "O": 3142, "C": 2757, ")": 2248, "c": 1512, "2": 1511, "1": 1365, "3": 1067, "n": 923, "=": 622, "4": 314, "[nH]": 287, "others": 173, "[N+]": 102, "#": 86, "-": 64}}}