{"0.20": {"activatedMoleculePct": 0.6528983846149903, "activatedTokens": {"1": 820770, "2": 461264, "3": 131229, "4": 22647, "others": 9159}}, "0.00": {"activatedMoleculePct": 0.9212191297559089, "activatedTokens": {"1": 1838480, "2": 1104748, "3": 360316, "4": 62505, "others": 29867}}}