{"0.20": {"activatedMoleculePct": 0.7918154900313673, "activatedTokens": {"=": 1720678, "others": 52}}, "0.00": {"activatedMoleculePct": 0.8846138917105416, "activatedTokens": {"=": 2207048, "others": 660}}}