{"0.20": {"activatedMoleculePct": 0.4502505798526914, "activatedTokens": {"2": 334160, "3": 173547, "1": 153525, "4": 52373, "5": 9589, "others": 1757}}, "0.00": {"activatedMoleculePct": 0.7018594101651271, "activatedTokens": {"2": 632419, "1": 341866, "3": 289436, "4": 79225, "5": 13303, "others": 6879}}}