{"0.20": {"activatedMoleculePct": 0.7719243639197236, "activatedTokens": {")": 1830059, "others": 278}}, "0.00": {"activatedMoleculePct": 0.9349349254046152, "activatedTokens": {")": 3221864, "others": 2848}}}