{"0.20": {"activatedMoleculePct": 0.5492352975210062, "activatedTokens": {"C": 1651899, "others": 768}}, "0.00": {"activatedMoleculePct": 0.8159777887307543, "activatedTokens": {"C": 3463928, "others": 9317}}}