{"0.20": {"activatedMoleculePct": 0.6752495362277021, "activatedTokens": {")": 1478299, "others": 544}}, "0.00": {"activatedMoleculePct": 0.831218375416443, "activatedTokens": {")": 2209559, "others": 5179}}}