{"0.20": {"activatedMoleculePct": 0.36968639252163965, "activatedTokens": {"1": 147846, "[C@@H]": 117078, "[C@H]": 109727, "(": 88436, "N": 55472, "C": 43481, "2": 30518, "[C@]": 18157, "c": 17110, "S": 14574, "[C@@]": 12807, "/": 12166, "s": 10612, "n": 9790, "-": 7730, "others": 6653, "#": 6110, "F": 3353, "o": 2684, "O": 2341, "Cl": 2045}}, "0.00": {"activatedMoleculePct": 0.6205306302103435, "activatedTokens": {"1": 314267, "(": 229793, "C": 209099, "[C@@H]": 171414, "[C@H]": 158009, "N": 112654, "2": 75012, "c": 58772, "S": 44561, "-": 31575, "[C@]": 31252, "/": 26452, "n": 26380, "[C@@]": 22816, "s": 18794, "O": 17520, "others": 15590, "#": 13887, "=": 7867, "F": 7858, "o": 5724, "Cl": 5564, ")": 3865}}}