{"0.20": {"activatedMoleculePct": 0.5684350678502716, "activatedTokens": {"1": 628138, "2": 341847, ")": 270209, "C": 157591, "3": 110236, "n": 22983, "4": 19546, "others": 15526, "O": 7796, "F": 7748, "c": 5334, "(": 4432, "[C@@H]": 3381, "o": 3131}}, "0.00": {"activatedMoleculePct": 0.8714144157933784, "activatedTokens": {"1": 1214005, ")": 969124, "2": 749164, "C": 463000, "3": 263206, "n": 80883, "4": 51142, "F": 41793, "others": 36769, "c": 35433, "O": 30824, "(": 25609, "o": 13315, "[C@@H]": 9401, "s": 6937, "=": 4963}}}