{"0.20": {"activatedMoleculePct": 0.0712858118999614, "activatedTokens": {"s": 40947, "o": 39053, "[nH]": 19080, "others": 246}}, "0.00": {"activatedMoleculePct": 0.10972270334758279, "activatedTokens": {"s": 69522, "o": 57253, "[nH]": 27606, "others": 1151, "S": 972}}}