{"0.20": {"activatedMoleculePct": 0.00030612999685813953, "activatedTokens": {".": 556, "C": 116, "c": 11, "3": 11, "4": 9, "2": 8, "others": 7, "O": 6, "5": 4, "1": 4, "S": 2, "6": 2}}, "0.00": {"activatedMoleculePct": 0.001214266829643051, "activatedTokens": {"C": 1439, ".": 1346, "O": 154, "1": 116, "2": 79, "[C@@H]": 63, "[C@H]": 59, "4": 54, "c": 52, "3": 49, "others": 33, "5": 22, "=": 18, "\\": 14, "6": 12, "s": 7}}}