{"0.20": {"activatedMoleculePct": 0.7247920622981867, "activatedTokens": {"1": 908063, "2": 520979, "3": 190930, "4": 29320, "others": 4363}}, "0.00": {"activatedMoleculePct": 0.9356746175022869, "activatedTokens": {"1": 1497917, "2": 911626, "3": 333122, "4": 58261, "others": 14052}}}