{"0.20": {"activatedMoleculePct": 0.5792770498442619, "activatedTokens": {"2": 471021, "3": 323401, "1": 139697, "4": 64781, "5": 8509, "others": 2038}}, "0.00": {"activatedMoleculePct": 0.8220828118259922, "activatedTokens": {"2": 791155, "1": 579296, "3": 390338, "4": 78948, "others": 16339}}}