{"0.20": {"activatedMoleculePct": 0.776632760450348, "activatedTokens": {"C": 1799475, ")": 696960, "c": 341586, "O": 141363, "2": 136666, "[C@H]": 135221, "3": 84773, "(": 75265, "others": 32584, "1": 32204, "F": 25407, "[C@@H]": 21838, "4": 20014, "/": 12123, "#": 8769, "S": 7154, "=": 5926, "[C@@]": 5430, "s": 5131, "-": 4763}}, "0.00": {"activatedMoleculePct": 0.9973451645009312, "activatedTokens": {"C": 6339512, ")": 3361142, "c": 2419077, "O": 1306379, "(": 1183370, "2": 732048, "[C@H]": 385049, "3": 325375, "1": 321693, "F": 205674, "others": 166388, "[C@@H]": 132697, "4": 69501, "S": 57745, "-": 57325, "n": 43901, "=": 37487, "#": 30997, "/": 29888, "Cl": 29166}}}