{"0.20": {"activatedMoleculePct": 0.2396704928033818, "activatedTokens": {"c": 872390, "C": 12018, "(": 10655, "n": 8793, "others": 6277, "1": 3654, "O": 3633, "o": 3562, "=": 3409}}, "0.00": {"activatedMoleculePct": 0.4589196247637196, "activatedTokens": {"c": 1617245, "C": 88767, "(": 49006, "n": 40118, "O": 24041, "others": 16788, "1": 14884, "o": 13705, "=": 12377, "[C@@H]": 8480, "[C@H]": 8219}}}