{"0.20": {"activatedMoleculePct": 0.2195669798518126, "activatedTokens": {"c": 1210189, "C": 633319, ")": 630924, "(": 576084, "1": 281755, "2": 204206, "N": 132324, "O": 128077, "n": 85082, "3": 82313, "=": 67365, "[C@H]": 43659, "[C@@H]": 41772, "others": 40374, "-": 15695, "Cl": 15226, "4": 13728, "S": 7627}}, "0.00": {"activatedMoleculePct": 0.2710554087970629, "activatedTokens": {"c": 1525094, "C": 966802, ")": 941210, "(": 806272, "1": 439858, "2": 305588, "O": 236939, "N": 218644, "=": 170702, "n": 131433, "3": 111573, "[C@H]": 66751, "[C@@H]": 62828, "others": 60214, "-": 25219, "Cl": 21690, "4": 20065, "S": 17804, "[nH]": 12352, "o": 9684}}}