{"0.20": {"activatedMoleculePct": 0.43293812292510875, "activatedTokens": {"(": 863151, "others": 892}}, "0.00": {"activatedMoleculePct": 0.780101989625269, "activatedTokens": {"(": 2092244, "others": 8126}}}