{"0.20": {"activatedMoleculePct": 0.043696761393638504, "activatedTokens": {"[C@]": 51046, "[C@@]": 5497, "[S@@]": 3971, "others": 115}}, "0.00": {"activatedMoleculePct": 0.0597297707027734, "activatedTokens": {"[C@]": 51046, "[C@@]": 26604, "[S@@]": 3971, "P": 668, "others": 558, "[N+]": 394}}}