{"0.20": {"activatedMoleculePct": 0.9977963034436695, "activatedTokens": {")": 4975114, "others": 34}}, "0.00": {"activatedMoleculePct": 0.9982254713340017, "activatedTokens": {")": 6028844, "others": 858}}}