{"0.20": {"activatedMoleculePct": 0.4182241091287526, "activatedTokens": {"c": 1050895, "Cl": 40407, "n": 38138, "o": 34401, "C": 30309, "O": 27440, "s": 15887, "others": 8790, "[nH]": 8706, "F": 5582, "[C@@H]": 4389}}, "0.00": {"activatedMoleculePct": 0.5860888084585623, "activatedTokens": {"c": 1582321, "C": 118156, "n": 87610, "Cl": 70382, "O": 69808, "o": 52336, "s": 29219, "F": 29013, "[nH]": 20070, "others": 17992, "=": 11763, "[C@@H]": 9428, "(": 5760, "N": 4954, "[C@H]": 4443}}}