{"0.20": {"activatedMoleculePct": 0.12200085980051749, "activatedTokens": {"s": 103657, "[nH]": 38041, "[C@@]": 34722, "others": 1478}}, "0.00": {"activatedMoleculePct": 0.20372511869861062, "activatedTokens": {"s": 141657, "[nH]": 103067, "[C@@]": 47681, "[C@]": 7053, "others": 2845, "[S@]": 2832}}}