{"0.20": {"activatedMoleculePct": 0.585458971622921, "activatedTokens": {"C": 2329736, "others": 1030}}, "0.00": {"activatedMoleculePct": 0.8519063183620141, "activatedTokens": {"C": 4649423, "others": 10643}}}