{"0.20": {"activatedMoleculePct": 0.3043027376663666, "activatedTokens": {"c": 697482, "others": 773}}, "0.00": {"activatedMoleculePct": 0.49962759066171686, "activatedTokens": {"c": 1447337, "others": 12066}}}