{"0.20": {"activatedMoleculePct": 0.11772822247594719, "activatedTokens": {"Cl": 188528, "others": 1008}}, "0.00": {"activatedMoleculePct": 0.11983964061217212, "activatedTokens": {"Cl": 188532, "Br": 3317, "others": 1052}}}