{"0.20": {"activatedMoleculePct": 0.7426347539571696, "activatedTokens": {"=": 1665942, "others": 2}}, "0.00": {"activatedMoleculePct": 0.8720017752610344, "activatedTokens": {"=": 2235002, "others": 430}}}