{"0.20": {"activatedMoleculePct": 0.1532341755325966, "activatedTokens": {"C": 246025, "N": 179071, "O": 77024, "c": 76250, "=": 60570, "[C@@H]": 27124, "[C@H]": 23177, "-": 12625, "n": 10697, "others": 6731, "S": 5580, ")": 5435, "F": 2830, "[C@@]": 2723, "1": 2407, "(": 2293, "Cl": 1347, "Br": 1249}}, "0.00": {"activatedMoleculePct": 0.3673398841246696, "activatedTokens": {"C": 713212, "N": 370694, "O": 269350, "=": 264308, "c": 243590, "[C@H]": 81671, "[C@@H]": 77524, ")": 74812, "(": 64477, "-": 37527, "n": 32481, "F": 22975, "others": 22274, "S": 22168, "1": 14275, "Br": 8030, "[C@@]": 7693, "3": 7239, "Cl": 6948, "[C@]": 5935}}}