{"0.20": {"activatedMoleculePct": 0.00333154391317626, "activatedTokens": {"N": 999, "S": 864, "[nH]": 530, "C": 345, "[N+]": 343, "1": 331, "2": 256, "c": 225, "3": 223, "=": 204, "F": 95, "o": 91, "(": 82, "O": 80, "[C@H]": 54, "others": 45, "n": 42, ")": 36, "[C@@H]": 31, "[N-]": 30}}, "0.00": {"activatedMoleculePct": 0.010683790416666361, "activatedTokens": {"S": 2617, "N": 2334, "C": 1813, "1": 1413, "c": 1324, "[nH]": 1172, "2": 976, "=": 950, "3": 586, "[N+]": 574, "(": 547, "F": 387, "O": 385, "o": 304, "[C@@H]": 222, "n": 206, ")": 178, "[C@H]": 164, "others": 105, "[C@@]": 80}}}