{"0.20": {"activatedMoleculePct": 0.4598284939649181, "activatedTokens": {"[C@H]": 744070, "[C@@]": 43490, "[C@]": 20948, "others": 691}}, "0.00": {"activatedMoleculePct": 0.48198483557962934, "activatedTokens": {"[C@H]": 786230, "[C@@]": 48643, "[C@]": 36927, "others": 4569}}}