{"0.20": {"activatedMoleculePct": 0.002053561031555558, "activatedTokens": {"N": 2562, "c": 145, ")": 130, "C": 47, "=": 39, "n": 38, "F": 32, "Br": 30, "others": 27, "3": 24, "1": 14, "(": 13, "O": 7}}, "0.00": {"activatedMoleculePct": 0.005979055728109691, "activatedTokens": {"N": 5032, "c": 1669, ")": 1044, "=": 561, "C": 548, "F": 505, "Br": 431, "n": 251, "(": 245, "1": 225, "O": 166, "[O-]": 152, "3": 134, "#": 101, "others": 85, "2": 84, "[C@@H]": 69}}}