{"0.20": {"activatedMoleculePct": 0.08654983437488328, "activatedTokens": {"2": 77491, "3": 41019, "4": 1647, "others": 594}}, "0.00": {"activatedMoleculePct": 0.1284112805242, "activatedTokens": {"2": 108944, "3": 63722, "4": 5127, ".": 2790, "others": 1824, "C": 1425, ")": 662}}}