{"0.20": {"activatedMoleculePct": 0.007054904927594397, "activatedTokens": {"3": 1870, "N": 1793, "2": 1730, "C": 1571, "c": 876, "O": 579, "1": 402, "[nH]": 322, "4": 303, "[C@H]": 268, "=": 251, "(": 219, "[N+]": 89, "others": 83, ")": 76, "[C@]": 68, "5": 48, "6": 43, "s": 37, "8": 33}}, "0.00": {"activatedMoleculePct": 0.0197878621653351, "activatedTokens": {"C": 5662, "c": 4817, "N": 4458, "2": 4288, "3": 3681, "O": 1368, "1": 1115, "[nH]": 848, "(": 797, "=": 758, "[C@H]": 745, "4": 584, "[N+]": 252, ")": 237, "others": 221, "[C@]": 191, "s": 133, "5": 92, "6": 84}}}