{"0.20": {"activatedMoleculePct": 0.9940905192711762, "activatedTokens": {"(": 5094308, "others": 14}}, "0.00": {"activatedMoleculePct": 0.9976066200245637, "activatedTokens": {"(": 5960393, "others": 939}}}