{"0.20": {"activatedMoleculePct": 0.006395040986998264, "activatedTokens": {"C": 1433, ")": 1267, "c": 1132, "O": 771, "n": 693, "N": 518, "o": 419, "(": 310, "=": 290, "[nH]": 285, "3": 270, "s": 262, "[S@]": 222, "/": 201, "Br": 151, "4": 141, "1": 134, "[C@@H]": 129, ".": 125, "2": 109, "5": 79, "[N+]": 75, "others": 74, "F": 46}}, "0.00": {"activatedMoleculePct": 0.014493570903881772, "activatedTokens": {"C": 3639, ")": 3199, "c": 2616, "n": 1717, "O": 1502, "N": 1115, "=": 923, "o": 829, "(": 736, "[nH]": 583, "3": 551, "s": 511, "/": 462, "Br": 374, "[S@]": 331, "2": 297, "1": 294, "4": 286, "[C@@H]": 285, ".": 205, "[N+]": 201, "others": 161, "5": 146, "F": 139}}}