{"0.20": {"activatedMoleculePct": 0.3672095225470602, "activatedTokens": {"n": 745685, "others": 98}}, "0.00": {"activatedMoleculePct": 0.45079326484712173, "activatedTokens": {"n": 1012859, "others": 1701}}}