{"0.20": {"activatedMoleculePct": 0.4136204412812639, "activatedTokens": {"1": 564790, "others": 231}}, "0.00": {"activatedMoleculePct": 0.502997217732397, "activatedTokens": {"1": 687902, "others": 2449}}}