{"0.20": {"activatedMoleculePct": 0.18823113254183838, "activatedTokens": {"O": 292022, "others": 72}}, "0.00": {"activatedMoleculePct": 0.29563442512375193, "activatedTokens": {"O": 483451, "others": 756}}}