{"0.20": {"activatedMoleculePct": 0.9966164579294626, "activatedTokens": {"(": 5172470, "others": 16}}, "0.00": {"activatedMoleculePct": 0.9980746034408133, "activatedTokens": {"(": 6015276, "others": 853}}}