{"0.20": {"activatedMoleculePct": 0.46119216395092255, "activatedTokens": {"2": 725031, "3": 164855, "4": 13338, "others": 1231}}, "0.00": {"activatedMoleculePct": 0.5472264109626763, "activatedTokens": {"2": 972243, "3": 237986, "4": 21224, "others": 6757}}}