{"0.20": {"activatedMoleculePct": 0.3268237987510189, "activatedTokens": {"n": 221277, "O": 160906, "#": 42065, "=": 40456, "F": 29568, "o": 22744, "Cl": 7397, "others": 5244, "s": 4561}}, "0.00": {"activatedMoleculePct": 0.5686503841638513, "activatedTokens": {"n": 361197, "=": 279260, "O": 265566, "F": 68217, "#": 55984, "o": 34714, "Cl": 18499, "s": 13418, "others": 9701, "C": 4012, ")": 3288, "[C@@H]": 3090, "[nH]": 2826, "1": 2683}}}