{"0.20": {"activatedMoleculePct": 5.8589473082897513e-05, "activatedTokens": {".": 71, "C": 5, "1": 4, "N": 3, "3": 2, "o": 1, "(": 1, "[C@H]": 1, "S": 1, ")": 1, "others": 0}}, "0.00": {"activatedMoleculePct": 0.0006042039411673806, "activatedTokens": {".": 293, ")": 121, "C": 98, "1": 93, "(": 69, "N": 62, "[C@H]": 37, "=": 26, "3": 25, "O": 19, "o": 18, "others": 8, "n": 7, "2": 5}}}