{"0.20": {"activatedMoleculePct": 0.1398640577750794, "activatedTokens": {"S": 65401, "N": 40103, "C": 20757, "n": 15868, "s": 14461, "c": 9636, "1": 8487, "O": 7998, "[nH]": 6944, "Cl": 6239, "=": 4014, "(": 2745, "others": 2128, ")": 2032, "2": 1652, "[S@@]": 1148, "/": 1077, "[C@H]": 1065, "#": 995, "[Si]": 677, "[N-]": 674, ".": 523, "Br": 439}}, "0.00": {"activatedMoleculePct": 0.3697691501523693, "activatedTokens": {"N": 111295, "C": 106401, "S": 97821, "=": 82364, "n": 46678, "s": 41693, "c": 36805, "[nH]": 28548, "O": 24861, ")": 23064, "1": 22555, "(": 19412, "Cl": 16725, "[C@H]": 8519, "2": 8157, "others": 6370, "/": 3420, "#": 3323, "[C@]": 3179, "[S@@]": 2109, ".": 1739, "3": 1363, "[N-]": 1128}}}