{"0.20": {"activatedMoleculePct": 0.7833580995918511, "activatedTokens": {"=": 1714454, "F": 140888, "others": 428}}, "0.00": {"activatedMoleculePct": 0.8821802314723608, "activatedTokens": {"=": 2123013, "F": 319353, "others": 7880}}}