{"0.20": {"activatedMoleculePct": 0.3333037944739874, "activatedTokens": {"c": 745798, "others": 5984, "C": 5850, "[C@@H]": 3939}}, "0.00": {"activatedMoleculePct": 0.5113821036989732, "activatedTokens": {"c": 1219640, "C": 41237, "n": 13077, "[C@@H]": 12621, "others": 8834, "[C@H]": 8552}}}