{"0.20": {"activatedMoleculePct": 0.00038888762758773225, "activatedTokens": {".": 627, "others": 6, "[C@@H]": 3, "[CH]": 3, "1": 3, "2": 2, "[nH]": 1}}, "0.00": {"activatedMoleculePct": 0.0011249178831916323, "activatedTokens": {".": 1632, "(": 63, "c": 61, "/": 44, "1": 24, "5": 19, "2": 19, ")": 19, "C": 19, "others": 18, "3": 11, "[C@@H]": 10, "[nH]": 9, "S": 8, "o": 7, "F": 7, "N": 6, "[n+]": 5, "[CH]": 4, "7": 3}}}