{"0.20": {"activatedMoleculePct": 0.002569880763098592, "activatedTokens": {"/": 839, "C": 465, "(": 457, "N": 355, "3": 299, "c": 295, "F": 277, ".": 257, "[C@H]": 182, "1": 106, "2": 102, "-": 40, "[nH]": 38, "others": 34, "O": 26, "n": 24, "[C@@H]": 22, "5": 5}}, "0.00": {"activatedMoleculePct": 0.005910213097237287, "activatedTokens": {"(": 1491, "/": 1477, "C": 1123, "N": 875, "F": 790, "c": 695, "3": 559, ".": 434, "[C@H]": 382, "2": 324, "1": 226, "-": 178, "[nH]": 121, "O": 68, "others": 64, "n": 43, "[C@@H]": 41, ")": 31}}}