{"0.20": {"activatedMoleculePct": 0.2827205728878678, "activatedTokens": {"N": 365566, ")": 25894, "1": 19690, "C": 17996, "c": 15434, "2": 11915, "#": 6420, "3": 5998, "others": 4585}}, "0.00": {"activatedMoleculePct": 0.43838840865864526, "activatedTokens": {"N": 501512, "C": 129584, ")": 87697, "c": 67247, "1": 33724, "#": 27212, "2": 18844, "3": 8713, "others": 8503, "/": 4903, "\\": 2532, "=": 2487}}}