{"0.20": {"activatedMoleculePct": 0.10807121257505861, "activatedTokens": {")": 140475, "1": 9996, "c": 3614, "others": 643}}, "0.00": {"activatedMoleculePct": 0.15486076577906055, "activatedTokens": {")": 207096, "1": 14241, "c": 7257, "others": 2307, "=": 939, "O": 530, "(": 475, "C": 444, "[C@H]": 432}}}