{"0.20": {"activatedMoleculePct": 0.0793740886590554, "activatedTokens": {"s": 45200, "o": 37919, "[nH]": 22738, "S": 4521, "#": 982, "others": 326}}, "0.00": {"activatedMoleculePct": 0.15450117288801427, "activatedTokens": {"s": 75901, "o": 61957, "[nH]": 48545, "S": 21711, "#": 10161, "others": 2151, "[O-]": 1669, "[S@@]": 1075, "I": 627}}}