{"0.20": {"activatedMoleculePct": 0.4537652158692517, "activatedTokens": {"[C@H]": 425812, "[C@@H]": 358083, "[C@]": 22999, "[C@@]": 15906, "others": 21}}, "0.00": {"activatedMoleculePct": 0.5884301902766376, "activatedTokens": {"[C@H]": 607379, "[C@@H]": 549083, "[C@]": 37796, "[C@@]": 30177, "others": 907}}}