{"0.20": {"activatedMoleculePct": 0.08050706259479594, "activatedTokens": {"2": 103623, "3": 19624, "1": 3898, "4": 3891, "5": 1007, "others": 429}}, "0.00": {"activatedMoleculePct": 0.18838273280344037, "activatedTokens": {"2": 244196, "3": 53830, "1": 20490, "4": 9901, "others": 2242, "5": 2231}}}