{"0.20": {"activatedMoleculePct": 0.27800631740993514, "activatedTokens": {"1": 351818, "2": 57838, "3": 14871, "others": 3638}}, "0.00": {"activatedMoleculePct": 0.44726324909387716, "activatedTokens": {"1": 560477, "2": 136057, "3": 37888, "4": 9108, "others": 2212}}}