{"0.20": {"activatedMoleculePct": 8.788420962434627e-06, "activatedTokens": {"1": 7, "\\": 4, "2": 1, "others": 0}}, "0.00": {"activatedMoleculePct": 0.0004174499957156448, "activatedTokens": {"\\": 180, "1": 162, "[C@@H]": 118, "C": 68, "n": 45, "2": 11, "S": 11, "/": 8, ")": 6, "others": 6, "#": 5}}}