{"0.20": {"activatedMoleculePct": 0.25422485028558706, "activatedTokens": {"c": 793478, "others": 872}}, "0.00": {"activatedMoleculePct": 0.5829447508592512, "activatedTokens": {"c": 2528214, "others": 11128}}}