{"0.20": {"activatedMoleculePct": 0.20044044636390068, "activatedTokens": {"N": 278119, "others": 1927}}, "0.00": {"activatedMoleculePct": 0.34585585671358465, "activatedTokens": {"N": 471070, "S": 15037, "F": 6032, "others": 4608, "[nH]": 2912, "[C@H]": 1449, "2": 1405, "c": 1355, "[C@@]": 1257, "3": 1164, "I": 1028, "C": 876}}}