{"0.20": {"activatedMoleculePct": 0.0027829999714376317, "activatedTokens": {"C": 3729, ")": 2834, "O": 2617, "=": 1610, "(": 1535, "1": 686, "N": 672, "c": 574, ".": 384, "2": 368, "[N-]": 245, "S": 228, "others": 164, "[C@H]": 160, "[N+]": 135, "[O-]": 130, "[C@@H]": 129, "Cl": 87, "n": 80, "#": 67, "Br": 47, "4": 40, "F": 39, "[nH]": 38, "-": 37, "P": 34, "/": 32, "I": 31, "[Cl-]": 30, "[Si]": 22, "[C-]": 17, "[K+]": 13, "[Na+]": 13, "[SiH2]": 12, "[CH2-]": 11, "\\": 10, "[S-]": 9, "[Zn]": 8, "[cH-]": 8, "[Br-]": 8, "[I-]": 7, "[n+]": 7, "[NH4+]": 7, "[NH3+]": 6, "[SiH]": 6, "s": 6, "[CH-]": 6, "[CH3-]": 6, "[P+]": 6, "[OH-]": 6, "[Se-2]": 6}}, "0.00": {"activatedMoleculePct": 0.007060763874902686, "activatedTokens": {"C": 9178, ")": 6470, "O": 5013, "=": 3525, "(": 2920, "c": 2247, "1": 1868, "2": 1379, "N": 1150, ".": 753, "[C@@H]": 684, "[C@H]": 537, "n": 460, "others": 383, "S": 371, "[N-]": 342, "-": 321, "4": 244, "[O-]": 232, "[N+]": 203, "[nH]": 143, "Cl": 137, "#": 107, "Br": 104, "/": 104, "F": 89, "P": 58, "I": 47, "3": 43, "[Cl-]": 41, "\\": 30, "[Si]": 28, "6": 27, "[C-]": 27, "5": 23, "[CH2-]": 19, "[Na+]": 18, "s": 17, "[K+]": 14, "[cH-]": 13, "[NH4+]": 13, "o": 12}}}