{"0.20": {"activatedMoleculePct": 0.22652521214882018, "activatedTokens": {"C": 349444, "[C@@H]": 37635, "[C@H]": 37215, "c": 33119, "1": 20667, "(": 19375, "2": 19160, ")": 7173, "3": 6949, "others": 4496, "[C@]": 4414, "O": 4240, "=": 3545, "n": 2673, "N": 1629}}, "0.00": {"activatedMoleculePct": 0.4642688436561882, "activatedTokens": {"C": 804200, "c": 179682, "[C@@H]": 84446, "(": 83808, "[C@H]": 82371, "1": 56481, "2": 53839, ")": 36922, "3": 20397, "O": 14860, "[C@]": 12600, "=": 12484, "/": 12410, "others": 12093, "N": 11304, "n": 5395, "[C@@]": 4717, "S": 3976}}}