{"0.20": {"activatedMoleculePct": 0.9036562028308969, "activatedTokens": {"1": 1161914, "2": 839135, "3": 280928, "4": 45430, "others": 4515}}, "0.00": {"activatedMoleculePct": 0.985399503307742, "activatedTokens": {"1": 1794143, "2": 1161796, "3": 419528, "4": 77459, "others": 9940}}}