{"0.20": {"activatedMoleculePct": 0.09504237849824927, "activatedTokens": {"o": 73899, "[C@@]": 42555, "[S@]": 4358, "[C@]": 3957, "[S@@]": 3850, "[nH]": 3420, "n": 2399, "others": 166}}, "0.00": {"activatedMoleculePct": 0.18145452761138775, "activatedTokens": {"o": 140096, "[C@@]": 47348, "n": 27688, "[nH]": 23666, "[C@]": 12195, "[S@]": 4360, "[C@@H]": 4160, "[S@@]": 3965, "[C@H]": 2114, "others": 1818, "F": 1213}}}