{"0.20": {"activatedMoleculePct": 0.4001529185247464, "activatedTokens": {"[C@@H]": 230382, "2": 191833, "C": 150667, "1": 132411, "(": 101852, "3": 53519, "c": 46592, "O": 21369, "/": 14857, "[nH]": 9653, "[C@]": 8313, "4": 7679, "[C@H]": 7270, "others": 6928}}, "0.00": {"activatedMoleculePct": 0.637151731355548, "activatedTokens": {"C": 473674, "(": 384168, "2": 369726, "[C@@H]": 320227, "1": 249972, "c": 210566, "3": 96769, "O": 61650, "/": 31923, "[C@H]": 29806, "[nH]": 27096, "others": 21706, "N": 16830, "4": 15683, "[C@]": 15281}}}