{"0.20": {"activatedMoleculePct": 0.1611964849245624, "activatedTokens": {"N": 103003, "O": 44633, "[C@@H]": 35211, "[C@H]": 34492, "-": 31712, "S": 4064, "C": 2097, "=": 1426, "others": 1400}}, "0.00": {"activatedMoleculePct": 0.2923856388413053, "activatedTokens": {"N": 171387, "O": 102635, "-": 86482, "[C@H]": 58968, "[C@@H]": 58396, "C": 10870, "S": 8048, "=": 5516, "Cl": 5419, "others": 4056, ")": 3283, "c": 3123, "2": 2402}}}