{"0.20": {"activatedMoleculePct": 0.6434757326064333, "activatedTokens": {"c": 1435275, "C": 464226, "n": 366535, "O": 196829, ")": 71274, "o": 57610, "[nH]": 53252, "s": 31286, "others": 24367}}, "0.00": {"activatedMoleculePct": 0.8208004347338903, "activatedTokens": {"c": 2118142, "C": 964368, "n": 479151, "O": 400262, ")": 351984, "o": 72477, "[nH]": 65864, "s": 48321, "others": 42237, "N": 38637, "Cl": 13337}}}