{"0.20": {"activatedMoleculePct": 0.923496063153593, "activatedTokens": {")": 2732623, "others": 196}}, "0.00": {"activatedMoleculePct": 0.9854287980442834, "activatedTokens": {")": 3880283, "others": 2611}}}