{"0.20": {"activatedMoleculePct": 0.019279598486340963, "activatedTokens": {"c": 79554, "C": 75730, "1": 19710, "(": 14250, "N": 12621, "2": 11632, ")": 10125, "Cl": 9937, "O": 5472, "3": 5098, "Br": 4961, "s": 4409, "-": 4009, "[C@@H]": 3926, "n": 3611, "[C@H]": 3373, "F": 3069, "others": 2353, "=": 1859, "S": 1721, "o": 1653, "I": 885}}, "0.00": {"activatedMoleculePct": 0.0760820926402101, "activatedTokens": {"c": 373943, "C": 356054, "1": 106508, "(": 86646, ")": 74779, "2": 63233, "N": 45448, "O": 28590, "Cl": 26808, "3": 25098, "=": 18667, "n": 18632, "[C@@H]": 17477, "s": 16876, "F": 16618, "[C@H]": 16381, "-": 14827, "Br": 12864, "others": 12695, "o": 7242, "S": 5778, "4": 3273}}}