{"0.20": {"activatedMoleculePct": 0.13140227312508193, "activatedTokens": {"[nH]": 100990, "o": 88131, "others": 19}}, "0.00": {"activatedMoleculePct": 0.16730077565138676, "activatedTokens": {"[nH]": 125854, "o": 118642, "others": 472}}}