{"0.20": {"activatedMoleculePct": 0.35309312137614957, "activatedTokens": {"(": 813725, "others": 461}}, "0.00": {"activatedMoleculePct": 0.6532286827694951, "activatedTokens": {"(": 1717137, "others": 6507}}}