{"0.20": {"activatedMoleculePct": 0.022853556344397712, "activatedTokens": {"C": 152385, "c": 82223, "=": 50053, "(": 35125, "1": 33801, ")": 32056, "N": 28858, "O": 26411, "2": 13793, "n": 6210, "[C@@H]": 5748, "[C@H]": 5195, "3": 5090, "others": 3965, "Cl": 3604, "S": 2093, "F": 1978, "o": 1849, "s": 1380, "\\": 1225, "[nH]": 1072}}, "0.00": {"activatedMoleculePct": 0.03521080858599433, "activatedTokens": {"C": 243745, "c": 124347, "1": 70104, "=": 66809, "(": 58187, ")": 54872, "O": 52298, "N": 48959, "2": 24385, "n": 12396, "[C@@H]": 12377, "[C@H]": 10563, "3": 8439, "F": 7585, "others": 7273, "Cl": 4748, "S": 3863, "\\": 3323, "o": 3319, "s": 2415, "[nH]": 2345, "4": 1725}}}