{"0.20": {"activatedMoleculePct": 0.19791670481085488, "activatedTokens": {"F": 86413, "#": 80861, "S": 76348, "[O-]": 31446, "I": 6627, "Br": 5609, ".": 4012, "/": 2782, "others": 2671, "[n+]": 1716, "\\": 1407, "[N+]": 719, "[NH+]": 508}}, "0.00": {"activatedMoleculePct": 0.3433950988441029, "activatedTokens": {"F": 258841, "S": 90963, "#": 81450, "Br": 40562, "[O-]": 32629, "/": 18670, "O": 12625, "o": 8745, ".": 6916, "I": 6724, "\\": 5422, "others": 5251, ")": 4579, "Cl": 4234, "[N+]": 3268, "=": 2583, "[n+]": 1722, "[nH]": 1191, "N": 786}}}