{"0.20": {"activatedMoleculePct": 0.7219797675902077, "activatedTokens": {"2": 556361, "1": 347838, "3": 296591, "4": 71995, "others": 11902}}, "0.00": {"activatedMoleculePct": 0.8847200851305044, "activatedTokens": {"2": 784557, "1": 642484, "3": 370180, "4": 84314, "others": 16887}}}