{"0.20": {"activatedMoleculePct": 0.29028374149445635, "activatedTokens": {"C": 557950, "others": 4158, "O": 2195}}, "0.00": {"activatedMoleculePct": 0.5150219747142482, "activatedTokens": {"C": 1154540, "c": 13160, "O": 11887, "others": 10913, "Cl": 3439, "o": 3200, "3": 2723, "[C@@H]": 2440}}}