{"0.20": {"activatedMoleculePct": 0.3220348416949056, "activatedTokens": {"n": 691045, "others": 182}}, "0.00": {"activatedMoleculePct": 0.46134815842300575, "activatedTokens": {"n": 1150427, "others": 1483}}}