{"0.20": {"activatedMoleculePct": 0.7814825040847848, "activatedTokens": {"1": 1331772, "others": 4723}}, "0.00": {"activatedMoleculePct": 0.9440433913637651, "activatedTokens": {"1": 1768265, "2": 34066, "others": 2663}}}