{"0.20": {"activatedMoleculePct": 0.4560436140037629, "activatedTokens": {"2": 299459, "1": 280090, "3": 61847, "N": 52385, "[C@H]": 41762, "[C@@H]": 32015, "F": 23241, ")": 21687, "(": 17995, "Cl": 10401, "Br": 7629, "others": 7299, "=": 5738, "4": 4754, "[C@@]": 4745, "o": 3981, "[C@]": 3469, "S": 3288, "n": 2933, "/": 2273, "O": 1934}}, "0.00": {"activatedMoleculePct": 0.7720591197078143, "activatedTokens": {"2": 617340, "1": 567437, "(": 173714, "N": 148035, "3": 135221, "=": 124359, "[C@H]": 113705, ")": 106980, "[C@@H]": 97620, "F": 88269, "Cl": 33548, "Br": 26561, "o": 21017, "others": 20933, "-": 20300, "O": 16116, "4": 15570, "n": 13780, "S": 11287, "[C@@]": 10790, "/": 9791, "[C@]": 9790, "[O-]": 8870}}}