{"0.20": {"activatedMoleculePct": 0.4939890862459015, "activatedTokens": {"C": 275845, "2": 198071, "3": 133211, "F": 108404, "O": 78701, "[C@H]": 62061, "Br": 26865, "4": 23951, "others": 6972, "Cl": 6780, "1": 5468, "S": 4050, "c": 3806, "[C@@H]": 3054, "=": 2961, "5": 2470}}, "0.00": {"activatedMoleculePct": 0.7559338319785738, "activatedTokens": {"C": 525224, "2": 390886, "3": 236511, "O": 211376, "F": 205006, "[C@H]": 116631, "4": 51142, "Br": 39659, "=": 25927, "1": 25213, "c": 24985, "Cl": 23863, "others": 16800, "S": 16143, "[C@@H]": 12816, "N": 7556, "(": 6412, "5": 6056, "#": 3822}}}