{"0.20": {"activatedMoleculePct": 0.1446339732524408, "activatedTokens": {"2": 104618, "1": 89673, "3": 18079, "4": 3688, "others": 434}}, "0.00": {"activatedMoleculePct": 0.4155348523142476, "activatedTokens": {"2": 359056, "1": 254088, "3": 92654, "4": 17069, "others": 4177}}}