{"0.20": {"activatedMoleculePct": 0.22262535034673983, "activatedTokens": {"C": 534461, "others": 841}}, "0.00": {"activatedMoleculePct": 0.4135655136502487, "activatedTokens": {"C": 1094710, "others": 9488}}}