{"0.20": {"activatedMoleculePct": 0.33187201422552404, "activatedTokens": {"1": 385874, "2": 240073, "3": 41663, "4": 6025, "others": 1445}}, "0.00": {"activatedMoleculePct": 0.6061417879895974, "activatedTokens": {"1": 812000, "2": 465152, "3": 103216, "4": 13136, "others": 5751}}}