{"0.20": {"activatedMoleculePct": 0.3916281501911848, "activatedTokens": {"C": 590125, "[C@@H]": 25495, "c": 16869, "O": 10359, "[C@H]": 8552, "1": 7838, "others": 5282, "[O-]": 3666, "F": 3307}}, "0.00": {"activatedMoleculePct": 0.6117649126687286, "activatedTokens": {"C": 1034114, "c": 85956, "[C@@H]": 52865, "1": 49202, "O": 33075, "[C@H]": 23271, "F": 19131, "n": 14876, "[O-]": 12245, "others": 9794, ")": 9175, "2": 5110, "#": 3819}}}