{"0.20": {"activatedMoleculePct": 0.700844347543966, "activatedTokens": {"1": 605135, "2": 560804, "3": 193818, "4": 46024, "others": 7142}}, "0.00": {"activatedMoleculePct": 0.8631913832461937, "activatedTokens": {"1": 1006590, "2": 774267, "3": 282844, "4": 63070, "others": 14515}}}