{"0.20": {"activatedMoleculePct": 0.00027024394459486476, "activatedTokens": {".": 369, "[Si]": 14, "C": 12, "N": 9, "S": 9, "3": 8, ")": 7, "5": 7, "c": 5, "O": 4, "1": 4, "others": 3, "Cl": 2}}, "0.00": {"activatedMoleculePct": 0.001435442090530989, "activatedTokens": {".": 1219, ")": 293, "C": 159, "O": 138, "c": 110, "1": 79, "3": 55, "N": 42, "[Si]": 38, "S": 37, "5": 32, "/": 31, "others": 21, "=": 19, "2": 10, "n": 6}}}