{"0.20": {"activatedMoleculePct": 0.4994269217164079, "activatedTokens": {"c": 1879796, "others": 1903}}, "0.00": {"activatedMoleculePct": 0.7218523354862524, "activatedTokens": {"c": 3608393, "others": 10814}}}