{"0.20": {"activatedMoleculePct": 0.42392852670178616, "activatedTokens": {"[C@H]": 386788, "[C@@H]": 340720, "others": 174}}, "0.00": {"activatedMoleculePct": 0.5951870212599226, "activatedTokens": {"[C@H]": 609862, "[C@@H]": 582978, "others": 2475}}}