{"0.20": {"activatedMoleculePct": 0.6608775384804674, "activatedTokens": {"c": 1854940, "C": 502104, "others": 20532, "n": 18800, "O": 12674, "s": 10568, "o": 10385, "[C@@H]": 10171, "Cl": 8419, "F": 8321, "[nH]": 7069, "N": 6057}}, "0.00": {"activatedMoleculePct": 0.8953745808106293, "activatedTokens": {"c": 3576051, "C": 1360013, "n": 80952, "F": 53774, "others": 52602, "O": 48772, "o": 32314, "s": 30381, "[C@@H]": 26112, "Cl": 24982, "[nH]": 22980, "N": 20525, "[C@H]": 16153, "=": 10562, "(": 8041}}}