{"0.20": {"activatedMoleculePct": 0.8035253285953979, "activatedTokens": {"O": 2026800, "F": 559659, "Cl": 91317, "[O-]": 28732, "Br": 22969, "others": 18521}}, "0.00": {"activatedMoleculePct": 0.9521258091755509, "activatedTokens": {"O": 3055667, "F": 571890, "Cl": 141672, "Br": 47900, "#": 43930, "[O-]": 32438, "others": 23855, "o": 16719, "s": 16625}}}