{"0.20": {"activatedMoleculePct": 0.43768679971847757, "activatedTokens": {"c": 754150, ")": 135889, "C": 11698, "N": 8814, "others": 8052}}, "0.00": {"activatedMoleculePct": 0.625636702789518, "activatedTokens": {"c": 1211090, ")": 463161, "C": 74413, "N": 33371, "O": 22552, "others": 15869, "(": 8244, "1": 8140, "-": 5903}}}