{"0.20": {"activatedMoleculePct": 0.5161256539134472, "activatedTokens": {"O": 912197, "others": 804}}, "0.00": {"activatedMoleculePct": 0.7223605991652465, "activatedTokens": {"O": 1444752, "others": 5134}}}