{"0.20": {"activatedMoleculePct": 0.5178481844220845, "activatedTokens": {"c": 853006, "others": 204}}, "0.00": {"activatedMoleculePct": 0.7295173033023225, "activatedTokens": {"c": 1411118, "others": 4185}}}