{"0.20": {"activatedMoleculePct": 0.01494324510979301, "activatedTokens": {"=": 20133, ".": 257, "others": 67}}, "0.00": {"activatedMoleculePct": 0.02290262502810464, "activatedTokens": {"=": 30077, ".": 783, "others": 251, "1": 127, "S": 121, "3": 91, "#": 90}}}