{"0.20": {"activatedMoleculePct": 0.3549548018833586, "activatedTokens": {"n": 801118, "others": 173}}, "0.00": {"activatedMoleculePct": 0.5118163981682001, "activatedTokens": {"n": 1365631, "others": 1074}}}