{"0.20": {"activatedMoleculePct": 0.2345973768028164, "activatedTokens": {"n": 382463, "others": 784}}, "0.00": {"activatedMoleculePct": 0.3410690967627119, "activatedTokens": {"n": 607568, "others": 6012, ".": 1921}}}