{"0.20": {"activatedMoleculePct": 0.6774964425204313, "activatedTokens": {"1": 1122438, "others": 203}}, "0.00": {"activatedMoleculePct": 0.8937970592478723, "activatedTokens": {"1": 1641308, "others": 3564}}}