{"0.20": {"activatedMoleculePct": 0.18158488918899718, "activatedTokens": {"C": 273462, "[C@@H]": 3802, "others": 2330, "S": 1394, "/": 1047}}, "0.00": {"activatedMoleculePct": 0.5087953784623632, "activatedTokens": {"C": 945420, "[C@@H]": 17470, "S": 14698, "others": 8082, "[C@H]": 7816, "/": 7382, ")": 5782, "O": 4260, "(": 3496, "=": 3441, "c": 2431, "[C@]": 2302}}}