{"0.20": {"activatedMoleculePct": 0.7538714825260558, "activatedTokens": {")": 1899196, "others": 345}}, "0.00": {"activatedMoleculePct": 0.8546717414915269, "activatedTokens": {")": 2569520, "others": 4843}}}