{"0.20": {"activatedMoleculePct": 0.11106879649166235, "activatedTokens": {"[C@@H]": 192710, "[C@H]": 135708, "others": 2565}}, "0.00": {"activatedMoleculePct": 0.27401490955616276, "activatedTokens": {"[C@@H]": 382289, "[C@H]": 322075, "[C@]": 6951, "[C@@]": 6319, "others": 2489}}}