{"0.20": {"activatedMoleculePct": 0.29485298802650883, "activatedTokens": {"N": 337912, "[nH]": 124495, "others": 1253}}, "0.00": {"activatedMoleculePct": 0.4351952823756274, "activatedTokens": {"N": 603821, "[nH]": 141872, "others": 5621}}}