{"0.20": {"activatedMoleculePct": 0.00400751995887019, "activatedTokens": {")": 947, "3": 749, "C": 701, "4": 619, "O": 515, "c": 513, "F": 404, "[C@]": 288, "=": 283, "/": 200, "2": 199, "N": 166, "5": 158, "(": 141, "[C@H]": 137, "-": 109, "s": 97, "1": 95, "[C@@H]": 95, "n": 77, "[Si]": 67, "others": 55, "6": 49, "Cl": 14}}, "0.00": {"activatedMoleculePct": 0.00922564490531575, "activatedTokens": {")": 2365, "3": 1776, "O": 1581, "C": 1468, "4": 1357, "F": 1172, "c": 1129, "2": 618, "=": 557, "/": 478, "[C@]": 461, "(": 365, "5": 351, "N": 313, "[C@H]": 275, "1": 269, "-": 221, "s": 203, "[C@@H]": 183, "n": 180, "others": 134, "[Si]": 95, "6": 92}}}