{"0.20": {"activatedMoleculePct": 0.0855413630694439, "activatedTokens": {"-": 125537, "others": 238}}, "0.00": {"activatedMoleculePct": 0.11382616356862621, "activatedTokens": {"-": 166927, "[N+]": 2497, "others": 1576, "C": 533}}}