{"0.20": {"activatedMoleculePct": 0.0001816273665569823, "activatedTokens": {".": 256, "[Si]": 4, "=": 3, ")": 3, "1": 2, "C": 2, "others": 2, "3": 1, "(": 1, "n": 1}}, "0.00": {"activatedMoleculePct": 0.0008781097278299265, "activatedTokens": {".": 909, ")": 144, "C": 97, "(": 78, "c": 68, "N": 30, "=": 26, "[C@H]": 14, "[nH]": 12, "others": 12, "[Si]": 8, "1": 7, "n": 7}}}