{"0.20": {"activatedMoleculePct": 0.360443170774399, "activatedTokens": {"[C@@H]": 293788, "[C@H]": 272477, "[C@]": 12193, "[C@@]": 9360, "others": 180}}, "0.00": {"activatedMoleculePct": 0.5663851686607838, "activatedTokens": {"[C@@H]": 529619, "[C@H]": 521160, "[C@]": 33441, "[C@@]": 27373, "others": 1171}}}