{"0.20": {"activatedMoleculePct": 0.42530684405606134, "activatedTokens": {"F": 186538, "s": 92253, "[nH]": 85018, "o": 72539, "[C@H]": 67768, "Cl": 62710, "[C@@H]": 60519, "S": 45124, "-": 30250, "#": 24555, "Br": 17987, "[C@]": 6900, "others": 6112, "[C@@]": 5887, "[O-]": 5120}}, "0.00": {"activatedMoleculePct": 0.7368673527005719, "activatedTokens": {"F": 434014, "[C@H]": 258610, "[C@@H]": 215648, "s": 137026, "Cl": 130565, "S": 125871, "o": 122245, "[nH]": 119349, "-": 111137, "#": 55249, "Br": 43675, "[C@]": 22100, "[C@@]": 18577, "[O-]": 16353, "others": 14919, "[N+]": 10381, "I": 3716}}}