{"0.20": {"activatedMoleculePct": 0.08811783514826432, "activatedTokens": {"C": 180763, "(": 129539, ")": 64137, "2": 46703, "O": 46182, "1": 38140, "N": 25473, "3": 19689, "c": 7874, "others": 5466, "=": 5275, "F": 3910, "4": 3689, "[C@@H]": 2548, "[O-]": 2156, "[C@H]": 1986, "#": 931, "n": 664}}, "0.00": {"activatedMoleculePct": 0.28138253579633715, "activatedTokens": {"C": 442320, "(": 240290, ")": 182660, "2": 122992, "O": 121610, "1": 116203, "c": 104958, "N": 75878, "=": 50337, "3": 49092, "n": 20959, "F": 19081, "[C@@H]": 18774, "[C@H]": 17343, "others": 16453, "4": 13272, "[C@]": 7571, "-": 6818, "/": 6475, "Cl": 5127, "[C@@]": 5062, "[O-]": 4678, "#": 4652, "[nH]": 3994}}}