{"0.20": {"activatedMoleculePct": 0.16182485702337646, "activatedTokens": {"(": 80715, "C": 76988, "2": 39179, "c": 28028, "3": 20497, "F": 13190, "N": 11865, "n": 8816, "[C@@H]": 8022, "1": 7732, ")": 4778, "4": 4771, "O": 3358, "[C@H]": 3261, "others": 2956, "S": 2445, "Br": 1695}}, "0.00": {"activatedMoleculePct": 0.410934113940413, "activatedTokens": {"C": 345844, "(": 222371, "c": 101120, "2": 88735, "N": 58493, "3": 50821, ")": 46831, "F": 34751, "[C@@H]": 31463, "n": 25812, "1": 25562, "O": 19017, "[C@H]": 16923, "4": 11632, "S": 7281, "others": 6362, "o": 5677, "[nH]": 4957, "Br": 4911, "#": 4845}}}