{"0.20": {"activatedMoleculePct": 0.48869625972127523, "activatedTokens": {"C": 1265868, "others": 8305}}, "0.00": {"activatedMoleculePct": 0.8217407957768708, "activatedTokens": {"C": 3151310, "others": 28421, "[C@H]": 10185, "[C@@H]": 5541}}}