{"0.20": {"activatedMoleculePct": 0.0037738944349521362, "activatedTokens": {"C": 1336, "c": 1180, ")": 763, "2": 688, "(": 597, "N": 416, "4": 205, "-": 112, "n": 86, "=": 61, "others": 39, "6": 30}}, "0.00": {"activatedMoleculePct": 0.008013575180913307, "activatedTokens": {"C": 3066, "c": 2274, ")": 1669, "(": 1635, "2": 1413, "N": 761, "4": 416, "=": 351, "-": 232, "n": 169, "others": 101, "6": 44}}}