{"0.20": {"activatedMoleculePct": 0.15351833447704868, "activatedTokens": {"=": 239503, "others": 11}}, "0.00": {"activatedMoleculePct": 0.22611362110041283, "activatedTokens": {"=": 394109, "others": 398}}}