{"0.20": {"activatedMoleculePct": 0.8074911035546966, "activatedTokens": {"=": 1980909, "others": 6}}, "0.00": {"activatedMoleculePct": 0.8866784382683003, "activatedTokens": {"=": 2298754, "others": 310}}}