{"0.20": {"activatedMoleculePct": 0.7220669194314184, "activatedTokens": {"O": 1412918, "others": 938}}, "0.00": {"activatedMoleculePct": 0.8104257037877362, "activatedTokens": {"O": 1780159, "others": 6572}}}