{"0.20": {"activatedMoleculePct": 0.2617294294190927, "activatedTokens": {"N": 348722, "C": 185594, "1": 108685, "2": 53497, "c": 20022, "[C@@H]": 6544, "O": 6488, "others": 5836, "3": 4342, "(": 4159}}, "0.00": {"activatedMoleculePct": 0.3265081479647848, "activatedTokens": {"N": 426099, "C": 278664, "1": 144564, "2": 74959, "c": 34876, ")": 28611, "(": 12179, "[C@@H]": 11718, "others": 9705, "O": 9023, "3": 7519}}}