{"0.20": {"activatedMoleculePct": 0.18156072103135049, "activatedTokens": {"2": 169504, "3": 88737, "4": 24158, "1": 11422, "5": 7711, "others": 1606, "6": 1462}}, "0.00": {"activatedMoleculePct": 0.3928534025470309, "activatedTokens": {"2": 418956, "3": 210230, "1": 90382, "4": 50683, "5": 12321, "others": 6501}}}