{"0.20": {"activatedMoleculePct": 0.7870360537646299, "activatedTokens": {"(": 2206485, "others": 436}}, "0.00": {"activatedMoleculePct": 0.9214234605432855, "activatedTokens": {"(": 3303050, "others": 5239}}}