{"0.20": {"activatedMoleculePct": 0.786844905608697, "activatedTokens": {"=": 1807162, "others": 33}}, "0.00": {"activatedMoleculePct": 0.8795114809734348, "activatedTokens": {"=": 2271377, "others": 697}}}