{"0.20": {"activatedMoleculePct": 0.23020096921635846, "activatedTokens": {"(": 437843, "[C@]": 17652, "[C@@]": 9129, "1": 5923, "others": 3687}}, "0.00": {"activatedMoleculePct": 0.3855678015691726, "activatedTokens": {"(": 817238, "[C@]": 32633, "[C@@]": 22839, "1": 16833, "C": 13741, "others": 7038, "s": 6997, "#": 3916}}}