{"0.20": {"activatedMoleculePct": 0.10671926048367075, "activatedTokens": {"[C@@H]": 165251, "others": 42}}, "0.00": {"activatedMoleculePct": 0.23597276468343742, "activatedTokens": {"[C@@H]": 385950, "others": 1797}}}