{"0.20": {"activatedMoleculePct": 0.4085934644907513, "activatedTokens": {"c": 901045, "n": 158849, "2": 23784, ")": 18626, "1": 12636, "3": 10587, "others": 2491}}, "0.00": {"activatedMoleculePct": 0.691898467372621, "activatedTokens": {"c": 2206455, "n": 277903, ")": 144344, "1": 93471, "2": 83294, "3": 37925, "others": 20923}}}