{"0.20": {"activatedMoleculePct": 0.3498670385145225, "activatedTokens": {"c": 1507287, "n": 21787, "others": 15179, "F": 13418, "[nH]": 8975, "Cl": 5864, "s": 5523, "-": 4582, "O": 3631, "S": 3143, "C": 3113}}, "0.00": {"activatedMoleculePct": 0.647180784410513, "activatedTokens": {"c": 3413779, "n": 66424, "F": 56000, "others": 35039, "[nH]": 27556, "C": 19671, "Cl": 16103, "-": 15660, "s": 15580, "O": 15568, "S": 12758, "(": 8951, "2": 7513, "o": 6030, "[C@@H]": 5644, "Br": 4924}}}