{"0.20": {"activatedMoleculePct": 0.9885098719600303, "activatedTokens": {"(": 4610612, "others": 74}}, "0.00": {"activatedMoleculePct": 0.9970800471352311, "activatedTokens": {"(": 5838086, "others": 1271}}}