{"0.20": {"activatedMoleculePct": 0.4004575837847774, "activatedTokens": {"C": 452453, "(": 339520, "=": 332518, "2": 43911, "n": 31176, "1": 28116, "S": 20604, "c": 16883, "others": 11181, "[C@@H]": 3205}}, "0.00": {"activatedMoleculePct": 0.6537493967115193, "activatedTokens": {"C": 824754, "=": 630398, "(": 628671, "n": 127131, "1": 124358, "c": 119139, "2": 82919, "S": 48591, "others": 19674, ")": 16386, "[C@@H]": 8826, "O": 8347, "[C@H]": 7267}}}