{"0.20": {"activatedMoleculePct": 0.6905618950179174, "activatedTokens": {"N": 1821842, "others": 239}}, "0.00": {"activatedMoleculePct": 0.86640281873955, "activatedTokens": {"N": 2388673, "others": 3616}}}