{"0.20": {"activatedMoleculePct": 0.013425777756945966, "activatedTokens": {"C": 2359, ")": 2200, "N": 1713, "c": 1611, "O": 1317, "(": 1296, "2": 1220, "3": 1120, "[C@H]": 1061, "[C@@H]": 968, "1": 864, "Cl": 856, "=": 786, "/": 518, "[nH]": 480, "n": 465, "F": 356, "-": 335, "#": 331, "4": 299, "others": 191, ".": 68, "5": 55, "[Si]": 53, "[C@]": 48, "Br": 30}}, "0.00": {"activatedMoleculePct": 0.03891366328483346, "activatedTokens": {"C": 9351, ")": 7068, "c": 6983, "(": 4584, "O": 4207, "N": 3898, "[C@@H]": 3170, "2": 2945, "[C@H]": 2939, "=": 2391, "3": 2319, "Cl": 2100, "1": 2045, "n": 1560, "-": 1351, "[nH]": 1343, "F": 1128, "/": 1011, "#": 952, "others": 592, "4": 560, "[C@]": 299, "5": 103}}}