{"0.20": {"activatedMoleculePct": 0.5418757273333807, "activatedTokens": {"(": 1166994, "others": 2115}}, "0.00": {"activatedMoleculePct": 0.8899067182351679, "activatedTokens": {"(": 3076286, "others": 11882}}}