{"0.20": {"activatedMoleculePct": 0.05581745863766292, "activatedTokens": {"[C@@]": 39665, "[C@]": 34793, "[n+]": 1620, "[N+]": 747, "[S@]": 545, "others": 460, "[NH+]": 350}}, "0.00": {"activatedMoleculePct": 0.06622807563608028, "activatedTokens": {"[C@@]": 43678, "[C@]": 40774, "[n+]": 1702, "[N+]": 1660, "[S@]": 1660, "others": 884, "S": 794, "P": 648, "[S@@]": 433, "[NH+]": 433, "-": 392}}}