{"0.20": {"activatedMoleculePct": 0.11972758824490107, "activatedTokens": {"n": 201872, "others": 30}}, "0.00": {"activatedMoleculePct": 0.2030674518632551, "activatedTokens": {"n": 352154, "others": 802}}}