{"0.20": {"activatedMoleculePct": 0.5717636822897938, "activatedTokens": {"C": 964137, "others": 661}}, "0.00": {"activatedMoleculePct": 0.7420649713314384, "activatedTokens": {"C": 1494327, "others": 7637}}}