{"0.20": {"activatedMoleculePct": 0.0012457586714251085, "activatedTokens": {"C": 535, "c": 379, "[nH]": 247, "N": 223, "n": 113, "S": 75, "(": 70, "[C@@]": 52, "3": 22, "[C@H]": 18, "[V]": 17, "-": 16, "others": 16, ")": 13, "[C@]": 13, "O": 9, "1": 5, "[C]": 5, ".": 5, "[S+]": 4, "[n+]": 4, "[PH+]": 3, "5": 3}}, "0.00": {"activatedMoleculePct": 0.0031506489150328137, "activatedTokens": {"C": 1587, "c": 999, "[nH]": 613, "N": 375, "n": 303, "S": 192, "(": 140, "[C@@]": 89, "[C@H]": 60, ")": 53, "others": 46, "3": 41, "-": 28, "[C@]": 24, "[V]": 19, "O": 13, ".": 13, "1": 12, "2": 9}}}