{"0.20": {"activatedMoleculePct": 0.8040592251688659, "activatedTokens": {"N": 1738924, "others": 79}}, "0.00": {"activatedMoleculePct": 0.9108356103887925, "activatedTokens": {"N": 2286024, "others": 1546}}}