{"0.20": {"activatedMoleculePct": 0.3376599217977008, "activatedTokens": {"(": 561975, "others": 1076}}, "0.00": {"activatedMoleculePct": 0.5319719092771305, "activatedTokens": {"(": 974287, "others": 6784, "1": 5380}}}