{"0.20": {"activatedMoleculePct": 0.5737271620064844, "activatedTokens": {"C": 909457, "n": 211267, "c": 192897, "O": 116271, "=": 23967, "others": 11555, ")": 9296}}, "0.00": {"activatedMoleculePct": 0.7787134191132044, "activatedTokens": {"C": 1621074, "c": 701482, "n": 356245, "O": 311881, "=": 100935, ")": 76156, "others": 30194, "1": 16438, "-": 15696, "(": 14991}}}