{"0.20": {"activatedMoleculePct": 0.3090799768278634, "activatedTokens": {")": 611686, "others": 342}}, "0.00": {"activatedMoleculePct": 0.5555739461401621, "activatedTokens": {")": 1379918, "others": 7269}}}