{"0.20": {"activatedMoleculePct": 0.4412819962605269, "activatedTokens": {"C": 824880, "O": 15477, "others": 7466, "[C@@H]": 4372, "N": 4168, "c": 2809, "(": 2391, "=": 2378, "[C@H]": 2286}}, "0.00": {"activatedMoleculePct": 0.7159098981788194, "activatedTokens": {"C": 1456332, "O": 48096, "[C@@H]": 13308, "(": 13129, "c": 12631, "others": 11972, "N": 10986, ")": 8720, "=": 8629, "[C@H]": 8102, "S": 7897, "n": 5707}}}