{"0.20": {"activatedMoleculePct": 0.32188104432806297, "activatedTokens": {"=": 465580, "O": 68889, ")": 23705, "others": 420}}, "0.00": {"activatedMoleculePct": 0.6554543503782316, "activatedTokens": {"=": 1122868, "O": 271690, ")": 67977, "others": 5943}}}