{"0.20": {"activatedMoleculePct": 0.5567735656015345, "activatedTokens": {"[C@@H]": 788321, "S": 129937, "[C@]": 51022, "[C@@]": 50719, "/": 50041, "others": 8461}}, "0.00": {"activatedMoleculePct": 0.5739856880564627, "activatedTokens": {"[C@@H]": 789598, "S": 164869, "[C@]": 51046, "[C@@]": 50751, "/": 50041, "others": 8867, "[S@]": 4359, "[S@@]": 3862}}}