{"0.20": {"activatedMoleculePct": 0.27224916931112697, "activatedTokens": {"(": 255914, "1": 97910, "C": 94919, "N": 84649, "2": 70603, "3": 25075, "n": 24579, ")": 18161, "c": 16177, "=": 15251, "others": 5671, "4": 5471, "[C@@H]": 4578, "[C@H]": 3405, "O": 2643}}, "0.00": {"activatedMoleculePct": 0.6462748446829687, "activatedTokens": {"(": 588748, "C": 356390, "1": 338481, "N": 294942, "2": 254006, ")": 167630, "=": 131508, "n": 115716, "c": 102548, "3": 85366, "O": 70137, "F": 23739, "others": 23077, "[C@@H]": 20088, "4": 19961, "[C@H]": 17782, "-": 7517}}}