{"0.20": {"activatedMoleculePct": 0.25608140421390135, "activatedTokens": {"N": 365335, "others": 1}}, "0.00": {"activatedMoleculePct": 0.40578409925642633, "activatedTokens": {"N": 599606, "others": 526}}}