{"0.20": {"activatedMoleculePct": 0.7289519148870724, "activatedTokens": {"1": 685035, "2": 472745, "3": 182626, "4": 30546, "others": 2834}}, "0.00": {"activatedMoleculePct": 0.8639032453441509, "activatedTokens": {"1": 977675, "2": 611771, "3": 238892, "4": 46513, "others": 7181}}}