{"0.20": {"activatedMoleculePct": 0.005238631262024574, "activatedTokens": {"2": 1304, "C": 1238, "(": 1171, ")": 966, "N": 830, "=": 511, "O": 417, "3": 344, "c": 318, "[C@@H]": 306, "1": 290, "[C@H]": 223, "#": 209, "Cl": 206, ".": 107, "others": 76, "4": 57, "S": 54, "s": 29}}, "0.00": {"activatedMoleculePct": 0.012349196189047723, "activatedTokens": {"2": 3400, "C": 3140, "(": 3060, ")": 2870, "N": 1671, "=": 970, "c": 910, "1": 773, "O": 750, "3": 744, "[C@@H]": 645, "Cl": 573, "[C@H]": 395, "#": 386, "S": 155, ".": 153, "others": 145, "4": 126, "s": 75}}}