{"0.20": {"activatedMoleculePct": 0.9581077943773147, "activatedTokens": {"(": 3659460, "others": 59}}, "0.00": {"activatedMoleculePct": 0.9941659532177705, "activatedTokens": {"(": 5300543, "others": 1304}}}