{"0.20": {"activatedMoleculePct": 0.981498909137248, "activatedTokens": {"1": 1833375, "2": 1172434, "3": 418448, "4": 74788, "others": 7260}}, "0.00": {"activatedMoleculePct": 0.9902829358892015, "activatedTokens": {"1": 1998719, "2": 1282687, "3": 477231, "4": 91589, "others": 12002}}}