{"0.20": {"activatedMoleculePct": 0.2950368124983064, "activatedTokens": {"c": 606083, "others": 686}}, "0.00": {"activatedMoleculePct": 0.4600306276470541, "activatedTokens": {"c": 1227002, "others": 3452}}}