{"0.20": {"activatedMoleculePct": 0.6749170409679567, "activatedTokens": {"C": 2082088, "others": 4740}}, "0.00": {"activatedMoleculePct": 0.9020618367946285, "activatedTokens": {"C": 3992998, "others": 34118}}}