{"0.20": {"activatedMoleculePct": 0.443407329396609, "activatedTokens": {"C": 1279595, "others": 3800}}, "0.00": {"activatedMoleculePct": 0.7505172351920599, "activatedTokens": {"C": 3043732, "others": 28120}}}