{"0.20": {"activatedMoleculePct": 0.3825658234420876, "activatedTokens": {")": 700581, "others": 1029}}, "0.00": {"activatedMoleculePct": 0.7600263066734142, "activatedTokens": {")": 1859247, "others": 10010}}}