{"0.20": {"activatedMoleculePct": 0.3907280694109488, "activatedTokens": {")": 222986, "C": 217474, "c": 141351, "n": 82273, "O": 81380, "2": 79478, "N": 76445, "1": 71505, "F": 44153, "Br": 34118, "Cl": 29943, "[O-]": 29394, "3": 22975, "=": 16644, "[N+]": 14127, "4": 10002, "others": 9909, "[C@H]": 6380, "s": 5920, "(": 5813, "o": 5535}}, "0.00": {"activatedMoleculePct": 0.7028056301554159, "activatedTokens": {")": 740942, "C": 559967, "c": 434935, "2": 229301, "1": 216025, "O": 205308, "n": 188550, "N": 160648, "F": 149693, "=": 83312, "3": 73692, "(": 69460, "Cl": 63840, "Br": 51386, "[O-]": 31119, "others": 27231, "4": 24773, "[N+]": 24441, "s": 19752, "o": 17740, "S": 12480, "[C@H]": 11615}}}