{"0.20": {"activatedMoleculePct": 0.0005544028890469177, "activatedTokens": {".": 457, "N": 76, "S": 55, ")": 52, "o": 42, "3": 29, "C": 28, "Cl": 14, "(": 10, "2": 9, "1": 8, "others": 8, "[O-]": 7, "/": 6, "=": 6, "[C@@H]": 5, "n": 5, "O": 4}}, "0.00": {"activatedMoleculePct": 0.0029558389170321795, "activatedTokens": {".": 1476, ")": 493, "o": 437, "N": 422, "C": 325, "3": 283, "S": 228, "2": 130, "O": 126, "(": 108, "1": 64, "[O-]": 51, "=": 50, "Cl": 50, "n": 39, "others": 39, "c": 37, "[C@@H]": 36, "/": 27}}}