{"0.20": {"activatedMoleculePct": 0.25809248787747185, "activatedTokens": {"C": 356984, "c": 141666, "n": 85883, "[nH]": 58523, "N": 43105, "s": 9259, "2": 8170, "1": 7426, "3": 5258, "others": 5234, "o": 4562, "S": 2910, "O": 2251}}, "0.00": {"activatedMoleculePct": 0.47281485067374235, "activatedTokens": {"C": 672010, "c": 412941, "n": 209392, "[nH]": 91316, "N": 87159, "2": 39331, "1": 31250, "s": 28575, "3": 19709, "o": 17001, "others": 16090, "O": 10474, "S": 6185}}}