{"0.20": {"activatedMoleculePct": 0.11350978041397856, "activatedTokens": {"-": 144101, "/": 17340, "\\": 9897, "others": 72}}, "0.00": {"activatedMoleculePct": 0.13413254257074494, "activatedTokens": {"-": 169103, "/": 34837, "\\": 11930, "others": 1253}}}