{"0.20": {"activatedMoleculePct": 0.30404640872162897, "activatedTokens": {"c": 428913, "O": 102878, "=": 67147, "2": 39423, "1": 29115, "C": 27443, "[C@H]": 20565, "N": 18546, "n": 16804, "[C@@H]": 16305, "/": 15399, "-": 12767, "S": 11259, "3": 9250, "[N+]": 8851, "others": 8180, "\\": 6814, "[C@@]": 5342}}, "0.00": {"activatedMoleculePct": 0.6786286840877582, "activatedTokens": {"c": 1098648, "=": 404787, "O": 375605, "C": 173475, "2": 120366, "1": 111775, "N": 93090, "[C@H]": 72701, "[C@@H]": 60468, "n": 51879, "-": 51316, "S": 41446, "/": 29377, "3": 29295, "others": 24277, "[N+]": 19209, ")": 17060, "[C@@]": 11121, "\\": 10442}}}