{"0.20": {"activatedMoleculePct": 0.2622332988876056, "activatedTokens": {"C": 439067, "others": 2648}}, "0.00": {"activatedMoleculePct": 0.40546698373336515, "activatedTokens": {"C": 755265, ")": 17448, "others": 6236}}}