{"0.20": {"activatedMoleculePct": 0.21642804883139635, "activatedTokens": {"o": 177278, "[nH]": 142459, "[S@]": 3717, "others": 1569}}, "0.00": {"activatedMoleculePct": 0.23269175419079516, "activatedTokens": {"o": 177278, "[nH]": 142495, "[O-]": 19135, "[S@]": 4337, "others": 3240, "C": 3026, "[C@@]": 2840}}}