{"0.20": {"activatedMoleculePct": 0.7673060487039642, "activatedTokens": {")": 2142914, "others": 82}}, "0.00": {"activatedMoleculePct": 0.9752642568328143, "activatedTokens": {")": 4563553, "others": 1049}}}