{"0.20": {"activatedMoleculePct": 0.6711277667963202, "activatedTokens": {"c": 1382747, "(": 753414, "C": 325592, ")": 129659, "-": 98006, "[C@@H]": 83216, "N": 44809, "O": 42931, "=": 28502, "others": 24811, "[C@H]": 24186, "F": 5586}}, "0.00": {"activatedMoleculePct": 0.8517891394158483, "activatedTokens": {"c": 1963684, "(": 1157405, "C": 663971, ")": 307494, "-": 141389, "[C@@H]": 137813, "N": 97976, "=": 69755, "O": 68783, "[C@H]": 48616, "others": 44926, "n": 19334, "1": 13296, "Br": 10408}}}