{"0.20": {"activatedMoleculePct": 0.958658535424294, "activatedTokens": {"c": 2216959, "C": 1087038, "N": 867589, "1": 685669, ")": 532863, "O": 304328, "[C@@H]": 211820, "n": 154086, "2": 141364, "[C@H]": 137894, "S": 73914, "others": 65655, "3": 50949, "Cl": 48179, "F": 39537, "=": 23835, "/": 23521, "o": 21521, "#": 19284, "Br": 18682, "-": 16189, "s": 12043}}, "0.00": {"activatedMoleculePct": 0.9994807507948028, "activatedTokens": {"c": 6042199, "C": 4693185, ")": 2178149, "1": 1986083, "N": 1500477, "O": 898305, "2": 702631, "n": 586163, "[C@@H]": 490392, "[C@H]": 369537, "=": 266526, "3": 257613, "(": 189448, "F": 186363, "others": 181581, "S": 174181, "Cl": 107057, "o": 76488, "-": 74654, "s": 53115, "Br": 43606, "#": 40257, "/": 39156}}}