{"0.20": {"activatedMoleculePct": 0.682567361415756, "activatedTokens": {")": 1640536, "others": 384}}, "0.00": {"activatedMoleculePct": 0.8852891353878221, "activatedTokens": {")": 2866238, "others": 5588}}}