{"0.20": {"activatedMoleculePct": 0.5497164635686994, "activatedTokens": {"C": 1148845, ")": 16005, "others": 9307, "c": 4214, "1": 3052}}, "0.00": {"activatedMoleculePct": 0.725677495710152, "activatedTokens": {"C": 1859181, ")": 59632, "c": 18959, "others": 18804, "1": 15401, "F": 6590, "#": 6312, "S": 5924, "2": 5560, "3": 5171}}}