{"0.20": {"activatedMoleculePct": 0.8545655480715642, "activatedTokens": {"1": 1424350, "others": 179}}, "0.00": {"activatedMoleculePct": 0.9483577736879071, "activatedTokens": {"1": 1761509, "others": 3679}}}