{"0.20": {"activatedMoleculePct": 0.35570035292833846, "activatedTokens": {"1": 300161, "2": 217138, "3": 69614, "4": 16492, "others": 2025}}, "0.00": {"activatedMoleculePct": 0.6779929883048088, "activatedTokens": {"1": 716444, "2": 534479, "3": 181479, "4": 36837, "others": 6240}}}