{"0.20": {"activatedMoleculePct": 0.003519762595455068, "activatedTokens": {"c": 1142, "C": 800, "2": 789, "[C@H]": 489, "-": 466, "O": 355, ")": 312, "[Si]": 240, "1": 214, "3": 175, "[C@@H]": 152, "n": 145, "=": 77, "(": 65, "4": 62, "others": 54, "5": 34, "6": 18, "B": 16, "[SiH]": 16}}, "0.00": {"activatedMoleculePct": 0.011136394096231746, "activatedTokens": {"c": 3132, "C": 2739, "2": 2325, "O": 2182, "[C@H]": 1414, ")": 1385, "-": 1157, "1": 784, "[C@@H]": 516, "n": 458, "3": 394, "[Si]": 299, "(": 283, "=": 187, "others": 160, "4": 127, "5": 72, "Br": 34, "6": 31}}}