{"0.20": {"activatedMoleculePct": 0.007029272033120629, "activatedTokens": {"c": 2318, "C": 2232, "3": 1210, "[nH]": 920, "n": 913, ")": 545, "2": 520, "(": 421, "=": 417, "[C@@H]": 212, "s": 173, "5": 95, "others": 77, "4": 49}}, "0.00": {"activatedMoleculePct": 0.01947953506323635, "activatedTokens": {"c": 7877, "C": 6790, ")": 2223, "n": 2206, "3": 2179, "[nH]": 1979, "=": 1548, "(": 1234, "2": 1135, "[C@@H]": 619, "s": 485, "others": 251, "5": 164, "4": 112}}}