{"0.20": {"activatedMoleculePct": 0.2003781950487501, "activatedTokens": {"c": 400642, "others": 652}}, "0.00": {"activatedMoleculePct": 0.3674878225442039, "activatedTokens": {"c": 827764, "others": 3492}}}