{"0.20": {"activatedMoleculePct": 0.45331041508444575, "activatedTokens": {"N": 779442, "others": 63}}, "0.00": {"activatedMoleculePct": 0.7442884418349344, "activatedTokens": {"N": 1605152, "others": 1688}}}