{"0.20": {"activatedMoleculePct": 0.14061107355688635, "activatedTokens": {"1": 188415, "2": 6945, "others": 1471}}, "0.00": {"activatedMoleculePct": 0.23223622103757563, "activatedTokens": {"1": 298547, "2": 32826, "3": 9659, "others": 2719}}}