{"0.20": {"activatedMoleculePct": 0.1961758650918793, "activatedTokens": {"F": 461609, "others": 34}}, "0.00": {"activatedMoleculePct": 0.21242858492507505, "activatedTokens": {"F": 533954, "others": 1117}}}