{"0.20": {"activatedMoleculePct": 0.5075818440011337, "activatedTokens": {"n": 1299222, "others": 8}}, "0.00": {"activatedMoleculePct": 0.5498131361992862, "activatedTokens": {"n": 1554251, "others": 348}}}