{"0.20": {"activatedMoleculePct": 0.25672222657574556, "activatedTokens": {"c": 503687, "C": 124998, "O": 79340, "n": 29399, "1": 27910, "o": 24971, "=": 20890, "N": 12570, "2": 10140, "3": 7079, "others": 6618, ")": 6238, "[C@H]": 4574}}, "0.00": {"activatedMoleculePct": 0.4820624666314642, "activatedTokens": {"c": 1142393, "C": 279981, "O": 145656, "=": 106071, "n": 77342, "1": 70949, "o": 48605, "2": 35606, "N": 28038, ")": 27115, "3": 22594, "others": 17207, "(": 11305, "[C@H]": 9416}}}