{"0.20": {"activatedMoleculePct": 0.4233858417073558, "activatedTokens": {"1": 416062, "2": 197590, "3": 8537, "others": 464}}, "0.00": {"activatedMoleculePct": 0.5647739581510041, "activatedTokens": {"1": 576633, "2": 289834, "3": 21243, "others": 4521}}}