{"0.20": {"activatedMoleculePct": 0.2138266762265157, "activatedTokens": {"2": 193378, "3": 125200, "4": 16371, "5": 3511, "others": 1485}}, "0.00": {"activatedMoleculePct": 0.3045759110846156, "activatedTokens": {"2": 295495, "3": 208680, "4": 33744, "5": 7565, "others": 5398, "1": 2381, "O": 1914}}}