{"0.20": {"activatedMoleculePct": 0.5134276086779798, "activatedTokens": {"n": 1238644, "others": 28}}, "0.00": {"activatedMoleculePct": 0.5522702322267002, "activatedTokens": {"n": 1521059, "others": 1102}}}