{"0.20": {"activatedMoleculePct": 0.5715915757126128, "activatedTokens": {")": 1529538, "others": 116}}, "0.00": {"activatedMoleculePct": 0.8569677164679629, "activatedTokens": {")": 2998958, "others": 2383}}}