{"0.20": {"activatedMoleculePct": 0.16234996517588193, "activatedTokens": {"[C@@H]": 272357, "others": 1374}}, "0.00": {"activatedMoleculePct": 0.27542178927856587, "activatedTokens": {"[C@@H]": 466812, "[C@]": 6322, "others": 3611, "[C@@]": 2593, "/": 2106}}}