{"0.20": {"activatedMoleculePct": 0.22602866636444263, "activatedTokens": {"N": 311445, "others": 166}}, "0.00": {"activatedMoleculePct": 0.3626805562777522, "activatedTokens": {"N": 507449, "others": 2897}}}