{"0.20": {"activatedMoleculePct": 0.4781948290395794, "activatedTokens": {"N": 710130, "O": 188661, "S": 34583, "-": 31804, "o": 12640, "F": 12435, "s": 12119, "others": 8913, "[nH]": 7802, "Cl": 7069, "Br": 7066, "/": 5365, "[N+]": 4430, "#": 3418}}, "0.00": {"activatedMoleculePct": 0.8505653517968292, "activatedTokens": {"N": 1512895, "O": 946244, "F": 98579, "S": 97226, "-": 87544, "o": 47209, "s": 40608, "Cl": 36897, "[nH]": 30315, "others": 28786, "Br": 25768, "/": 17624, "#": 14031, "[N+]": 11702, "[O-]": 10100}}}