{"0.20": {"activatedMoleculePct": 0.49962173171440855, "activatedTokens": {"C": 813705, "c": 457086, "N": 341138, ")": 238181, "=": 117049, "O": 107165, "n": 48483, "-": 42866, "o": 17444, "1": 16964, "others": 14222, "F": 8520}}, "0.00": {"activatedMoleculePct": 0.7304789030292955, "activatedTokens": {"C": 1502540, "c": 857711, ")": 722239, "N": 597488, "=": 384772, "O": 345993, "n": 91744, "-": 70093, "1": 51839, "others": 40325, "o": 21066, "F": 16673, "2": 14400}}}