{"0.20": {"activatedMoleculePct": 0.730882438025154, "activatedTokens": {"O": 1343200, "others": 296}}, "0.00": {"activatedMoleculePct": 0.8530934875603563, "activatedTokens": {"O": 1863766, "others": 2277}}}