{"0.20": {"activatedMoleculePct": 0.4230672614474676, "activatedTokens": {"(": 863087, "others": 112}}, "0.00": {"activatedMoleculePct": 0.8050559785796887, "activatedTokens": {"(": 2280721, "others": 1176}}}