{"0.20": {"activatedMoleculePct": 0.9976154084455261, "activatedTokens": {")": 5439253, "others": 72}}, "0.00": {"activatedMoleculePct": 0.9982313302813101, "activatedTokens": {")": 6078652, "others": 2550}}}