{"0.20": {"activatedMoleculePct": 0.610186658737558, "activatedTokens": {"C": 924250, "c": 828796, "O": 125324, "n": 95469, "[C@@H]": 77891, "[C@H]": 59158, "F": 25718, "o": 17902, "others": 17875, "S": 14283, "Cl": 14149, "s": 7696, "[C@]": 6608, "#": 6437}}, "0.00": {"activatedMoleculePct": 0.9420447579632248, "activatedTokens": {"C": 3101625, "c": 2394669, "O": 699482, "n": 320792, "[C@@H]": 201234, "[C@H]": 178800, "F": 94862, "others": 64887, "S": 57419, "o": 48308, "Cl": 42560, "s": 26786, "#": 21283, "-": 20832, "[C@]": 19296}}}