{"0.20": {"activatedMoleculePct": 0.1265950068586302, "activatedTokens": {"c": 390035, "n": 16182, "(": 15312, "1": 7480, "C": 6757, "O": 6361, "-": 5851, "2": 4798, "N": 4676, "o": 4518, "others": 3629, "=": 2944, "3": 2725, "S": 2644, "[C@@H]": 2356, "[nH]": 1989, ")": 1835, "[C@H]": 1832, "F": 1641}}, "0.00": {"activatedMoleculePct": 0.28883291966724106, "activatedTokens": {"c": 988981, "(": 55921, "1": 52887, "C": 50905, "n": 46535, "O": 29661, "2": 29120, ")": 29006, "=": 22114, "-": 18316, "3": 17657, "N": 16410, "others": 12859, "S": 11420, "o": 9014, "[C@@H]": 8537, "[C@H]": 8435, "F": 8090, "[nH]": 6248, "/": 3177}}}