{"0.20": {"activatedMoleculePct": 0.21380836701617728, "activatedTokens": {"N": 210160, "n": 42055, "=": 34419, "c": 27673, "[nH]": 12181, "O": 9512, "others": 2480, "[C@@H]": 2233, "/": 965}}, "0.00": {"activatedMoleculePct": 0.4594747600211801, "activatedTokens": {"N": 330782, "c": 268778, "n": 134218, "=": 124780, "O": 36245, "[nH]": 32588, "[C@@H]": 12943, "others": 8712, "#": 4194, "C": 2279, "[O-]": 2031, "/": 1918, "[C@H]": 1569, "o": 1492}}}