{"0.20": {"activatedMoleculePct": 0.4643127857610004, "activatedTokens": {"N": 752080, "others": 74}}, "0.00": {"activatedMoleculePct": 0.6573775498321778, "activatedTokens": {"N": 1167275, "others": 2626}}}