{"0.20": {"activatedMoleculePct": 0.24443601407026197, "activatedTokens": {"1": 334530, "others": 2274}}, "0.00": {"activatedMoleculePct": 0.5564974627096313, "activatedTokens": {"1": 769878, "2": 11806, "others": 4274}}}