{"0.20": {"activatedMoleculePct": 0.5979253467581346, "activatedTokens": {")": 1284000, "O": 157169, "=": 30174, "others": 14569, "N": 3138, "C": 2939}}, "0.00": {"activatedMoleculePct": 0.9430634824264538, "activatedTokens": {")": 3235831, "O": 694737, "=": 207008, "others": 40765, "C": 17314, "N": 12752, "n": 12623, "3": 8890}}}