{"0.20": {"activatedMoleculePct": 0.8015017946687973, "activatedTokens": {"O": 1609208, "others": 272}}, "0.00": {"activatedMoleculePct": 0.8506070967964009, "activatedTokens": {"O": 1894539, "others": 3701}}}