{"0.20": {"activatedMoleculePct": 0.3870764805010572, "activatedTokens": {"n": 905324, "others": 131}}, "0.00": {"activatedMoleculePct": 0.5092941213519814, "activatedTokens": {"n": 1370197, "others": 976}}}