{"0.20": {"activatedMoleculePct": 0.2251542184786804, "activatedTokens": {"O": 293369, ")": 200921, "C": 141192, "c": 75849, "1": 55480, "N": 16782, "2": 12507, "(": 5729, "others": 5681, "n": 4710, "3": 4262, "[C@H]": 3402}}, "0.00": {"activatedMoleculePct": 0.4128360747103666, "activatedTokens": {"O": 490781, "C": 390979, ")": 376997, "c": 165238, "1": 158387, "N": 42621, "2": 40141, "(": 22280, "3": 13448, "=": 11853, "n": 11483, "[C@H]": 11228, "others": 9514, "[C@@H]": 9045}}}