{"0.20": {"activatedMoleculePct": 0.9998520615804657, "activatedTokens": {"(": 5097430, "1": 4077800, "2": 2596755, "N": 1636661, "3": 935703, "O": 753765, "4": 189294, "F": 151564, "others": 130855, "S": 80644, "-": 73794, "Cl": 63431, "o": 30445}}, "0.00": {"activatedMoleculePct": 0.99993994579009, "activatedTokens": {"(": 6008757, "1": 4081166, "2": 2650427, "N": 2349034, "O": 2155218, "3": 986119, "F": 433074, "4": 201026, "others": 189548, "S": 172150, "-": 170113, "Cl": 158928, "o": 130945, "[nH]": 80228, "s": 70879, "#": 62805}}}