{"0.20": {"activatedMoleculePct": 0.9134948400983425, "activatedTokens": {")": 3030419, "others": 172}}, "0.00": {"activatedMoleculePct": 0.9738178292160802, "activatedTokens": {")": 3928735, "others": 4635}}}