{"0.20": {"activatedMoleculePct": 0.4304846887397624, "activatedTokens": {"C": 782342, "N": 151175, "1": 50978, "2": 48218, ")": 14837, "others": 8602, "=": 8199, "[N+]": 7149}}, "0.00": {"activatedMoleculePct": 0.6686406436639513, "activatedTokens": {"C": 1458449, "N": 299621, "1": 168360, "2": 139222, ")": 95401, "=": 39959, "3": 17370, "[N+]": 15423, "others": 15117, "4": 8293}}}