{"0.20": {"activatedMoleculePct": 0.9112808903842224, "activatedTokens": {"1": 935318, "C": 288018, "c": 235826, "O": 83362, "2": 77281, "n": 68036, "F": 28321, "Cl": 17326, "=": 16641, "others": 13505, ")": 12404, "N": 11865, "Br": 6810, "s": 4723}}, "0.00": {"activatedMoleculePct": 0.9892854501099652, "activatedTokens": {"1": 1028726, "C": 458194, "c": 330080, "n": 117867, "O": 110869, "2": 96007, ")": 56752, "F": 42137, "=": 30994, "others": 23393, "Cl": 21355, "o": 17565, "s": 16602, "N": 16516, "Br": 7494}}}