{"0.20": {"activatedMoleculePct": 0.31511249545016123, "activatedTokens": {"N": 596359, "others": 17}}, "0.00": {"activatedMoleculePct": 0.43589615894738154, "activatedTokens": {"N": 895031, "others": 1280}}}