{"0.20": {"activatedMoleculePct": 0.1679950609074191, "activatedTokens": {"n": 318599, "others": 2737}}, "0.00": {"activatedMoleculePct": 0.2677070204103753, "activatedTokens": {"n": 519766, "3": 5312, "others": 5209, "[nH]": 3933, "s": 2452, "2": 1979}}}