{"0.20": {"activatedMoleculePct": 0.4855485402798966, "activatedTokens": {"c": 815624, "others": 591}}, "0.00": {"activatedMoleculePct": 0.6806185290673361, "activatedTokens": {"c": 1329137, "others": 5676}}}