{"0.20": {"activatedMoleculePct": 0.7690849715804438, "activatedTokens": {"c": 4982130, "others": 49}}, "0.00": {"activatedMoleculePct": 0.8296459804325808, "activatedTokens": {"c": 5993940, "others": 2227}}}