{"0.20": {"activatedMoleculePct": 0.0002717086814219372, "activatedTokens": {".": 285, "O": 35, "/": 24, "[C@]": 20, "C": 11, "c": 11, "=": 10, "S": 9, "N": 9, "[C@H]": 8, "3": 6, ")": 3, "[C@@]": 3, "[C@@H]": 3, "o": 3, "others": 3, "-": 2, "[nH]": 2, "2": 2, "4": 2}}, "0.00": {"activatedMoleculePct": 0.0036720952254706016, "activatedTokens": {".": 2096, "O": 546, "c": 358, "/": 328, "[C@]": 302, ")": 278, "=": 233, "N": 178, "C": 162, "[C@@]": 144, "3": 139, "2": 137, "(": 134, "4": 132, "[C@H]": 120, "o": 115, "[C@@H]": 110, "1": 100, "n": 68, "F": 59, "-": 38, "S": 36, "others": 35, "[nH]": 32}}}