{"0.20": {"activatedMoleculePct": 0.09014283381169197, "activatedTokens": {"2": 70237, "3": 49578, "4": 7956, "5": 1485, "others": 731}}, "0.00": {"activatedMoleculePct": 0.13414718993901567, "activatedTokens": {"2": 95938, "3": 79509, "4": 17362, "5": 3240, "others": 1955, "[O-]": 1763, "F": 509}}}