{"0.20": {"activatedMoleculePct": 0.425806319314093, "activatedTokens": {"1": 425224, "2": 214729, "n": 32874, "3": 18460, "others": 5546, "/": 2695, "4": 2635}}, "0.00": {"activatedMoleculePct": 0.758717564318425, "activatedTokens": {"1": 996438, "2": 410716, "n": 119360, "3": 67917, "others": 14276, "4": 10677, ")": 9028, "/": 8403, "C": 8199, "(": 3478, "O": 2640}}}