{"0.20": {"activatedMoleculePct": 0.19742382086854499, "activatedTokens": {"n": 111746, "s": 93840, "o": 69383, "[nH]": 46058, "others": 1043}}, "0.00": {"activatedMoleculePct": 0.30372343425125947, "activatedTokens": {"n": 207583, "s": 126054, "o": 101163, "[nH]": 86625, "others": 4066, "Cl": 2010, "F": 1909, "c": 1800}}}