{"0.20": {"activatedMoleculePct": 0.1595427970467976, "activatedTokens": {"[C@H]": 108917, "[C@@H]": 88421, "[C@@]": 23108, "[C@]": 10564, "others": 1204}}, "0.00": {"activatedMoleculePct": 0.45624135347541767, "activatedTokens": {"[C@H]": 345206, "[C@@H]": 321712, "[C@@]": 43291, "[C@]": 36201, "others": 5655}}}