{"0.20": {"activatedMoleculePct": 0.2031524065992253, "activatedTokens": {"O": 316409, "others": 540}}, "0.00": {"activatedMoleculePct": 0.38859614495914485, "activatedTokens": {"O": 669790, "o": 6105, "others": 1948}}}