{"0.20": {"activatedMoleculePct": 0.9732414552746271, "activatedTokens": {")": 4529943, "others": 29}}, "0.00": {"activatedMoleculePct": 0.9950550484718035, "activatedTokens": {")": 5849793, "others": 800}}}