{"0.20": {"activatedMoleculePct": 0.945253263982927, "activatedTokens": {"C": 2250070, "others": 100}}, "0.00": {"activatedMoleculePct": 0.9724512297564216, "activatedTokens": {"C": 2503044, "others": 3039}}}