{"0.20": {"activatedMoleculePct": 0.6481497078216214, "activatedTokens": {"N": 964025, "others": 6580}}, "0.00": {"activatedMoleculePct": 0.7792575688444618, "activatedTokens": {"N": 1238253, "-": 16808, "others": 9227}}}