{"0.20": {"activatedMoleculePct": 0.28206217368409875, "activatedTokens": {"N": 459139, "others": 42}}, "0.00": {"activatedMoleculePct": 0.5008140274916455, "activatedTokens": {"N": 901640, "others": 1154}}}