{"0.20": {"activatedMoleculePct": 0.9355340027668879, "activatedTokens": {"(": 3638644, "others": 101}}, "0.00": {"activatedMoleculePct": 0.9898728095776211, "activatedTokens": {"(": 5303305, "others": 1867}}}