{"0.20": {"activatedMoleculePct": 0.11085201544125563, "activatedTokens": {")": 148328, ".": 4113, "[N+]": 2739, "others": 1575, "C": 1171, "=": 513, "[Si]": 491, "N": 403, "[C@H]": 227, "(": 201}}, "0.00": {"activatedMoleculePct": 0.2004126163641863, "activatedTokens": {")": 271283, "C": 9135, "[N+]": 6450, ".": 6033, "N": 3640, "others": 2655, "-": 2238, "=": 2113, "c": 2103, "(": 1075, "[C@H]": 1052, "[Si]": 897, "[S@]": 804, "O": 743, "o": 691, "[C@@H]": 542, "#": 537}}}