{"0.20": {"activatedMoleculePct": 0.43731036235391996, "activatedTokens": {"c": 305235, "C": 266545, "2": 101398, "(": 87606, "O": 78977, "1": 70758, "3": 49486, "[C@H]": 45852, ")": 32948, "n": 31843, "[C@@H]": 31467, "F": 21691, "4": 16643, "-": 15499, "S": 14480, "others": 12341, "N": 12308, "o": 11940, "#": 11244, "s": 8067, "Cl": 7322, "Br": 7166, "[C@@]": 5869, "/": 4841, "=": 4647}}, "0.00": {"activatedMoleculePct": 0.9837685188507967, "activatedTokens": {"c": 3341510, "C": 2721343, "(": 1609764, ")": 977245, "O": 933501, "2": 754482, "1": 715012, "3": 278584, "n": 269060, "[C@H]": 215681, "[C@@H]": 200404, "=": 195910, "F": 181809, "N": 115630, "others": 113397, "-": 79400, "4": 76297, "S": 75332, "o": 66770, "s": 60314, "Cl": 41181, "#": 41038, "[nH]": 32592}}}