{"0.20": {"activatedMoleculePct": 0.9983660860694007, "activatedTokens": {"(": 5235609, ")": 2828084, "1": 1097599, "=": 980825, "O": 894752, "2": 752087, "3": 252167, "others": 55900}}, "0.00": {"activatedMoleculePct": 0.9995364107942316, "activatedTokens": {"(": 5988495, ")": 5190417, "O": 2376361, "=": 2057515, "1": 1768293, "2": 1131930, "3": 403013, "others": 124344}}}