{"0.20": {"activatedMoleculePct": 0.07833119603817983, "activatedTokens": {"C": 475368, "O": 44244, "c": 41439, "1": 39582, "(": 35933, "2": 17048, "=": 15508, ")": 15337, "N": 12558, "n": 10355, "3": 7799, "others": 6704, "F": 3882, "4": 2464, "S": 2416, "Cl": 2031, "o": 1845, "[nH]": 1732, "s": 1370}}, "0.00": {"activatedMoleculePct": 0.34187470201760173, "activatedTokens": {"C": 1723581, "c": 401135, "(": 378313, "O": 245782, "1": 211772, ")": 191647, "=": 138292, "2": 105269, "n": 80748, "N": 60527, "3": 38075, "F": 33883, "others": 32783, "[nH]": 15199, "o": 13011, "s": 12730, "Cl": 12696, "S": 11614, "[N+]": 9854}}}