{"0.20": {"activatedMoleculePct": 0.5651079181475767, "activatedTokens": {"n": 1698539, "others": 528}}, "0.00": {"activatedMoleculePct": 0.565641082352631, "activatedTokens": {"n": 1698554, "others": 1955}}}