{"0.20": {"activatedMoleculePct": 0.1896731659480912, "activatedTokens": {"F": 480299, "others": 95}}, "0.00": {"activatedMoleculePct": 0.2126321833440381, "activatedTokens": {"F": 550694, "others": 1088}}}