{"0.20": {"activatedMoleculePct": 0.3990580277465097, "activatedTokens": {"c": 775967, "[C@@H]": 32744, "[C@H]": 10406, "others": 6073}}, "0.00": {"activatedMoleculePct": 0.5552143532491158, "activatedTokens": {"c": 1175347, "[C@@H]": 76903, "[C@H]": 42079, ")": 18155, "others": 10265, "1": 7224, "/": 4949}}}