{"0.20": {"activatedMoleculePct": 0.44454762701648487, "activatedTokens": {"C": 804205, "F": 73710, "2": 34614, "3": 32253, "others": 6595, "4": 3686}}, "0.00": {"activatedMoleculePct": 0.665489262380505, "activatedTokens": {"C": 1493776, "F": 200324, "3": 51090, "2": 49913, "=": 30038, "others": 18283}}}