{"0.20": {"activatedMoleculePct": 0.7275150080597144, "activatedTokens": {")": 1474247, "others": 197}}, "0.00": {"activatedMoleculePct": 0.9032929480977829, "activatedTokens": {")": 2418633, "others": 2516}}}