{"0.20": {"activatedMoleculePct": 0.23379323628475362, "activatedTokens": {"s": 147981, "Cl": 111853, "Br": 64281, "[O-]": 14398, "\\": 12609, "I": 4967, "S": 4567, "others": 1822}}, "0.00": {"activatedMoleculePct": 0.271238500900447, "activatedTokens": {"s": 161660, "Cl": 150825, "Br": 68219, "[O-]": 23677, "\\": 12859, "S": 6700, "I": 6186, "others": 3474, "/": 3436, "[N-]": 2050}}}