{"0.20": {"activatedMoleculePct": 0.5049841332383207, "activatedTokens": {"C": 914171, "(": 294096, "c": 285122, "N": 190195, "1": 156128, "=": 138217, "O": 136685, ")": 113403, "n": 81043, "2": 54354, "[C@@H]": 39456, "[C@H]": 32247, "others": 23363, "3": 15093, "S": 11414, "F": 9578, "s": 6657, "o": 5696, "#": 5565, "Cl": 4764}}, "0.00": {"activatedMoleculePct": 0.8177354729232412, "activatedTokens": {"C": 2457799, "(": 1057903, "c": 990945, ")": 625070, "1": 489202, "=": 481938, "N": 462244, "O": 461754, "2": 210239, "n": 182095, "[C@@H]": 110704, "[C@H]": 83847, "others": 75143, "3": 65031, "F": 60774, "S": 37227, "s": 24926, "Cl": 19302, "#": 19060, "-": 18897, "4": 15798}}}