{"0.20": {"activatedMoleculePct": 0.8660117340067217, "activatedTokens": {"1": 1206306, "2": 629751, "3": 238748, "4": 26923, "others": 3120}}, "0.00": {"activatedMoleculePct": 0.9658189014034376, "activatedTokens": {"1": 1697293, "2": 992076, "3": 366616, "4": 56516, "others": 9052}}}