{"0.20": {"activatedMoleculePct": 0.5840308532165255, "activatedTokens": {"C": 532980, "N": 302079, "c": 271753, "(": 178274, "1": 128461, ")": 121655, "2": 88605, "S": 86942, "n": 82970, "O": 81186, "3": 43381, "[C@@H]": 36010, "[C@H]": 24010, "others": 19872, "F": 11989, "-": 10696, "[nH]": 10421, "o": 9606, "4": 6765, "s": 6677, "Cl": 6654, "#": 4911}}, "0.00": {"activatedMoleculePct": 0.9540145873140609, "activatedTokens": {"C": 2135591, "c": 1405950, ")": 827727, "(": 770332, "N": 681378, "1": 588400, "O": 416170, "2": 406888, "n": 332642, "3": 188317, "S": 121433, "[C@@H]": 102546, "F": 100926, "[C@H]": 78082, "others": 73464, "-": 52709, "[nH]": 36513, "Cl": 35992, "o": 35891, "4": 33543, "s": 30030, "#": 15854}}}