{"0.20": {"activatedMoleculePct": 0.23501482679853203, "activatedTokens": {"(": 114366, "-": 112274, "O": 69024, "F": 49416, "Cl": 14589, "Br": 9175, "=": 6535, ")": 6482, "N": 4006, "others": 3794, "C": 3108, "2": 2238, "3": 1856, "[C@H]": 1652, "o": 1488, "[O-]": 1341, "#": 1081}}, "0.00": {"activatedMoleculePct": 0.42076908936579094, "activatedTokens": {"(": 280145, "O": 146780, "-": 143565, "F": 122171, "Cl": 36625, "=": 35866, ")": 34231, "Br": 21377, "C": 19037, "2": 14102, "3": 13434, "N": 11460, "others": 7721, "[O-]": 5292, "1": 4939, "#": 4635, "[nH]": 4429, "[C@H]": 4363, "o": 3938, "4": 3250, "S": 2973}}}