{"0.20": {"activatedMoleculePct": 0.9946654284758022, "activatedTokens": {"C": 3358189, "(": 1890042, "1": 1809564, "c": 1211840, "O": 1194717, "N": 937040, ")": 889335, "2": 660278, "n": 443554, "=": 409054, "3": 219216, "[C@@H]": 159399, "[C@H]": 133769, "others": 128573, "F": 125409, "4": 58428, "Cl": 56513, "s": 48921, "-": 46573, "o": 41992}}, "0.00": {"activatedMoleculePct": 0.9996902081610742, "activatedTokens": {"C": 7636049, "(": 4482877, "c": 4257383, ")": 3085258, "1": 2988856, "O": 2487468, "N": 1744864, "=": 1495301, "2": 1426465, "n": 987729, "3": 498676, "[C@@H]": 357509, "F": 306687, "[C@H]": 305696, "others": 293103, "-": 118571, "4": 112861, "Cl": 108267, "s": 97489, "o": 93598}}}