{"0.20": {"activatedMoleculePct": 0.09888072135359259, "activatedTokens": {"n": 194144, "others": 87}}, "0.00": {"activatedMoleculePct": 0.18635553703477212, "activatedTokens": {"n": 366131, "others": 2150}}}