{"0.20": {"activatedMoleculePct": 0.9785203667993962, "activatedTokens": {"1": 1775320, "2": 1062648, "3": 321278, "4": 53312, "others": 7270}}, "0.00": {"activatedMoleculePct": 0.9903759466777206, "activatedTokens": {"1": 1959349, "2": 1238295, "3": 432479, "4": 81426, "others": 12999}}}