{"0.20": {"activatedMoleculePct": 0.9509401047140358, "activatedTokens": {"c": 2223021, "C": 1599761, ")": 780601, "(": 763673, "O": 516820, "1": 489762, "N": 412643, "n": 356907, "2": 251267, "=": 162942, "3": 121753, "[C@@H]": 108860, "others": 77071, "[C@H]": 64259, "F": 46049, "S": 40298, "4": 28840}}, "0.00": {"activatedMoleculePct": 0.9997019260556907, "activatedTokens": {"c": 6336383, "C": 5407443, ")": 3341614, "(": 3303852, "O": 1824318, "1": 1632607, "N": 1042775, "n": 918384, "2": 852286, "=": 805330, "3": 377595, "[C@@H]": 307157, "others": 254636, "[C@H]": 241073, "F": 146632, "S": 100669, "4": 80883}}}