{"0.20": {"activatedMoleculePct": 0.6405023168474763, "activatedTokens": {"C": 1203482, "others": 442}}, "0.00": {"activatedMoleculePct": 0.8055195677854571, "activatedTokens": {"C": 1595005, "others": 4828}}}