{"0.20": {"activatedMoleculePct": 0.4296131703276543, "activatedTokens": {"C": 775487, "c": 208340, "(": 70298, "=": 17083, "1": 14190, ")": 12546, "others": 10236}}, "0.00": {"activatedMoleculePct": 0.7625200211215051, "activatedTokens": {"C": 1761727, "c": 774093, "(": 385809, "=": 150368, ")": 108950, "1": 84943, "2": 58665, "3": 18838, "others": 15946}}}