{"0.20": {"activatedMoleculePct": 0.31195452285099307, "activatedTokens": {"n": 277354, ")": 59252, "1": 58289, "2": 53303, "3": 19967, "N": 16527, "(": 11793, "[C@H]": 10510, "C": 8119, "[C@]": 8053, "[C@@]": 4760, "others": 4277, "4": 3069, "[C@@H]": 2873, "O": 2415}}, "0.00": {"activatedMoleculePct": 0.5758041588272731, "activatedTokens": {"n": 439034, ")": 271551, "1": 178268, "2": 146844, "(": 100135, "N": 62783, "C": 58362, "3": 56331, "[C@H]": 39028, "O": 16559, "[C@]": 16182, "[C@@H]": 12965, "S": 11256, "4": 9653, "[C@@]": 9623, "others": 9119, "=": 6201, "c": 6029}}}