{"0.20": {"activatedMoleculePct": 0.24256115093160924, "activatedTokens": {"N": 198703, "[C@@H]": 71389, "n": 43181, "c": 21086, "O": 20986, "[C@H]": 13654, "(": 12778, "S": 6871, "C": 6727, "1": 6382, "2": 5629, "others": 4211, "3": 4204, "=": 3677, "[C@@]": 1924, "#": 1733, "[C@]": 1686, ".": 1196}}, "0.00": {"activatedMoleculePct": 0.41220404076948486, "activatedTokens": {"N": 313577, "[C@@H]": 116194, "n": 115956, "(": 72072, "c": 64584, "O": 56293, "[C@H]": 28722, "C": 24932, "2": 21704, "1": 19703, "S": 13704, "3": 12803, "=": 9594, "others": 8425, ")": 5853, "[C@@]": 4475, "[nH]": 4120, ".": 4063, "#": 3976, "[C@]": 3772, "4": 2636}}}