{"0.20": {"activatedMoleculePct": 0.9043644030867863, "activatedTokens": {"1": 1408707, "2": 702091, "3": 177776, "4": 31366, "others": 2748}}, "0.00": {"activatedMoleculePct": 0.9802231233608679, "activatedTokens": {"1": 1835468, "2": 1052854, "3": 334458, "4": 66825, "others": 8952}}}