{"0.20": {"activatedMoleculePct": 0.007914705445085917, "activatedTokens": {"/": 1405, "N": 1357, "[nH]": 960, "1": 942, "3": 907, ".": 866, "[Si]": 816, "c": 575, "=": 566, "o": 560, "C": 490, "O": 437, "2": 350, "#": 278, "s": 211, "P": 210, "[N+]": 201, "[n+]": 119, "others": 117, "[C@@]": 75, "[NH+]": 64, "B": 52, "[P+]": 48, ")": 47, "S": 37, "[SiH]": 36, "[O-]": 35, "5": 34, "[N-]": 34, "[c-]": 30, "\\": 25, "[Sn]": 22, "(": 21, "[NH2+]": 21, "[B-]": 16, "n": 15, "[C-]": 11, "[C]": 9, "[Al]": 9, "[CH]": 9, "[I-]": 8, "[SiH2]": 8, "[Ge]": 7, "[cH-]": 7, "[Se]": 7, "[S+]": 6, "Cl": 5}}, "0.00": {"activatedMoleculePct": 0.018021389551885737, "activatedTokens": {"/": 3107, "[nH]": 2545, "N": 2537, "3": 2429, "1": 2382, "C": 1641, "o": 1555, "c": 1526, ".": 1466, "2": 1372, "=": 1359, "O": 1030, "[Si]": 1030, "#": 763, "s": 661, "[N+]": 373, "P": 303, "others": 273, "[C@@]": 214, "[n+]": 187, "n": 116, ")": 109, "[NH+]": 103, "S": 91, "B": 86, "5": 81, "\\": 62, "[O-]": 61, "(": 60, "[P+]": 60, "[N-]": 57, "[SiH]": 44, "[c-]": 40, "[NH2+]": 35, "[Sn]": 26, "[B-]": 17, "Cl": 17, "[C-]": 17, "[CH]": 16, "[C@@H]": 14}}}