{"0.20": {"activatedMoleculePct": 0.03540415384716789, "activatedTokens": {")": 27640, "#": 7201, "O": 5051, "[C@H]": 3032, "[C@@H]": 2273, "C": 1902, ".": 1475, "others": 441, "=": 369, "F": 344, "/": 328, "[C@]": 233, "P": 210, "[C@@]": 178, "[S@@]": 145, "2": 137, "[Si]": 101, "(": 89}}, "0.00": {"activatedMoleculePct": 0.1114196009617462, "activatedTokens": {")": 79879, "O": 29111, "C": 15132, "#": 12260, "[C@H]": 7501, "[C@@H]": 7058, "=": 3266, ".": 3070, "/": 2623, "2": 2594, "1": 2394, "F": 2050, "others": 1607, "(": 1464, "[C@]": 1085, "S": 804, "N": 781, "-": 763, "[C@@]": 539, "n": 467, "[S@@]": 448, "P": 391, "3": 373}}}