{"0.20": {"activatedMoleculePct": 0.3479738661655314, "activatedTokens": {"C": 789194, "others": 1435}}, "0.00": {"activatedMoleculePct": 0.5197369625605943, "activatedTokens": {"C": 1384181, "others": 11782, "F": 2912, "O": 2861}}}