{"0.20": {"activatedMoleculePct": 0.10694775942869404, "activatedTokens": {"1": 105120, "(": 21591, "2": 16606, "3": 4970, ")": 4854, "others": 1097}}, "0.00": {"activatedMoleculePct": 0.28399123208535315, "activatedTokens": {"1": 207765, "(": 144678, ")": 49438, "2": 43701, "3": 11618, "C": 8961, "others": 1343}}}