{"0.20": {"activatedMoleculePct": 0.005155141262881445, "activatedTokens": {"1": 1364, "c": 1260, "N": 982, "[C@@]": 742, "F": 448, "O": 389, "n": 345, "=": 311, "[C@H]": 267, "[C@@H]": 248, ")": 240, "C": 208, "(": 139, "2": 115, "Cl": 89, "others": 64, "3": 47, "[S@]": 36, "o": 30, ".": 21}}, "0.00": {"activatedMoleculePct": 0.014018263803496767, "activatedTokens": {"c": 3648, "1": 2731, "O": 2438, "N": 2350, "[C@@]": 1561, "=": 1427, ")": 1074, "F": 914, "n": 831, "C": 812, "[C@H]": 774, "(": 654, "[C@@H]": 537, "2": 373, "Cl": 203, "others": 162, "3": 145, "o": 93, "S": 65, "[S@]": 55}}}