{"0.20": {"activatedMoleculePct": 0.42112209094111536, "activatedTokens": {"1": 454216, "2": 160700, "3": 107601, "4": 15023, "others": 2754}}, "0.00": {"activatedMoleculePct": 0.8620305793107388, "activatedTokens": {"1": 1216250, "2": 619952, "3": 265262, "4": 44709, "others": 10739}}}