{"0.20": {"activatedMoleculePct": 0.30923304182629247, "activatedTokens": {"C": 381241, "(": 232780, "c": 54799, "1": 39299, "[C@]": 19004, "2": 16249, "3": 7891, "O": 7466, "others": 6203, "[C@H]": 3906, "[C@@H]": 2979}}, "0.00": {"activatedMoleculePct": 0.5898707589460632, "activatedTokens": {"C": 951591, "(": 509039, "c": 161786, "1": 108478, "2": 42805, "O": 37666, "[C@]": 31130, "3": 19436, "others": 16166, "[C@H]": 14887, "[C@@H]": 9856, "n": 9239}}}