{"0.20": {"activatedMoleculePct": 0.4533572866629121, "activatedTokens": {"=": 296408, "O": 264547, "c": 145770, "N": 132608, "1": 94237, "n": 85866, "(": 77546, "C": 67343, ")": 67264, "[C@H]": 45666, "[C@@H]": 36821, "F": 18085, "o": 14354, "Cl": 14234, "others": 13351, "2": 10163, "s": 9972, "#": 7782, "S": 5958, "[C@@]": 5736, "[nH]": 5652, "/": 4543, "[N+]": 3144}}, "0.00": {"activatedMoleculePct": 0.8873903003662574, "activatedTokens": {"O": 1023423, "=": 1019301, "c": 566485, "N": 432623, "(": 400409, "1": 372162, ")": 340530, "C": 292831, "n": 274276, "[C@H]": 151049, "[C@@H]": 138797, "2": 79123, "F": 70574, "Cl": 54398, "o": 45702, "others": 42259, "s": 38244, "S": 37290, "-": 27973, "[nH]": 23075, "#": 17560, "/": 16358, "[C@@]": 14401, "[N+]": 13472}}}