{"0.20": {"activatedMoleculePct": 0.41990855647988584, "activatedTokens": {"C": 979724, "others": 1117}}, "0.00": {"activatedMoleculePct": 0.617455415241905, "activatedTokens": {"C": 1812671, "others": 14983}}}