{"0.20": {"activatedMoleculePct": 0.4468538551507104, "activatedTokens": {"c": 872839, "others": 1701}}, "0.00": {"activatedMoleculePct": 0.6518093527840619, "activatedTokens": {"c": 1520627, "others": 13323, "n": 3995}}}