{"0.20": {"activatedMoleculePct": 0.2165261861988102, "activatedTokens": {"C": 193229, ")": 128725, "1": 23954, "c": 13759, "O": 12469, "N": 8086, "2": 5140, "n": 3226, "others": 2887}}, "0.00": {"activatedMoleculePct": 0.5325944224286362, "activatedTokens": {"C": 699379, ")": 356443, "1": 58883, "c": 43866, "O": 42050, "N": 18701, "n": 16760, "2": 15965, "others": 9842, "(": 7468, "3": 4834, "=": 4038, "[C@@H]": 3089}}}