{"0.20": {"activatedMoleculePct": 0.3337329623643196, "activatedTokens": {"Cl": 121471, "s": 109862, "[nH]": 98452, "o": 94709, "-": 41223, "Br": 38391, "#": 26699, "[O-]": 6394, "/": 5869, "others": 5388}}, "0.00": {"activatedMoleculePct": 0.45746001451554197, "activatedTokens": {"Cl": 157600, "s": 145418, "o": 142983, "[nH]": 129726, "-": 121759, "Br": 55017, "#": 51900, "/": 16639, "[O-]": 15277, "others": 7993, "[N+]": 6329, "\\": 3544, "S": 3051}}}