{"0.20": {"activatedMoleculePct": 0.23389869733630284, "activatedTokens": {"N": 347255, "others": 92}}, "0.00": {"activatedMoleculePct": 0.4060968205690063, "activatedTokens": {"N": 648189, "others": 1598}}}