{"0.20": {"activatedMoleculePct": 0.36366192995189073, "activatedTokens": {")": 695932, "others": 1265}}, "0.00": {"activatedMoleculePct": 0.6719912291558795, "activatedTokens": {")": 1609968, "others": 7298}}}