{"0.20": {"activatedMoleculePct": 0.25785812998514024, "activatedTokens": {"C": 278427, "c": 210775, ")": 34781, "[O-]": 27023, "O": 11539, "n": 7882, "s": 6616, "others": 5872, "S": 5358, "=": 4787, "2": 4251, "1": 2400, "3": 2215, "o": 2055}}, "0.00": {"activatedMoleculePct": 0.42966223901136125, "activatedTokens": {"C": 554206, "c": 424953, ")": 133194, "O": 37480, "[O-]": 29864, "n": 23263, "=": 22998, "S": 16374, "s": 14294, "others": 12749, "2": 12474, "1": 9431, "F": 6553, "o": 5969, "3": 5823, "N": 4319}}}