{"0.20": {"activatedMoleculePct": 0.5444368196755168, "activatedTokens": {")": 974348, "others": 318}}, "0.00": {"activatedMoleculePct": 0.7960178199882382, "activatedTokens": {")": 1806093, "others": 3330}}}