{"0.20": {"activatedMoleculePct": 0.4216669730407863, "activatedTokens": {"C": 1202158, "others": 2994}}, "0.00": {"activatedMoleculePct": 0.7056640640734477, "activatedTokens": {"C": 2801186, "others": 17122}}}