{"0.20": {"activatedMoleculePct": 0.0001310939460229832, "activatedTokens": {".": 168, "(": 38, "1": 7, "F": 4, "others": 2}}, "0.00": {"activatedMoleculePct": 0.0005302347314002225, "activatedTokens": {".": 616, "(": 175, "F": 44, "1": 32, "O": 21, "c": 12, "2": 10, "C": 6, "others": 6}}}