{"0.20": {"activatedMoleculePct": 0.0030986507576717423, "activatedTokens": {"c": 867, "[C@H]": 639, "O": 517, ")": 373, "F": 367, "1": 344, "-": 300, "N": 249, "C": 181, "2": 173, "(": 117, "o": 69, "s": 62, "3": 49, "others": 39, "S": 36, "Cl": 29, "=": 25, "4": 23, "[C@@H]": 16}}, "0.00": {"activatedMoleculePct": 0.009208068063390881, "activatedTokens": {"c": 2363, ")": 2223, "[C@H]": 1710, "O": 1527, "F": 1022, "(": 829, "-": 788, "N": 706, "1": 690, "C": 527, "2": 471, "3": 188, "s": 139, "=": 134, "o": 124, "others": 123, "S": 96, "Cl": 80, "4": 76}}}