{"0.20": {"activatedMoleculePct": 0.0871650238422537, "activatedTokens": {"s": 95296, "c": 18452, ")": 10984, "C": 2244, "n": 1910, "[C@H]": 1601, "[C@@H]": 966, "others": 680}}, "0.00": {"activatedMoleculePct": 0.2050389876324946, "activatedTokens": {"s": 133624, "c": 119569, ")": 87484, "C": 11815, "n": 11222, "[C@H]": 7214, "[C@@H]": 4912, "(": 2264, "others": 2056}}}