{"0.20": {"activatedMoleculePct": 0.3442819969928953, "activatedTokens": {"N": 538620, "others": 444}}, "0.00": {"activatedMoleculePct": 0.4840354671375307, "activatedTokens": {"N": 811978, "others": 1608}}}