{"0.20": {"activatedMoleculePct": 5.199815736107154e-05, "activatedTokens": {".": 249, "2": 2, "others": 1}}, "0.00": {"activatedMoleculePct": 0.0004101263115802826, "activatedTokens": {".": 955, "C": 48, "F": 41, "O": 32, "3": 22, "2": 18, ")": 16, "c": 11, "#": 8, "n": 7, "1": 7, "others": 7, "Br": 6}}}