{"0.20": {"activatedMoleculePct": 0.6117488005636307, "activatedTokens": {")": 1327764, "others": 2}}, "0.00": {"activatedMoleculePct": 0.9141363948286002, "activatedTokens": {")": 2887820, "others": 231}}}