{"0.20": {"activatedMoleculePct": 0.4831632163570091, "activatedTokens": {"1": 658659, "2": 9321, "others": 938}}, "0.00": {"activatedMoleculePct": 0.5972193436074856, "activatedTokens": {"1": 811285, "2": 33990, "others": 5723}}}