{"0.20": {"activatedMoleculePct": 0.005060665737535273, "activatedTokens": {"c": 1111, "C": 990, "3": 971, ")": 883, "2": 790, "O": 665, "n": 553, "=": 429, "-": 424, "4": 311, "N": 266, "[nH]": 240, "[C@H]": 203, "Cl": 148, "5": 124, "others": 59, ".": 28}}, "0.00": {"activatedMoleculePct": 0.012159512769941842, "activatedTokens": {"c": 4260, "C": 2439, "O": 2079, "3": 1813, "2": 1777, ")": 1768, "=": 1445, "n": 1388, "-": 652, "N": 606, "4": 586, "[nH]": 532, "[C@H]": 392, "Cl": 351, "5": 229, "others": 164, ".": 54}}}