{"0.20": {"activatedMoleculePct": 0.39742924039480515, "activatedTokens": {"O": 438573, "s": 54778, "#": 45403, "o": 41344, "[nH]": 40405, "S": 26546, "Br": 17395, "-": 12624, "others": 6969, "/": 3979, "Cl": 3368, "\\": 3205, "[O-]": 1938, "[S@]": 966}}, "0.00": {"activatedMoleculePct": 0.6232081691302319, "activatedTokens": {"O": 731120, "s": 104664, "o": 95668, "[nH]": 86101, "#": 64960, "S": 56788, "-": 54512, "Br": 35626, "Cl": 18512, "others": 12184, "/": 7893, "[O-]": 6855, "\\": 5476, "1": 4356, "=": 3769, "N": 3712, "2": 3555, "[C@@H]": 2420, "[C@@]": 2193, "[C@]": 1931, "[S@]": 1809, ")": 1744}}}