{"0.20": {"activatedMoleculePct": 0.2828304281498982, "activatedTokens": {"C": 650780, "others": 4056}}, "0.00": {"activatedMoleculePct": 0.4611943610561631, "activatedTokens": {"C": 1237189, "others": 11096, "1": 4999, "[C@@H]": 4972, "c": 4866, "F": 3676, "s": 2767}}}