{"0.20": {"activatedMoleculePct": 0.0029558389170321795, "activatedTokens": {"C": 786, ")": 491, "=": 485, "2": 360, "N": 234, "s": 229, "1": 207, "Cl": 202, ".": 201, "c": 193, "(": 147, "n": 147, "O": 116, "S": 115, "[n+]": 110, "Br": 84, "I": 70, "#": 46, "others": 42, "/": 40, "3": 33, "[Si]": 33, "4": 28, "-": 24, "[C@@H]": 19, "[O-]": 18, "[NH+]": 14, "%10": 12, "%11": 11, "[N+]": 10}}, "0.00": {"activatedMoleculePct": 0.006943584928736891, "activatedTokens": {"C": 2057, "=": 1633, ")": 1086, "2": 726, "c": 562, "N": 556, "s": 467, "(": 443, "1": 428, "Cl": 384, ".": 349, "n": 323, "O": 291, "S": 243, "Br": 183, "[n+]": 143, "I": 108, "#": 104, "others": 99, "/": 91, "3": 81, "4": 71, "[C@@H]": 70, "-": 67, "[Si]": 48, "[O-]": 45, "[NH+]": 20, "[N+]": 20}}}