{"0.20": {"activatedMoleculePct": 0.5214001712277351, "activatedTokens": {"C": 1720900, "others": 2199}}, "0.00": {"activatedMoleculePct": 0.7606129337726567, "activatedTokens": {"C": 3827125, "others": 19950}}}