{"0.20": {"activatedMoleculePct": 0.005388034418385963, "activatedTokens": {"c": 1095, "[nH]": 951, "C": 875, ")": 874, "1": 800, "2": 607, "N": 602, "(": 588, "5": 283, "3": 236, "[C@@]": 212, "S": 161, "7": 100, "[C@@H]": 87, "[C@]": 75, "4": 68, "others": 65, "F": 61, "O": 39, "[N+]": 17}}, "0.00": {"activatedMoleculePct": 0.014258480643136647, "activatedTokens": {")": 3274, "C": 2980, "c": 2833, "[nH]": 2040, "(": 1933, "1": 1848, "2": 1634, "N": 1291, "3": 557, "5": 552, "[C@@]": 438, "S": 399, "4": 215, "O": 182, "[C@]": 177, "[C@@H]": 171, "others": 170, "7": 137, "F": 120, "=": 60}}}