{"0.20": {"activatedMoleculePct": 0.9351568330339167, "activatedTokens": {")": 3935284, "others": 39}}, "0.00": {"activatedMoleculePct": 0.9938063603267242, "activatedTokens": {")": 5748657, "others": 1475}}}