{"0.20": {"activatedMoleculePct": 0.32258851221553897, "activatedTokens": {"1": 263807, "2": 165929, "3": 65862, "c": 41787, "4": 9873, "others": 3909, "5": 2808}}, "0.00": {"activatedMoleculePct": 0.5090993113539808, "activatedTokens": {"1": 496527, "2": 303383, "c": 133004, "3": 117833, "4": 20167, "(": 16604, "others": 6977, "5": 4907}}}