{"0.20": {"activatedMoleculePct": 0.24900526060231443, "activatedTokens": {"n": 417738, "s": 12276, "[nH]": 11407, "o": 9209, "others": 608}}, "0.00": {"activatedMoleculePct": 0.4375417907725974, "activatedTokens": {"n": 931965, "s": 24831, "o": 21840, "[nH]": 20299, "others": 7827}}}