{"0.20": {"activatedMoleculePct": 0.3644799854698107, "activatedTokens": {"N": 546881, "others": 290}}, "0.00": {"activatedMoleculePct": 0.5560221556092463, "activatedTokens": {"N": 909262, "others": 2753}}}