{"0.20": {"activatedMoleculePct": 0.4223253722445554, "activatedTokens": {"F": 267709, "Cl": 94923, "[nH]": 86661, "-": 85082, "S": 84571, "s": 56382, "o": 48069, "#": 34449, "Br": 28487, "[N+]": 13648, "/": 12940, "others": 8076, "[O-]": 7927}}, "0.00": {"activatedMoleculePct": 0.6209099970485553, "activatedTokens": {"F": 487653, "S": 168706, "Cl": 154124, "-": 141286, "[nH]": 122448, "o": 113157, "s": 109852, "#": 62884, "Br": 54271, "/": 27846, "[N+]": 26013, "[O-]": 21551, "others": 13974, "I": 4730, "\\": 3977}}}