{"0.20": {"activatedMoleculePct": 0.7893554645302991, "activatedTokens": {"O": 1849464, "others": 88}}, "0.00": {"activatedMoleculePct": 0.8649988684908011, "activatedTokens": {"O": 2135312, "others": 1608}}}