{"0.20": {"activatedMoleculePct": 0.8450916302740595, "activatedTokens": {"C": 1615860, "c": 795629, "(": 375709, "1": 319324, "2": 297031, "n": 296768, "=": 265580, "3": 140356, "F": 93614, "[C@H]": 82780, "s": 70119, "[C@@H]": 58331, "others": 46044, "o": 38497, "-": 28687, "#": 28255, "S": 23209, "O": 21193, "Cl": 18796, "[nH]": 18353, "4": 16838, "Br": 12206}}, "0.00": {"activatedMoleculePct": 0.992376044815088, "activatedTokens": {"C": 4835989, "c": 3156432, "(": 1770428, "1": 1084890, "=": 1051838, "2": 872787, "n": 686395, "3": 366879, "F": 257599, "[C@H]": 241184, "[C@@H]": 176167, "others": 134812, "s": 116723, "o": 87947, "-": 86290, "O": 79755, "S": 62471, "#": 48633, "Cl": 48174, "4": 46954, "[nH]": 44325}}}