{"0.20": {"activatedMoleculePct": 0.21228137887395426, "activatedTokens": {"1": 286667, "2": 15357, "3": 4501, "others": 606}}, "0.00": {"activatedMoleculePct": 0.3615571031313876, "activatedTokens": {"1": 488972, "2": 58588, "3": 14509, "others": 5673}}}