{"0.20": {"activatedMoleculePct": 0.10272785262989835, "activatedTokens": {"O": 133959, "S": 4847, "F": 1328, "others": 440}}, "0.00": {"activatedMoleculePct": 0.1251529734523774, "activatedTokens": {"O": 159732, "S": 6463, "F": 2841, "N": 1813, "others": 1677, "Br": 507, "c": 416}}}