{"0.20": {"activatedMoleculePct": 0.2768872584740518, "activatedTokens": {"c": 776282, "s": 7313, "others": 4205}}, "0.00": {"activatedMoleculePct": 0.46774759362048524, "activatedTokens": {"c": 1564814, "s": 15661, "others": 11899, "[nH]": 9931}}}