{"0.20": {"activatedMoleculePct": 0.3442768704140005, "activatedTokens": {"C": 582459, "others": 163}}, "0.00": {"activatedMoleculePct": 0.4647829662824906, "activatedTokens": {"C": 919941, "others": 6572}}}