{"0.20": {"activatedMoleculePct": 0.37711700244537816, "activatedTokens": {"(": 780994, "others": 256}}, "0.00": {"activatedMoleculePct": 0.5887971068518192, "activatedTokens": {"(": 1341429, "others": 5437}}}