{"0.20": {"activatedMoleculePct": 0.0004936163107234115, "activatedTokens": {".": 366, "C": 95, "[N+]": 61, "/": 49, "\\": 41, "3": 34, "=": 30, ")": 30, "1": 22, "c": 18, "2": 17, "n": 13, "[C@H]": 11, "[nH]": 10, "[C@@H]": 8, "(": 8, "others": 8, "N": 6, "-": 5, "o": 4, "#": 4, "7": 3}}, "0.00": {"activatedMoleculePct": 0.0024146186594289137, "activatedTokens": {".": 878, "C": 457, "/": 451, ")": 258, "[N+]": 207, "3": 191, "=": 164, "\\": 163, "(": 163, "c": 149, "[C@@H]": 143, "1": 143, "n": 92, "2": 91, "[nH]": 67, "#": 67, "[C@H]": 46, "o": 39, "others": 35, "N": 25, "-": 18}}}