{"0.20": {"activatedMoleculePct": 0.9515721386549175, "activatedTokens": {"c": 3696165, "C": 3529951, "others": 650}}, "0.00": {"activatedMoleculePct": 0.9996279568459236, "activatedTokens": {"C": 8734174, "c": 7554213, "others": 5738}}}