{"0.20": {"activatedMoleculePct": 0.3392638086233451, "activatedTokens": {"C": 624440, "c": 319749, "O": 170693, "=": 114465, "[C@H]": 97165, "[C@@H]": 89126, "n": 75778, "S": 21614, "F": 18442, "others": 13175, "#": 10258, "-": 9161, "Cl": 7753, "[C@@]": 6907, "o": 6640, "s": 6287, "Br": 5282, ")": 5115, "[C@]": 4842, "[nH]": 4537, "[O-]": 3950, "/": 3410}}, "0.00": {"activatedMoleculePct": 0.8423877260912839, "activatedTokens": {"C": 3421459, "c": 2023959, "=": 836153, "O": 800563, "n": 345759, "[C@H]": 287246, "[C@@H]": 285672, "F": 137158, "S": 84248, "others": 74004, "-": 63375, ")": 59501, "o": 42052, "Cl": 38826, "#": 33232, "s": 32383, "[nH]": 23725, "Br": 23270, "[C@@]": 21574, "1": 20570, "[C@]": 18299}}}