{"0.20": {"activatedMoleculePct": 0.0037116431198015573, "activatedTokens": {"C": 1279, "O": 760, "n": 604, "1": 549, ")": 401, "2": 316, "=": 276, "(": 266, "4": 263, "c": 210, "N": 127, "Cl": 109, "others": 20}}, "0.00": {"activatedMoleculePct": 0.007218223083812973, "activatedTokens": {"C": 3010, "O": 1459, "n": 1031, "1": 968, ")": 837, "2": 595, "=": 515, "4": 504, "(": 494, "c": 438, "N": 222, "Cl": 153, "others": 53}}}