{"0.20": {"activatedMoleculePct": 0.0017803876133065482, "activatedTokens": {"1": 669, "C": 496, ")": 224, "c": 189, "(": 175, "N": 126, "[C@H]": 121, "Br": 108, "Cl": 79, "2": 69, "=": 62, "[C@@H]": 51, "4": 37, "S": 32, "others": 24, "[O-]": 21, "F": 19, "6": 14, "O": 10}}, "0.00": {"activatedMoleculePct": 0.007684741763235545, "activatedTokens": {"C": 3673, "1": 1596, "c": 1372, "(": 1229, ")": 980, "[C@H]": 489, "N": 402, "[C@@H]": 287, "Cl": 225, "Br": 225, "2": 208, "=": 160, "S": 160, "4": 103, "others": 103, "O": 102, "F": 82, "[O-]": 48}}}