{"0.20": {"activatedMoleculePct": 0.5088817979351605, "activatedTokens": {"n": 1318991, "others": 23}}, "0.00": {"activatedMoleculePct": 0.5537378985274268, "activatedTokens": {"n": 1602363, "others": 258}}}