{"0.20": {"activatedMoleculePct": 0.62293646044881, "activatedTokens": {"N": 1167929, "others": 119}}, "0.00": {"activatedMoleculePct": 0.8864030677448106, "activatedTokens": {"N": 2073468, "others": 808}}}