{"0.20": {"activatedMoleculePct": 0.7881184942798365, "activatedTokens": {"C": 1171285, "c": 563632, "(": 354550, "2": 272057, "1": 271481, "n": 240881, "N": 235306, ")": 181366, "O": 172115, "3": 122368, "F": 61727, "[C@@H]": 55903, "[C@H]": 36084, "o": 32374, "others": 29446, "Cl": 22706, "[nH]": 21592, "Br": 20793, "s": 17477, "=": 16915, "4": 16816, "S": 10246}}, "0.00": {"activatedMoleculePct": 0.9919981427137032, "activatedTokens": {"C": 3994790, "c": 2271323, "(": 1608814, ")": 1164464, "1": 951596, "2": 779382, "O": 729905, "n": 630552, "N": 596326, "3": 316166, "F": 219762, "[C@@H]": 169801, "[C@H]": 120525, "others": 110841, "=": 104498, "o": 72903, "Cl": 58554, "[nH]": 50341, "s": 46928, "4": 44296, "Br": 39983}}}