{"0.20": {"activatedMoleculePct": 0.6544942153880857, "activatedTokens": {"1": 609245, "2": 441968, "3": 160951, "4": 31652, "others": 4033}}, "0.00": {"activatedMoleculePct": 0.8857014588046429, "activatedTokens": {"1": 1056132, "2": 792114, "3": 294625, "4": 59522, "others": 12155}}}