{"0.20": {"activatedMoleculePct": 0.5757074861966863, "activatedTokens": {"2": 564969, "1": 343318, "3": 221420, "4": 28651, "others": 6961}}, "0.00": {"activatedMoleculePct": 0.8488083999727559, "activatedTokens": {"1": 944306, "2": 932750, "3": 345562, "4": 55179, "others": 18144}}}