{"0.20": {"activatedMoleculePct": 0.0010531457786650828, "activatedTokens": {".": 1853, "Cl": 39, "C": 36, "2": 22, "=": 19, "others": 18, "3": 17, "N": 14, "1": 12, "[n+]": 10, "[C@@H]": 9, "n": 9, "5": 8, "7": 7, "4": 6, "[NH+]": 6, "-": 5}}, "0.00": {"activatedMoleculePct": 0.0026592297095500107, "activatedTokens": {".": 3263, "C": 307, "2": 256, "1": 213, "3": 114, "N": 106, "Cl": 97, "n": 84, "[C@@H]": 75, "=": 56, "c": 54, "(": 52, "-": 43, "others": 43, "4": 33, "5": 27, "[n+]": 19, "7": 12}}}