{"0.20": {"activatedMoleculePct": 0.2570906078877543, "activatedTokens": {"Cl": 174631, "-": 150406, "Br": 65502, "[N+]": 31012, "I": 4522, "others": 3167, "[Si]": 1616}}, "0.00": {"activatedMoleculePct": 0.28590198127626915, "activatedTokens": {"Cl": 180222, "-": 173001, "Br": 67111, "[N+]": 31541, "#": 14342, "/": 6146, "I": 4887, "others": 4683, "\\": 4611, "[Si]": 1839, "[O-]": 1423, "[S@@]": 739, "[n+]": 729}}}