{"0.20": {"activatedMoleculePct": 0.27451218770895386, "activatedTokens": {"c": 801959, "(": 361167, "C": 243243, ")": 141061, "1": 62802, "2": 47042, "O": 32080, "n": 31493, "3": 21038, "others": 16331, "N": 14682, "[C@@H]": 12832, "[C@H]": 11469, "=": 9944, "4": 3215, "Cl": 2791}}, "0.00": {"activatedMoleculePct": 0.44208027783128134, "activatedTokens": {"c": 1573781, "(": 580802, "C": 438106, ")": 376052, "1": 184764, "2": 145993, "O": 80551, "n": 78394, "3": 63260, "=": 57131, "N": 45082, "others": 34285, "[C@@H]": 24346, "[C@H]": 22397, "F": 11501, "Cl": 10788, "-": 10673, "4": 10453, "s": 7268, "#": 4880, "o": 4873}}}