{"0.20": {"activatedMoleculePct": 0.12359083162630462, "activatedTokens": {"Cl": 177060, "C": 63117, "O": 9905, "F": 8746, "N": 6762, "others": 2738, "[O-]": 2737, "I": 2654, "Br": 2428, "1": 535, "[C-]": 364, "[N+]": 362, "[Na+]": 288, "[Cl-]": 284, "[Si]": 222, "=": 215, "[N-]": 197, "c": 193, "[C@@H]": 157, "[C@H]": 156}}, "0.00": {"activatedMoleculePct": 0.18309137101564119, "activatedTokens": {"C": 198481, "Cl": 188312, "F": 52176, "O": 36208, "N": 22566, "Br": 11729, "[O-]": 7498, "c": 7063, "=": 5634, "1": 5214, "others": 5203, "I": 5121, "[N+]": 2487, "2": 1817, "(": 1363, "3": 989, "4": 933, "[N-]": 855, "[C@@H]": 810, "[C@H]": 583, "[Si]": 523, "[C-]": 436, "S": 413}}}