{"0.20": {"activatedMoleculePct": 0.634037700861192, "activatedTokens": {"(": 1620863, "others": 286}}, "0.00": {"activatedMoleculePct": 0.8633766724548184, "activatedTokens": {"(": 2800817, "others": 4522}}}