{"0.20": {"activatedMoleculePct": 0.660091707172743, "activatedTokens": {"O": 1346356, "F": 143783, "Cl": 42090, "S": 25022, "-": 11466, "Br": 10391, "others": 8262}}, "0.00": {"activatedMoleculePct": 0.9449874142488134, "activatedTokens": {"O": 2757651, "F": 404090, "Cl": 104683, "S": 90186, "-": 74552, "Br": 33936, "others": 27543, "#": 21891}}}