{"0.20": {"activatedMoleculePct": 0.4013627911439082, "activatedTokens": {"c": 759756, "others": 638}}, "0.00": {"activatedMoleculePct": 0.6133607434418239, "activatedTokens": {"c": 1353489, "others": 2995}}}