{"0.20": {"activatedMoleculePct": 0.18223742944545795, "activatedTokens": {"C": 743075, "others": 1119}}, "0.00": {"activatedMoleculePct": 0.4819950887374188, "activatedTokens": {"C": 2238652, "others": 17449}}}