{"0.20": {"activatedMoleculePct": 0.007982815707544786, "activatedTokens": {"C": 1969, "2": 1819, "N": 1774, "1": 911, "O": 877, "=": 847, "3": 636, "(": 630, "[C@@H]": 348, "[C@@]": 325, ")": 298, "#": 257, "c": 218, "F": 133, "4": 129, "s": 120, "others": 111, "/": 79, ".": 55, "5": 46, "[nH]": 45, "S": 40, "[C@]": 40, "[O-]": 31, "I": 25, "[N-]": 23, "Cl": 21}}, "0.00": {"activatedMoleculePct": 0.020236071634419265, "activatedTokens": {"C": 5636, "2": 4241, "N": 4154, "=": 2526, "O": 2468, "(": 2369, "1": 2059, ")": 1382, "3": 1121, "[C@@H]": 1082, "c": 784, "[C@@]": 558, "#": 520, "s": 394, "F": 393, "others": 297, "4": 219, "/": 187, "[C@]": 134, "[nH]": 118, ".": 109, "S": 106, "5": 70, "Cl": 53}}}