{"0.20": {"activatedMoleculePct": 0.12459637345808985, "activatedTokens": {"n": 210410, "others": 1157}}, "0.00": {"activatedMoleculePct": 0.1704880429870964, "activatedTokens": {"n": 295725, "[nH]": 3953, "others": 706}}}