{"0.20": {"activatedMoleculePct": 0.004134219694411956, "activatedTokens": {"C": 1243, "1": 990, "S": 910, ")": 778, "O": 420, "N": 346, "c": 341, "2": 254, "=": 253, "3": 147, "(": 95, "others": 54, "n": 52, "s": 46, "[N-]": 34, "7": 25, "5": 20}}, "0.00": {"activatedMoleculePct": 0.010218736474070863, "activatedTokens": {"C": 3518, ")": 2608, "1": 2362, "S": 2175, "O": 959, "c": 909, "N": 709, "2": 585, "=": 573, "3": 287, "(": 235, "others": 140, "n": 125, "s": 77, "[N-]": 55, "Cl": 53}}}