{"0.20": {"activatedMoleculePct": 0.0023728736598573495, "activatedTokens": {".": 6057, "others": 7}}, "0.00": {"activatedMoleculePct": 0.004282158113946272, "activatedTokens": {".": 8910, "2": 181, "others": 92, "O": 28}}}