{"0.20": {"activatedMoleculePct": 0.2680505011963238, "activatedTokens": {"C": 520282, "c": 74287, "[C@H]": 32003, "[C@@H]": 22277, ")": 9790, "Cl": 9390, "(": 9210, "N": 8274, "s": 7307, "#": 5477, "others": 5153, "1": 4657}}, "0.00": {"activatedMoleculePct": 0.506878770324139, "activatedTokens": {"C": 1159746, "c": 299043, "[C@H]": 68215, "[C@@H]": 48636, "(": 47564, ")": 43643, "s": 32507, "Cl": 31714, "N": 21092, "1": 18466, "others": 16719, "#": 14812, "=": 9998, "n": 8870, "O": 6048}}}