{"0.20": {"activatedMoleculePct": 0.3740608290556915, "activatedTokens": {"2": 330780, "1": 181528, "3": 50145, "others": 4966}}, "0.00": {"activatedMoleculePct": 0.6125697855552048, "activatedTokens": {"2": 598259, "1": 323895, "3": 135256, "4": 16192, "others": 10328}}}