{"0.20": {"activatedMoleculePct": 0.19867910032934608, "activatedTokens": {"C": 136335, "1": 111609, "2": 89575, "3": 45287, ")": 19146, "4": 5482, "others": 3382}}, "0.00": {"activatedMoleculePct": 0.4098297023728004, "activatedTokens": {"C": 409753, "1": 219948, "2": 182408, "3": 81569, ")": 77388, "4": 10509, "others": 8721, "O": 8011, "(": 6525, "=": 5510}}}