{"0.20": {"activatedMoleculePct": 0.8277249780838752, "activatedTokens": {"O": 2176826, "others": 67}}, "0.00": {"activatedMoleculePct": 0.946203878183697, "activatedTokens": {"O": 3160648, "others": 1376}}}