{"0.20": {"activatedMoleculePct": 0.11402097356662685, "activatedTokens": {"Cl": 150305, "/": 30449, "others": 1123, "I": 868}}, "0.00": {"activatedMoleculePct": 0.14458417220032033, "activatedTokens": {"Cl": 173028, "/": 42062, "-": 13463, "#": 7869, "\\": 3621, "I": 2175, "others": 2055, "s": 1661, ".": 715}}}