{"0.20": {"activatedMoleculePct": 0.6442915910191126, "activatedTokens": {"1": 951422, "others": 1466}}, "0.00": {"activatedMoleculePct": 0.8671337224162592, "activatedTokens": {"1": 1426132, "2": 25215, "others": 5737}}}