{"0.20": {"activatedMoleculePct": 0.6505416230602307, "activatedTokens": {"n": 1234059, "O": 522041, "others": 178}}, "0.00": {"activatedMoleculePct": 0.9023503899495617, "activatedTokens": {"O": 1578084, "n": 1539179, "others": 2629}}}