{"0.20": {"activatedMoleculePct": 0.5392802136758084, "activatedTokens": {"c": 396178, "O": 180763, "N": 172026, ")": 120387, "2": 102154, "=": 67438, "n": 19525, "3": 14437, "1": 14420, "F": 11979, "others": 9226, "[C@H]": 6058, "4": 2886, "S": 2460}}, "0.00": {"activatedMoleculePct": 0.8531447533493038, "activatedTokens": {"c": 831711, ")": 623611, "O": 460904, "N": 327862, "2": 280910, "=": 182554, "1": 60365, "F": 56694, "n": 38585, "3": 37268, "others": 29244, "[C@H]": 24975, "C": 12405, "[C@@H]": 10675, "S": 8634}}}