{"0.20": {"activatedMoleculePct": 0.2928148067316375, "activatedTokens": {"3": 228306, "2": 143375, "4": 50855, "5": 6126, "others": 2975}}, "0.00": {"activatedMoleculePct": 0.4873523636824363, "activatedTokens": {"3": 359189, "2": 320200, "4": 77467, "1": 17891, "5": 9570, "others": 2545}}}