{"0.20": {"activatedMoleculePct": 0.4551838134862714, "activatedTokens": {"1": 549340, "2": 145063, "3": 14852, "C": 11936, "(": 6650, "others": 3798}}, "0.00": {"activatedMoleculePct": 0.6116902110905479, "activatedTokens": {"1": 727870, "2": 236911, "C": 82526, "(": 51651, "3": 29990, "others": 9753, ")": 8252}}}