{"0.20": {"activatedMoleculePct": 0.8607906795866219, "activatedTokens": {"C": 2240983, "c": 868089, "[C@@H]": 164720, "[C@H]": 161342, "N": 142371, ")": 132324, "1": 108399, "O": 101240, "2": 82984, "3": 69166, "=": 68131, "o": 56654, "n": 45667, "others": 43260, "s": 32149, "F": 30662, "Cl": 27269, "-": 20385, "(": 9622, "[nH]": 8016, "[O-]": 7812, "4": 7808}}, "0.00": {"activatedMoleculePct": 0.9996074505303446, "activatedTokens": {"C": 8764719, "c": 5540124, ")": 2497892, "1": 1247620, "O": 931739, "N": 821546, "=": 747375, "2": 712033, "(": 606559, "[C@@H]": 496719, "[C@H]": 488396, "3": 374340, "n": 348639, "F": 260685, "others": 223200, "o": 145898, "-": 120611, "s": 98727, "Cl": 93168, "4": 52301}}}