{"0.20": {"activatedMoleculePct": 0.9596025583093422, "activatedTokens": {"O": 3455591, "others": 493}}, "0.00": {"activatedMoleculePct": 0.9600471059363587, "activatedTokens": {"O": 3456443, "others": 2691}}}