{"0.20": {"activatedMoleculePct": 0.2583268457698034, "activatedTokens": {"F": 399414, "#": 39292, "Cl": 31156, "1": 26501, "-": 12424, "/": 10408, "Br": 8637, "2": 8499, "3": 5393, "others": 5369, "[O-]": 3666, "[nH]": 2136, "\\": 2082, "[N+]": 2018}}, "0.00": {"activatedMoleculePct": 0.3838035260609638, "activatedTokens": {"F": 498553, "1": 68886, "Cl": 65322, "#": 54958, "-": 43694, "Br": 20733, "/": 19331, "2": 18036, "3": 12140, "[nH]": 10025, "[O-]": 9706, "others": 8250, "[N+]": 7730, "s": 6290, "\\": 3272, "I": 2372, "=": 2057, "N": 2032, "S": 2012}}}