{"0.20": {"activatedMoleculePct": 0.654924848015245, "activatedTokens": {"C": 813609, "c": 536017, "N": 211818, "n": 125203, "1": 88112, "=": 55762, "[C@@H]": 45230, "others": 15961}}, "0.00": {"activatedMoleculePct": 0.8921353153175586, "activatedTokens": {"C": 1688595, "c": 1033294, "N": 435678, "=": 274524, "n": 238323, "1": 173483, "[C@@H]": 97496, "O": 27321, "others": 25777}}}