{"0.20": {"activatedMoleculePct": 0.14436226457101886, "activatedTokens": {"C": 116439, "N": 93646, "1": 84270, "c": 61882, "O": 23972, "[C@H]": 20614, "[C@@H]": 19456, "S": 8445, "=": 8423, "n": 7656, "others": 4441, "(": 4098, "/": 3480, ")": 2069, "[O-]": 1788, "[N+]": 1373, "\\": 1336, "2": 1327, "[C@@]": 1263, "Cl": 1020, "P": 512}}, "0.00": {"activatedMoleculePct": 0.2758978287473644, "activatedTokens": {"C": 254500, "1": 184266, "N": 157624, "c": 130286, "O": 57690, "(": 54225, "[C@H]": 41805, "[C@@H]": 33917, "=": 30637, "n": 24694, ")": 19916, "S": 18482, "/": 10192, "others": 9793, "2": 7710, "\\": 4882, "[C@@]": 4729, "[N+]": 4716, "F": 3231, "3": 2917, "-": 2576, "#": 2571, "Br": 2401, ".": 2359, "[O-]": 2227, "s": 1788, "[nH]": 1750}}}