{"0.20": {"activatedMoleculePct": 0.22863370081139098, "activatedTokens": {"c": 822544, "n": 28710, "O": 18004, "[nH]": 14840, "C": 14188, "N": 12879, "1": 12843, "Cl": 11027, "s": 9113, "F": 7971, "others": 7345, "o": 6838, "[C@H]": 6752, "[C@@H]": 6417, "=": 6128, "Br": 5330, "S": 3249, ")": 3170, "-": 2814, "2": 2777}}, "0.00": {"activatedMoleculePct": 0.46704451994349044, "activatedTokens": {"c": 1871221, "C": 66052, "O": 62227, "n": 61501, "N": 46990, "Cl": 33469, "=": 30190, "F": 29032, "1": 26382, "[nH]": 24299, "s": 23834, ")": 22986, "others": 20592, "[C@H]": 19232, "o": 19139, "-": 17486, "[C@@H]": 16339, "S": 14307, "Br": 11717, "(": 10014, "2": 8132, "#": 7764}}}