{"0.20": {"activatedMoleculePct": 0.006077193095523545, "activatedTokens": {"C": 2080, "1": 1218, "=": 856, "2": 756, "N": 540, ")": 518, "c": 492, "n": 465, "3": 421, "4": 400, "O": 261, "/": 174, "6": 132, "[C@@H]": 107, "S": 101, "Br": 97, "5": 91, "others": 86, "-": 74, "8": 52, "[C@H]": 45, "B": 42, "(": 36, "P": 26, "[B]": 24, "7": 13, "%10": 13, "[Si]": 11, ".": 10, "[SiH]": 7, "%11": 6}}, "0.00": {"activatedMoleculePct": 0.01675439219646808, "activatedTokens": {"C": 6935, "1": 3581, "=": 2716, "2": 1619, "n": 1602, ")": 1533, "c": 1226, "O": 1169, "3": 1001, "N": 998, "4": 849, "/": 404, "[C@@H]": 301, "S": 254, "others": 251, "Br": 238, "-": 228, "6": 228, "5": 177, "[C@H]": 143, "(": 121, "8": 71, "B": 54, "P": 36, "[B]": 29}}}