{"0.20": {"activatedMoleculePct": 0.31981796250713146, "activatedTokens": {"C": 407252, "c": 180638, "O": 17063, "N": 14263, "/": 11444, "=": 8626, "#": 7629, "Br": 7101, "(": 6679, "Cl": 5782, "n": 5676, "[C@H]": 5212, "[O-]": 4864, "others": 4143, "1": 3682, "F": 3333}}, "0.00": {"activatedMoleculePct": 0.640265761849904, "activatedTokens": {"C": 992149, "c": 714283, "O": 60840, "=": 58564, "(": 40164, "N": 39426, "n": 27658, "[C@H]": 23416, "others": 19063, "Cl": 18601, "#": 17077, "Br": 16839, "/": 16108, "1": 14611, "F": 12482, "[O-]": 11494}}}