{"0.20": {"activatedMoleculePct": 0.8730029228823384, "activatedTokens": {"C": 1765179, "N": 25294, "others": 2747}}, "0.00": {"activatedMoleculePct": 0.8843875898707589, "activatedTokens": {"C": 1890164, "N": 46485, "O": 13453, "=": 12685, "others": 7515}}}