{"0.20": {"activatedMoleculePct": 0.0014171328801925835, "activatedTokens": {"=": 535, "1": 349, "3": 253, "c": 192, "C": 186, "O": 70, "#": 60, "N": 60, "2": 57, "[O-]": 50, "n": 44, "5": 39, "F": 38, "Br": 38, "4": 23, "(": 23, "others": 21, "[C@H]": 13, "I": 8, "[NH+]": 7, "[C@@H]": 5, "[NH2+]": 5, ")": 5, ".": 4, "S": 3, "7": 3, "6": 3, "[I-]": 3, "[Br-]": 3, "[nH+]": 2, "[H]": 2, "[OH2+]": 2, "[S+]": 2}}, "0.00": {"activatedMoleculePct": 0.003349120755101129, "activatedTokens": {"=": 985, "3": 703, "1": 701, "C": 553, "c": 465, "O": 457, "N": 186, "n": 153, "#": 137, "[O-]": 102, "2": 87, "F": 87, "5": 80, "(": 70, "Br": 63, "[C@H]": 54, "others": 50, "4": 30, ")": 16, "[C@@H]": 13, ".": 11, "[NH+]": 11, "I": 9, "S": 8, "[NH2+]": 7, "[C@]": 7, "[Pt]": 5, "7": 4}}}