{"0.20": {"activatedMoleculePct": 0.5550158814090476, "activatedTokens": {"2": 608362, "3": 261448, "1": 104384, "4": 68933, "others": 7944}}, "0.00": {"activatedMoleculePct": 0.7470729065431991, "activatedTokens": {"2": 897897, "3": 369624, "1": 277384, "4": 86720, "others": 14810}}}