{"0.20": {"activatedMoleculePct": 0.17379688347945305, "activatedTokens": {"N": 236388, "others": 1900, "(": 1251, "[C@@H]": 574}}, "0.00": {"activatedMoleculePct": 0.2320194399871689, "activatedTokens": {"N": 308186, ")": 16846, "O": 11952, "2": 7721, "(": 5743, "=": 4839, "[C@H]": 4134, "[C@@H]": 4097, "/": 3911, "1": 2855, "others": 2836}}}