{"0.20": {"activatedMoleculePct": 0.40416483269409775, "activatedTokens": {")": 190428, "O": 149456, "N": 133858, "Cl": 84019, "[C@@H]": 54360, "[C@H]": 46958, "c": 25886, "C": 24769, "n": 20073, "F": 15193, "Br": 14264, "1": 10195, "others": 6908, "[C@@]": 5488, "2": 2525, "[C@]": 2273}}, "0.00": {"activatedMoleculePct": 0.6057499708883556, "activatedTokens": {")": 342624, "O": 251256, "N": 227758, "c": 119317, "Cl": 114886, "C": 99813, "[C@@H]": 96170, "[C@H]": 83872, "F": 75983, "n": 49528, "Br": 32638, "1": 28569, "others": 13089, "2": 11550, "3": 10437, "[C@@]": 10321, "(": 6552, "[C@]": 5810, "=": 3885}}}