{"0.20": {"activatedMoleculePct": 0.28367411656229197, "activatedTokens": {"1": 391796, "2": 45985, "3": 4853, "others": 933}}, "0.00": {"activatedMoleculePct": 0.4598013963336173, "activatedTokens": {"1": 615164, "2": 154532, "3": 19360, "others": 5259}}}