{"0.20": {"activatedMoleculePct": 0.00488489731828658, "activatedTokens": {"O": 1600, "(": 1235, "C": 994, "c": 929, "1": 862, "n": 539, "2": 400, ")": 183, "/": 176, "N": 129, "Cl": 110, "[N+]": 98, "3": 98, "others": 71, "o": 23, "[nH]": 22, "=": 17}}, "0.00": {"activatedMoleculePct": 0.01221444040095706, "activatedTokens": {"(": 3699, "O": 3473, "c": 3316, "C": 3040, "1": 1921, "n": 1066, "2": 806, "/": 446, ")": 382, "N": 255, "Cl": 238, "3": 194, "others": 165, "[N+]": 158, "=": 80, "[nH]": 76, "o": 55, "4": 33}}}