{"0.20": {"activatedMoleculePct": 0.34405056857421784, "activatedTokens": {"[C@@H]": 560610, "[C@]": 21472, "[C@@]": 9890, "others": 30}}, "0.00": {"activatedMoleculePct": 0.4332025079223953, "activatedTokens": {"[C@@H]": 709550, "[C@]": 38283, "[C@@]": 25479, "others": 1194}}}