{"0.20": {"activatedMoleculePct": 0.41327183391642064, "activatedTokens": {"C": 1039667, "others": 5494}}, "0.00": {"activatedMoleculePct": 0.6447991223296932, "activatedTokens": {"C": 1939593, ")": 22022, "others": 17570, "O": 8467, "[C@@H]": 7572, "N": 5484, "S": 4787}}}