{"0.20": {"activatedMoleculePct": 0.6171317084031219, "activatedTokens": {"C": 996630, "(": 254648, "c": 181530, "O": 177337, "[C@H]": 75413, "[nH]": 48633, "n": 43997, "others": 15235, "s": 13807, "[C@@H]": 10415, "o": 7469, ")": 6946, "N": 5336, "1": 5324}}, "0.00": {"activatedMoleculePct": 0.878939501242463, "activatedTokens": {"C": 2170318, "(": 542457, "c": 458627, "O": 322284, "n": 113835, "[C@H]": 106033, "[nH]": 66302, ")": 60436, "others": 31719, "s": 28866, "[C@@H]": 26359, "1": 22929, "o": 20260, "N": 18454, "2": 17229, "S": 11620}}}