{"0.20": {"activatedMoleculePct": 0.16724950986243925, "activatedTokens": {"[C@H]": 264258, "others": 1161}}, "0.00": {"activatedMoleculePct": 0.3149272062415366, "activatedTokens": {"[C@H]": 523553, "[C@]": 5320, "[C@@]": 5135, "others": 295}}}