{"0.20": {"activatedMoleculePct": 0.21646393488365961, "activatedTokens": {"3": 363592, "4": 30609, "5": 7501, "others": 3473}}, "0.00": {"activatedMoleculePct": 0.28729860784088274, "activatedTokens": {"3": 518223, "4": 62969, "5": 11160, "2": 10827, "others": 3320, "1": 3149}}}