{"0.20": {"activatedMoleculePct": 0.193703389327781, "activatedTokens": {"O": 274631, "S": 13725, "others": 133}}, "0.00": {"activatedMoleculePct": 0.26328278282420303, "activatedTokens": {"O": 392588, "S": 25445, "others": 2346}}}