{"0.20": {"activatedMoleculePct": 0.8007342725714114, "activatedTokens": {"2": 2659609, "4": 202488, "others": 6233}}, "0.00": {"activatedMoleculePct": 0.8009393357272016, "activatedTokens": {"2": 2660371, "4": 203536, "others": 10214}}}