{"0.20": {"activatedMoleculePct": 0.34470823540957335, "activatedTokens": {"[C@@H]": 600129, "others": 42}}, "0.00": {"activatedMoleculePct": 0.39926968221802167, "activatedTokens": {"[C@@H]": 709675, "others": 1889}}}