{"0.20": {"activatedMoleculePct": 0.7991457654824513, "activatedTokens": {"O": 1729786, "others": 389}}, "0.00": {"activatedMoleculePct": 0.8613157877391274, "activatedTokens": {"O": 2049138, "others": 3099}}}