{"0.20": {"activatedMoleculePct": 0.5339060942572795, "activatedTokens": {"1": 488550, "2": 346786, "3": 123555, "4": 23683, "others": 2477}}, "0.00": {"activatedMoleculePct": 0.8371798543026278, "activatedTokens": {"1": 991324, "2": 685420, "3": 258287, "4": 51677, "others": 7378}}}