{"0.20": {"activatedMoleculePct": 0.0002746381550760821, "activatedTokens": {".": 547, "others": 1}}, "0.00": {"activatedMoleculePct": 0.001000415252890475, "activatedTokens": {".": 2015, "/": 53, "C": 52, "=": 23, "3": 20, "others": 20, "(": 11, "-": 11, "#": 8, "1": 5, ")": 4}}}