{"0.20": {"activatedMoleculePct": 0.720308502870518, "activatedTokens": {"C": 2700232, "others": 257}}, "0.00": {"activatedMoleculePct": 0.8740809691870637, "activatedTokens": {"C": 4432050, "others": 6207}}}