{"0.20": {"activatedMoleculePct": 0.6005025512053686, "activatedTokens": {"O": 1062871, "others": 95}}, "0.00": {"activatedMoleculePct": 0.7913731395095914, "activatedTokens": {"O": 1690234, "others": 1878}}}