{"0.20": {"activatedMoleculePct": 0.0001318263144365194, "activatedTokens": {"/": 67, "3": 22, "C": 18, "=": 15, "1": 14, "5": 6, "s": 5, "O": 4, "(": 4, "c": 4, "n": 4, "4": 3, ")": 3, "%10": 3, "\\": 3, "2": 3, "8": 1, "#": 1, "6": 1, "[C@H]": 1, "[C@@]": 1, "9": 1, "others": 1}}, "0.00": {"activatedMoleculePct": 0.0014588778797641482, "activatedTokens": {"/": 693, "1": 229, "=": 185, "C": 148, "3": 130, "c": 103, ")": 97, "O": 94, "(": 66, "s": 49, "2": 46, "[C@H]": 38, "n": 32, "5": 31, "4": 30, "[C@@]": 25, "#": 20, "others": 20, "\\": 14, "6": 5, "9": 5, "7": 5}}}