{"0.20": {"activatedMoleculePct": 0.48171019742455323, "activatedTokens": {"c": 2064498, "others": 793}}, "0.00": {"activatedMoleculePct": 0.5996515391088395, "activatedTokens": {"c": 3241276, "others": 14252}}}