{"0.20": {"activatedMoleculePct": 0.004395675218044386, "activatedTokens": {"O": 1345, "=": 912, "1": 735, "c": 690, "n": 651, "C": 630, "[C@@H]": 537, ")": 365, "N": 183, "2": 156, "(": 90, "s": 83, "3": 77, "others": 64, "S": 28, "5": 20, "P": 15, "6": 13, "[O-]": 13, "7": 12}}, "0.00": {"activatedMoleculePct": 0.009903085687836752, "activatedTokens": {"O": 3377, "c": 2042, "=": 1933, "n": 1589, "1": 1514, "C": 1392, "[C@@H]": 1016, ")": 775, "2": 381, "N": 282, "(": 264, "s": 201, "others": 139, "3": 136, "S": 64, "/": 33, "5": 31, "P": 28, "4": 27}}}