{"0.20": {"activatedMoleculePct": 0.2059207592023922, "activatedTokens": {"1": 200423, "2": 82813, "3": 10476, "others": 1030}}, "0.00": {"activatedMoleculePct": 0.2683434485617383, "activatedTokens": {"1": 264037, "2": 111284, "3": 19893, "others": 2814}}}