{"0.20": {"activatedMoleculePct": 0.1334821994195248, "activatedTokens": {"F": 335060, "others": 300}}, "0.00": {"activatedMoleculePct": 0.18521816888855036, "activatedTokens": {"F": 484525, "others": 3823}}}