{"0.20": {"activatedMoleculePct": 0.0013072776181621507, "activatedTokens": {".": 2515, "others": 14}}, "0.00": {"activatedMoleculePct": 0.0023333257655263934, "activatedTokens": {".": 4377, "others": 45, "N": 39, "F": 26, ")": 22, "O": 21, "=": 20, "C": 19, "1": 18, "3": 17, "[N+]": 12, "[C@H]": 8, "[Na]": 7, "(": 6, "c": 5, "[Ac]": 5, "[HH]": 5}}}