{"0.20": {"activatedMoleculePct": 0.5807608282500862, "activatedTokens": {"N": 1096145, "others": 774}}, "0.00": {"activatedMoleculePct": 0.8188362226487861, "activatedTokens": {"N": 1848110, "others": 5284}}}