{"0.20": {"activatedMoleculePct": 0.5433140988975659, "activatedTokens": {"N": 1021855, "others": 157}}, "0.00": {"activatedMoleculePct": 0.8112649979896487, "activatedTokens": {"N": 1850893, "others": 2375}}}