{"0.20": {"activatedMoleculePct": 0.5580874345354184, "activatedTokens": {"(": 1354416, "others": 1499}}, "0.00": {"activatedMoleculePct": 0.7877098327050833, "activatedTokens": {"(": 2413954, "others": 13136}}}