{"0.20": {"activatedMoleculePct": 0.2894254057137919, "activatedTokens": {"c": 452424, "others": 246}}, "0.00": {"activatedMoleculePct": 0.5740179122666582, "activatedTokens": {"c": 1095300, "others": 3469}}}