{"0.20": {"activatedMoleculePct": 0.008572372280441443, "activatedTokens": {"C": 43518, ".": 10497, "O": 10472, "(": 6638, "=": 6328, ")": 6290, "c": 3835, "1": 2554, "P": 2431, "N": 2266, "others": 979, "[O-]": 507, "B": 474, "S": 428, "n": 352, "Cl": 311, "F": 305, "[N+]": 286, "#": 243, "[N-]": 215, "2": 208, "[P+]": 166, "[C-]": 146, "[CH]": 114, "3": 101, "[C@@H]": 97, "[nH]": 87, "[O+]": 78, "[B]": 77, "[C@H]": 71}}, "0.00": {"activatedMoleculePct": 0.01512340773952292, "activatedTokens": {"C": 98015, "c": 23836, ")": 23396, "O": 21955, "(": 17325, "=": 16891, ".": 10826, "1": 8336, "N": 6143, "F": 3202, "2": 3054, "others": 2511, "P": 2447, "3": 1937, "Cl": 1464, "n": 1323, "[O-]": 1172, "S": 1037, "[N+]": 860, "[N-]": 794, "4": 788, "#": 622, "-": 565, "[C@@H]": 537, "B": 499, "[C@H]": 338, "[nH]": 336, "I": 271, "5": 237, "[C-]": 207, "[P+]": 183}}}