{"0.20": {"activatedMoleculePct": 0.5470806696483826, "activatedTokens": {"n": 1435577, "others": 315}}, "0.00": {"activatedMoleculePct": 0.5630968344840062, "activatedTokens": {"n": 1621630, "others": 3558}}}