{"0.20": {"activatedMoleculePct": 0.5094632984555083, "activatedTokens": {")": 980877, "others": 843}}, "0.00": {"activatedMoleculePct": 0.764599947415948, "activatedTokens": {")": 1844215, "others": 5095}}}