{"0.20": {"activatedMoleculePct": 3.4421315436202286e-05, "activatedTokens": {".": 35, "O": 3, "1": 3, "N": 3, "=": 1, "(": 1, "4": 1, "S": 1, "c": 1, "others": 0}}, "0.00": {"activatedMoleculePct": 0.0006283720988140758, "activatedTokens": {".": 308, "=": 88, "1": 84, "C": 84, "c": 69, "O": 65, "(": 53, "2": 42, "N": 42, "[nH]": 38, "o": 22, "4": 11, "3": 10, "n": 9, "others": 7, "[C@H]": 4, "[C@@]": 3}}}