{"0.20": {"activatedMoleculePct": 0.6913037842208296, "activatedTokens": {")": 1847380, "others": 562}}, "0.00": {"activatedMoleculePct": 0.9429528947960097, "activatedTokens": {")": 3467214, "others": 2835}}}