{"0.20": {"activatedMoleculePct": 0.43459400790811414, "activatedTokens": {"n": 987303, "others": 14}}, "0.00": {"activatedMoleculePct": 0.5287465587839169, "activatedTokens": {"n": 1420274, "others": 746}}}