{"0.20": {"activatedMoleculePct": 0.06096893805847669, "activatedTokens": {"=": 93721, "others": 15}}, "0.00": {"activatedMoleculePct": 0.07586311448456277, "activatedTokens": {"=": 118964, "/": 1148, "others": 1131}}}