{"0.20": {"activatedMoleculePct": 0.0060010267805157775, "activatedTokens": {"3": 1216, ")": 1013, "=": 787, "S": 756, "N": 549, "C": 527, "c": 524, "Cl": 522, "O": 513, "F": 405, "2": 383, "1": 342, "n": 295, "o": 270, "#": 216, "[C@H]": 131, "others": 74, "5": 67, "s": 47, "[C@@]": 36}}, "0.00": {"activatedMoleculePct": 0.018572130598864974, "activatedTokens": {")": 4869, "=": 3732, "3": 2503, "c": 2455, "S": 1988, "F": 1852, "O": 1429, "Cl": 1364, "C": 1338, "1": 1038, "n": 985, "2": 868, "N": 818, "o": 792, "#": 528, "[C@H]": 454, "others": 189, "5": 134, "s": 127, "[C@@]": 103}}}