{"0.20": {"activatedMoleculePct": 0.22238366877027288, "activatedTokens": {"C": 386279, "others": 3146, "[N+]": 2056, "\\": 1954, "/": 1856, "[Si]": 1342, "S": 1147}}, "0.00": {"activatedMoleculePct": 0.5133895255204759, "activatedTokens": {"C": 1135137, "/": 13182, "others": 10915, "#": 8242, "\\": 7282, "S": 4884, "[C@@H]": 4794, "[N+]": 3121, "[C@H]": 2677}}}