{"0.20": {"activatedMoleculePct": 0.1983136484909915, "activatedTokens": {"1": 278877, "others": 1243}}, "0.00": {"activatedMoleculePct": 0.4284728727077784, "activatedTokens": {"1": 668977, "2": 23408, "others": 5185}}}