{"0.20": {"activatedMoleculePct": 0.2830721097263652, "activatedTokens": {"c": 1087604, "others": 213}}, "0.00": {"activatedMoleculePct": 0.4378530473483503, "activatedTokens": {"c": 1845050, "others": 2505}}}