{"0.20": {"activatedMoleculePct": 0.609318069799104, "activatedTokens": {")": 1464377, "others": 74}}, "0.00": {"activatedMoleculePct": 0.9204918879212675, "activatedTokens": {")": 3342589, "others": 1154}}}