{"0.20": {"activatedMoleculePct": 0.5464237351814406, "activatedTokens": {"=": 1030040, "others": 437}}, "0.00": {"activatedMoleculePct": 0.7740050225825801, "activatedTokens": {"=": 1710973, "others": 3813}}}