{"0.20": {"activatedMoleculePct": 0.0002790323655572994, "activatedTokens": {".": 199, "O": 87, "S": 37, "N": 35, "C": 29, "c": 28, "3": 19, "=": 7, "[cH-]": 4, "others": 4, "[Zr]": 3, "[Pt]": 3, "(": 3, "[Ni]": 3, "[Fe]": 2, "[Ti]": 2, "[C@@H]": 2, ")": 1, "5": 1, "[nH]": 1, "[Ru]": 1, "[Zr+2]": 1, "[SH2+]": 1}}, "0.00": {"activatedMoleculePct": 0.0016009573519901745, "activatedTokens": {".": 701, "c": 348, "O": 247, "3": 176, "1": 159, "[nH]": 151, "C": 150, "N": 143, "S": 143, "=": 82, "[C@@H]": 77, ")": 63, "others": 25, "(": 23, "2": 21, "5": 17, "n": 15, "[Zr]": 5, "[Ni]": 5, "[Pt]": 4}}}