{"0.20": {"activatedMoleculePct": 0.4356749836864936, "activatedTokens": {"c": 209379, "n": 207143, "O": 185762, "N": 113011, "C": 76792, "(": 52576, "=": 39525, "[nH]": 28295, "Cl": 9794, "others": 8627, "s": 4991, "#": 4510, "o": 3150, "Br": 2430}}, "0.00": {"activatedMoleculePct": 0.7672203615995805, "activatedTokens": {"c": 596383, "O": 485244, "n": 366265, "N": 304171, "C": 258800, "(": 206658, "=": 124548, "[nH]": 46851, "others": 22733, "Cl": 20869, "1": 16927, "F": 13103, "s": 12014, "o": 10765, "#": 9784, "[C@@H]": 5159, "Br": 5048}}}