{"0.20": {"activatedMoleculePct": 0.15584140708478555, "activatedTokens": {"c": 284903, "1": 22268, "n": 13843, "C": 6599, "[C@H]": 6423, "[C@@H]": 2511, "others": 1876}}, "0.00": {"activatedMoleculePct": 0.29729690142247917, "activatedTokens": {"c": 575594, "n": 53257, "1": 52570, "C": 27900, "[C@H]": 11560, "others": 6479, "[C@@H]": 5369, "s": 4748, "N": 2915, "(": 2762, "/": 2155}}}