{"0.20": {"activatedMoleculePct": 0.5050983827108324, "activatedTokens": {"N": 892654, "others": 224}}, "0.00": {"activatedMoleculePct": 0.7992519589024141, "activatedTokens": {"N": 1751025, "others": 3233}}}