{"0.20": {"activatedMoleculePct": 0.2994288258742831, "activatedTokens": {"[C@H]": 557655, "others": 4908}}, "0.00": {"activatedMoleculePct": 0.3874953952335999, "activatedTokens": {"[C@H]": 702309, "[C@@]": 13588, "[C@]": 7158, "others": 1922}}}