{"0.20": {"activatedMoleculePct": 0.22765965082138778, "activatedTokens": {"2": 179925, "1": 112098, "3": 47932, "4": 5739, "others": 855}}, "0.00": {"activatedMoleculePct": 0.4336353376547952, "activatedTokens": {"1": 317809, "2": 309603, "3": 88295, "4": 10848, "others": 2151}}}