{"0.20": {"activatedMoleculePct": 0.9495017331498506, "activatedTokens": {"1": 1099426, "2": 937158, "3": 286488, "4": 40621, "others": 3458}}, "0.00": {"activatedMoleculePct": 0.9904213535193598, "activatedTokens": {"1": 1823343, "2": 1196420, "3": 426894, "4": 75328, "others": 8642}}}