{"0.20": {"activatedMoleculePct": 0.7416372681779333, "activatedTokens": {"C": 1303675, "others": 244}}, "0.00": {"activatedMoleculePct": 0.8653804324342534, "activatedTokens": {"C": 1671388, "others": 4304}}}