{"0.20": {"activatedMoleculePct": 0.9787818223230287, "activatedTokens": {"(": 4912668, "others": 53}}, "0.00": {"activatedMoleculePct": 0.9940304650612662, "activatedTokens": {"(": 5918199, "others": 1902}}}