{"0.20": {"activatedMoleculePct": 0.17049024009233701, "activatedTokens": {"c": 154879, ")": 59321, "s": 39396, "2": 38869, "=": 35587, "C": 32105, "Cl": 28923, "(": 24988, "3": 16392, "n": 10807, "1": 7669, ".": 7009, "others": 4660, "O": 4623, "F": 4354, "#": 4240, "Br": 2048, "/": 1689, "N": 1522, "4": 1501, "S": 885, "[C@@]": 708, "I": 462}}, "0.00": {"activatedMoleculePct": 0.5518872035464208, "activatedTokens": {"c": 695410, ")": 495895, "C": 199944, "=": 157652, "(": 138003, "2": 111046, "s": 84568, "Cl": 75571, "1": 68017, "3": 65389, "n": 64078, "F": 35981, "O": 35597, "others": 22452, "#": 21490, "N": 9419, "4": 9010, ".": 8578, "Br": 7916, "/": 6680, "[C@@H]": 4870, "S": 4792}}}