{"0.20": {"activatedMoleculePct": 0.9458662563450568, "activatedTokens": {"2": 1070603, "1": 895169, "3": 442747, "4": 88934, "others": 13492}}, "0.00": {"activatedMoleculePct": 0.9813106904549692, "activatedTokens": {"1": 1528421, "2": 1221124, "3": 476449, "4": 96145, "others": 16317}}}