{"0.20": {"activatedMoleculePct": 0.5091696187216802, "activatedTokens": {"C": 861913, "1": 271728, "(": 216214, "c": 209614, "2": 185456, "N": 167443, "[C@@H]": 116341, "[C@H]": 100012, "O": 84453, "=": 50660, "n": 35041, "3": 22278, "-": 13540, "others": 12600, "[C@@]": 11032}}, "0.00": {"activatedMoleculePct": 0.7847005308938629, "activatedTokens": {"C": 1616389, "(": 732699, "c": 548958, "1": 464923, "=": 383472, "N": 322832, "O": 314928, "2": 281113, "[C@@H]": 177601, "[C@H]": 163942, "n": 101752, "others": 41858, "3": 36798, "-": 27975, "[C@@]": 16620}}}