{"0.20": {"activatedMoleculePct": 0.5578918921690043, "activatedTokens": {"c": 1856821, "others": 1031}}, "0.00": {"activatedMoleculePct": 0.7054597332860711, "activatedTokens": {"c": 2752604, "others": 9338}}}