{"0.20": {"activatedMoleculePct": 0.3120402099553768, "activatedTokens": {"C": 513475, "others": 3353}}, "0.00": {"activatedMoleculePct": 0.506700072431236, "activatedTokens": {"C": 979253, "c": 8246, "others": 7574, "O": 7429, "F": 3781, "N": 3203, "=": 3048}}}