{"0.20": {"activatedMoleculePct": 0.32770264084726236, "activatedTokens": {"[C@H]": 390130, "[C@@H]": 208019, "[C@]": 7886, "[C@@]": 7194, "others": 558}}, "0.00": {"activatedMoleculePct": 0.5441394780996212, "activatedTokens": {"[C@H]": 622353, "[C@@H]": 480754, "[C@]": 26051, "[C@@]": 21166, "others": 9185}}}