{"0.20": {"activatedMoleculePct": 0.005804019677274535, "activatedTokens": {"3": 1044, "C": 1007, "N": 963, "c": 923, "/": 712, "2": 657, "o": 523, "=": 382, "O": 335, ")": 291, "[N+]": 279, "n": 253, "1": 230, "[nH]": 225, "[C@H]": 212, "(": 141, "F": 128, "[C@@H]": 116, "others": 72}}, "0.00": {"activatedMoleculePct": 0.023631331599573174, "activatedTokens": {"c": 5817, "C": 5060, "3": 3355, "2": 2615, "N": 2529, ")": 2261, "=": 2197, "/": 1803, "O": 1681, "o": 1652, "F": 1306, "[N+]": 1183, "(": 1182, "n": 1032, "1": 966, "[C@H]": 748, "[nH]": 516, "[C@@H]": 441, "others": 243, "-": 201}}}