{"0.20": {"activatedMoleculePct": 0.046998278201859776, "activatedTokens": {"N": 28219, "O": 12955, "1": 7080, "2": 6102, ")": 4807, "n": 3566, "c": 3390, "F": 2259, "C": 1903, "3": 1661, "(": 1518, "S": 1494, "Cl": 970, "others": 738, ".": 638, "[O-]": 602, "#": 466, "4": 329, "P": 316, "=": 245, "\\": 208, "s": 151, "8": 139, "9": 122, "5": 116, "%10": 112, "[NH+]": 107, "I": 107, "/": 100}}, "0.00": {"activatedMoleculePct": 0.5803045627284532, "activatedTokens": {"c": 368190, "N": 310454, ")": 225300, "1": 211256, "O": 158351, "2": 135241, "n": 88749, "C": 79996, "F": 62524, "(": 61346, "3": 47855, "others": 15392, "Cl": 13284, "S": 13243, "[O-]": 7924, "#": 6696, "4": 5659, "s": 5535, "Br": 3459, ".": 3406, "/": 3189}}}