{"0.20": {"activatedMoleculePct": 0.5407969486602419, "activatedTokens": {")": 794296, "(": 500957, "C": 468759, "O": 356357, "=": 328938, "N": 245441, "2": 45930, "others": 22102, "[C@H]": 21127, "3": 16077, "1": 12578}}, "0.00": {"activatedMoleculePct": 0.7490671457332583, "activatedTokens": {")": 1392522, "(": 822763, "O": 785057, "C": 744738, "=": 654595, "N": 341581, "2": 68025, "[C@H]": 44945, "others": 33948, "c": 31052, "1": 26445, "3": 24740}}}