{"0.20": {"activatedMoleculePct": 0.4297047163793463, "activatedTokens": {"N": 334243, "(": 250413, "1": 203066, "O": 201644, "=": 199714, ")": 91950, "n": 85594, "[C@@H]": 68297, "[C@H]": 63259, "2": 58698, "F": 33010, "S": 19118, "Cl": 16187, "others": 15188, "-": 13828, "3": 10080, "/": 8470, "s": 7716, "Br": 6724, "[C@@]": 6066, "o": 4421, "[C@]": 4264, "#": 4105, "4": 3635, "[nH]": 3579}}, "0.00": {"activatedMoleculePct": 0.778320869643549, "activatedTokens": {"(": 794202, "N": 755948, "=": 680154, "O": 635399, "1": 586617, ")": 303302, "n": 243400, "2": 240619, "[C@@H]": 180132, "[C@H]": 172616, "F": 154633, "3": 71497, "S": 70892, "-": 53046, "Cl": 50252, "others": 41903, "s": 27066, "4": 22700, "/": 21952, "Br": 19834, "[C@@]": 19409, "[C@]": 17690, "o": 16907, "#": 15143, "[nH]": 14123}}}