{"0.20": {"activatedMoleculePct": 0.0038193012765913815, "activatedTokens": {")": 808, "1": 726, "O": 720, "=": 662, "C": 645, "(": 464, "2": 460, "c": 377, "3": 235, "N": 231, "Cl": 109, "4": 104, "[C@@H]": 93, "5": 47, "others": 47, "6": 33, "8": 18, "7": 11}}, "0.00": {"activatedMoleculePct": 0.00881112438325425, "activatedTokens": {")": 2506, "O": 1721, "C": 1630, "1": 1533, "=": 1441, "2": 1009, "(": 983, "c": 926, "3": 480, "N": 415, "Cl": 290, "4": 233, "[C@@H]": 211, "others": 134, "5": 100, "6": 50}}}