{"0.20": {"activatedMoleculePct": 0.38827902943608367, "activatedTokens": {"C": 493868, "c": 286414, "n": 54233, "o": 18613, "O": 12902, "[C@H]": 8615, "[C@@H]": 8236, "s": 8170, "[nH]": 8115, ")": 7339, "others": 7277, "=": 3116}}, "0.00": {"activatedMoleculePct": 0.6541880853912275, "activatedTokens": {"C": 1013393, "c": 638758, "n": 131098, "O": 43641, "o": 40417, ")": 32230, "[C@H]": 21895, "[C@@H]": 20952, "=": 19582, "s": 19049, "others": 18584, "[nH]": 17734, "(": 9069, "2": 7513}}}