{"0.20": {"activatedMoleculePct": 0.13376416125873625, "activatedTokens": {"C": 180609, "1": 19660, "c": 19459, "2": 17773, "N": 17721, "n": 15730, "O": 11039, "(": 5668, "4": 3974, "S": 3584, "3": 3411, "others": 2859, ")": 1144, "[C@H]": 829, "s": 742}}, "0.00": {"activatedMoleculePct": 0.2627708573031412, "activatedTokens": {"C": 357551, "1": 65031, "c": 60440, "2": 53572, "n": 47689, "N": 37930, "(": 24010, "O": 18597, "4": 12275, "3": 11989, ")": 9812, "S": 7026, "others": 6903, "[C@H]": 3933, "s": 3390, "=": 2223, "5": 1678}}}