{"0.20": {"activatedMoleculePct": 0.12819523184220682, "activatedTokens": {"Cl": 145338, "Br": 47918, "[N+]": 2380, "I": 1826, "[Si]": 1168, "others": 1031}}, "0.00": {"activatedMoleculePct": 0.1634917275325849, "activatedTokens": {"Cl": 175573, "Br": 62506, "[N+]": 14040, "[O-]": 7123, "I": 3569, "others": 2375, "[Si]": 1603}}}