{"0.20": {"activatedMoleculePct": 0.9996059857935176, "activatedTokens": {"C": 907314, "c": 747038, "n": 210941, "O": 155424, ")": 131071, "F": 51555, "o": 46965, "=": 45255, "s": 39631, "N": 25401, "[nH]": 24637, "others": 22712, "Cl": 22239, "[C@@H]": 20505, "[C@H]": 19569, "Br": 7543, "S": 5671}}, "0.00": {"activatedMoleculePct": 0.9998549910541198, "activatedTokens": {"C": 1078361, "c": 925803, ")": 489946, "n": 236583, "O": 183753, "F": 65235, "=": 56277, "o": 49207, "s": 42260, "others": 33260, "N": 31446, "(": 27652, "[C@@H]": 26492, "[nH]": 26267, "[C@H]": 26031, "Cl": 23525, "Br": 8286, "S": 6827}}}