{"0.20": {"activatedMoleculePct": 0.36012385814609726, "activatedTokens": {"C": 447020, "c": 291194, "others": 1960}}, "0.00": {"activatedMoleculePct": 0.6222861172975899, "activatedTokens": {"C": 1062899, "c": 626914, "others": 14473, "S": 8080, "=": 7564, "[N+]": 4448}}}