{"0.20": {"activatedMoleculePct": 0.4963839309581649, "activatedTokens": {"C": 776552, "(": 312683, "2": 239296, "1": 228646, ")": 222961, "N": 149369, "O": 146809, "3": 114392, "=": 87088, "-": 67549, "[C@H]": 34009, "[C@@H]": 30819, "F": 27479, "4": 22219, "others": 19742, "Cl": 15790, "S": 12658, "s": 12105, "Br": 8548, "o": 7916, "[nH]": 7561}}, "0.00": {"activatedMoleculePct": 0.629183563016274, "activatedTokens": {"C": 1709295, ")": 811878, "(": 706457, "1": 612329, "2": 569743, "O": 389934, "N": 275993, "=": 273647, "3": 256268, "-": 98631, "F": 89931, "[C@@H]": 65548, "[C@H]": 63887, "4": 48533, "others": 47953, "s": 38926, "Cl": 37483, "o": 36538, "[nH]": 29799, "S": 24816, "Br": 19940, "#": 16737}}}