{"0.20": {"activatedMoleculePct": 0.994602444792238, "activatedTokens": {")": 5465971, "others": 61}}, "0.00": {"activatedMoleculePct": 0.9977303902864513, "activatedTokens": {")": 6051230, "others": 1340}}}