{"0.20": {"activatedMoleculePct": 0.2311340065752036, "activatedTokens": {"c": 376469, "others": 229}}, "0.00": {"activatedMoleculePct": 0.47850535324691873, "activatedTokens": {"c": 1062186, "others": 4895}}}