{"0.20": {"activatedMoleculePct": 0.0019195376118784297, "activatedTokens": {"C": 541, ")": 386, "1": 329, "N": 305, "(": 231, "=": 174, "2": 168, "n": 138, "3": 137, "S": 119, "O": 95, "c": 65, "o": 47, "others": 21, "[C@@H]": 11}}, "0.00": {"activatedMoleculePct": 0.005059933369121737, "activatedTokens": {"C": 1431, ")": 1421, "(": 767, "1": 721, "N": 618, "c": 550, "=": 435, "2": 374, "S": 277, "n": 276, "3": 265, "O": 263, "o": 141, "others": 62}}}