{"0.20": {"activatedMoleculePct": 0.08884434461449225, "activatedTokens": {"s": 124713, "others": 461}}, "0.00": {"activatedMoleculePct": 0.10823965731017193, "activatedTokens": {"s": 147058, "=": 3735, "others": 1317, "S": 1236, "o": 782}}}