{"0.20": {"activatedMoleculePct": 0.8385252150782938, "activatedTokens": {"O": 2677518, "others": 104}}, "0.00": {"activatedMoleculePct": 0.9569631025469576, "activatedTokens": {"O": 3426084, "others": 2116}}}