{"0.20": {"activatedMoleculePct": 0.30140548822241736, "activatedTokens": {")": 535971, "others": 270}}, "0.00": {"activatedMoleculePct": 0.4681291575639376, "activatedTokens": {")": 961696, "others": 3395}}}