{"0.20": {"activatedMoleculePct": 0.49522166228588294, "activatedTokens": {"c": 514064, "N": 264205, "n": 81574, "1": 28600, "2": 27241, "=": 5736, "others": 4592}}, "0.00": {"activatedMoleculePct": 0.6720271152081427, "activatedTokens": {"c": 837130, "N": 439168, "n": 128738, "2": 71863, "1": 66571, "=": 36120, "3": 10350, "others": 10323}}}