{"0.20": {"activatedMoleculePct": 0.7572660101227963, "activatedTokens": {"O": 1657760, "others": 170}}, "0.00": {"activatedMoleculePct": 0.8462304631571084, "activatedTokens": {"O": 2011053, "others": 1231}}}