{"0.20": {"activatedMoleculePct": 0.8083963109138274, "activatedTokens": {"1": 843178, "2": 540256, "3": 233843, "4": 47673, "others": 5465}}, "0.00": {"activatedMoleculePct": 0.8727780857793828, "activatedTokens": {"1": 1048475, "2": 646346, "3": 274770, "4": 58995, "others": 10549}}}