{"0.20": {"activatedMoleculePct": 0.5907891489366377, "activatedTokens": {"C": 1194180, "c": 550935, "(": 550111, "1": 91661, "n": 84009, ")": 47291, "O": 40214, "2": 29627, "others": 24517, "3": 19706, "N": 11343, "Cl": 5688}}, "0.00": {"activatedMoleculePct": 0.7853940837814818, "activatedTokens": {"C": 1726981, "c": 956654, "(": 895945, "1": 213797, ")": 181155, "n": 153725, "O": 93545, "2": 89846, "others": 41494, "3": 39030, "N": 31883, "=": 16277, "F": 10273, "Cl": 10017}}}