{"0.20": {"activatedMoleculePct": 0.34037700861192016, "activatedTokens": {"[C@H]": 577673, "others": 66}}, "0.00": {"activatedMoleculePct": 0.3949589617359475, "activatedTokens": {"[C@H]": 697889, "others": 1686}}}