{"0.20": {"activatedMoleculePct": 0.12309062399985939, "activatedTokens": {"c": 273525, "1": 67081, "2": 60471, "[C@@H]": 15051, "3": 12210, "[C@H]": 4213, "others": 3429, "4": 2102, "=": 1045}}, "0.00": {"activatedMoleculePct": 0.310528601549838, "activatedTokens": {"c": 751244, "1": 240150, "2": 159054, "[C@@H]": 56715, "3": 26140, "[C@H]": 13192, ")": 11835, "F": 10535, "others": 10373, "=": 9875, "n": 8186, "O": 7193, "4": 4348}}}