{"0.20": {"activatedMoleculePct": 0.26904432513349247, "activatedTokens": {"N": 385503, "others": 171}}, "0.00": {"activatedMoleculePct": 0.47210225620737156, "activatedTokens": {"N": 699341, "others": 3024}}}