{"0.20": {"activatedMoleculePct": 0.21635261488480212, "activatedTokens": {"O": 305726, "N": 9053, "S": 4458, "others": 2731, "Cl": 2001, "F": 1532, "Br": 912}}, "0.00": {"activatedMoleculePct": 0.33405740157151614, "activatedTokens": {"O": 490607, "N": 22228, "F": 12336, "Cl": 10661, "S": 8506, "#": 6538, "others": 4892, "=": 4213, "Br": 3723, "[O-]": 2608, "\\": 1189, "-": 1014}}}