{"0.20": {"activatedMoleculePct": 0.33966514651396296, "activatedTokens": {"[C@@H]": 258252, "[C@H]": 237654, "[C@@]": 9381, "[C@]": 7067, "others": 15}}, "0.00": {"activatedMoleculePct": 0.5368304413325297, "activatedTokens": {"[C@@H]": 480825, "[C@H]": 480798, "[C@@]": 21300, "[C@]": 18479, "others": 355}}}