{"0.20": {"activatedMoleculePct": 3.515368384973851e-05, "activatedTokens": {"[C@@]": 10, "C": 7, "N": 6, "c": 6, ".": 5, "6": 4, "8": 3, "n": 3, "4": 2, "=": 1, "[Si]": 1, "[C@]": 1, "9": 1, "/": 1, "2": 1, "7": 1, "others": 0}}, "0.00": {"activatedMoleculePct": 0.0005412202576032658, "activatedTokens": {"C": 129, "N": 99, "c": 92, "O": 71, "[C@@]": 55, ".": 48, "1": 39, "-": 36, "[C@]": 34, "n": 27, "=": 20, "4": 20, "2": 20, "6": 18, "[C@H]": 15, "o": 13, "(": 11, "#": 11, ")": 11, "/": 10, "3": 8, "[Si]": 8, "8": 7, "Cl": 7, "others": 7, "5": 6, "7": 4, "[N+]": 3, "F": 3}}}