{"0.20": {"activatedMoleculePct": 0.2961229148555806, "activatedTokens": {"C": 404185, "c": 349527, "1": 73319, "n": 61675, "O": 49882, ")": 32158, "F": 29016, "=": 21922, "N": 12287, "Cl": 12259, "(": 10506, "s": 10379, "others": 9691, "o": 9491, "2": 9337, "[C@H]": 9231, "[C@@H]": 7925, "[nH]": 7120, "-": 3076}}, "0.00": {"activatedMoleculePct": 0.5986943335923476, "activatedTokens": {"C": 914202, "c": 856340, "1": 280026, ")": 175370, "n": 154506, "O": 131315, "F": 88977, "=": 88778, "(": 63965, "2": 40743, "N": 31020, "s": 26338, "o": 25963, "Cl": 25848, "others": 24912, "[C@H]": 23303, "-": 22181, "[nH]": 19784, "[C@@H]": 18803, "Br": 7352}}}