{"0.20": {"activatedMoleculePct": 0.004552402058541137, "activatedTokens": {"C": 49797, "1": 12942, "c": 12496, "N": 11235, "O": 7702, "=": 6998, ".": 6014, "(": 3629, "Cl": 2913, "n": 1375, "I": 1329, ")": 1247, "others": 1192, "S": 534, "-": 509, "F": 508, "2": 312, "s": 211, "[N+]": 146, "[O-]": 144, "o": 131, "[nH]": 106}}, "0.00": {"activatedMoleculePct": 0.010631059890891754, "activatedTokens": {"C": 75527, "c": 33019, "1": 18845, "O": 16898, "=": 15408, "(": 13804, "N": 13395, ")": 12070, ".": 8203, "2": 4276, "Cl": 3486, "n": 2872, "F": 2381, "others": 2226, "I": 1758, "S": 1753, "-": 1284, "3": 786, "s": 452, "[O-]": 448, "[nH]": 324, "[N+]": 324, "o": 283, "#": 225, "P": 202, "[Si]": 198, "Br": 188}}}