{"0.20": {"activatedMoleculePct": 0.49657434674568435, "activatedTokens": {"1": 594305, "[C@@H]": 79874, "[C@H]": 63589, "others": 976}}, "0.00": {"activatedMoleculePct": 0.5724513762301043, "activatedTokens": {"1": 648733, "[C@@H]": 113556, "[C@H]": 102614, "others": 4874}}}