{"0.20": {"activatedMoleculePct": 0.7579031706425727, "activatedTokens": {"c": 4164468, "others": 202}}, "0.00": {"activatedMoleculePct": 0.8430512518739477, "activatedTokens": {"c": 5254930, "others": 4917}}}