{"0.20": {"activatedMoleculePct": 0.7605741182467393, "activatedTokens": {")": 508293, "N": 422986, "1": 348500, "=": 272176, "2": 262756, "O": 262733, "n": 221184, "(": 193933, "3": 126300, "4": 37803, "F": 29732, "[C@H]": 28054, "-": 27384, "others": 25697, "Cl": 25104, "#": 11487, "S": 9778, "Br": 9078, "o": 7084}}, "0.00": {"activatedMoleculePct": 0.9863362025086547, "activatedTokens": {")": 2454028, "1": 1254989, "=": 1211377, "N": 1023841, "(": 1023394, "2": 932908, "O": 802397, "n": 554802, "3": 353244, "F": 133671, "-": 88854, "4": 88088, "others": 83747, "[C@H]": 83597, "Cl": 59571, "#": 30474, "S": 27742, "[C@@H]": 25495, "Br": 23862}}}