{"0.20": {"activatedMoleculePct": 0.003516100753387387, "activatedTokens": {".": 6135, "S": 99, "others": 67, "[CH]": 51, "P": 47, ")": 39, "N": 39, "[c-]": 35, "B": 28, "[C@]": 24, "[C]": 22, "[nH]": 21, "O": 20, "o": 18, "Cl": 16, "3": 16, "1": 15, "[N+]": 15, "[C-]": 14, "[N-]": 13, "=": 12, "I": 11, "[B]": 11, "[NH2+]": 9, "[I-]": 9, "[NH+]": 8, "2": 8, "%11": 8, "Br": 7, "[CH-]": 6, "[n+]": 6, "[Se]": 6, "[Cl-]": 5, "[S-]": 5, "9": 5, "[O-2]": 4, "[SiH2]": 4, "C": 3, "[CH2-]": 3, "[Na+]": 3, "%13": 3, "[K+]": 3, "[SiH]": 3, "%15": 3, "[S@@]": 3, "[Mg+2]": 3}}, "0.00": {"activatedMoleculePct": 0.014900035373394373, "activatedTokens": {".": 9755, ")": 1692, "C": 1481, "O": 1387, "1": 1136, "c": 951, "[nH]": 851, "N": 728, "=": 720, "[C@]": 719, "3": 671, "-": 583, "[C@H]": 541, "/": 410, "o": 324, "n": 299, "Cl": 281, "P": 254, "others": 244, "2": 241, "[N+]": 220, "[N-]": 220, "S": 215, "[S@@]": 189, "F": 142, "[C@@H]": 139, "Br": 110, "[CH]": 100, "B": 87, "[S@]": 74, "[c-]": 74, "(": 72, "I": 63, "[C]": 51, "[B]": 50, "5": 50, "[C-]": 46, "[n+]": 41, "4": 29, "[NH+]": 24, "[NH2+]": 21, "[I-]": 20, "[Se]": 20, "[P+]": 20, "9": 19, "[C@@]": 17, "[CH-]": 17, "[CH2-]": 16, "[B-]": 16, "[SiH]": 15, "[S-]": 13, "[O-]": 11, "[nH+]": 11, "[SiH2]": 11}}}