{"0.20": {"activatedMoleculePct": 0.9010614215417381, "activatedTokens": {")": 2773966, "others": 13}}, "0.00": {"activatedMoleculePct": 0.9933998958572116, "activatedTokens": {")": 4960151, "others": 566}}}