{"0.20": {"activatedMoleculePct": 0.3277011761104353, "activatedTokens": {"c": 1112222, "O": 14417, "others": 11504, "1": 8929, "2": 6715, "n": 4832, "S": 4262, ")": 3957, "C": 3552, "o": 3284, "N": 3218, "[C@H]": 3105, "[C@@H]": 2880}}, "0.00": {"activatedMoleculePct": 0.524299617776925, "activatedTokens": {"c": 1962786, "O": 57180, "1": 42549, ")": 33400, "C": 21916, "others": 20406, "n": 20121, "S": 18659, "=": 17920, "(": 17064, "[C@H]": 15620, "2": 14970, "N": 14097, "[C@@H]": 12477, "o": 11684, "#": 6120, "3": 5273}}}