{"0.20": {"activatedMoleculePct": 0.3796334203142886, "activatedTokens": {"C": 644746, "others": 1090}}, "0.00": {"activatedMoleculePct": 0.5951914154704039, "activatedTokens": {"C": 1209773, "others": 9471}}}