{"0.20": {"activatedMoleculePct": 0.47164086410684375, "activatedTokens": {"C": 996660, "N": 165011, "[C@H]": 56671, "[C@@H]": 36041, "O": 28687, "others": 12022, "n": 8253, "c": 6090, "-": 3885}}, "0.00": {"activatedMoleculePct": 0.7140606679346405, "activatedTokens": {"C": 1914460, "N": 362996, "[C@H]": 130981, "[C@@H]": 95304, "O": 78183, "c": 56086, "n": 41047, "others": 24136, ")": 16007, "1": 15743, "3": 15211, "-": 11236, "2": 9944, "(": 9903}}}