{"0.20": {"activatedMoleculePct": 0.0013651347228315121, "activatedTokens": {"N": 455, ")": 216, "2": 207, "=": 137, "3": 136, "c": 120, "[C@H]": 110, "#": 110, "(": 75, "4": 67, "[N+]": 57, "Br": 40, "[nH]": 35, "1": 24, "Cl": 24, ".": 23, "5": 21, "-": 20, "others": 20, "[N-]": 14, "%11": 11, "S": 10, "n": 10, "6": 10, "8": 10, "%10": 9, "[n+]": 8, "I": 8, "[Si]": 8, "%14": 7, "%13": 7, "[C@@H]": 6, "%12": 6, "P": 5, "[NH2+]": 5, "O": 5, "%17": 4, "9": 3, "[I-]": 3, "%15": 3, "[Sn]": 2, "[C-]": 2, "[P+]": 2, "7": 2, "%18": 2, "%16": 2}}, "0.00": {"activatedMoleculePct": 0.0033586415444771, "activatedTokens": {"N": 889, ")": 847, "2": 447, "3": 435, "[C@H]": 328, "=": 318, "c": 287, "#": 255, "4": 186, "(": 172, "[nH]": 119, "[N+]": 114, "Br": 91, "-": 89, ".": 54, "others": 49, "5": 43, "1": 41, "Cl": 41, "n": 24, "S": 22, "[N-]": 22, "6": 20, "s": 17, "[C@@H]": 15, "[Si]": 14, "8": 13, "[n+]": 12, "%10": 12, "%11": 12, "P": 9, "I": 9, "%13": 9, "[NH2+]": 8, "%12": 8, "O": 8, "%14": 7, "[C-]": 6, "[I-]": 5, "[CH]": 4, "%15": 4, "%17": 4}}}