{"0.20": {"activatedMoleculePct": 0.11689918143182419, "activatedTokens": {"c": 523092, "C": 279475, ")": 175115, "1": 170140, "2": 140584, "(": 128400, "n": 96456, "N": 69665, "3": 59069, "O": 52875, "=": 41846, "others": 15082, "4": 14045, "-": 13469, "[C@H]": 11942, "[C@@H]": 11801, "Cl": 9078, "F": 8551, "Br": 4633, "S": 4463, "s": 3702}}, "0.00": {"activatedMoleculePct": 0.27120041774294307, "activatedTokens": {"c": 737865, "C": 606815, ")": 329672, "1": 280251, "(": 265570, "2": 236216, "n": 157554, "N": 144349, "O": 136147, "=": 104669, "3": 96662, "others": 30386, "[C@H]": 28519, "[C@@H]": 28496, "F": 28124, "4": 24466, "-": 21854, "s": 15304, "Cl": 14866, "S": 13604, "o": 8815, "Br": 6698}}}