{"0.20": {"activatedMoleculePct": 0.5182553812600106, "activatedTokens": {"1": 538383, "2": 221772, "3": 94173, "[nH]": 84746, "others": 7641, "#": 5550, "O": 3202}}, "0.00": {"activatedMoleculePct": 0.6536446680283837, "activatedTokens": {"1": 734626, "2": 363437, "3": 139222, "[nH]": 117584, "#": 17314, "O": 14550, "others": 10820, "S": 8280, "4": 7992, ")": 6658, "[C@H]": 5115}}}