{"0.20": {"activatedMoleculePct": 0.00023069605026390896, "activatedTokens": {"2": 65, "c": 44, "1": 42, "3": 34, "O": 25, "\\": 24, "N": 16, "n": 14, "(": 14, "[C@H]": 10, "C": 10, "5": 8, "[nH]": 7, "s": 7, "[N-]": 7, ")": 7, "[N+]": 7, "others": 3, "/": 2, "S": 2, "[O+]": 1, "o": 1, "[Be+2]": 1, "-": 1, "=": 1, "[C@]": 1}}, "0.00": {"activatedMoleculePct": 0.0015863099837194502, "activatedTokens": {"N": 370, "c": 264, "2": 211, "3": 198, "C": 183, "(": 177, ")": 165, "1": 143, "O": 129, "[nH]": 98, "s": 93, "\\": 82, "n": 67, "[N+]": 50, "[C@H]": 45, "4": 39, "[N-]": 34, "5": 28, "/": 22, "=": 22, "others": 20, "-": 11, "o": 9, "S": 9, ".": 6, "[C-]": 6}}}