{"0.20": {"activatedMoleculePct": 0.7441229265734752, "activatedTokens": {"c": 3248924, "others": 547}}, "0.00": {"activatedMoleculePct": 0.8673036318881996, "activatedTokens": {"c": 5887924, "others": 3358}}}