{"0.20": {"activatedMoleculePct": 0.22595689425991608, "activatedTokens": {"1": 368540, "2": 14771, "others": 153}}, "0.00": {"activatedMoleculePct": 0.36442871968086316, "activatedTokens": {"1": 634359, "2": 94585, "3": 4918, "others": 3006}}}