{"0.20": {"activatedMoleculePct": 0.05120134052714414, "activatedTokens": {"c": 257710, "C": 97221, "1": 91058, "N": 44985, "(": 41590, ")": 31465, "2": 24817, "O": 22797, "n": 18122, "=": 14677, "F": 7651, "3": 7598, "[C@H]": 6461, "others": 6400, "[C@@H]": 6014, "Cl": 4590, "-": 4343, "Br": 3849, "s": 3014, "o": 1956, "[nH]": 1791}}, "0.00": {"activatedMoleculePct": 0.0924043874726918, "activatedTokens": {"c": 494195, "C": 338817, "1": 208072, ")": 138961, "(": 135428, "O": 98919, "N": 96537, "=": 77361, "2": 73494, "n": 44587, "3": 23443, "F": 21180, "[C@H]": 20711, "[C@@H]": 19007, "others": 15948, "Br": 11721, "-": 10834, "S": 9098, "Cl": 7940, "s": 6318, "o": 5808, "[nH]": 4122}}}