{"0.20": {"activatedMoleculePct": 0.3563821879213407, "activatedTokens": {"1": 417671, "2": 39763, "S": 34693, "O": 32026, "C": 8758, "others": 5289, "N": 4263}}, "0.00": {"activatedMoleculePct": 0.6042229827461325, "activatedTokens": {"1": 720366, "2": 135678, "O": 71599, "S": 53995, "C": 37724, "N": 15454, "3": 11849, "others": 8240, "(": 7110, "/": 2661}}}