{"0.20": {"activatedMoleculePct": 0.20493132947570478, "activatedTokens": {"c": 470512, "others": 4245}}, "0.00": {"activatedMoleculePct": 0.34707158828005474, "activatedTokens": {"c": 952728, "-": 9757, "C": 9656, "others": 9307, "[C@H]": 5076, "(": 4472, "N": 3383, "[C@@H]": 3011}}}