{"0.20": {"activatedMoleculePct": 0.004487221269736413, "activatedTokens": {"C": 1898, "1": 735, "2": 503, ")": 474, "(": 435, "/": 391, "-": 345, "[C@@H]": 330, "N": 310, "[C@H]": 286, "=": 279, "3": 214, "c": 164, "O": 116, "n": 94, "Br": 82, "4": 71, "others": 68, "S": 38, "[nH]": 32, "Cl": 14}}, "0.00": {"activatedMoleculePct": 0.011811637773512138, "activatedTokens": {"C": 5514, "1": 1940, "(": 1637, ")": 1625, "2": 1454, "[C@@H]": 891, "/": 840, "[C@H]": 755, "N": 741, "=": 693, "-": 565, "3": 496, "c": 457, "O": 292, "n": 216, "4": 163, "others": 148, "Br": 134, "[nH]": 75, "S": 75}}}