{"0.20": {"activatedMoleculePct": 0.3451315443525973, "activatedTokens": {"C": 937604, "O": 8918, "others": 8530, "[C@H]": 5677, "[C@@H]": 5325}}, "0.00": {"activatedMoleculePct": 0.658454131400076, "activatedTokens": {"C": 2143028, "O": 24315, "others": 19590, "[C@H]": 18156, "[C@@H]": 17481, "-": 9557, "N": 5255, "n": 4527, "c": 3974, "2": 2912}}}