{"0.20": {"activatedMoleculePct": 0.009000075433946594, "activatedTokens": {"c": 2695, "1": 1737, "2": 1560, "n": 1539, "C": 1255, "=": 1239, "N": 1127, "[C@H]": 416, "O": 329, "o": 300, "Br": 280, "F": 188, "3": 140, "others": 116, ")": 102, ".": 88, "4": 68, "[nH]": 52, "[C@]": 47}}, "0.00": {"activatedMoleculePct": 0.021377101622708693, "activatedTokens": {"c": 6860, "n": 4196, "2": 3650, "1": 3626, "C": 3359, "=": 2833, "N": 2228, "[C@H]": 1083, "O": 811, "o": 757, "Br": 735, "F": 664, ")": 378, "3": 364, "others": 294, ".": 176, "4": 149, "[nH]": 120}}}