{"0.20": {"activatedMoleculePct": 0.3845637244742144, "activatedTokens": {"c": 333088, "n": 159137, "N": 124857, "[C@H]": 63973, "[C@@H]": 45687, "O": 34302, "[nH]": 12331, "others": 6107}}, "0.00": {"activatedMoleculePct": 0.6021474506621709, "activatedTokens": {"c": 574760, "n": 313309, "N": 250384, "[C@H]": 138757, "[C@@H]": 110032, "O": 72748, "[nH]": 22308, "1": 18509, "others": 10479, "(": 7950, "C": 7050}}}