{"0.20": {"activatedMoleculePct": 0.1186283032561832, "activatedTokens": {"-": 181047, "others": 116}}, "0.00": {"activatedMoleculePct": 0.12125311165029701, "activatedTokens": {"-": 183116, "[N+]": 1246, "others": 1132}}}