{"0.20": {"activatedMoleculePct": 0.28234486789172375, "activatedTokens": {"c": 1064094, "others": 3269}}, "0.00": {"activatedMoleculePct": 0.5463131475509967, "activatedTokens": {"c": 2489866, "others": 22732, "(": 9860, "C": 4889}}}