{"0.20": {"activatedMoleculePct": 0.2906389401750214, "activatedTokens": {")": 378122, "O": 43644, "=": 16996, "F": 9170, "N": 7366, "(": 7331, "Cl": 5136, "others": 4123, "Br": 1291}}, "0.00": {"activatedMoleculePct": 0.4525414282502327, "activatedTokens": {")": 624653, "O": 90351, "=": 36921, "(": 26301, "F": 22632, "N": 12280, "Cl": 10288, "others": 7392, "Br": 3964, "C": 3833, "n": 3012, "-": 2824, ".": 2463, "2": 2282, "1": 2251}}}