{"0.20": {"activatedMoleculePct": 0.367034486496225, "activatedTokens": {"c": 358236, ")": 256199, "C": 211437, "N": 194008, "O": 189462, "n": 86524, "(": 79125, "[C@H]": 26841, "[C@@H]": 15623, "others": 14134, "=": 6760, "/": 4784}}, "0.00": {"activatedMoleculePct": 0.6743721588682857, "activatedTokens": {")": 771103, "c": 740563, "O": 574098, "C": 530272, "N": 350309, "(": 321625, "n": 182780, "[C@H]": 63912, "=": 54504, "[C@@H]": 41694, "others": 32479, "2": 12652, "-": 10239}}}