{"0.20": {"activatedMoleculePct": 0.0007133268347842772, "activatedTokens": {".": 928, ")": 195, "C": 130, "2": 77, "N": 45, "1": 45, "c": 38, "=": 26, "4": 20, "-": 20, "others": 12, "(": 8, "6": 6}}, "0.00": {"activatedMoleculePct": 0.0027039041827757204, "activatedTokens": {".": 1672, ")": 874, "2": 537, "C": 490, "-": 346, "N": 319, "c": 280, "1": 175, "=": 164, "(": 81, "4": 65, "others": 49, "n": 48, "6": 19, "F": 17}}}