{"0.20": {"activatedMoleculePct": 0.17567980267065467, "activatedTokens": {"n": 442394, "others": 21}}, "0.00": {"activatedMoleculePct": 0.23859610834072414, "activatedTokens": {"n": 618343, "others": 917}}}