{"0.20": {"activatedMoleculePct": 0.18700954202805997, "activatedTokens": {"F": 475050, "others": 42}}, "0.00": {"activatedMoleculePct": 0.20827971786239238, "activatedTokens": {"F": 536174, "others": 2047}}}