{"0.20": {"activatedMoleculePct": 0.26569959858887254, "activatedTokens": {"(": 382099, ")": 56952, "C": 47215, "[C@]": 39876, "2": 6405, "[C@@H]": 4927, "[C@@]": 4597, "others": 4514, "n": 3138}}, "0.00": {"activatedMoleculePct": 0.47708822036672616, "activatedTokens": {"(": 792983, ")": 214068, "C": 167686, "[C@]": 46625, "[C@@H]": 17010, "n": 14811, "2": 12351, "[C@@]": 11551, "others": 10755, "1": 7320, "3": 5040}}}