{"0.20": {"activatedMoleculePct": 0.00023948447122634358, "activatedTokens": {"(": 115, "1": 82, "[C@]": 24, "S": 20, "/": 13, "N": 12, "2": 12, "3": 11, "[N+]": 9, "=": 9, "[Si]": 6, "c": 5, "C": 5, "P": 3, "others": 3}}, "0.00": {"activatedMoleculePct": 0.0007946197286867975, "activatedTokens": {"(": 324, "1": 196, "[C@]": 113, "=": 92, "S": 63, "3": 53, "2": 48, "/": 37, "[N+]": 34, "c": 32, "N": 32, "O": 21, "[Si]": 21, "C": 11, "others": 10, "P": 9}}}