{"0.20": {"activatedMoleculePct": 0.3863279999824232, "activatedTokens": {"c": 1351948, "others": 9590}}, "0.00": {"activatedMoleculePct": 0.6643496971290426, "activatedTokens": {"c": 3263082, "others": 31348, "C": 19855}}}