{"0.20": {"activatedMoleculePct": 0.26484419228186223, "activatedTokens": {"c": 745886, "others": 5230}}, "0.00": {"activatedMoleculePct": 0.430041605849573, "activatedTokens": {"c": 1437421, "others": 13538, "n": 13361, "C": 5189, "O": 1841}}}