{"0.20": {"activatedMoleculePct": 0.3803848303065767, "activatedTokens": {"1": 270795, "2": 175865, "c": 100846, "C": 66712, "N": 27511, "n": 25464, "3": 16085, "(": 7083, "others": 6126, "4": 3300, "F": 3130, "[C@@H]": 1839, "[nH]": 1726}}, "0.00": {"activatedMoleculePct": 0.7078304098406879, "activatedTokens": {"1": 588146, "c": 392941, "2": 377151, "C": 305494, "(": 159452, "n": 82272, "N": 71005, "3": 50502, ")": 34561, "others": 15908, "O": 13888, "4": 13467, "F": 10002, "o": 9251, "=": 8775, "[C@@H]": 8382, "[nH]": 6993}}}