{"0.20": {"activatedMoleculePct": 0.4225436180317892, "activatedTokens": {"n": 257208, "N": 188431, "S": 114430, ")": 105876, "[nH]": 43498, "[N+]": 12648, "C": 10473, "1": 8310, "others": 5878, "2": 5313, "-": 3977, "(": 3768, "O": 2741, "3": 2037}}, "0.00": {"activatedMoleculePct": 0.6547549385433046, "activatedTokens": {"n": 428533, ")": 342240, "N": 300663, "S": 147195, "C": 107004, "[nH]": 60832, "1": 59580, "(": 51757, "2": 24832, "[N+]": 22769, "O": 19604, "others": 16219, "Cl": 14479, "-": 12807, "3": 10278, "c": 5712}}}