{"0.20": {"activatedMoleculePct": 0.945880171344914, "activatedTokens": {"C": 1953728, "c": 1481753, ")": 1052320, "(": 809887, "2": 448731, "O": 382560, "1": 379224, "[C@H]": 181781, "3": 153840, "n": 144009, "=": 127628, "F": 102309, "others": 64843, "[C@@H]": 59883, "-": 55327, "S": 54144, "4": 53434, "s": 43864, "o": 39666, "[N+]": 26727, "Cl": 23680, "N": 23135, "[nH]": 12448}}, "0.00": {"activatedMoleculePct": 0.9995012571103818, "activatedTokens": {"C": 5295399, "c": 4446571, ")": 3592166, "(": 2999999, "O": 1467240, "1": 1374127, "2": 1232620, "=": 591100, "n": 451898, "3": 434402, "[C@H]": 366014, "F": 300706, "others": 228501, "[C@@H]": 179267, "S": 131818, "-": 125802, "4": 111284, "o": 82042, "s": 75337, "N": 72461, "Cl": 66703}}}