{"0.20": {"activatedMoleculePct": 0.3716161832913076, "activatedTokens": {"C": 791433, "(": 288202, "N": 250424, "O": 249574, "c": 223514, "=": 202388, ")": 166509, "[C@H]": 88001, "[C@@H]": 84806, "n": 61394, "others": 20700, "S": 16588, "2": 16470, "F": 15676, "-": 12124, "[C@]": 6334, "[C@@]": 5505, "s": 4579}}, "0.00": {"activatedMoleculePct": 0.716043189230083, "activatedTokens": {"C": 1722959, "(": 728810, "O": 547048, "c": 507180, ")": 487936, "=": 468006, "N": 430128, "[C@H]": 173983, "[C@@H]": 169763, "n": 116876, "F": 60020, "others": 56376, "2": 48343, "S": 43695, "-": 37565, "Cl": 16720, "[C@]": 16243, "[C@@]": 12575, "s": 12385}}}