{"0.20": {"activatedMoleculePct": 0.45666246531320104, "activatedTokens": {"N": 765634, "others": 97}}, "0.00": {"activatedMoleculePct": 0.7283228104198448, "activatedTokens": {"N": 1536000, "others": 2466}}}