{"0.20": {"activatedMoleculePct": 0.5878970260715831, "activatedTokens": {")": 915993, "C": 461199, "(": 148998, "c": 93969, "[C@]": 26808, "[C@@H]": 20662, "[C@H]": 12425, "others": 12053, "1": 11635, "2": 10321}}, "0.00": {"activatedMoleculePct": 0.8433991268703774, "activatedTokens": {")": 1637552, "C": 1194684, "c": 497704, "(": 480041, "2": 62535, "[C@@H]": 59280, "1": 54293, "others": 40970, "[C@]": 40629, "[C@H]": 36881, "[nH]": 9651}}}