{"0.20": {"activatedMoleculePct": 0.3433731277916968, "activatedTokens": {"3": 1003295, "5": 27085, "others": 2283}}, "0.00": {"activatedMoleculePct": 0.3436155417365773, "activatedTokens": {"3": 1003296, "5": 27115, "others": 5863}}}