{"0.20": {"activatedMoleculePct": 8.202526231605652e-05, "activatedTokens": {"(": 26, "C": 26, "4": 15, "N": 11, "3": 9, "2": 9, "n": 4, "[N+]": 4, "/": 4, "5": 4, ".": 3, "c": 3, "6": 2, "[nH]": 1, "1": 1, "7": 1, "others": 1}}, "0.00": {"activatedMoleculePct": 0.0006371605197765105, "activatedTokens": {"C": 169, "(": 122, "c": 98, "2": 71, "3": 66, "O": 65, "[N+]": 62, "4": 61, "N": 60, "[nH]": 53, "n": 38, "1": 30, "[C@H]": 28, "/": 28, "5": 19, ".": 8, "others": 7, ")": 5}}}