{"0.20": {"activatedMoleculePct": 0.1497905792521493, "activatedTokens": {"=": 210056, "others": 13}}, "0.00": {"activatedMoleculePct": 0.21792427750025084, "activatedTokens": {"=": 321644, "others": 1921}}}