{"0.20": {"activatedMoleculePct": 0.17386938795239312, "activatedTokens": {"c": 126207, "1": 123175, "2": 53981, "n": 49316, "C": 14297, "3": 13657, "4": 3562, "others": 3286, "[C@@H]": 3056, "[C@H]": 2661}}, "0.00": {"activatedMoleculePct": 0.3095706636649327, "activatedTokens": {"c": 315108, "1": 205319, "n": 106396, "2": 106260, "C": 35075, "3": 34219, "4": 8481, "[C@@H]": 7344, "[C@H]": 5951, "(": 5811, "N": 4544, "others": 4100}}}