{"0.20": {"activatedMoleculePct": 0.8187490708075753, "activatedTokens": {"1": 797659, "2": 759019, "3": 284828, "4": 60062, "others": 4266}}, "0.00": {"activatedMoleculePct": 0.9719539516036305, "activatedTokens": {"1": 1579070, "2": 1136484, "3": 417103, "4": 85980, "others": 9911}}}