{"0.20": {"activatedMoleculePct": 0.050758257636954726, "activatedTokens": {"S": 71710, "others": 570}}, "0.00": {"activatedMoleculePct": 0.07065743980114733, "activatedTokens": {"S": 83417, "[nH]": 9330, "s": 2854, "#": 2060, "[S@@]": 1526, "[S@]": 1075, "others": 829}}}