{"0.20": {"activatedMoleculePct": 0.2997539974498932, "activatedTokens": {"C": 166483, "N": 158148, "1": 97901, "O": 40686, ")": 38103, "2": 31627, "c": 23189, "=": 22924, "(": 22507, "[C@@H]": 13061, "others": 6186, "S": 4146, "[C@H]": 3801, "3": 2770, "o": 2048, "s": 1642, "Br": 1566, "F": 1473}}, "0.00": {"activatedMoleculePct": 0.5898399994726947, "activatedTokens": {"C": 566465, "N": 292462, "1": 240244, "(": 165786, ")": 115870, "O": 102382, "c": 97439, "=": 94105, "2": 83181, "[C@@H]": 33129, "S": 19208, "others": 16470, "[C@H]": 10372, "3": 9413, "F": 7208, "s": 6961, "o": 6000, "Br": 5911, "[C@]": 5753, "Cl": 5208}}}