{"0.20": {"activatedMoleculePct": 0.1667895824987385, "activatedTokens": {"F": 464263, "others": 37}}, "0.00": {"activatedMoleculePct": 0.19634723930064676, "activatedTokens": {"F": 523739, "others": 969}}}