{"0.20": {"activatedMoleculePct": 0.49172753258490165, "activatedTokens": {"c": 1543356, "others": 167}}, "0.00": {"activatedMoleculePct": 0.5873316376563332, "activatedTokens": {"c": 2598210, "others": 2858}}}