{"0.20": {"activatedMoleculePct": 0.6180471689200422, "activatedTokens": {"(": 1027220, "1": 298002, "C": 162507, "2": 26487, "others": 4839}}, "0.00": {"activatedMoleculePct": 0.8538668686050506, "activatedTokens": {"(": 1504362, "1": 780923, "C": 426391, "2": 137771, "others": 27146}}}