{"0.20": {"activatedMoleculePct": 0.7780572170146759, "activatedTokens": {"C": 2779152, "others": 8233}}, "0.00": {"activatedMoleculePct": 0.8956426276499836, "activatedTokens": {"C": 4539958, "others": 40346, "#": 12392}}}