{"0.20": {"activatedMoleculePct": 0.3937842428006354, "activatedTokens": {"F": 165704, "Cl": 100984, "S": 98569, "s": 78936, "[nH]": 56651, "#": 49984, "o": 38217, "Br": 24301, "-": 19252, "[O-]": 18100, "[N+]": 10670, "/": 7422, "others": 6370, "[S@]": 3805, "[S@@]": 3243}}, "0.00": {"activatedMoleculePct": 0.611865247141383, "activatedTokens": {"F": 417156, "S": 178708, "Cl": 152745, "s": 129342, "[nH]": 106520, "o": 101193, "-": 98538, "#": 69515, "Br": 47552, "[O-]": 26269, "/": 22829, "[N+]": 22194, "others": 13082, "[S@]": 4260, "I": 3864, "[S@@]": 3781}}}