{"0.20": {"activatedMoleculePct": 0.008808194909600105, "activatedTokens": {"2": 10619, "3": 3663, "4": 1033, "5": 189, "others": 139, "1": 116, "c": 78, ")": 49, "6": 48}}, "0.00": {"activatedMoleculePct": 0.03238240177291746, "activatedTokens": {"2": 38543, "3": 13251, "4": 3127, "c": 636, "1": 561, "5": 510, "others": 463, ")": 456, "6": 188, "[C@H]": 184, "C": 172, "(": 133}}}