{"0.20": {"activatedMoleculePct": 0.10450091655906954, "activatedTokens": {"2": 90110, ")": 65953, "1": 44029, "3": 43854, "C": 11930, "[C@H]": 5870, "=": 4982, "4": 4777, "N": 4583, "s": 3538, "O": 3492, "others": 2758, "5": 1641}}, "0.00": {"activatedMoleculePct": 0.2086019599643483, "activatedTokens": {"2": 225466, ")": 102927, "3": 100470, "1": 57873, "C": 30803, "=": 14480, "4": 13835, "N": 12017, "[C@H]": 11476, "O": 7389, "others": 5013, "s": 4588, "5": 4038, "c": 4030, "(": 2197}}}