{"0.20": {"activatedMoleculePct": 0.9902909919417503, "activatedTokens": {")": 4373210, "others": 44}}, "0.00": {"activatedMoleculePct": 0.9970873708193665, "activatedTokens": {")": 5643102, "others": 1533}}}