{"0.20": {"activatedMoleculePct": 0.2793194539754056, "activatedTokens": {"2": 131196, "1": 83359, "O": 63330, "(": 55215, ")": 54209, "c": 52085, "3": 40421, "N": 18463, "[C@H]": 13730, "4": 10587, "[C@@H]": 6033, "F": 5821, "others": 5691, "=": 5557, "[nH]": 4811, "Cl": 4630, "n": 3000, "5": 2617, "Br": 2451, "s": 2299, "S": 2183, "o": 2170, "-": 1733, "[O-]": 1262, "#": 1044}}, "0.00": {"activatedMoleculePct": 0.7715332791868953, "activatedTokens": {")": 504375, "2": 489695, "O": 453612, "1": 381106, "c": 363192, "(": 357221, "3": 149716, "N": 74432, "=": 71236, "[C@H]": 53611, "F": 41266, "4": 32437, "[C@@H]": 28009, "others": 26633, "[nH]": 22756, "n": 20072, "Cl": 19468, "o": 12658, "-": 12044, "s": 10826, "Br": 8861, "S": 8442, "C": 6537}}}