{"0.20": {"activatedMoleculePct": 0.002341381818075292, "activatedTokens": {"c": 1057, "C": 601, "1": 547, "[N+]": 375, "[nH]": 354, "S": 342, "2": 196, "4": 195, "(": 192, "[C@H]": 87, "3": 86, "n": 61, "O": 46, "[N-]": 43, "others": 33, "F": 32, "5": 28, "6": 26, "N": 26, ")": 12}}, "0.00": {"activatedMoleculePct": 0.007122282821639729, "activatedTokens": {"c": 3451, "C": 2405, "S": 1246, "(": 1234, "1": 920, "[nH]": 871, "[N+]": 702, "2": 467, "4": 338, "[C@H]": 327, "O": 216, "3": 165, "n": 136, "others": 128, "F": 121, "N": 96, "[N-]": 80, ")": 80, "5": 60, "6": 52}}}