{"0.20": {"activatedMoleculePct": 0.006627201774089245, "activatedTokens": {".": 9587, "\\": 1996, "/": 350, "others": 85, "#": 63}}, "0.00": {"activatedMoleculePct": 0.01640358772638423, "activatedTokens": {".": 10263, "/": 5668, "\\": 4963, "#": 2671, "-": 1251, "C": 695, "O": 445, "1": 400, "N": 344, "=": 307, "others": 240, "[nH]": 156, "[O-]": 126, "F": 104, "3": 84, "S": 68}}}