{"0.20": {"activatedMoleculePct": 0.7817512832925526, "activatedTokens": {"C": 1444537, "N": 682400, "O": 224775, "o": 21833, "others": 18561}}, "0.00": {"activatedMoleculePct": 0.8981026531510518, "activatedTokens": {"C": 2126784, "N": 891407, "O": 335669, "c": 74618, "o": 35694, "others": 34618}}}