{"0.20": {"activatedMoleculePct": 0.5021498674779356, "activatedTokens": {"n": 1456540, "others": 31}}, "0.00": {"activatedMoleculePct": 0.549628579359075, "activatedTokens": {"n": 1629346, "others": 599}}}