{"0.20": {"activatedMoleculePct": 0.8898232282360248, "activatedTokens": {"1": 1177813, "2": 751225, "3": 267624, "4": 51024, "others": 7180}}, "0.00": {"activatedMoleculePct": 0.9784178352215012, "activatedTokens": {"1": 1709738, "2": 1074932, "3": 395181, "4": 78268, "others": 13875}}}