{"0.20": {"activatedMoleculePct": 0.06254353014757956, "activatedTokens": {"[C@H]": 60364, "[C@@H]": 24175, "[C@@]": 880, "others": 454}}, "0.00": {"activatedMoleculePct": 0.0839740946644764, "activatedTokens": {"[C@H]": 82282, "[C@@H]": 30617, "[C@@]": 1513, "others": 999, "[C@]": 881}}}