{"0.20": {"activatedMoleculePct": 0.157175049965835, "activatedTokens": {"(": 226073, "others": 1375, "=": 1036}}, "0.00": {"activatedMoleculePct": 0.35965880420350177, "activatedTokens": {"(": 594443, "others": 5069, "1": 2913, "=": 2734, "2": 1926, "-": 1045}}}