{"0.20": {"activatedMoleculePct": 0.13921224988703218, "activatedTokens": {"#": 73557, "Br": 68949, "2": 10453, "Cl": 8072, "4": 6220, "c": 6057, "3": 5648, "S": 5406, "O": 5238, "C": 5188, "-": 4128, "1": 4125, "N": 2717, "F": 2222, "others": 1884, "(": 1836, ")": 1811, "[O-]": 1593, "5": 1502, "I": 1500, "s": 762, "[C@H]": 642}}, "0.00": {"activatedMoleculePct": 0.327463156376036, "activatedTokens": {"c": 92510, "#": 79073, "Br": 69114, "C": 51424, "2": 48854, "O": 46921, "Cl": 43500, "-": 33056, "1": 32608, "3": 30279, ")": 29157, "F": 27442, "N": 27338, "S": 21986, "4": 19274, "(": 18814, "[O-]": 12992, "s": 7904, "others": 5927, "[C@H]": 5185, "[nH]": 4555, "5": 4083, "I": 3340, "[C@@H]": 2490, "=": 1722, "/": 1613}}}