{"0.20": {"activatedMoleculePct": 0.525968685391374, "activatedTokens": {"(": 834005, "/": 36587, "others": 8444}}, "0.00": {"activatedMoleculePct": 0.7644798389961279, "activatedTokens": {"(": 1489955, "/": 43398, "C": 28097, "others": 10284}}}