{"0.20": {"activatedMoleculePct": 0.4325411792449721, "activatedTokens": {"2": 358174, "3": 233445, "4": 84277, "5": 7931, "1": 5088, "others": 3991}}, "0.00": {"activatedMoleculePct": 0.7161684242287978, "activatedTokens": {"2": 761251, "3": 390635, "4": 98993, "1": 83736, "5": 11350, "others": 5327}}}