{"0.20": {"activatedMoleculePct": 0.0015943660362683486, "activatedTokens": {"c": 395, "-": 300, "(": 223, "2": 205, "C": 170, "3": 167, "[C@H]": 163, "n": 157, ")": 147, ".": 147, "=": 114, "N": 85, "1": 76, "S": 67, "O": 40, "4": 26, "others": 26, "F": 24, "[C@@H]": 18, "[Cl-]": 12, "5": 6, "Cl": 5, "[V]": 5, "[Na+]": 4, "[O-2]": 3, "[Ag+]": 3, "[Br-]": 2, "[Li+]": 2, "\\": 2, "[SH2+]": 2, "[CH3-]": 2, "[Ti+4]": 2, "[Sr]": 2, "I": 2, "[Ta+5]": 1, "[Mo+3]": 1, "[Hg+2]": 1, "[S-]": 1, "[K+]": 1, "[N+]": 1}}, "0.00": {"activatedMoleculePct": 0.007222617294294191, "activatedTokens": {"c": 2118, "2": 1169, "C": 1066, "(": 912, "n": 822, "-": 815, "3": 784, ")": 695, "O": 678, "[C@H]": 633, "1": 541, "=": 432, "N": 263, ".": 254, "[C@@H]": 145, "4": 133, "others": 113, "S": 105, "F": 85, "[Cl-]": 34, "Cl": 22}}}