{"0.20": {"activatedMoleculePct": 0.1242719342508933, "activatedTokens": {"n": 185288, "others": 55}}, "0.00": {"activatedMoleculePct": 0.18563561888426602, "activatedTokens": {"n": 293721, "others": 1112}}}