{"0.20": {"activatedMoleculePct": 0.11133830806784369, "activatedTokens": {"c": 97270, "(": 89867, "2": 45767, "-": 19042, "C": 16760, "3": 12046, "[C@H]": 11006, ")": 4147, "O": 3702, "1": 3700, "others": 2674, "4": 2414, "N": 2283, "Cl": 1157, "S": 960, "[C@]": 923, "[C@@H]": 886, "/": 643, "\\": 560, "[nH]": 528}}, "0.00": {"activatedMoleculePct": 0.2282763050255853, "activatedTokens": {"c": 195287, "(": 172289, "2": 105359, "C": 61978, "-": 41829, "[C@H]": 37788, "1": 29500, "3": 29000, ")": 23819, "O": 20908, "N": 10716, "others": 6650, "4": 5513, "[C@]": 4489, "Cl": 4416, "/": 3646, "F": 3530, "[C@@H]": 3503, "=": 2438, "S": 2278, "s": 1709, "\\": 1687}}}