{"0.20": {"activatedMoleculePct": 0.26630380253003993, "activatedTokens": {")": 164710, "C": 163512, "c": 99166, "n": 68320, "N": 66638, "2": 20448, "1": 17843, "O": 15803, "3": 8577, "[C@H]": 6318, "others": 6277, "4": 4925, "(": 3946}}, "0.00": {"activatedMoleculePct": 0.6079661177077161, "activatedTokens": {")": 610286, "c": 541289, "C": 485503, "n": 167449, "N": 114648, "2": 65227, "1": 55077, "O": 38419, "(": 31305, "3": 26002, "others": 18673, "[C@H]": 13923, "4": 11870, "[C@@H]": 7704}}}