{"0.20": {"activatedMoleculePct": 0.25264879345965713, "activatedTokens": {"o": 105673, "C": 75338, "[C@@]": 49029, "O": 40416, "[C@H]": 39956, "n": 24672, "c": 19729, "1": 18578, "[nH]": 16793, "s": 9899, "N": 7864, "[C@@H]": 6715, ")": 5581, "Cl": 5185, "[C@]": 4412, "others": 4014, "2": 3336, "F": 2078, "=": 1833, "3": 1803, "Br": 1578}}, "0.00": {"activatedMoleculePct": 0.5513276740784792, "activatedTokens": {"C": 378951, "O": 161335, "o": 138709, "n": 116854, "c": 104809, "[C@H]": 81707, "N": 74769, ")": 58056, "1": 57696, "[C@@]": 50618, "[nH]": 37858, "s": 32660, "[C@@H]": 22056, "2": 18731, "[C@]": 17268, "others": 13504, "Cl": 13050, "=": 11512, "3": 10393, "F": 7591, "S": 6466, "/": 4055, "Br": 3109}}}