{"0.20": {"activatedMoleculePct": 0.7797929301547568, "activatedTokens": {")": 1815362, "others": 706}}, "0.00": {"activatedMoleculePct": 0.8881102185167635, "activatedTokens": {")": 2508779, "others": 6639}}}