{"0.20": {"activatedMoleculePct": 0.9469772592283913, "activatedTokens": {"C": 3086742, "c": 1969684, "(": 1447490, "2": 241905, "1": 223955, "n": 218791, "O": 211453, ")": 93967, "[C@@H]": 78082, "others": 77841, "=": 71717, "3": 70180, "o": 62370, "N": 55618, "s": 27909, "F": 21484, "4": 18400, "[C@H]": 18238}}, "0.00": {"activatedMoleculePct": 0.999069892114809, "activatedTokens": {"C": 7608384, "c": 5834315, "(": 4082274, "O": 1305791, "1": 1075352, ")": 1013961, "2": 856140, "=": 736472, "n": 668930, "3": 278443, "N": 266754, "[C@@H]": 232560, "others": 216131, "o": 127486, "F": 115381, "[C@H]": 96516, "s": 72768, "4": 61179, "S": 57874}}}