{"0.20": {"activatedMoleculePct": 0.02992384100867637, "activatedTokens": {"C": 12336, "1": 5094, "N": 4269, "n": 3427, "O": 2747, "[nH]": 2364, "3": 2281, ")": 1989, "[C@]": 1755, "/": 1415, "c": 1336, "[C@@H]": 1292, "(": 1233, "2": 1029, "s": 891, "=": 405, "others": 403, "-": 381, "4": 343, "o": 166}}, "0.00": {"activatedMoleculePct": 0.083905252033604, "activatedTokens": {"C": 42037, "1": 17421, "n": 11773, "N": 9514, "[nH]": 6276, ")": 6187, "c": 5889, "3": 5628, "O": 5406, "[C@]": 4077, "(": 3937, "2": 3668, "[C@@H]": 3459, "/": 2703, "-": 2336, "s": 2195, "=": 1818, "others": 1134, "4": 954, "o": 571}}}