{"0.20": {"activatedMoleculePct": 0.028612901548446538, "activatedTokens": {"C": 6304, "1": 4763, ")": 4341, "2": 3669, "n": 3219, "(": 2547, "=": 2427, "s": 2399, "[C@H]": 2239, "c": 2039, "o": 1966, "3": 1839, "F": 1785, "N": 1168, "#": 1022, "O": 901, "4": 428, "others": 322, "5": 134}}, "0.00": {"activatedMoleculePct": 0.06991115638775391, "activatedTokens": {")": 15923, "C": 15530, "1": 12462, "2": 8608, "(": 8248, "n": 8009, "c": 6085, "[C@H]": 5387, "s": 5167, "F": 5037, "o": 4703, "=": 4674, "3": 3901, "N": 2501, "#": 2270, "O": 2073, "4": 932, "others": 878}}}