{"0.20": {"activatedMoleculePct": 0.7662968450301113, "activatedTokens": {"=": 1722729, "others": 42}}, "0.00": {"activatedMoleculePct": 0.8596174253881369, "activatedTokens": {"=": 2138745, "others": 1505}}}