{"0.20": {"activatedMoleculePct": 0.6095919755857666, "activatedTokens": {"2": 653817, "3": 342158, "4": 76120, "5": 9537, "1": 8576, "others": 2597}}, "0.00": {"activatedMoleculePct": 0.7666864650261126, "activatedTokens": {"2": 963881, "3": 419843, "1": 97655, "4": 87550, "5": 11331, "others": 4745}}}