{"0.20": {"activatedMoleculePct": 0.19208851697593365, "activatedTokens": {"[C@H]": 125900, "O": 70252, "C": 47666, "[C@@H]": 40069, "N": 37432, "=": 21183, "\\": 12847, "Cl": 9268, ".": 4211, "others": 3470, "3": 2020, "[N-]": 2002, "[N+]": 1695, "(": 755, "-": 694, "1": 664, "c": 588, "5": 573, "n": 571}}, "0.00": {"activatedMoleculePct": 0.5157235836544158, "activatedTokens": {"[C@H]": 327956, "O": 247245, "C": 245143, "[C@@H]": 149493, "N": 85512, "=": 50606, "Cl": 48009, "3": 23100, "1": 19573, "\\": 12892, "c": 12877, "others": 12598, "n": 12043, ".": 7571, "(": 7008, "2": 6983, "-": 5197, ")": 3145, "5": 2926, "4": 2686, "s": 2556, "[N+]": 2331}}}