{"0.20": {"activatedMoleculePct": 0.6629127903016845, "activatedTokens": {"C": 2222289, "others": 678}}, "0.00": {"activatedMoleculePct": 0.8885877227223892, "activatedTokens": {"C": 4288173, "others": 9853}}}