{"0.20": {"activatedMoleculePct": 0.18718091623682745, "activatedTokens": {"-": 150153, "Cl": 142409, "/": 5940, "others": 561}}, "0.00": {"activatedMoleculePct": 0.22063404063033484, "activatedTokens": {"-": 170417, "Cl": 165396, "/": 21031, "Br": 4559, "[O-]": 4074, "others": 3167}}}