{"0.20": {"activatedMoleculePct": 0.856594940945473, "activatedTokens": {"C": 1176476, "c": 665195, "1": 616452, ")": 612310, "O": 583156, "N": 552554, "2": 295556, "(": 248152, "=": 212962, "[C@H]": 144549, "3": 136603, "[C@@H]": 78608, "n": 77511, "F": 75702, "others": 53325, "-": 51732, "Cl": 40245, "S": 32603, "o": 23459, "[nH]": 22161, "/": 15056, "Br": 14241, "s": 12451}}, "0.00": {"activatedMoleculePct": 0.992942897967165, "activatedTokens": {"C": 4638458, "c": 2812885, ")": 2750795, "O": 1990534, "1": 1835755, "(": 1423343, "N": 1313145, "=": 1075587, "2": 970928, "3": 390762, "[C@H]": 370607, "n": 311022, "F": 253956, "[C@@H]": 249391, "others": 200431, "-": 126761, "Cl": 89266, "S": 83481, "o": 70149, "[nH]": 65818, "s": 45519}}}