{"0.20": {"activatedMoleculePct": 0.07497328686211627, "activatedTokens": {"n": 126478, "others": 1}}, "0.00": {"activatedMoleculePct": 0.16365211621514933, "activatedTokens": {"n": 308770, "others": 490}}}