{"0.20": {"activatedMoleculePct": 0.0061899778312081224, "activatedTokens": {"C": 2356, "[C@@H]": 1376, "c": 1218, "-": 1136, "3": 593, "[C@H]": 550, ")": 474, "N": 441, "2": 420, "(": 368, "Br": 171, "[N-]": 138, "4": 107, "[N+]": 96, "others": 85, "=": 23, "6": 16, "n": 16}}, "0.00": {"activatedMoleculePct": 0.019727075587011592, "activatedTokens": {"C": 7150, "c": 4110, "[C@@H]": 3887, ")": 3726, "-": 2925, "[C@H]": 1910, "3": 1791, "(": 1464, "2": 1382, "N": 853, "Br": 465, "=": 376, "[N-]": 272, "others": 265, "4": 244, "[N+]": 193, "1": 129, "n": 82}}}