{"0.20": {"activatedMoleculePct": 0.5178328046854002, "activatedTokens": {"n": 1341989, "others": 102}}, "0.00": {"activatedMoleculePct": 0.5523595811731516, "activatedTokens": {"n": 1572302, "others": 1301}}}