{"0.20": {"activatedMoleculePct": 0.0038193012765913815, "activatedTokens": {"c": 980, ")": 652, "C": 645, "N": 590, "2": 486, "O": 463, "1": 361, "(": 349, "=": 339, "/": 214, "[C@@H]": 120, "[nH]": 83, "others": 58, "[S@@]": 54, "s": 45, "[C@]": 41, "S": 38, "3": 37, "[N+]": 35, "4": 28, ".": 27, "[S@]": 20, "[NH+]": 17, "P": 16, "n": 15, "6": 14, "[Si]": 13, "I": 12, "7": 12, "[C]": 6, "[S-]": 6, "[I-]": 6, "5": 5, "[N-]": 5, "[O-]": 5, "[Cl-]": 5, "B": 5, "[C-]": 4, "8": 3, "[n+]": 3, "[P+]": 3, "[c]": 3}}, "0.00": {"activatedMoleculePct": 0.010623736206756391, "activatedTokens": {"c": 2506, "C": 2013, "=": 1942, "N": 1759, "O": 1576, ")": 1408, "(": 1191, "2": 1172, "1": 884, "/": 448, "[C@@H]": 354, "[nH]": 193, "others": 164, "[C@]": 124, "s": 103, "4": 84, "3": 81, "[S@@]": 73, "S": 65, "[N+]": 55, "n": 48, ".": 42, "[S@]": 27, "P": 25, "I": 23, "[NH+]": 21, "6": 21, "[Si]": 20, "7": 19, "5": 12, "[C]": 10}}}