{"0.20": {"activatedMoleculePct": 0.5465614204431855, "activatedTokens": {"N": 879292, "others": 152}}, "0.00": {"activatedMoleculePct": 0.7385767005777655, "activatedTokens": {"N": 1347856, "others": 2068}}}