{"0.20": {"activatedMoleculePct": 0.2690186922390187, "activatedTokens": {"1": 125667, "[C@H]": 69468, "[C@@H]": 60026, "2": 54063, "n": 43456, "S": 23994, "C": 20842, "3": 17829, "O": 17626, "o": 13412, "[nH]": 11449, "s": 10801, "F": 10185, "c": 5774, "others": 4801, "[S@]": 4078, "[S@@]": 3656, "Cl": 3088, "/": 2881, "#": 2402, "4": 2352, "=": 1819, "Br": 1391, "[N+]": 1356, "(": 1295}}, "0.00": {"activatedMoleculePct": 0.6375310981937597, "activatedTokens": {"1": 317823, "[C@H]": 164960, "C": 157292, "2": 145948, "[C@@H]": 139484, "n": 120627, "F": 108441, "O": 89092, "S": 87314, "3": 53705, "o": 48490, "c": 46896, "s": 34598, "Cl": 26114, "-": 26027, "(": 25388, "[nH]": 25320, "[N+]": 14491, "=": 13511, "others": 13486, "/": 12911, "Br": 11713, "N": 10847, "4": 8225, "#": 8080, "[C@]": 6529, ")": 6406, "[C@@]": 4457, "[S@]": 4344}}}