{"0.20": {"activatedMoleculePct": 0.5265047790700825, "activatedTokens": {"C": 871635, "others": 229}}, "0.00": {"activatedMoleculePct": 0.7772457528124778, "activatedTokens": {"C": 1400569, "others": 2905}}}