{"0.20": {"activatedMoleculePct": 0.4358126689482384, "activatedTokens": {"(": 802389, "others": 122}}, "0.00": {"activatedMoleculePct": 0.8145372200613286, "activatedTokens": {"(": 2182827, "others": 2126}}}