{"0.20": {"activatedMoleculePct": 0.35369586058048985, "activatedTokens": {"C": 741419, "(": 65724, "c": 30808, "O": 21956, "S": 21830, ")": 18774, "others": 4357}}, "0.00": {"activatedMoleculePct": 0.645554194164049, "activatedTokens": {"C": 1456105, "(": 270426, "c": 145467, ")": 131932, "O": 74111, "S": 38431, "others": 21216}}}