{"0.20": {"activatedMoleculePct": 0.4423424657233273, "activatedTokens": {"[C@H]": 405708, "[C@@H]": 371383, "[C@]": 17749, "[C@@]": 12865, "others": 264}}, "0.00": {"activatedMoleculePct": 0.6030775585473619, "activatedTokens": {"[C@H]": 619322, "[C@@H]": 580562, "[C@]": 33930, "[C@@]": 26750, "others": 2333}}}