{"0.20": {"activatedMoleculePct": 0.06505628617442233, "activatedTokens": {"2": 87800, "3": 1813, "others": 25}}, "0.00": {"activatedMoleculePct": 0.09181629563662223, "activatedTokens": {"2": 116452, "3": 12078, "/": 1715, "others": 420}}}