{"0.20": {"activatedMoleculePct": 0.9023167010025391, "activatedTokens": {"1": 1232503, "others": 278}}, "0.00": {"activatedMoleculePct": 0.9451866184572952, "activatedTokens": {"1": 1305103, "others": 2387}}}