{"0.20": {"activatedMoleculePct": 0.35382475742127223, "activatedTokens": {"n": 755336, "others": 162}}, "0.00": {"activatedMoleculePct": 0.4881447863058825, "activatedTokens": {"n": 1232168, "others": 2247}}}