{"0.20": {"activatedMoleculePct": 0.42000815858412677, "activatedTokens": {"2": 339721, "3": 165793, "1": 98080, "4": 33211, "others": 5607}}, "0.00": {"activatedMoleculePct": 0.744856027355425, "activatedTokens": {"2": 673455, "1": 324657, "3": 303768, "4": 63781, "others": 12852}}}