{"0.20": {"activatedMoleculePct": 0.13044213813493596, "activatedTokens": {"C": 377112, "c": 133027, "(": 103957, "N": 97865, ")": 79183, "O": 67027, "[C@H]": 44680, "n": 41727, "=": 40176, "[C@@H]": 23999, "F": 14831, "others": 10028, "1": 9503, "Br": 8795, "[nH]": 8594, "s": 8493, "Cl": 6843, "S": 5688, "o": 5068, "-": 2931, "[C@@]": 2509, "[C@]": 2179}}, "0.00": {"activatedMoleculePct": 0.4049455374229274, "activatedTokens": {"C": 919356, "c": 382055, "(": 265103, ")": 255826, "N": 245366, "O": 196205, "=": 131343, "n": 127271, "[C@H]": 92819, "F": 91739, "[C@@H]": 64200, "1": 42759, "Br": 39273, "Cl": 30289, "S": 26864, "others": 25723, "s": 25640, "[nH]": 22683, "-": 18075, "o": 16282, "2": 12270, "3": 9762, "[C@]": 9581, "#": 9577}}}