{"0.20": {"activatedMoleculePct": 0.7302628543473023, "activatedTokens": {"c": 3635068, "others": 200}}, "0.00": {"activatedMoleculePct": 0.8523230359893162, "activatedTokens": {"c": 5635019, "others": 5755}}}