{"0.20": {"activatedMoleculePct": 0.28176117026613534, "activatedTokens": {"(": 234238, "C": 210649, "n": 98067, "[C@@H]": 34321, "1": 27008, "N": 17976, "2": 9667, "=": 9219, "s": 9105, "[C@]": 8086, "others": 5608, "[C@@]": 3420, "#": 2511, "O": 2264, "[C@H]": 2119}}, "0.00": {"activatedMoleculePct": 0.4798192221808027, "activatedTokens": {"(": 461582, "C": 437718, "n": 202514, "1": 64928, "[C@@H]": 60623, "N": 37676, "2": 28482, "=": 23435, "s": 18078, "[C@]": 13170, "others": 11123, "[C@H]": 9130, "[C@@]": 7603, "O": 7271, "c": 5339, "S": 5221, "#": 5014}}}