{"0.20": {"activatedMoleculePct": 0.28917200624270833, "activatedTokens": {"c": 441463, "others": 52}}, "0.00": {"activatedMoleculePct": 0.3275107603229159, "activatedTokens": {"c": 618395, "others": 2475}}}