{"0.20": {"activatedMoleculePct": 0.7371559058555052, "activatedTokens": {")": 967300, "C": 738965, "c": 615532, "(": 268679, "N": 258681, "=": 177187, "1": 143140, "O": 131178, "2": 118750, "n": 114565, "[C@H]": 71767, "[C@@H]": 70784, "F": 53654, "3": 43190, "others": 39168, "Cl": 17136, "-": 16686, "S": 15711, "[nH]": 14266, "Br": 13136, "s": 11736, "4": 8610, "[C@]": 8604, "[C@@]": 7877}}, "0.00": {"activatedMoleculePct": 0.9853072248876363, "activatedTokens": {"C": 2184266, ")": 2150940, "c": 1971746, "(": 1077532, "=": 583422, "O": 553112, "N": 552194, "1": 390000, "2": 377778, "n": 292584, "[C@H]": 175824, "[C@@H]": 160962, "3": 152802, "F": 150598, "others": 109545, "-": 58164, "S": 50065, "Cl": 47736, "[nH]": 42760, "s": 37612, "Br": 29928, "4": 28627, "o": 23427}}}