{"0.20": {"activatedMoleculePct": 0.6982583546757695, "activatedTokens": {"C": 2852300, "others": 1168}}, "0.00": {"activatedMoleculePct": 0.925215664188576, "activatedTokens": {"C": 5917086, "others": 10036}}}