{"0.20": {"activatedMoleculePct": 0.2682621556678358, "activatedTokens": {"O": 201797, "C": 133459, "(": 96307, "1": 37040, "2": 8864, "S": 5485, "3": 4652, "others": 3879, "N": 3539}}, "0.00": {"activatedMoleculePct": 0.5282910256306974, "activatedTokens": {"C": 467891, "O": 366982, "(": 295196, "1": 139468, "2": 45276, ")": 20798, "3": 19192, "N": 17838, "S": 13049, "others": 9374}}}