{"0.20": {"activatedMoleculePct": 0.00011571420933872258, "activatedTokens": {"[Si]": 137, ".": 5, "7": 2, "[SiH]": 2, "9": 2, "c": 1, "[Ge]": 1, "[S+]": 1, "%11": 1, "#": 1, "4": 1, "%10": 1, "%13": 1, "C": 1, "others": 1}}, "0.00": {"activatedMoleculePct": 0.00037790210138468895, "activatedTokens": {"[Si]": 245, ".": 65, "C": 53, "/": 45, "c": 33, "(": 16, "[C@@H]": 13, "O": 9, "5": 6, ")": 5, "9": 5, "others": 5, "7": 4, "s": 4, "n": 4, "#": 4, "6": 3, "[SiH]": 3, "%11": 2, "4": 2, "8": 2, "%10": 2, "[Ge]": 1}}}