{"0.20": {"activatedMoleculePct": 0.11655643301428924, "activatedTokens": {"1": 159169, "others": 44}}, "0.00": {"activatedMoleculePct": 0.40252872165825787, "activatedTokens": {"1": 549439, "others": 1361}}}