{"0.20": {"activatedMoleculePct": 0.3643796509971562, "activatedTokens": {"c": 432963, "n": 322872, "[C@H]": 34669, "O": 29905, "1": 12702, "[nH]": 10619, "(": 9718, "others": 8163, "[S@]": 4357, "[S@@]": 3947, "[C@@]": 3466}}, "0.00": {"activatedMoleculePct": 0.67818999540805, "activatedTokens": {"c": 1474213, "n": 606284, "(": 103067, "[C@H]": 99621, "O": 92712, "1": 70406, "[nH]": 23962, "others": 23868, "C": 22972, "S": 18929, "2": 16790, "[C@@H]": 15051, "[C@@]": 10689, "Cl": 6471}}}