{"0.20": {"activatedMoleculePct": 0.25374954318520204, "activatedTokens": {"Cl": 178123, "C": 147890, "O": 47363, "/": 17793, "F": 12913, "\\": 12873, "N": 5497, "[nH]": 4466, "others": 4355, "S": 3152, "[N-]": 1413}}, "0.00": {"activatedMoleculePct": 0.5300091619288534, "activatedTokens": {"C": 534947, "Cl": 184086, "O": 166559, "F": 68187, "/": 29579, "1": 26235, "N": 19086, "#": 17144, "[nH]": 15546, "2": 14685, "n": 13180, "\\": 12885, "c": 8208, "S": 7669, "others": 7249, "3": 4552}}}