{"0.20": {"activatedMoleculePct": 0.6323898719307355, "activatedTokens": {"c": 2110408, "others": 358}}, "0.00": {"activatedMoleculePct": 0.766805841077519, "activatedTokens": {"c": 4315587, "others": 8594}}}