{"0.20": {"activatedMoleculePct": 0.14745578874979584, "activatedTokens": {"Cl": 114206, "s": 69443, "Br": 34090, "#": 4111, "others": 2066, "I": 1900}}, "0.00": {"activatedMoleculePct": 0.22890467712439935, "activatedTokens": {"Cl": 158533, "s": 113597, "Br": 52751, "#": 28133, "[O-]": 5676, "others": 3483, "I": 3156, "-": 2671, "\\": 2175}}}