{"0.20": {"activatedMoleculePct": 0.25439915396800866, "activatedTokens": {"1": 355708, "others": 1224}}, "0.00": {"activatedMoleculePct": 0.34498214119623594, "activatedTokens": {"1": 502064, "2": 16046, "others": 2384}}}