{"0.20": {"activatedMoleculePct": 0.7478455552194798, "activatedTokens": {"C": 2231249, "others": 4353}}, "0.00": {"activatedMoleculePct": 0.9415028053372081, "activatedTokens": {"C": 4283257, "others": 25825}}}