{"0.20": {"activatedMoleculePct": 0.6481716788740275, "activatedTokens": {"C": 828908, "c": 289210, ")": 209192, "(": 188084, "[C@H]": 155402, "1": 127042, "[C@@H]": 92082, "2": 89660, "3": 58353, "O": 44505, "N": 21314, "others": 19831, "[C@]": 12477, "=": 11268, "F": 9332, "Br": 7163, "o": 6569, "s": 5916, "4": 5227, "Cl": 3985, "S": 3549, "#": 3284, "\\": 3253}}, "0.00": {"activatedMoleculePct": 0.9983917189638745, "activatedTokens": {"C": 5328118, ")": 3490034, "c": 2553676, "(": 2044635, "1": 1453875, "2": 1003296, "O": 810567, "[C@H]": 518234, "3": 385566, "[C@@H]": 375102, "N": 246830, "F": 189636, "others": 178110, "=": 89188, "o": 62326, "s": 60231, "n": 58051, "4": 48456, "Cl": 44452, "-": 41779}}}