{"0.20": {"activatedMoleculePct": 0.12623175212551624, "activatedTokens": {"1": 171984, "2": 6112, "others": 817}}, "0.00": {"activatedMoleculePct": 0.44460987833163546, "activatedTokens": {"1": 610216, "2": 38166, "others": 3712}}}