{"0.20": {"activatedMoleculePct": 0.47845701693162535, "activatedTokens": {")": 871345, "others": 1095}}, "0.00": {"activatedMoleculePct": 0.8073797835558391, "activatedTokens": {")": 2004582, "others": 16213}}}