{"0.20": {"activatedMoleculePct": 0.49904535777295556, "activatedTokens": {"N": 410374, "-": 140388, "O": 114284, ")": 84349, "n": 35827, "1": 31071, "c": 28219, "[C@H]": 22439, "2": 19836, "S": 17972, "[C@@H]": 16647, "3": 7458, "others": 5177, "4": 4717}}, "0.00": {"activatedMoleculePct": 0.703029734889958, "activatedTokens": {"N": 611117, ")": 213926, "O": 197886, "-": 178526, "c": 116360, "1": 104995, "n": 80220, "2": 76155, "3": 37110, "[C@H]": 36029, "[C@@H]": 30240, "S": 27128, "4": 20364, "C": 15686, "others": 6720}}}