{"0.20": {"activatedMoleculePct": 0.26494745622817084, "activatedTokens": {"N": 422205, "others": 292}}, "0.00": {"activatedMoleculePct": 0.5287070108895859, "activatedTokens": {"N": 975444, "others": 1308}}}