{"0.20": {"activatedMoleculePct": 0.42586124694510824, "activatedTokens": {"C": 643497, "c": 131349, "n": 115154, "O": 95720, "F": 46356, "[nH]": 29188, "o": 25887, "N": 25169, "s": 19360, "[C@@H]": 16745, "[C@H]": 16681, "=": 12236, "Cl": 9754, "others": 8075, "S": 6541, "#": 5160, "[O-]": 4318}}, "0.00": {"activatedMoleculePct": 0.6506368309539904, "activatedTokens": {"C": 1118220, "c": 382488, "n": 200289, "O": 193209, "F": 113853, "[nH]": 48652, "N": 47072, "=": 42006, "o": 40430, "s": 36336, "[C@@H]": 28552, "[C@H]": 26855, "Cl": 24021, "others": 23690, "(": 21155, "S": 13025, "#": 12338, "[O-]": 9336}}}