{"0.20": {"activatedMoleculePct": 0.7162768147540011, "activatedTokens": {"C": 925073, "1": 890927, "c": 749529, ")": 475267, "n": 284612, "2": 284030, "O": 81166, "[C@H]": 61100, "(": 55280, "3": 54044, "[C@@H]": 50234, "N": 42776, "o": 42268, "others": 39251, "s": 32221, "=": 29594, "[nH]": 24869, "F": 17070}}, "0.00": {"activatedMoleculePct": 0.7940265102718331, "activatedTokens": {"C": 1210222, "1": 1012669, "c": 905062, ")": 856638, "2": 395861, "n": 335329, "O": 122485, "(": 97479, "N": 83976, "[C@H]": 74325, "3": 73282, "[C@@H]": 61895, "others": 51154, "o": 50151, "=": 46101, "s": 36446, "[nH]": 28162, "F": 26799, "Cl": 16123}}}