{"0.20": {"activatedMoleculePct": 0.29346441751444413, "activatedTokens": {"1": 419384, "others": 302}}, "0.00": {"activatedMoleculePct": 0.4359525513152238, "activatedTokens": {"1": 659562, "2": 4684, "others": 3266}}}