{"0.20": {"activatedMoleculePct": 0.0029990486534308167, "activatedTokens": {"c": 826, "C": 815, "O": 756, "1": 700, "2": 222, "n": 178, "N": 155, ")": 151, "3": 131, "Br": 109, "(": 62, "Cl": 60, "/": 49, "others": 38, "I": 12, "[C@H]": 9, "=": 9}}, "0.00": {"activatedMoleculePct": 0.00925054543137598, "activatedTokens": {"C": 3072, "c": 2943, "O": 2028, "1": 1901, ")": 1011, "2": 462, "N": 443, "n": 393, "(": 322, "3": 220, "Br": 182, "/": 143, "others": 109, "Cl": 96, "=": 55, "I": 27}}}