{"0.20": {"activatedMoleculePct": 0.7088242337778565, "activatedTokens": {"c": 3122741, "others": 520}}, "0.00": {"activatedMoleculePct": 0.817527480293797, "activatedTokens": {"c": 4766332, "others": 6074}}}