{"0.20": {"activatedMoleculePct": 0.20188760634904826, "activatedTokens": {"1": 94503, "2": 82591, "[C@H]": 69392, "n": 32382, "c": 31565, "[C@@H]": 22471, "3": 10379, "(": 6280, "C": 6247, "N": 4227, "O": 3991, "others": 3758, "[nH]": 2548, "4": 2462, "=": 2445, ")": 1197}}, "0.00": {"activatedMoleculePct": 0.5042107521936265, "activatedTokens": {"1": 341594, "2": 262235, "c": 199156, "n": 114886, "[C@H]": 108168, "C": 62543, ")": 48814, "[C@@H]": 38582, "(": 31724, "3": 30972, "O": 17339, "N": 13221, "[nH]": 12721, "=": 8491, "others": 7995, "o": 7457, "4": 5879}}}