{"0.20": {"activatedMoleculePct": 0.4261593208894175, "activatedTokens": {"[C@@H]": 329483, "[C@H]": 313699, "[C@]": 51044, "[C@@]": 32055, "others": 3576}}, "0.00": {"activatedMoleculePct": 0.5917199891902423, "activatedTokens": {"[C@H]": 542195, "[C@@H]": 537650, "[C@]": 51046, "[C@@]": 45052, "others": 7110}}}