{"0.20": {"activatedMoleculePct": 0.4715500504235653, "activatedTokens": {"C": 1158849, "others": 3001}}, "0.00": {"activatedMoleculePct": 0.8311722362063902, "activatedTokens": {"C": 3052885, "others": 25969}}}