{"0.20": {"activatedMoleculePct": 0.30775585473618994, "activatedTokens": {"2": 171724, "O": 104435, "C": 81474, "1": 70191, "(": 61453, "3": 42762, "[C@H]": 31579, "[C@@H]": 22390, "c": 14340, "4": 8298, "others": 2300}}, "0.00": {"activatedMoleculePct": 0.575924267247093, "activatedTokens": {"2": 356068, "(": 229775, "O": 206455, "1": 195416, "C": 176791, "c": 98467, "3": 89613, "[C@H]": 78493, "[C@@H]": 61046, "4": 17580, "others": 11014, ")": 4709}}}