{"0.20": {"activatedMoleculePct": 0.029023760228440356, "activatedTokens": {")": 136849, "others": 108}}, "0.00": {"activatedMoleculePct": 0.17918784737149315, "activatedTokens": {")": 564606, "others": 1572}}}