{"0.20": {"activatedMoleculePct": 0.6886313718798359, "activatedTokens": {"O": 1530278, "others": 286}}, "0.00": {"activatedMoleculePct": 0.8230671149737848, "activatedTokens": {"O": 1981146, "others": 2486}}}