{"0.20": {"activatedMoleculePct": 0.32985140977257765, "activatedTokens": {"[C@H]": 297713, "[C@@H]": 271112, "[C@@]": 12620, "[C@]": 6889, "others": 37}}, "0.00": {"activatedMoleculePct": 0.5649043197286135, "activatedTokens": {"[C@H]": 593466, "[C@@H]": 539961, "[C@@]": 29780, "[C@]": 24594, "others": 490}}}