{"0.20": {"activatedMoleculePct": 0.3459525293441714, "activatedTokens": {"C": 399550, "c": 284885, "[C@@H]": 74454, "others": 6891}}, "0.00": {"activatedMoleculePct": 0.6657126347466334, "activatedTokens": {"C": 1162725, "c": 675242, "[C@@H]": 167972, "others": 17652, "n": 12542, "[C@]": 11826}}}