{"0.20": {"activatedMoleculePct": 0.25454416291388887, "activatedTokens": {"c": 312307, "C": 89547, ")": 69013, "O": 18696, "[C@@H]": 6681, "others": 4089, "n": 4003, "(": 3552, "N": 2594, "S": 1852, "=": 1550}}, "0.00": {"activatedMoleculePct": 0.42580046036678476, "activatedTokens": {"c": 522436, ")": 390390, "C": 163163, "O": 33646, "[C@@H]": 12795, "others": 11466, "(": 11120, "n": 9850, "N": 9604, "S": 4560, "/": 4406, "=": 3793}}}