{"0.20": {"activatedMoleculePct": 0.07556357580342646, "activatedTokens": {"C": 488992, "(": 213175, ")": 141089, "O": 111477, "N": 107725, "1": 89074, "2": 85123, "c": 75265, "=": 57394, "3": 35324, "[C@@H]": 16007, "[C@H]": 15423, "others": 11489, "n": 11047, "F": 9787, "4": 7865}}, "0.00": {"activatedMoleculePct": 0.13758785674580884, "activatedTokens": {"C": 742822, "(": 303272, ")": 268127, "O": 188125, "c": 178180, "1": 177376, "N": 155184, "2": 134121, "=": 125852, "3": 62544, "n": 30853, "[C@@H]": 27144, "[C@H]": 25520, "others": 22699, "F": 19580, "4": 16842, "S": 5477, "Cl": 4439, "o": 4235}}}