{"0.20": {"activatedMoleculePct": 0.3550683189874567, "activatedTokens": {"n": 782602, "others": 4}}, "0.00": {"activatedMoleculePct": 0.4727401490955616, "activatedTokens": {"n": 1164469, "others": 514}}}