{"0.20": {"activatedMoleculePct": 0.09569125691264237, "activatedTokens": {"C": 135404, "others": 392}}, "0.00": {"activatedMoleculePct": 0.11188978148323646, "activatedTokens": {"C": 179267, "=": 8504, "[C@H]": 1841, "others": 1220, "c": 1196}}}