{"0.20": {"activatedMoleculePct": 0.015195912212463006, "activatedTokens": {"C": 2650, "1": 2548, "(": 2504, "N": 2237, "2": 2124, "c": 2005, "3": 1258, "O": 1106, "n": 856, "[C@]": 783, "Cl": 728, "F": 713, ")": 712, "=": 667, "-": 515, "[nH]": 489, "#": 479, "4": 441, "[C@@H]": 405, "Br": 285, "others": 242, "s": 200, "5": 143, "7": 102, "6": 65}}, "0.00": {"activatedMoleculePct": 0.05092011105634623, "activatedTokens": {"C": 10113, "(": 8006, "2": 7438, "N": 7437, "1": 7231, "c": 5944, "O": 4636, "=": 3823, "3": 3656, "F": 3251, ")": 2796, "n": 2641, "Cl": 2566, "#": 2286, "-": 2246, "[C@]": 2088, "[C@@H]": 1799, "[nH]": 1492, "Br": 1185, "s": 1110, "4": 1036, "others": 708, "5": 352, "[N+]": 238}}}