{"0.20": {"activatedMoleculePct": 0.9998234992123378, "activatedTokens": {"C": 9720777, "c": 8533751, "others": 464}}, "0.00": {"activatedMoleculePct": 0.9999143128956163, "activatedTokens": {"C": 12211619, "c": 9827464, "others": 5546}}}