{"0.20": {"activatedMoleculePct": 0.38484934815549354, "activatedTokens": {"1": 550293, "others": 1688}}, "0.00": {"activatedMoleculePct": 0.4997660082918752, "activatedTokens": {"1": 750127, "2": 24696, "others": 4806}}}