{"0.20": {"activatedMoleculePct": 0.3654752741438064, "activatedTokens": {"c": 551773, "C": 124610, "n": 81293, "N": 79560, "(": 14292, "others": 7443, "[nH]": 5135, "o": 3016, "O": 2994}}, "0.00": {"activatedMoleculePct": 0.6073648432402029, "activatedTokens": {"c": 1144294, "C": 338500, "N": 177877, "n": 157137, "(": 67280, "others": 16851, "O": 13739, "[nH]": 12332, "o": 9919, "2": 9627, "=": 9131, "-": 5396, "[C@H]": 5156}}}