{"0.20": {"activatedMoleculePct": 0.2681405825111888, "activatedTokens": {"C": 167789, "(": 121568, "c": 116567, "N": 107252, "[C@H]": 86443, "2": 59917, ")": 56599, "[C@@H]": 37322, "1": 28527, "=": 12677, "S": 12128, "-": 9433, "3": 9215, "others": 7663, "O": 4351, "[nH]": 4046}}, "0.00": {"activatedMoleculePct": 0.5320890882232961, "activatedTokens": {"C": 413599, "(": 373728, "c": 331772, "N": 226094, "[C@H]": 171486, "2": 127984, ")": 103459, "[C@@H]": 70513, "1": 63619, "-": 40193, "=": 33275, "S": 27943, "3": 20417, "O": 12740, "others": 12469, "[nH]": 10324, "n": 10212}}}