{"0.20": {"activatedMoleculePct": 0.6274529764550879, "activatedTokens": {"(": 1010988, ")": 66500, "C": 51818, "=": 20240, "others": 1918}}, "0.00": {"activatedMoleculePct": 0.8114209924617319, "activatedTokens": {"(": 1548881, "C": 210266, ")": 185543, "=": 100915, "others": 15482}}}