{"0.20": {"activatedMoleculePct": 0.08828188567289644, "activatedTokens": {"1": 100175, "2": 22855, "n": 9403, "c": 2399, "others": 1082}}, "0.00": {"activatedMoleculePct": 0.1566330973398182, "activatedTokens": {"1": 195609, "2": 40958, "n": 27328, "c": 13383, "C": 4653, "-": 4446, ")": 3868, "others": 2972, "(": 1843, "3": 1621, "N": 1117, "[C@H]": 1073}}}