{"0.20": {"activatedMoleculePct": 0.192844321178703, "activatedTokens": {"c": 442361, "C": 226523, ")": 89213, "n": 76833, "(": 62359, "O": 55481, "F": 41390, "2": 29327, "1": 18461, "Cl": 18042, "s": 17427, "o": 11761, "N": 11629, "others": 10147, "=": 10095, "[C@H]": 9714, "[nH]": 8769, "[C@@H]": 6632, "Br": 6399, "S": 3737, "#": 2919}}, "0.00": {"activatedMoleculePct": 0.4243013022242761, "activatedTokens": {"c": 906287, "C": 489039, ")": 266283, "(": 179680, "n": 164572, "O": 161147, "F": 95080, "2": 69032, "1": 49642, "=": 39416, "s": 37708, "N": 37232, "Cl": 36958, "[C@H]": 27532, "o": 24764, "others": 18911, "[C@@H]": 18710, "[nH]": 17006, "Br": 13406, "S": 11624, "3": 10434, "#": 9018, "-": 8191}}}