{"0.20": {"activatedMoleculePct": 0.8792676022917273, "activatedTokens": {"C": 3347112, "others": 144}}, "0.00": {"activatedMoleculePct": 0.958407333058451, "activatedTokens": {"C": 5041648, "others": 5735}}}