{"0.20": {"activatedMoleculePct": 0.06423603355126176, "activatedTokens": {"O": 91183, "-": 880, "others": 823}}, "0.00": {"activatedMoleculePct": 0.10429878287693355, "activatedTokens": {"O": 144488, "-": 5834, "others": 1359, "(": 1260, "=": 1130, "1": 1038, "c": 763, "C": 645, ")": 568}}}