{"0.20": {"activatedMoleculePct": 0.16434420436594105, "activatedTokens": {"N": 228192, "O": 3055, "others": 551}}, "0.00": {"activatedMoleculePct": 0.4610273810578769, "activatedTokens": {"N": 711014, "O": 10229, "others": 3813}}}