{"0.20": {"activatedMoleculePct": 0.9880257764386828, "activatedTokens": {"C": 4439250, "c": 2009195, "(": 1340719, ")": 1137211, "n": 1123001, "N": 898497, "=": 649011, "O": 564611, "[C@H]": 284779, "[C@@H]": 222443, "1": 218739, "others": 108366, "o": 85272, "S": 82997, "[nH]": 74182, "s": 50518, "#": 40047, "2": 36940, "Cl": 36620, "[C@]": 34697, "F": 31849, "[C@@]": 27307}}, "0.00": {"activatedMoleculePct": 0.9994082463218628, "activatedTokens": {"C": 9959972, "c": 6792584, "(": 4546994, ")": 4483837, "O": 2049223, "=": 2028974, "N": 1876717, "n": 1557355, "1": 1075271, "[C@H]": 595435, "[C@@H]": 522919, "2": 337718, "others": 328371, "F": 214408, "S": 177324, "o": 147099, "3": 144211, "[nH]": 129179, "s": 121816, "Cl": 118572, "-": 108625}}}