{"0.20": {"activatedMoleculePct": 0.564660441046906, "activatedTokens": {"n": 1695600, "others": 82}}, "0.00": {"activatedMoleculePct": 0.5651474660419076, "activatedTokens": {"n": 1698073, "others": 701}}}