{"0.20": {"activatedMoleculePct": 0.0108119548890352, "activatedTokens": {"C": 3146, "1": 2778, ")": 2354, "(": 1767, "2": 1296, "n": 1259, "4": 967, "[nH]": 825, "c": 683, "=": 571, "N": 514, "[Si]": 482, "o": 448, "-": 434, "S": 411, "O": 366, "3": 158, "[N+]": 156, "others": 143, "6": 126, "P": 87, "/": 67, "[S@]": 58}}, "0.00": {"activatedMoleculePct": 0.03562752621329644, "activatedTokens": {"C": 11393, "1": 6474, ")": 6333, "(": 5546, "O": 4494, "=": 4286, "n": 4053, "2": 3962, "4": 2534, "S": 2306, "[nH]": 2262, "c": 2221, "-": 1889, "N": 1427, "o": 1367, "3": 672, "[Si]": 652, "others": 523, "[N+]": 452, "6": 247, "/": 201, "5": 149}}}