{"0.20": {"activatedMoleculePct": 0.4277141390313549, "activatedTokens": {"[C@@H]": 357748, "[C@H]": 347393, "[C@]": 20238, "[C@@]": 16860, "others": 26}}, "0.00": {"activatedMoleculePct": 0.620458858105817, "activatedTokens": {"[C@H]": 612932, "[C@@H]": 611089, "[C@]": 39223, "[C@@]": 33962, "others": 667}}}