{"0.20": {"activatedMoleculePct": 0.6731022320392139, "activatedTokens": {")": 1589882, "others": 903}}, "0.00": {"activatedMoleculePct": 0.8444039363337491, "activatedTokens": {")": 2419488, "others": 10147}}}