{"0.20": {"activatedMoleculePct": 0.1333305991579228, "activatedTokens": {"s": 100912, "[nH]": 46690, "o": 42035, "others": 1068}}, "0.00": {"activatedMoleculePct": 0.22986627685137243, "activatedTokens": {"s": 137975, "o": 101519, "[nH]": 96038, "S": 4784, "others": 2495}}}