{"0.20": {"activatedMoleculePct": 0.29286607252058505, "activatedTokens": {"C": 579170, "F": 89233, ")": 60712, "3": 11463, "2": 9126, "others": 4433, "4": 3961}}, "0.00": {"activatedMoleculePct": 0.3900147425761645, "activatedTokens": {"C": 772263, ")": 229303, "F": 175654, "3": 28097, "2": 25693, "others": 11874, "4": 8205, "O": 5027, "N": 4416, "[C@@]": 2633}}}