{"0.20": {"activatedMoleculePct": 0.19421824432249696, "activatedTokens": {"1": 197897, "2": 71554, "3": 10043, "others": 428}}, "0.00": {"activatedMoleculePct": 0.28814449335851705, "activatedTokens": {"1": 308691, "2": 110146, "3": 17786, "others": 2030}}}