{"0.20": {"activatedMoleculePct": 0.7163456573848735, "activatedTokens": {")": 1377830, "others": 1764}}, "0.00": {"activatedMoleculePct": 0.85836507540099, "activatedTokens": {")": 2001423, "others": 12590}}}