{"0.20": {"activatedMoleculePct": 0.2774687589943996, "activatedTokens": {"C": 335749, "c": 328170, "1": 188833, "O": 183643, ")": 140657, "N": 135149, "=": 109258, "(": 94978, "n": 50861, "[C@@H]": 42408, "[C@H]": 36449, "2": 16977, "S": 16085, "others": 15640, "F": 11062, "-": 9560, "/": 5611, "o": 4509, "s": 3387, "[nH]": 3233, "#": 2710}}, "0.00": {"activatedMoleculePct": 0.6030636435475047, "activatedTokens": {"C": 827951, "c": 805127, "O": 468117, ")": 423797, "1": 380804, "=": 311969, "(": 288110, "N": 280813, "n": 119367, "[C@@H]": 104379, "[C@H]": 95412, "2": 74843, "S": 45948, "others": 39271, "F": 32600, "-": 29641, "o": 15342, "/": 15130, "[nH]": 9714, "#": 9107, "s": 9076, "Cl": 6823}}}