{"0.20": {"activatedMoleculePct": 0.9981053629141818, "activatedTokens": {"(": 6109263, "others": 0}}, "0.00": {"activatedMoleculePct": 0.9981932471238062, "activatedTokens": {"(": 6223573, "others": 208}}}