{"0.20": {"activatedMoleculePct": 0.10679835627233265, "activatedTokens": {"O": 153532, "others": 1195}}, "0.00": {"activatedMoleculePct": 0.16083908913875672, "activatedTokens": {"O": 228549, "S": 4059, "others": 2109, "N": 1862, "=": 1200, "\\": 815}}}