{"0.20": {"activatedMoleculePct": 0.19934848505931818, "activatedTokens": {"N": 281195, "1": 12876, "O": 8604, "2": 7409, "others": 2300}}, "0.00": {"activatedMoleculePct": 0.368490434902335, "activatedTokens": {"N": 494702, "1": 61063, "2": 37154, "O": 30632, "3": 6470, "others": 5969, ")": 5575, "(": 3733}}}