{"0.20": {"activatedMoleculePct": 0.2127530241322716, "activatedTokens": {"C": 386345, "others": 3300, "O": 2768}}, "0.00": {"activatedMoleculePct": 0.4737156638223919, "activatedTokens": {"C": 1007835, "others": 7892, "O": 5604, "S": 3679, "[C@@H]": 3368, "c": 3291, "(": 3174}}}