{"0.20": {"activatedMoleculePct": 0.3626827533829928, "activatedTokens": {"C": 849341, "O": 85362, "S": 10539, "others": 8989}}, "0.00": {"activatedMoleculePct": 0.5305950566596823, "activatedTokens": {"C": 1307474, "O": 118466, "1": 30575, "S": 27723, "(": 27283, "others": 12041, "[C@H]": 10043, "[C@@H]": 5474, "=": 5236}}}