{"0.20": {"activatedMoleculePct": 0.3645781228372245, "activatedTokens": {"N": 560310, "others": 2019}}, "0.00": {"activatedMoleculePct": 0.6071671037685481, "activatedTokens": {"N": 1026830, "others": 9911}}}