{"0.20": {"activatedMoleculePct": 0.4394745110159195, "activatedTokens": {"n": 1025093, "others": 130}}, "0.00": {"activatedMoleculePct": 0.5254801956595454, "activatedTokens": {"n": 1410692, "others": 1697}}}