{"0.20": {"activatedMoleculePct": 0.0022805952397517855, "activatedTokens": {"C": 1053, "c": 591, "(": 553, "1": 389, "4": 258, "3": 246, "[C@@H]": 188, "2": 186, ")": 95, "6": 71, "5": 46, "others": 24, "n": 17, ".": 16}}, "0.00": {"activatedMoleculePct": 0.006849841771804256, "activatedTokens": {"C": 3649, "c": 2089, "(": 1725, "1": 1212, "[C@@H]": 557, ")": 459, "3": 426, "2": 394, "4": 385, "others": 98, "6": 96, "n": 70, "5": 69}}}