{"0.20": {"activatedMoleculePct": 0.2588519539223089, "activatedTokens": {"C": 448228, "c": 215953, "(": 146244, "1": 145790, "2": 139560, "O": 111349, "N": 102424, "3": 82385, "n": 70478, "=": 68026, "F": 29641, "[C@@H]": 27203, "[C@H]": 26081, "4": 17015, "S": 16446, "others": 16200, "Cl": 10573, "s": 10457, "-": 9860, "[nH]": 9295, "[C@@]": 7760, "[C@]": 6974, "o": 5242, "#": 5034, "5": 4336, "[O-]": 3702}}, "0.00": {"activatedMoleculePct": 0.6566847293129725, "activatedTokens": {"C": 1649982, "c": 967809, "(": 766869, "2": 497599, "O": 495070, "1": 467328, "=": 426051, "N": 367293, "n": 262192, "3": 252057, "F": 125878, "[C@H]": 97150, "[C@@H]": 91049, "others": 67878, "4": 59097, "S": 58135, "-": 46088, "Cl": 36405, "[nH]": 32110, "s": 28130, "o": 20619, "[C@@]": 19260, "[C@]": 18942, "#": 15925}}}