{"0.20": {"activatedMoleculePct": 0.11785272510624835, "activatedTokens": {"C": 117745, "c": 80017, "n": 34296, "1": 25929, "O": 20735, "N": 12545, "=": 10073, "F": 8808, ")": 7396, "[C@H]": 5215, "2": 5192, "[C@@H]": 4950, "Cl": 3471, "o": 2996, "#": 2851, "others": 2821, "s": 2621, "[nH]": 2260, "S": 2077, "Br": 1475, "3": 1464}}, "0.00": {"activatedMoleculePct": 0.3059849879122593, "activatedTokens": {"C": 303108, "c": 186372, "n": 103654, "1": 58965, "O": 50799, "N": 40688, ")": 34437, "=": 32545, "F": 29563, "2": 23331, "[C@@H]": 20347, "[C@H]": 17678, "(": 15632, "Cl": 11597, "3": 10491, "others": 9489, "#": 7489, "S": 6985, "Br": 6129, "o": 5698, "s": 5171, "[nH]": 3674}}}