{"0.20": {"activatedMoleculePct": 0.9040861030896427, "activatedTokens": {"c": 9645223, "others": 4}}, "0.00": {"activatedMoleculePct": 0.9044178659809745, "activatedTokens": {"c": 10255147, "others": 1299}}}