{"0.20": {"activatedMoleculePct": 0.7072584301097161, "activatedTokens": {"O": 1005057, "=": 732068, "[C@H]": 159681, "[C@@H]": 134898, "S": 44705, "-": 31860, "others": 22057, "F": 16299, "Cl": 13510, "#": 12826, "c": 10333, "Br": 6429, "[nH]": 6171, "s": 5776, "\\": 4997, "[O-]": 4643, "/": 4616, "[C@@]": 4144}}, "0.00": {"activatedMoleculePct": 0.9475536331698443, "activatedTokens": {"O": 2192751, "=": 1594688, "[C@H]": 354897, "[C@@H]": 303509, "S": 109590, "-": 82207, "F": 61566, "c": 58932, "others": 44712, "Cl": 39463, "#": 32253, "[nH]": 21368, "Br": 19784, "s": 18338, "C": 17719, "/": 14225, "N": 12076, "[O-]": 11965, "[N+]": 10071, "[C@@]": 9500, "o": 8753}}}