{"0.20": {"activatedMoleculePct": 0.8689756289763028, "activatedTokens": {")": 2835002, "others": 233}}, "0.00": {"activatedMoleculePct": 0.9469604147548799, "activatedTokens": {")": 3880689, "others": 2875}}}