{"0.20": {"activatedMoleculePct": 0.9631442919572033, "activatedTokens": {"1": 1615086, "2": 1089332, "3": 410901, "4": 81617, "others": 12912}}, "0.00": {"activatedMoleculePct": 0.9867346109256184, "activatedTokens": {"1": 1938156, "2": 1266782, "3": 473592, "4": 94458, "others": 15685}}}