{"0.20": {"activatedMoleculePct": 0.3941621449020201, "activatedTokens": {")": 725122, "others": 162}}, "0.00": {"activatedMoleculePct": 0.6813838540594815, "activatedTokens": {")": 1476556, "others": 1713}}}