{"0.20": {"activatedMoleculePct": 0.4660499636379083, "activatedTokens": {"c": 919924, "others": 138}}, "0.00": {"activatedMoleculePct": 0.6489011178139096, "activatedTokens": {"c": 1764436, "others": 6085}}}