{"0.20": {"activatedMoleculePct": 0.9981661494925053, "activatedTokens": {")": 6215243, "others": 105}}, "0.00": {"activatedMoleculePct": 0.9982313302813101, "activatedTokens": {")": 6223906, "others": 2718}}}