{"0.20": {"activatedMoleculePct": 0.4022731250819337, "activatedTokens": {"C": 894343, "(": 89389, "=": 63617, "1": 27138, ")": 24490, "2": 11322, "others": 11197, "-": 9287, "[C@@H]": 7241}}, "0.00": {"activatedMoleculePct": 0.7307674561842288, "activatedTokens": {"C": 2122927, "(": 415393, "=": 315254, "O": 102830, ")": 71138, "1": 68808, "-": 51296, "2": 45150, "[C@@H]": 30998, "others": 27572, "[C@H]": 26881}}}