{"0.20": {"activatedMoleculePct": 0.19342362459381016, "activatedTokens": {"S": 117521, "N": 72794, "F": 52504, "#": 30647, "Br": 14872, "I": 6662, "Cl": 4107, "others": 2924, "-": 2463}}, "0.00": {"activatedMoleculePct": 0.414735106006666, "activatedTokens": {"S": 216930, "N": 216739, "F": 147106, "#": 64247, "Br": 45516, "Cl": 26969, "-": 13579, "2": 11281, "I": 6776, "others": 6472, "3": 3356, "c": 2691, "[nH]": 2683, "O": 2255}}}