{"0.20": {"activatedMoleculePct": 0.35821530606042185, "activatedTokens": {"N": 587950, "others": 5287}}, "0.00": {"activatedMoleculePct": 0.5033941614125336, "activatedTokens": {"N": 857943, "n": 9251, "others": 6254}}}