{"0.20": {"activatedMoleculePct": 0.3777673455965983, "activatedTokens": {"C": 802848, "[N+]": 8027, "others": 162}}, "0.00": {"activatedMoleculePct": 0.6113496597782535, "activatedTokens": {"C": 1532649, "[N+]": 19049, "others": 2019}}}