{"0.20": {"activatedMoleculePct": 0.05665748520798897, "activatedTokens": {"[C@@H]": 108936, "others": 326}}, "0.00": {"activatedMoleculePct": 0.09576009954351476, "activatedTokens": {"[C@@H]": 184026, ".": 1277, "others": 1240, "C": 756}}}