{"0.20": {"activatedMoleculePct": 0.4625902552523632, "activatedTokens": {"C": 710951, "N": 398514, "c": 60305, "[C@@H]": 59516, "[C@H]": 40813, "O": 27287, "S": 16489, "others": 12375, "n": 5470, "Cl": 4942, "=": 3390, "#": 3151, "F": 2996, "/": 2860, "o": 2315, "Br": 2143}}, "0.00": {"activatedMoleculePct": 0.8935788134606385, "activatedTokens": {"C": 3136538, "N": 1076786, "c": 338583, "[C@@H]": 224437, "[C@H]": 170802, "O": 138876, "S": 57263, "others": 47110, "n": 27527, "=": 24063, "Cl": 19764, "F": 18307, ")": 15899, "o": 15020, "#": 14321, "/": 10593, "Br": 8315}}}