{"0.20": {"activatedMoleculePct": 0.8159506910994534, "activatedTokens": {"C": 1058013, "1": 765442, "c": 674294, "N": 525548, "2": 492419, "O": 188961, "n": 98293, "3": 98168, "=": 91040, "others": 40540, "[C@@H]": 33349, "[C@H]": 28353, "-": 24046, "S": 24019, "F": 22660, "Cl": 17624, "[nH]": 10441, "4": 8524}}, "0.00": {"activatedMoleculePct": 0.9873790951295304, "activatedTokens": {"C": 2742898, "c": 1967362, "1": 1537055, "2": 1073018, "N": 1021618, "O": 682663, "=": 464193, "n": 308838, "3": 249018, "[C@@H]": 125067, "[C@H]": 110623, "others": 98653, "F": 75466, "S": 68625, "-": 65029, "Cl": 39286, "[nH]": 30603, "4": 22926, "o": 22888, "s": 18323}}}