{"0.20": {"activatedMoleculePct": 0.4755832032769092, "activatedTokens": {")": 898622, "O": 33441, "=": 10439, "others": 8912, "F": 2583}}, "0.00": {"activatedMoleculePct": 0.7770992791297705, "activatedTokens": {")": 1913541, "O": 95506, "=": 49103, "others": 19196, "F": 15067, "[nH]": 6541, "o": 4870, "[O-]": 4480, "n": 3152}}}