{"0.20": {"activatedMoleculePct": 0.8918160026892568, "activatedTokens": {"(": 3207420, "others": 31}}, "0.00": {"activatedMoleculePct": 0.9908248885152182, "activatedTokens": {"(": 5201438, "others": 607}}}