{"0.20": {"activatedMoleculePct": 0.5024647858957562, "activatedTokens": {")": 704032, "O": 217425, "C": 166815, "1": 38195, "N": 31206, "2": 20026, "others": 11388, "[C@@H]": 10657, "3": 7837}}, "0.00": {"activatedMoleculePct": 0.7727856291740423, "activatedTokens": {")": 1325464, "O": 738590, "C": 374387, "1": 101648, "N": 87071, "2": 45084, "=": 27644, "[C@@H]": 25069, "o": 23358, "others": 20378, "3": 16514}}}