{"0.20": {"activatedMoleculePct": 0.9794285036321811, "activatedTokens": {"1": 1738291, "2": 999114, "3": 346891, "4": 63468, "others": 7328}}, "0.00": {"activatedMoleculePct": 0.9904975198343675, "activatedTokens": {"1": 1948572, "2": 1168523, "3": 422058, "4": 83365, "others": 12051}}}