{"0.20": {"activatedMoleculePct": 0.40063847878292086, "activatedTokens": {"c": 242870, "[C@H]": 163881, "O": 129871, "N": 115179, "(": 30977, "[C@@H]": 19263, "1": 18014, "2": 11927, "others": 6191, "C": 5417, "3": 3655, ")": 2564}}, "0.00": {"activatedMoleculePct": 0.7243043049347716, "activatedTokens": {"c": 611920, "O": 402283, "N": 295738, "[C@H]": 264546, "(": 208222, "1": 78086, "2": 55506, "[C@@H]": 51260, "C": 42500, ")": 23738, "others": 20704, "S": 19410, "3": 16219}}}