{"0.20": {"activatedMoleculePct": 0.41754593597781803, "activatedTokens": {")": 535783, "c": 186524, "=": 41222, "S": 28764, "F": 13740, "n": 11189, "#": 5949, "others": 4010}}, "0.00": {"activatedMoleculePct": 0.6231554386044573, "activatedTokens": {")": 1220898, "c": 330027, "=": 239710, "S": 44561, "F": 29724, "n": 23685, "others": 16234, "#": 12132}}}