{"0.20": {"activatedMoleculePct": 0.8174696231891275, "activatedTokens": {"O": 1763189, "others": 21}}, "0.00": {"activatedMoleculePct": 0.8604655080110118, "activatedTokens": {"O": 2004393, "others": 857}}}