{"0.20": {"activatedMoleculePct": 0.005270855472220167, "activatedTokens": {"C": 1525, ")": 932, "O": 717, "(": 597, "c": 587, "-": 555, "=": 497, "/": 306, "1": 295, "2": 280, "o": 221, "s": 202, "F": 190, "[C@]": 155, "N": 152, "[nH]": 90, "Cl": 71, "others": 65, "#": 48, "3": 34, "\\": 26, "[Si]": 25}}, "0.00": {"activatedMoleculePct": 0.01371726038553338, "activatedTokens": {")": 3765, "C": 3127, "O": 2971, "c": 2130, "(": 1538, "-": 1212, "=": 818, "F": 801, "/": 657, "2": 580, "1": 491, "o": 438, "s": 393, "[C@]": 324, "N": 308, "Cl": 207, "[nH]": 191, "others": 157, "#": 89, "3": 68, "\\": 53}}}