{"0.20": {"activatedMoleculePct": 0.47443338486765735, "activatedTokens": {"C": 1282972, "O": 96655, "[C@@H]": 49907, "(": 41427, "N": 33184, "/": 27736, "S": 21107, "c": 18645, "=": 15135, "others": 14053, "1": 11119, "[C@H]": 10277}}, "0.00": {"activatedMoleculePct": 0.6667064586838022, "activatedTokens": {"C": 2138939, "O": 217940, "(": 157363, "=": 147593, "N": 105293, "c": 91162, "[C@@H]": 84851, "1": 55678, "S": 47256, "/": 37452, "[C@H]": 35464, "others": 25416, "F": 25183, "#": 10092}}}