{"0.20": {"activatedMoleculePct": 0.26976277854717146, "activatedTokens": {")": 197600, "C": 165322, "N": 51275, "(": 34526, "S": 25953, "1": 22760, "=": 15827, "O": 8933, "2": 8306, "others": 5012, "c": 3948, "3": 3165, "[C@H]": 950, "[S@]": 947}}, "0.00": {"activatedMoleculePct": 0.7135260389927591, "activatedTokens": {")": 777748, "C": 494604, "=": 225502, "(": 217233, "O": 155686, "N": 117560, "1": 95802, "S": 61319, "2": 39480, "c": 27389, "others": 19057, "3": 12921, "n": 5708, "#": 5696, "[nH]": 4205, "F": 4010}}}