{"0.20": {"activatedMoleculePct": 0.3137773878322847, "activatedTokens": {"C": 634080, "c": 44458, "O": 30996, "N": 17624, "=": 14346, "[C@H]": 11259, "[C@@H]": 10610, "1": 9352, "others": 7534, ")": 4613, "n": 3582}}, "0.00": {"activatedMoleculePct": 0.5929738039142162, "activatedTokens": {"C": 1217844, "c": 135481, "O": 97989, "1": 48370, "=": 42843, "N": 41954, "[C@@H]": 27484, ")": 24384, "[C@H]": 23956, "others": 12499, "n": 11237, "(": 8773, "S": 7227, "/": 4642}}}