{"0.20": {"activatedMoleculePct": 0.23767185940284144, "activatedTokens": {"C": 246743, "o": 35045, "[nH]": 32638, "[C@H]": 32322, "[N+]": 30679, "2": 19889, "1": 19279, "S": 18925, "(": 14550, "[C@@H]": 12771, "-": 12409, "=": 10638, "N": 8017, "c": 7390, "3": 7338, "F": 6989, ")": 6384, "O": 5788, "others": 4751, "[S@]": 4287, "[S@@]": 3806, "n": 3524}}, "0.00": {"activatedMoleculePct": 0.581241261929366, "activatedTokens": {"C": 976254, ")": 83147, "[C@H]": 76158, "o": 72861, "c": 69368, "[nH]": 65029, "-": 64309, "(": 63624, "1": 61624, "=": 57968, "2": 54372, "S": 49806, "N": 37328, "F": 34854, "[N+]": 31881, "[C@@H]": 29281, "O": 28456, "3": 20371, "n": 18649, "others": 15970, "[S@]": 4358, "4": 4144}}}