{"0.20": {"activatedMoleculePct": 0.40286634349689804, "activatedTokens": {"N": 666376, "others": 2213}}, "0.00": {"activatedMoleculePct": 0.632613244296864, "activatedTokens": {"N": 1168528, "others": 8874, "[nH]": 3268}}}