{"0.20": {"activatedMoleculePct": 0.680462534595253, "activatedTokens": {")": 1367612, "others": 916}}, "0.00": {"activatedMoleculePct": 0.8509439862666275, "activatedTokens": {")": 2201507, "others": 6615}}}