{"0.20": {"activatedMoleculePct": 0.6783364690907573, "activatedTokens": {"=": 1269073, "others": 138}}, "0.00": {"activatedMoleculePct": 0.7428529997444034, "activatedTokens": {"=": 1477117, "others": 2293}}}