{"0.20": {"activatedMoleculePct": 0.03825233460741025, "activatedTokens": {"O": 15945, "N": 11790, "Cl": 7766, "1": 6437, "[O-]": 1948, "I": 1769, "C": 1741, "[Si]": 1559, "2": 1531, "3": 1374, "4": 1152, "c": 857, "n": 818, "=": 707, "others": 653, ")": 648, "s": 616, "5": 597, "[C-]": 430, "[n+]": 398, "[NH+]": 378, "[c-]": 319, "B": 314, "[N+]": 293, "[Na+]": 285, "7": 280, "6": 274, "S": 274, "-": 263, "[Cl-]": 247, "[CH]": 242, "[C@@]": 232, "F": 199, "(": 196, "[B]": 184, "[N-]": 178, "P": 171, "[NH2+]": 160, "[C@H]": 153, "9": 137, "[I-]": 119, "[CH2-]": 118, "8": 117, "[cH-]": 107, "[Br-]": 103, "[O+]": 101, "[C]": 95, "[NH3+]": 94, "[P+]": 92, "%10": 90, "[B-]": 88, "[S-]": 88, "[K+]": 83, "%11": 82, "[HH]": 78, "[SiH]": 74, "[CH-]": 70, "[n-]": 62, "[CH3-]": 56, "[Y]": 54, "[nH+]": 52, "[Se]": 52, "[Sn]": 51, "[nH]": 51, "[SiH2]": 50, "%12": 48, "%13": 48, "[U+2]": 48, "[Li+]": 45, "[O-2]": 43, "[W]": 43, "Br": 42, "o": 41, "[NH-]": 41, "[Zn+2]": 37, "[CH2]": 32, "[Zr+2]": 30, "[Na]": 30, "[NH4+]": 29, "[PH+]": 29, "%14": 28, "[Pt+2]": 27, "[Ir]": 26, "[Fe+2]": 25, "[OH-]": 24, "[U]": 24, "[Al]": 24, "[Ge]": 23, "[H+]": 22, "[SiH3]": 22, "%15": 20, "[P-]": 20, "[Ni+2]": 19, "[Cl+3]": 19, "[Zr]": 18, "[Cu+2]": 18, "[Mg+2]": 17, "[Fe]": 17, "#": 16, "[Pd+2]": 16, "[Ca+2]": 16, "[Pt]": 16}}, "0.00": {"activatedMoleculePct": 0.945820117135004, "activatedTokens": {"C": 1076050, "1": 902408, ")": 815329, "O": 740090, "N": 548843, "c": 338304, "2": 302951, "3": 182748, "n": 135815, "Cl": 133656, "F": 84938, "[C@H]": 70914, "others": 52352, "s": 50622, "-": 47433, "S": 43935, "4": 42806, "=": 33560, "o": 32726, "[O-]": 21423, "[C@@]": 16242, "[C@@H]": 7706}}}