{"0.20": {"activatedMoleculePct": 0.5476489875372867, "activatedTokens": {"[C@@H]": 534471, "[C@H]": 492997, "[C@@]": 20413, "[C@]": 19693, "others": 84}}, "0.00": {"activatedMoleculePct": 0.6604915803265338, "activatedTokens": {"[C@@H]": 697449, "[C@H]": 690401, "[C@]": 36929, "[C@@]": 36098, "others": 1513}}}