{"0.20": {"activatedMoleculePct": 0.2571096494665062, "activatedTokens": {"c": 805390, "(": 29876, "others": 6963, "2": 5850, "=": 2813, "3": 1778}}, "0.00": {"activatedMoleculePct": 0.4466795514682888, "activatedTokens": {"c": 1465757, "(": 158388, "C": 17546, "others": 17050, "=": 15440, "2": 12214, "N": 7454, "F": 6497, ")": 6473, "3": 4497}}}