{"0.20": {"activatedMoleculePct": 0.4158402499426922, "activatedTokens": {"1": 340584, "2": 257203, "3": 62409, "4": 6141, "others": 965}}, "0.00": {"activatedMoleculePct": 0.6303721969514432, "activatedTokens": {"1": 637777, "2": 405075, "3": 93922, "4": 10156, "others": 2968}}}