{"0.20": {"activatedMoleculePct": 0.0013988236698541782, "activatedTokens": {"C": 42724, "others": 329, "=": 304}}, "0.00": {"activatedMoleculePct": 0.003998731537907755, "activatedTokens": {"C": 68435, "O": 2071, "c": 1625, "=": 1444, "others": 691, "(": 314, "N": 269, "1": 202, "5": 139, "[O-]": 135, ")": 105}}}