{"0.20": {"activatedMoleculePct": 0.428778270336223, "activatedTokens": {"2": 334949, "3": 271068, "4": 38164, "others": 2366}}, "0.00": {"activatedMoleculePct": 0.6165040686727215, "activatedTokens": {"2": 580177, "3": 364389, "4": 66726, "1": 11232, "others": 9283}}}