{"0.20": {"activatedMoleculePct": 0.5748169262058263, "activatedTokens": {"C": 1833427, "others": 54}}, "0.00": {"activatedMoleculePct": 0.679906666969379, "activatedTokens": {"C": 2898580, "others": 1378}}}