{"0.20": {"activatedMoleculePct": 0.6853518261240207, "activatedTokens": {"C": 865369, "(": 637973, "1": 274154, "2": 152235, "=": 107687, "c": 101750, ")": 96190, "3": 72218, "O": 63248, "[C@@H]": 28556, "[C@H]": 23894, "others": 20536, "4": 12673, "[C@]": 8373, "F": 7945, "#": 7900, "-": 7888, "Br": 5679, "S": 5414, "Cl": 5260}}, "0.00": {"activatedMoleculePct": 0.9899445816821477, "activatedTokens": {"C": 3886401, "(": 2431512, "1": 1095796, "=": 810859, "O": 722273, ")": 681257, "c": 668391, "2": 652056, "3": 276388, "[C@@H]": 133351, "[C@H]": 120590, "others": 106589, "F": 81477, "4": 46428, "-": 45901, "#": 28868, "Cl": 26436, "Br": 24377}}}