{"0.20": {"activatedMoleculePct": 0.0008795744646569989, "activatedTokens": {".": 1734, "others": 11}}, "0.00": {"activatedMoleculePct": 0.0017335160348402301, "activatedTokens": {".": 3727, "others": 35, "1": 19, "C": 16, "3": 12, "(": 12, "-": 11, "5": 9, "=": 9, "4": 8, "[C@H]": 4}}}