{"0.20": {"activatedMoleculePct": 0.140098415667411, "activatedTokens": {"#": 81721, "=": 58306, "2": 27959, "3": 21020, "F": 17612, "C": 6279, "[O-]": 5444, "4": 4955, ")": 4291, "1": 3118, "others": 1413, "5": 1043}}, "0.00": {"activatedMoleculePct": 0.27872403845520066, "activatedTokens": {"=": 148282, "F": 139387, ")": 104581, "#": 81728, "C": 74589, "2": 52269, "(": 46586, "3": 36841, "1": 22788, "[O-]": 22295, "c": 10326, "4": 8082, "others": 7557, "/": 3905, "-": 2750, "5": 2006}}}