{"0.20": {"activatedMoleculePct": 0.1871618746580755, "activatedTokens": {"c": 333491, "others": 1347}}, "0.00": {"activatedMoleculePct": 0.4096063300066719, "activatedTokens": {"c": 841315, "others": 7836, "s": 4221, "n": 3649, "o": 2857}}}