{"0.20": {"activatedMoleculePct": 0.2837605360350892, "activatedTokens": {"n": 515499, "others": 331}}, "0.00": {"activatedMoleculePct": 0.4360191968408556, "activatedTokens": {"n": 995397, "others": 2615}}}