{"0.20": {"activatedMoleculePct": 0.0226733937146678, "activatedTokens": {"/": 50041, "others": 5}}, "0.00": {"activatedMoleculePct": 0.02269316766183328, "activatedTokens": {"/": 50041, "\\": 2629, "others": 14}}}