{"0.20": {"activatedMoleculePct": 0.3485055656337587, "activatedTokens": {")": 593612, "others": 255}}, "0.00": {"activatedMoleculePct": 0.6070294185068034, "activatedTokens": {")": 1305207, "others": 4857}}}