{"0.20": {"activatedMoleculePct": 0.6780420569885157, "activatedTokens": {"O": 608515, "C": 608222, ")": 472631, "N": 413130, "c": 281202, "(": 152766, "2": 57637, "1": 43535, "[C@@H]": 37250, "S": 25684, "n": 24413, "others": 23588, "[C@H]": 18810, "F": 15853, "[C@]": 8752, "3": 8421, "/": 7829}}, "0.00": {"activatedMoleculePct": 0.8449620010648636, "activatedTokens": {"C": 1386383, "O": 1018215, ")": 931620, "N": 665280, "c": 634162, "(": 379367, "2": 184577, "1": 154756, "[C@@H]": 74798, "F": 61026, "n": 57658, "S": 55145, "others": 49536, "[C@H]": 44668, "3": 35062, "[C@]": 18296, "o": 14149, "/": 13114}}}