{"0.20": {"activatedMoleculePct": 0.3500816224596886, "activatedTokens": {"1": 251739, "2": 250635, "3": 44118, "others": 3862}}, "0.00": {"activatedMoleculePct": 0.6401895955348963, "activatedTokens": {"1": 682456, "2": 441332, "3": 89914, "others": 9970, "4": 6984}}}