{"0.20": {"activatedMoleculePct": 0.07129093847885616, "activatedTokens": {"n": 72644, "c": 12452, "[C@]": 5460, "N": 4815, "[S@@]": 3795, "[S@]": 2857, "others": 795}}, "0.00": {"activatedMoleculePct": 0.13592464807866808, "activatedTokens": {"n": 99444, "N": 37011, "c": 35191, "[C@]": 19294, "S": 4400, "[S@@]": 3892, "[S@]": 3562, "others": 1439}}}