{"0.20": {"activatedMoleculePct": 0.27124069800568756, "activatedTokens": {"2": 197008, "3": 153479, "4": 39108, "1": 6240, "5": 5110, "others": 1639}}, "0.00": {"activatedMoleculePct": 0.40983556132010873, "activatedTokens": {"2": 318149, "3": 220187, "4": 59124, "1": 47423, "5": 8197, "others": 6313, "N": 1724}}}