{"0.20": {"activatedMoleculePct": 0.36220451680895366, "activatedTokens": {")": 563657, "others": 43}}, "0.00": {"activatedMoleculePct": 0.6158734994686668, "activatedTokens": {")": 1130102, "others": 1061}}}