{"0.20": {"activatedMoleculePct": 0.46484448522922767, "activatedTokens": {"1": 467316, "2": 209988, "3": 21702, "others": 2763}}, "0.00": {"activatedMoleculePct": 0.6273665569822906, "activatedTokens": {"1": 634545, "2": 380926, "3": 63827, "4": 8838, "others": 3093}}}