{"0.20": {"activatedMoleculePct": 0.16710669802179967, "activatedTokens": {"1": 208118, "2": 31605, "3": 7333, "O": 5024, "others": 1973, "o": 777}}, "0.00": {"activatedMoleculePct": 0.41624012309648295, "activatedTokens": {"1": 518052, "2": 87660, "O": 61311, "3": 36258, "others": 6704, "o": 6057, "n": 5804, "c": 4981, ")": 2315}}}