{"0.20": {"activatedMoleculePct": 0.19302448380843293, "activatedTokens": {"C": 438785, "c": 244248, "O": 125607, "1": 124226, "(": 115364, "=": 110327, ")": 92693, "N": 82158, "n": 36363, "[C@H]": 33899, "[C@@H]": 31813, "others": 12799, "2": 11474, "S": 6623, "F": 4349, "#": 2460, "o": 2317, "Cl": 2142}}, "0.00": {"activatedMoleculePct": 0.5391644994664696, "activatedTokens": {"C": 1007108, "c": 596943, "(": 347364, "O": 341337, "=": 327238, "1": 296837, ")": 226254, "N": 193322, "n": 104132, "[C@H]": 85529, "[C@@H]": 78095, "2": 61723, "others": 35007, "F": 20382, "S": 18854, "#": 13156, "o": 11031, "-": 9641, "Cl": 9068, "3": 7944, "/": 5728}}}