{"0.20": {"activatedMoleculePct": 0.4373045034066117, "activatedTokens": {"[C@@H]": 789512, "others": 42}}, "0.00": {"activatedMoleculePct": 0.44207368651555956, "activatedTokens": {"[C@@H]": 789612, "others": 5396, "-": 3162}}}