{"0.20": {"activatedMoleculePct": 0.0023633528704813784, "activatedTokens": {"1": 504, "O": 450, "3": 434, "C": 423, "[C@]": 362, "=": 266, "(": 174, "c": 154, "S": 145, "N": 111, "[C@@]": 73, "5": 72, ")": 56, "Cl": 54, "s": 54, "-": 51, "[N+]": 46, "2": 35, "others": 33, "[nH]": 19, "#": 15, "Br": 8, "\\": 7}}, "0.00": {"activatedMoleculePct": 0.008948077276585522, "activatedTokens": {"C": 2332, "O": 2058, "1": 1749, "[C@]": 1126, "(": 984, "3": 980, "c": 788, ")": 779, "=": 745, "S": 508, "-": 416, "s": 312, "N": 298, "[C@@]": 204, "5": 157, "Cl": 155, "2": 137, "others": 120, "[N+]": 106, "[nH]": 64, "#": 61, "/": 32}}}