{"0.20": {"activatedMoleculePct": 0.45533761085311397, "activatedTokens": {"C": 1913439, "others": 173}}, "0.00": {"activatedMoleculePct": 0.7022504948979554, "activatedTokens": {"C": 3622991, "others": 4982}}}