{"0.20": {"activatedMoleculePct": 0.5755156056723398, "activatedTokens": {"C": 1068493, "others": 3804}}, "0.00": {"activatedMoleculePct": 0.6906439202802335, "activatedTokens": {"C": 1386405, "S": 10076, "others": 5399}}}