{"0.20": {"activatedMoleculePct": 0.4063883031975937, "activatedTokens": {"C": 684578, "others": 4610, "[N+]": 3783, "S": 2942}}, "0.00": {"activatedMoleculePct": 0.5688005196886262, "activatedTokens": {"C": 1054576, "S": 14841, "[N+]": 10224, "others": 8689, "-": 8266, "c": 4831, "F": 4325, "Cl": 2975, "N": 2629, "[C@H]": 2538}}}