{"0.20": {"activatedMoleculePct": 0.21757933197747528, "activatedTokens": {"C": 488292, "c": 218050, "(": 212903, "N": 59491, "O": 37852, "1": 37682, ")": 33402, "2": 32904, "=": 24838, "Cl": 23193, "[C@H]": 21317, "[C@@H]": 19098, "3": 17541, "F": 10312, "n": 10065, "others": 7403}}, "0.00": {"activatedMoleculePct": 0.3682780480624095, "activatedTokens": {"C": 840587, "c": 406027, "(": 374310, "N": 123309, ")": 106365, "=": 95202, "1": 72457, "2": 67117, "O": 59213, "Cl": 53915, "F": 50446, "[C@H]": 42042, "[C@@H]": 35701, "3": 35327, "others": 16660, "n": 14343}}}