{"0.20": {"activatedMoleculePct": 0.9049290591336228, "activatedTokens": {"1": 1268679, "2": 866203, "3": 289316, "4": 46519, "others": 3903}}, "0.00": {"activatedMoleculePct": 0.9793611257381358, "activatedTokens": {"1": 1821411, "2": 1183562, "3": 424576, "4": 76945, "others": 9768}}}