{"0.20": {"activatedMoleculePct": 0.14061473539895403, "activatedTokens": {"3": 179414, "2": 8683, "5": 4736, "4": 3669, "others": 1273}}, "0.00": {"activatedMoleculePct": 0.32336042852340613, "activatedTokens": {"3": 407592, "2": 30465, "5": 11366, "4": 11189, "=": 4706, "others": 3057, ".": 1955}}}