{"0.20": {"activatedMoleculePct": 0.7437025471041054, "activatedTokens": {"=": 1647255, "others": 28}}, "0.00": {"activatedMoleculePct": 0.8667441024202579, "activatedTokens": {"=": 2167730, "others": 875}}}