{"0.20": {"activatedMoleculePct": 0.950276578931372, "activatedTokens": {"1": 1642265, "2": 825585, "3": 274436, "4": 44654, "others": 7933}}, "0.00": {"activatedMoleculePct": 0.9874625851286735, "activatedTokens": {"1": 1906456, "2": 1153478, "3": 419458, "4": 76220, "others": 13518}}}