{"0.20": {"activatedMoleculePct": 0.13043334971397352, "activatedTokens": {"2": 118729, "3": 51454, "4": 13372, "5": 1774, "others": 123}}, "0.00": {"activatedMoleculePct": 0.17428976742176291, "activatedTokens": {"2": 159022, "3": 72524, "4": 19227, "5": 2957, "others": 1879}}}