{"0.20": {"activatedMoleculePct": 0.8364577390468811, "activatedTokens": {"c": 5546227, "others": 188}}, "0.00": {"activatedMoleculePct": 0.8951512084445008, "activatedTokens": {"c": 8476182, "others": 3451}}}