{"0.20": {"activatedMoleculePct": 0.18857095148571917, "activatedTokens": {")": 127427, "[C@H]": 60428, "C": 55202, "[C@@H]": 50531, "N": 18834, "O": 16740, "1": 11676, "(": 7798, "=": 6258, "F": 4977, "others": 2912, "2": 2640, "3": 2538, "/": 2405, "[C@]": 1934, "#": 1292}}, "0.00": {"activatedMoleculePct": 0.37822947006553964, "activatedTokens": {")": 263087, "C": 170603, "[C@H]": 105143, "[C@@H]": 90702, "=": 64183, "N": 52132, "O": 48657, "(": 36309, "F": 33330, "1": 30020, "3": 10549, "2": 9025, "others": 8776, "/": 7163, "[C@]": 5714, "n": 3406, "[C@@]": 3297}}}