{"0.20": {"activatedMoleculePct": 0.7277068885840609, "activatedTokens": {"N": 1565066, "others": 83}}, "0.00": {"activatedMoleculePct": 0.8955657289665623, "activatedTokens": {"N": 2291154, "others": 580}}}