{"0.20": {"activatedMoleculePct": 0.9382195977393252, "activatedTokens": {"(": 3782737, "others": 61}}, "0.00": {"activatedMoleculePct": 0.9863222875087976, "activatedTokens": {"(": 5442890, "others": 1366}}}