{"0.20": {"activatedMoleculePct": 0.24646174510210314, "activatedTokens": {"C": 561002, "others": 2515}}, "0.00": {"activatedMoleculePct": 0.45580998847984483, "activatedTokens": {"C": 1194427, "(": 14134, "c": 9508, "others": 8221, "F": 5877, "Cl": 5112, "[C@H]": 4266}}}