{"0.20": {"activatedMoleculePct": 0.3258753816554895, "activatedTokens": {"c": 574727, "O": 39972, "C": 35147, "(": 22911, "F": 20388, "n": 15774, "2": 14004, "1": 11282, "S": 6241, "others": 6158, "3": 6027, "[nH]": 4368, "=": 2020, "Br": 1713}}, "0.00": {"activatedMoleculePct": 0.5405596612942561, "activatedTokens": {"c": 1115345, "O": 153636, "(": 105049, "C": 83802, "F": 60440, "2": 46172, "1": 44507, "n": 40362, "=": 25120, "S": 21570, "3": 17667, "others": 17357, "-": 12407, "[nH]": 10806, "Br": 7097}}}