{"0.20": {"activatedMoleculePct": 0.44106082099963895, "activatedTokens": {")": 703213, "(": 530950, "c": 468116, "C": 269033, "1": 195495, "O": 167972, "2": 123462, "3": 44883, "others": 24519, "n": 14758}}, "0.00": {"activatedMoleculePct": 0.6131139352864623, "activatedTokens": {")": 941826, "c": 876099, "(": 733523, "C": 514779, "1": 400816, "O": 344839, "2": 280267, "3": 98380, "others": 40995, "n": 36726, "4": 22702, "=": 13677, "-": 12659, "S": 9067}}}