{"0.20": {"activatedMoleculePct": 0.45733038530634607, "activatedTokens": {"C": 1192687, "others": 2072}}, "0.00": {"activatedMoleculePct": 0.7694518881556254, "activatedTokens": {"C": 2835148, "others": 24534}}}