{"0.20": {"activatedMoleculePct": 0.4207134293663622, "activatedTokens": {"c": 295743, "C": 219760, "O": 209406, "[C@@H]": 67548, "n": 60914, "[C@H]": 36215, "-": 19770, "S": 18066, "2": 16449, "1": 14550, "s": 8269, "others": 6310, "/": 5049, "3": 3917}}, "0.00": {"activatedMoleculePct": 0.710309476920508, "activatedTokens": {"c": 670740, "O": 605849, "C": 577184, "n": 154409, "[C@@H]": 124739, "1": 84466, "[C@H]": 84216, "2": 62739, "-": 43810, "S": 37248, "s": 20820, "others": 19110, "3": 17823, "/": 12861, "o": 11155, "(": 7401, ")": 6441}}}