{"0.20": {"activatedMoleculePct": 0.347086968016739, "activatedTokens": {"C": 700655, "[C@@H]": 9494, "[C@H]": 8164, "others": 6126, "O": 2432}}, "0.00": {"activatedMoleculePct": 0.5128043631580604, "activatedTokens": {"C": 1188192, "[C@@H]": 18311, "[C@H]": 16820, "O": 11568, "(": 11025, "c": 9180, "others": 8989, "o": 5010, "n": 4970, "F": 3906}}}