{"0.20": {"activatedMoleculePct": 0.3650351207272711, "activatedTokens": {"C": 1008670, "others": 4343}}, "0.00": {"activatedMoleculePct": 0.5584052824268931, "activatedTokens": {"C": 2040479, "=": 23777, "others": 14901}}}