{"0.20": {"activatedMoleculePct": 0.2860103718014725, "activatedTokens": {"(": 395477, "C": 94005, "O": 8985, "F": 8086, "Cl": 7008, "others": 4017, "Br": 3265, "N": 2349, "#": 1933}}, "0.00": {"activatedMoleculePct": 0.44907219907531165, "activatedTokens": {"(": 614940, "C": 252202, "F": 25041, "O": 23602, "Cl": 18012, "N": 12274, ")": 11228, "#": 10842, "Br": 10196, "others": 9186, "n": 5408, "=": 2762, "2": 1972}}}