{"0.20": {"activatedMoleculePct": 0.25586315842666757, "activatedTokens": {")": 399540, "others": 56}}, "0.00": {"activatedMoleculePct": 0.4618161418392554, "activatedTokens": {")": 845269, "others": 893}}}