{"0.20": {"activatedMoleculePct": 0.15379443736895182, "activatedTokens": {"Cl": 186261, "[O-]": 33340, "Br": 26347, "others": 2431, "[N-]": 2345}}, "0.00": {"activatedMoleculePct": 0.17720605844446413, "activatedTokens": {"Cl": 188050, "Br": 57997, "[O-]": 33340, "I": 4128, "others": 2689, "[N-]": 2373, "O": 1064, "F": 389}}}