{"0.20": {"activatedMoleculePct": 0.997127651082111, "activatedTokens": {")": 5842908, "others": 5}}, "0.00": {"activatedMoleculePct": 0.9981720084398136, "activatedTokens": {")": 6198512, "others": 486}}}