{"0.20": {"activatedMoleculePct": 0.32013581039860617, "activatedTokens": {"C": 465223, "c": 194866, "1": 40380, "2": 38618, "3": 18736, ")": 18413, "[C@@H]": 17292, "O": 10020, "others": 5582, "=": 4565, "4": 3546, "-": 3496, "(": 2835}}, "0.00": {"activatedMoleculePct": 0.5981435925453684, "activatedTokens": {"C": 1157994, "c": 472266, "1": 97068, "2": 87072, ")": 61259, "[C@@H]": 46797, "3": 44529, "O": 29342, "others": 20502, "(": 19391, "-": 16521, "=": 14029, "4": 8614}}}