{"0.20": {"activatedMoleculePct": 0.6229049686070279, "activatedTokens": {"C": 2444906, "others": 9284}}, "0.00": {"activatedMoleculePct": 0.7700538949915521, "activatedTokens": {"C": 3607977, "c": 51795, "others": 7925}}}