{"0.20": {"activatedMoleculePct": 0.1430791551105034, "activatedTokens": {"n": 313990, "others": 209}}, "0.00": {"activatedMoleculePct": 0.32128416407103094, "activatedTokens": {"n": 807986, "others": 1518}}}