{"0.20": {"activatedMoleculePct": 0.0013863734068240625, "activatedTokens": {".": 2123, "others": 9}}, "0.00": {"activatedMoleculePct": 0.003084735757814554, "activatedTokens": {".": 4761, "-": 77, "[C@]": 64, "others": 48, "3": 45, "S": 37, "O": 25, "=": 21, "N": 17, "2": 14, "[C@H]": 14, "c": 12}}}