{"0.20": {"activatedMoleculePct": 0.0564033533684919, "activatedTokens": {"n": 80449, "others": 177}}, "0.00": {"activatedMoleculePct": 0.0772406994704244, "activatedTokens": {"n": 127763, "c": 1896, "/": 964, "others": 809}}}