{"0.20": {"activatedMoleculePct": 0.08399899519053663, "activatedTokens": {"c": 280392, "C": 221360, ")": 180298, "(": 84496, "O": 78792, "n": 41524, "=": 39623, "F": 23477, "3": 21955, "N": 19304, "[C@@H]": 11203, "others": 10279, "[C@H]": 9922, "o": 6950, "Cl": 6791, "[nH]": 5438, "s": 5089, "S": 4901, "-": 4659, "1": 3535, "4": 3226, "Br": 2780}}, "0.00": {"activatedMoleculePct": 0.2769443832103076, "activatedTokens": {"c": 643844, "C": 496805, ")": 431852, "(": 198261, "O": 196464, "=": 91771, "n": 86727, "F": 71747, "3": 40236, "N": 37341, "[C@@H]": 25463, "others": 24085, "[C@H]": 23565, "-": 20090, "Cl": 17011, "o": 16682, "[nH]": 16624, "s": 13098, "S": 12945, "1": 11866, "4": 10970, "Br": 9008, "#": 6748}}}