{"0.20": {"activatedMoleculePct": 0.23264488261232882, "activatedTokens": {"c": 450883, "others": 1518}}, "0.00": {"activatedMoleculePct": 0.30658626237977255, "activatedTokens": {"c": 612428, "C": 5830, "others": 4089, "o": 3278, "s": 2435}}}