{"0.20": {"activatedMoleculePct": 0.20313702686254104, "activatedTokens": {"C": 104647, "2": 104464, "O": 71013, "3": 70052, "Br": 24448, "4": 20234, "N": 9857, "-": 8823, "Cl": 8629, "n": 6424, "F": 6105, "[nH]": 4933, "5": 4098, "others": 3543, "[C@H]": 1732, ")": 1041}}, "0.00": {"activatedMoleculePct": 0.3594354318373732, "activatedTokens": {"C": 217624, "O": 172168, "2": 126862, "3": 88117, "Br": 45228, "-": 27629, "n": 27116, "N": 24761, "4": 24534, "Cl": 20115, "F": 20001, "[nH]": 15362, ")": 9501, "others": 5798, "5": 5290, "=": 4092, "[C@H]": 2820, "1": 2776}}}