{"0.20": {"activatedMoleculePct": 0.00010399631472214308, "activatedTokens": {"1": 23, ")": 22, "3": 15, "-": 13, "5": 11, "2": 11, "C": 11, "4": 9, "7": 6, "S": 5, "[N-]": 5, "Cl": 5, "n": 5, "=": 4, "6": 3, "o": 2, "[C@H]": 2, "[c-]": 2, "c": 2, "[C@@H]": 1, "[n-]": 1, "8": 1, "9": 1, "%10": 1, "[HH]": 1, "[U]": 1, "I": 1, "O": 1, "others": 1}}, "0.00": {"activatedMoleculePct": 0.0015409031420802045, "activatedTokens": {"1": 625, ")": 265, "C": 202, "c": 179, "3": 120, "2": 98, "[C@H]": 90, "S": 89, "n": 88, "=": 79, "-": 73, "Cl": 59, "o": 57, "5": 51, "O": 51, "(": 42, "[C@@H]": 32, "4": 22, "others": 22, "[N-]": 19, "7": 16, "N": 13, "[HH]": 11, "6": 9, "[S@@]": 7, "Br": 7, "[Y]": 4, "F": 4, "[C@]": 3, "[Pt+2]": 3, "8": 3, "[Cl-]": 3, "[n-]": 2, "\\": 2, ".": 2}}}