{"0.20": {"activatedMoleculePct": 0.23819037623962508, "activatedTokens": {"Cl": 157044, "-": 93423, "#": 64542, "Br": 46664, "/": 6705, "others": 3033}}, "0.00": {"activatedMoleculePct": 0.3002615287604738, "activatedTokens": {"Cl": 173562, "-": 158646, "#": 75050, "Br": 60487, "/": 20914, "[O-]": 6345, "others": 4584, "\\": 3844, "I": 2245, "O": 928, "F": 922}}}