{"0.20": {"activatedMoleculePct": 0.34833492379340475, "activatedTokens": {"n": 584623, "others": 5496, "[N+]": 4833}}, "0.00": {"activatedMoleculePct": 0.4482651290835947, "activatedTokens": {"n": 804483, "[N+]": 19074, "others": 6931, "[nH]": 6713, ")": 6145, "#": 6055, "c": 5056, "[S@@]": 1922, "[n+]": 1688}}}