{"0.20": {"activatedMoleculePct": 0.13540832834712505, "activatedTokens": {"s": 63523, "[nH]": 58613, "o": 51567, "#": 17546, "S": 1746, "others": 1392}}, "0.00": {"activatedMoleculePct": 0.2710795769547096, "activatedTokens": {"o": 119514, "s": 115831, "[nH]": 115519, "#": 36340, "S": 13903, "/": 6800, "[O-]": 4020, "others": 3531, "Cl": 806}}}