{"0.20": {"activatedMoleculePct": 0.5006345972303291, "activatedTokens": {"1": 630985, "2": 155281, "3": 23941, "others": 3599}}, "0.00": {"activatedMoleculePct": 0.5683881962718054, "activatedTokens": {"1": 757546, "2": 185335, "3": 28720, "others": 5741}}}