{"0.20": {"activatedMoleculePct": 0.8734130491939187, "activatedTokens": {"=": 2227072, "others": 14}}, "0.00": {"activatedMoleculePct": 0.8966137481663325, "activatedTokens": {"=": 2362354, "others": 1693}}}