{"0.20": {"activatedMoleculePct": 0.5305401290286671, "activatedTokens": {"C": 2030442, "others": 2504}}, "0.00": {"activatedMoleculePct": 0.8131134958654141, "activatedTokens": {"C": 4149020, "others": 26621}}}