{"0.20": {"activatedMoleculePct": 0.028613633916860073, "activatedTokens": {"3": 12542, "(": 9987, "[C@H]": 8618, "4": 4917, "2": 2991, "1": 1530, ".": 1447, "[C@@H]": 1247, "I": 683, ")": 378, "others": 345}}, "0.00": {"activatedMoleculePct": 0.12786566605611555, "activatedTokens": {"3": 64811, "(": 54890, "[C@H]": 37582, "4": 17426, "1": 13531, ")": 11885, "2": 11224, "[C@@H]": 9494, ".": 2891, "others": 1582, "I": 1272}}}