{"0.20": {"activatedMoleculePct": 0.524613803826332, "activatedTokens": {"n": 1545190, "others": 45}}, "0.00": {"activatedMoleculePct": 0.5593331932068435, "activatedTokens": {"n": 1673685, "others": 2911}}}