{"0.20": {"activatedMoleculePct": 0.35339192768887234, "activatedTokens": {"[C@H]": 592791, "\\": 11455, "others": 10}}, "0.00": {"activatedMoleculePct": 0.43219623372219657, "activatedTokens": {"[C@H]": 765165, "\\": 12716, "others": 1770}}}