{"0.20": {"activatedMoleculePct": 0.1132717606795793, "activatedTokens": {"C": 84522, "N": 37955, "(": 35880, "[C@H]": 22376, "n": 9010, "[C@@H]": 4837, "O": 4036, "#": 3102, "S": 3038, "others": 2125, "=": 1686, "[C@]": 1272, "F": 982, ".": 690, "Cl": 655, "s": 610, "o": 567, "[nH]": 427, "[N-]": 417, "c": 294, "[C@@]": 279}}, "0.00": {"activatedMoleculePct": 0.4164429891470325, "activatedTokens": {"C": 573422, "(": 323999, "N": 104485, "n": 70114, "[C@H]": 52061, "O": 21191, "[C@@H]": 19383, "c": 14840, "S": 13054, "=": 12547, "others": 10586, "#": 7680, "o": 5391, "s": 5250, "F": 4257, "1": 3670, "[nH]": 3257, "[C@]": 3010, ".": 2748}}}