{"0.20": {"activatedMoleculePct": 0.16608064987443544, "activatedTokens": {"F": 403229, "others": 65}}, "0.00": {"activatedMoleculePct": 0.2123099412420822, "activatedTokens": {"F": 534545, "others": 1428}}}