{"0.20": {"activatedMoleculePct": 0.8488538068143952, "activatedTokens": {"c": 5673735, "others": 54}}, "0.00": {"activatedMoleculePct": 0.9024726954746224, "activatedTokens": {"c": 9636296, "others": 3494}}}