{"0.20": {"activatedMoleculePct": 0.9444271524124582, "activatedTokens": {"N": 2599572, "others": 60}}, "0.00": {"activatedMoleculePct": 0.9551775883547563, "activatedTokens": {"N": 2702294, "others": 2337}}}