{"0.20": {"activatedMoleculePct": 0.7064850490650219, "activatedTokens": {"C": 1778491, "others": 764}}, "0.00": {"activatedMoleculePct": 0.8690993992381904, "activatedTokens": {"C": 3388015, "others": 15334}}}