{"0.20": {"activatedMoleculePct": 0.5318964753305362, "activatedTokens": {"c": 1840423, "(": 230373, ")": 32096, "others": 340}}, "0.00": {"activatedMoleculePct": 0.8319133930408888, "activatedTokens": {"c": 3603893, "(": 1064191, ")": 523715, "others": 11831}}}