{"0.20": {"activatedMoleculePct": 0.7392080021502336, "activatedTokens": {")": 2003250, "others": 117}}, "0.00": {"activatedMoleculePct": 0.9374952853783378, "activatedTokens": {")": 3660514, "others": 5936}}}