{"0.20": {"activatedMoleculePct": 0.6698834728617222, "activatedTokens": {"[C@H]": 670761, "[C@@H]": 611055, "-": 181667, "others": 12327}}, "0.00": {"activatedMoleculePct": 0.7355988906083272, "activatedTokens": {"[C@H]": 783991, "[C@@H]": 751197, "-": 183535, "[C@]": 30036, "[C@@]": 25265, "others": 4158}}}