{"0.20": {"activatedMoleculePct": 0.0904731319661968, "activatedTokens": {"#": 77680, "/": 42943, "[O-]": 23823, "\\": 4144, "others": 1}}, "0.00": {"activatedMoleculePct": 0.09876866898632156, "activatedTokens": {"#": 81338, "/": 48642, "[O-]": 29385, "\\": 9001, "others": 889}}}