{"0.20": {"activatedMoleculePct": 0.036354768047937906, "activatedTokens": {"F": 16113, "[C@@H]": 15986, "O": 5950, "[C@H]": 4930, "[N+]": 2159, "Cl": 1693, "S": 1508, "=": 1344, ")": 843, "o": 800, "others": 521, "[Si]": 414, "s": 333, "I": 207, "5": 200, "[C-]": 186, "[C@@]": 152, ".": 128, "2": 116, "[nH]": 96, "B": 88, "[B]": 84, "7": 77, "[c-]": 72}}, "0.00": {"activatedMoleculePct": 0.12846913762886938, "activatedTokens": {"[C@@H]": 59644, "F": 52835, "O": 29206, "[C@H]": 24719, "o": 7489, "=": 6845, "S": 5585, "[N+]": 3873, "Cl": 3455, ")": 3232, "others": 2010, "s": 1580, "[C@@]": 669, "5": 647, "2": 637, "[nH]": 602, "[Si]": 598, "I": 487, ".": 455, "#": 416, "C": 381}}}