{"0.20": {"activatedMoleculePct": 0.36247695785878914, "activatedTokens": {"O": 705366, "others": 929}}, "0.00": {"activatedMoleculePct": 0.768808136320127, "activatedTokens": {"O": 2060311, "others": 18458, "-": 8515}}}