{"0.20": {"activatedMoleculePct": 0.9836498751678039, "activatedTokens": {"(": 5160491, "others": 6}}, "0.00": {"activatedMoleculePct": 0.9969504179260352, "activatedTokens": {"(": 6175350, "others": 1024}}}