{"0.20": {"activatedMoleculePct": 0.2275585839803198, "activatedTokens": {"[C@@H]": 402997, "others": 123}}, "0.00": {"activatedMoleculePct": 0.3664222265025087, "activatedTokens": {"[C@@H]": 644756, "others": 4024, "O": 2660}}}