{"0.20": {"activatedMoleculePct": 0.2356431988973461, "activatedTokens": {"1": 324041, "others": 844}}, "0.00": {"activatedMoleculePct": 0.677429064626386, "activatedTokens": {"1": 965645, "others": 7843}}}