{"0.20": {"activatedMoleculePct": 0.5297689450892135, "activatedTokens": {"C": 1377932, "others": 1825}}, "0.00": {"activatedMoleculePct": 0.8323821088255521, "activatedTokens": {"C": 2536878, "others": 21211, "c": 14086}}}