{"0.20": {"activatedMoleculePct": 0.13332693731585513, "activatedTokens": {"s": 162924, "[N+]": 27669, "others": 1760}}, "0.00": {"activatedMoleculePct": 0.138208172792074, "activatedTokens": {"s": 163594, "[N+]": 32659, "others": 1864, "[n+]": 1719, "#": 749}}}