{"0.20": {"activatedMoleculePct": 0.007202843347128713, "activatedTokens": {"c": 4613, "C": 3647, "(": 3051, "N": 2671, "4": 628, "I": 311, "3": 215, "=": 215, "others": 147, "F": 134, "S": 111, "1": 96, "O": 72}}, "0.00": {"activatedMoleculePct": 0.030031499165466193, "activatedTokens": {"C": 20634, "c": 20374, "(": 18680, "N": 8971, "4": 1417, "3": 1068, "others": 716, "=": 708, "F": 604, "I": 523, "1": 380, "O": 292}}}