{"0.20": {"activatedMoleculePct": 0.4307197790005075, "activatedTokens": {"1": 588099, "others": 185}}, "0.00": {"activatedMoleculePct": 0.5577981490120716, "activatedTokens": {"1": 762318, "others": 1860}}}