{"0.20": {"activatedMoleculePct": 0.08181507258137162, "activatedTokens": {"Cl": 84399, "/": 30007, "#": 13046, "\\": 8580, "Br": 2679, "others": 1284, "[N+]": 859, "[S@@]": 682}}, "0.00": {"activatedMoleculePct": 0.16903868589670823, "activatedTokens": {"Cl": 146205, "#": 50446, "/": 43176, "Br": 24539, "\\": 11059, "[N+]": 7139, "others": 2812, "s": 2708, "[S@@]": 1925, "=": 1056, "[n+]": 587, "[nH]": 496, "[N-]": 459}}}