{"0.20": {"activatedMoleculePct": 0.019937265321696488, "activatedTokens": {"=": 18410, "[N+]": 5283, "S": 4610, "3": 1381, "others": 277, ".": 276, "[n+]": 95, ")": 64}}, "0.00": {"activatedMoleculePct": 0.07928766918625813, "activatedTokens": {"=": 87412, "S": 15304, "[N+]": 14734, "3": 2107, "others": 1141, ")": 620}}}