{"0.20": {"activatedMoleculePct": 0.47808717088278957, "activatedTokens": {"C": 1146042, "S": 15305, "N": 9312, "others": 8240}}, "0.00": {"activatedMoleculePct": 0.7904730587293555, "activatedTokens": {"C": 2893316, "c": 59802, "N": 54867, "S": 45887, "others": 27711, "O": 16611}}}