{"0.20": {"activatedMoleculePct": 0.25150703110295414, "activatedTokens": {"3": 363880, "4": 21383, "others": 1234}}, "0.00": {"activatedMoleculePct": 0.3226302572151105, "activatedTokens": {"3": 547214, "4": 62035, "others": 5755, "5": 3692, "[S@@]": 938}}}