{"0.20": {"activatedMoleculePct": 0.15855702916217787, "activatedTokens": {"N": 247720, "others": 522}}, "0.00": {"activatedMoleculePct": 0.3492577079944604, "activatedTokens": {"N": 621695, "others": 4625, "S": 2521}}}