{"0.20": {"activatedMoleculePct": 0.12550451029087475, "activatedTokens": {"1": 171929, "others": 38}}, "0.00": {"activatedMoleculePct": 0.3527767382215019, "activatedTokens": {"1": 490638, "others": 1013}}}