{"0.20": {"activatedMoleculePct": 0.6848589421817108, "activatedTokens": {"=": 1516618, "others": 75}}, "0.00": {"activatedMoleculePct": 0.8785696551936272, "activatedTokens": {"=": 2281626, "others": 815}}}