{"0.20": {"activatedMoleculePct": 0.26657331410622126, "activatedTokens": {"o": 150401, "s": 136763, "[nH]": 125457, "others": 39}}, "0.00": {"activatedMoleculePct": 0.300589629809738, "activatedTokens": {"o": 171555, "s": 158057, "[nH]": 138649, "others": 1422}}}