{"0.20": {"activatedMoleculePct": 0.37834298716963777, "activatedTokens": {"1": 516468, "others": 292}}, "0.00": {"activatedMoleculePct": 0.537989048162744, "activatedTokens": {"1": 733770, "others": 2977}}}