{"0.20": {"activatedMoleculePct": 0.0004167176273021086, "activatedTokens": {"\\": 431, ".": 69, "5": 59, "3": 9, "S": 8, "others": 5, "#": 4, "4": 4, "[C@@H]": 3, "6": 1}}, "0.00": {"activatedMoleculePct": 0.0038683699602983083, "activatedTokens": {"\\": 2256, "#": 620, ".": 609, ")": 481, "[C@@H]": 435, "C": 350, "[C@H]": 307, "5": 268, "S": 197, "/": 124, "1": 74, "(": 67, "3": 60, "Br": 46, "O": 42, "others": 40}}}