{"0.20": {"activatedMoleculePct": 0.5328046121633211, "activatedTokens": {"n": 1427464, "o": 154429, "[nH]": 103719, "s": 97672, "others": 9}}, "0.00": {"activatedMoleculePct": 0.6150561763191603, "activatedTokens": {"n": 1662971, "o": 174297, "s": 151668, "[nH]": 136071, "others": 620}}}