{"0.20": {"activatedMoleculePct": 0.9740382721085545, "activatedTokens": {"N": 2364354, "n": 1460667, "others": 308}}, "0.00": {"activatedMoleculePct": 0.9823316120234388, "activatedTokens": {"N": 2660786, "n": 1675887, "others": 2192}}}