{"0.20": {"activatedMoleculePct": 0.008914388329562857, "activatedTokens": {"5": 27126, "6": 5083, "7": 1968, "8": 824, "9": 328, "others": 109}}, "0.00": {"activatedMoleculePct": 0.009394822008842616, "activatedTokens": {"5": 27126, "6": 5100, "7": 1968, "4": 1550, "8": 826, "9": 328, "others": 252, "%10": 140}}}