{"0.20": {"activatedMoleculePct": 0.243172678556912, "activatedTokens": {"1": 396612, "others": 10}}, "0.00": {"activatedMoleculePct": 0.33483664156351867, "activatedTokens": {"1": 640498, "others": 4069, "2": 3528}}}