{"0.20": {"activatedMoleculePct": 0.9997217000028562, "activatedTokens": {"1": 3888049, "O": 3348062, "N": 2605013, "n": 1673587, "F": 494498, "[C@H]": 349957, "[C@@H]": 289018, "Cl": 183704, "-": 183434, "o": 175495, "S": 172147, "s": 149422, "[nH]": 142475, "others": 122035, "Br": 67922, "[C@@]": 39960}}, "0.00": {"activatedMoleculePct": 0.9998762297381124, "activatedTokens": {"1": 4075407, "O": 3454571, "N": 2703085, "n": 1698448, "[C@H]": 768785, "[C@@H]": 742765, "F": 572690, "S": 234432, "Cl": 188352, "-": 183567, "o": 177268, "s": 163301, "[nH]": 142498, "others": 121429, "#": 73610, "Br": 69150, "[C@@]": 50510, "[C@]": 50413, "/": 38435}}}