{"0.20": {"activatedMoleculePct": 0.01605498036154099, "activatedTokens": {"C": 130632, "others": 1105, "#": 493, "N": 490, ".": 408, "=": 402, "Cl": 264}}, "0.00": {"activatedMoleculePct": 0.08078316548669909, "activatedTokens": {"C": 566257, "others": 5165, "=": 2313, "(": 2203, "#": 2196, ")": 2160, "c": 2079, "N": 1707, "n": 1410, "O": 946, ".": 933}}}