{"0.20": {"activatedMoleculePct": 0.5824394166539113, "activatedTokens": {"2": 513415, "3": 437941, "4": 94741, "5": 10985, "others": 1713}}, "0.00": {"activatedMoleculePct": 0.7116160221702567, "activatedTokens": {"2": 905929, "3": 490313, "4": 107064, "5": 12635, "others": 5222}}}