{"0.20": {"activatedMoleculePct": 0.5371321771189066, "activatedTokens": {"3": 425292, "2": 419763, "4": 90977, "others": 5568}}, "0.00": {"activatedMoleculePct": 0.687893876887405, "activatedTokens": {"2": 757493, "3": 617482, "4": 133437, "others": 14908}}}