{"0.20": {"activatedMoleculePct": 0.2315990605177991, "activatedTokens": {"1": 458715, "others": 79}}, "0.00": {"activatedMoleculePct": 0.342335361749716, "activatedTokens": {"1": 803632, "others": 5433}}}