{"0.20": {"activatedMoleculePct": 0.001666138140794898, "activatedTokens": {".": 533, "O": 439, ")": 419, "S": 367, "Cl": 291, "N": 163, "1": 149, "[N+]": 129, "(": 118, "[Cl-]": 93, "=": 77, "[C@@H]": 67, "F": 58, "[n+]": 56, "s": 31, "others": 25, "[N-]": 16, "[O+]": 13}}, "0.00": {"activatedMoleculePct": 0.014456220114791425, "activatedTokens": {"O": 5448, ")": 3652, "(": 3321, "1": 2971, "N": 1744, "S": 1359, "F": 1187, ".": 1168, "=": 1163, "Cl": 1160, "[N+]": 807, "[C@@H]": 582, "s": 569, "others": 247, "[n+]": 166, "n": 133, "[Cl-]": 114, "[C@H]": 80}}}