{"0.20": {"activatedMoleculePct": 0.13828507147549532, "activatedTokens": {"2": 246396, "3": 41807, "4": 4515, "others": 1301}}, "0.00": {"activatedMoleculePct": 0.33239126343072123, "activatedTokens": {"2": 494116, "3": 220353, "4": 47216, "5": 7046, "others": 6390, "F": 2176, "1": 2012}}}