{"0.20": {"activatedMoleculePct": 0.0034106397018381714, "activatedTokens": {"=": 1631, "C": 1328, ".": 931, "[N+]": 770, "[N-]": 422, "[Si]": 321, "[C@@H]": 167, "/": 93, "(": 59, "others": 48, "I": 22, "[C@]": 17}}, "0.00": {"activatedMoleculePct": 0.026916736302696653, "activatedTokens": {"C": 27905, "=": 12147, "(": 5009, "[C@@H]": 1975, ".": 1513, "[N+]": 1087, "/": 1048, "[N-]": 640, "[Si]": 514, "others": 508, "n": 172}}}