{"0.20": {"activatedMoleculePct": 0.05411030786571, "activatedTokens": {"1": 71061, "2": 8427, "others": 59}}, "0.00": {"activatedMoleculePct": 0.13281794126844745, "activatedTokens": {"1": 162998, "2": 41595, "3": 1860, "others": 1849, "4": 1736, "c": 976, "O": 677}}}