{"0.20": {"activatedMoleculePct": 0.47952627481538823, "activatedTokens": {"C": 362902, "[C@@H]": 233046, "[C@H]": 180717, "S": 59624, "[N+]": 22007, "Br": 9023, "others": 8419}}, "0.00": {"activatedMoleculePct": 0.7568441659165993, "activatedTokens": {"C": 1270975, "[C@@H]": 367744, "[C@H]": 318060, "S": 104668, "[N+]": 28741, "Cl": 26727, "Br": 26501, "others": 20513}}}