{"0.20": {"activatedMoleculePct": 0.25605064474053285, "activatedTokens": {"c": 874108, "others": 884}}, "0.00": {"activatedMoleculePct": 0.5576194511191688, "activatedTokens": {"c": 2263583, "others": 15277}}}