{"0.20": {"activatedMoleculePct": 0.20538539789209723, "activatedTokens": {"n": 331196, "others": 7}}, "0.00": {"activatedMoleculePct": 0.30513837002621147, "activatedTokens": {"n": 551483, "others": 425}}}