{"0.20": {"activatedMoleculePct": 0.7017026833246304, "activatedTokens": {"1": 866545, "2": 564202, "3": 179485, "4": 28487, "n": 17322, "others": 8017}}, "0.00": {"activatedMoleculePct": 0.825618686526545, "activatedTokens": {"1": 1191609, "2": 829532, "3": 298574, "n": 148074, "c": 128805, "4": 58457, "others": 17503, ")": 15656, "C": 10046}}}