{"0.20": {"activatedMoleculePct": 0.07367113582284887, "activatedTokens": {"3": 78539, "2": 32323, "4": 18187, "5": 16930, "6": 1907, "others": 1411}}, "0.00": {"activatedMoleculePct": 0.19149822803462344, "activatedTokens": {"2": 181782, "3": 172125, "4": 51593, "5": 20412, "others": 3378, "6": 3070, "7": 1220}}}