{"0.20": {"activatedMoleculePct": 0.10039965344326672, "activatedTokens": {"S": 142721, "others": 552}}, "0.00": {"activatedMoleculePct": 0.1202277958713463, "activatedTokens": {"S": 171058, ".": 1882, "P": 1622, "others": 1045}}}