{"0.20": {"activatedMoleculePct": 0.4456146877950071, "activatedTokens": {"C": 878691, "others": 2445}}, "0.00": {"activatedMoleculePct": 0.7955776665717029, "activatedTokens": {"C": 1876146, "others": 18707, "#": 5428}}}