{"0.20": {"activatedMoleculePct": 0.47969691665574216, "activatedTokens": {"F": 411988, "[C@@H]": 254802, "[C@H]": 230314, "Cl": 109348, "Br": 14994, "[C@@]": 10658, "/": 8280, "[C@]": 8138, "#": 6617, "others": 5829}}, "0.00": {"activatedMoleculePct": 0.7310721214442598, "activatedTokens": {"[C@@H]": 568766, "[C@H]": 565716, "F": 542192, "Cl": 160843, "Br": 42502, "#": 33773, "[C@@]": 28234, "[C@]": 25716, "/": 24240, "others": 16286, "[nH]": 8046, "\\": 5786, "-": 5067, "s": 4405}}}