{"0.20": {"activatedMoleculePct": 0.1528899623782346, "activatedTokens": {"O": 203775, "\\": 10941, "/": 2379, "others": 149}}, "0.00": {"activatedMoleculePct": 0.34098048018467403, "activatedTokens": {"O": 506757, "\\": 12454, "/": 9692, "others": 4536, "(": 3072, ")": 2543}}}