{"0.20": {"activatedMoleculePct": 0.7628466574339422, "activatedTokens": {"1": 1814768, "others": 279}}, "0.00": {"activatedMoleculePct": 0.9628374295919316, "activatedTokens": {"1": 2617327, "others": 4284}}}