{"0.20": {"activatedMoleculePct": 0.26410596492101773, "activatedTokens": {"2": 383526, "3": 8319, "others": 914}}, "0.00": {"activatedMoleculePct": 0.36086647971742297, "activatedTokens": {"2": 568068, "3": 32970, "others": 4321, "4": 3893}}}