{"0.20": {"activatedMoleculePct": 0.3876316157585176, "activatedTokens": {")": 614258, "others": 110}}, "0.00": {"activatedMoleculePct": 0.718650420782272, "activatedTokens": {")": 1591180, "others": 2110}}}