{"0.20": {"activatedMoleculePct": 0.091437661166824, "activatedTokens": {"-": 135795, "others": 6}}, "0.00": {"activatedMoleculePct": 0.1151927630282848, "activatedTokens": {"-": 173968, "others": 1395}}}