{"0.20": {"activatedMoleculePct": 0.5829916224377175, "activatedTokens": {"[C@H]": 627061, "[C@@H]": 472779, "others": 4}}, "0.00": {"activatedMoleculePct": 0.6607969779549784, "activatedTokens": {"[C@H]": 779643, "[C@@H]": 717023, "others": 1059}}}