{"0.20": {"activatedMoleculePct": 0.3420885535943543, "activatedTokens": {"n": 823830, "others": 5}}, "0.00": {"activatedMoleculePct": 0.5242461548827368, "activatedTokens": {"n": 1572308, "others": 117}}}