{"0.20": {"activatedMoleculePct": 0.29121970832695565, "activatedTokens": {"=": 348427, "n": 190238, "[C@H]": 165420, "[C@@H]": 154649, "-": 60392, "S": 23070, "[C@@]": 17958, "[C@]": 14352, "o": 13561, "s": 13477, "/": 13296, "others": 8625, "[nH]": 8203, "#": 7202, "\\": 3181}}, "0.00": {"activatedMoleculePct": 0.6504097967457942, "activatedTokens": {"=": 817530, "n": 518901, "[C@H]": 418005, "[C@@H]": 376417, "-": 139627, "S": 76289, "o": 45716, "s": 45083, "/": 36286, "[nH]": 30639, "[C@@]": 30606, "[C@]": 26508, "others": 22817, "#": 21807, "Cl": 20356, "[N+]": 11014, "\\": 7825}}}