{"0.20": {"activatedMoleculePct": 0.5383830623692265, "activatedTokens": {"N": 1041938, "others": 1148}}, "0.00": {"activatedMoleculePct": 0.8459814578965061, "activatedTokens": {"N": 2024659, "others": 12510}}}