{"0.20": {"activatedMoleculePct": 0.9023101096868172, "activatedTokens": {"O": 2927198, "others": 215}}, "0.00": {"activatedMoleculePct": 0.9500619949862058, "activatedTokens": {"O": 3369413, "others": 2290}}}