{"0.20": {"activatedMoleculePct": 0.10301347631117748, "activatedTokens": {"[C@]": 51041, "[C@@]": 50751, "/": 13184, "#": 8291, "Cl": 7179, "S": 4671, "[S@]": 4358, "[S@@]": 3970, "[N+]": 3233, "others": 1382, "Br": 1336, "[O-]": 391, "[Si]": 338}}, "0.00": {"activatedMoleculePct": 0.2923541469995232, "activatedTokens": {"Cl": 82433, "S": 70040, "#": 55600, "[C@]": 51046, "[C@@]": 50751, "/": 39096, "F": 36397, "Br": 25749, "[N+]": 21206, "1": 10723, "[O-]": 8754, "[nH]": 8158, ")": 7247, "C": 6478, "N": 6049, "2": 5475, "others": 5065, "[S@]": 4360, "[S@@]": 3971, "c": 3254, "n": 2977, "O": 2554, "(": 2166, "\\": 1562, "I": 1368, "[C@H]": 1224}}}