{"0.20": {"activatedMoleculePct": 0.525573938816478, "activatedTokens": {")": 927809, "others": 171}}, "0.00": {"activatedMoleculePct": 0.8024677886062517, "activatedTokens": {")": 1783530, "others": 5325}}}