{"0.20": {"activatedMoleculePct": 0.95354220968733, "activatedTokens": {"N": 2612962, "others": 214}}, "0.00": {"activatedMoleculePct": 0.9552911054588544, "activatedTokens": {"N": 2686872, "others": 4068}}}