{"0.20": {"activatedMoleculePct": 0.3069751500073603, "activatedTokens": {"2": 579375, "others": 15}}, "0.00": {"activatedMoleculePct": 0.6882461460943159, "activatedTokens": {"2": 1830948, "others": 708}}}