{"0.20": {"activatedMoleculePct": 0.1500366550390975, "activatedTokens": {"2": 286534, "others": 229}}, "0.00": {"activatedMoleculePct": 0.3565433089723187, "activatedTokens": {"2": 805651, "others": 7084}}}