{"0.20": {"activatedMoleculePct": 0.011824820404955791, "activatedTokens": {"(": 4113, "1": 3361, "2": 2074, "S": 1780, "[C@H]": 1343, "N": 1095, "P": 801, "Cl": 751, "[C@@H]": 560, "[N-]": 503, "s": 332, "c": 172, "others": 164, "B": 81, "O": 45}}, "0.00": {"activatedMoleculePct": 0.06663014589511167, "activatedTokens": {"(": 56570, "2": 12569, "1": 8782, "N": 7358, "S": 6664, "[C@H]": 5049, "Cl": 3836, "[C@@H]": 3397, "s": 2825, "c": 1805, "others": 1103, "P": 1097, "[N-]": 775}}}