{"0.20": {"activatedMoleculePct": 0.012532288292431778, "activatedTokens": {"[N+]": 13325, "P": 1818, "[O-]": 750, "[NH+]": 526, "[n+]": 305, "[Cl-]": 257, "[NH2+]": 227, "[C-]": 217, "[P+]": 214, "others": 177, "[I-]": 174, "[Na+]": 156, "[C]": 109, "[Br-]": 108, "[CH]": 107, "[NH3+]": 105, "[S-]": 97, "[B-]": 95, "[N-]": 72, "[CH-]": 70, "[O+]": 68, "[K+]": 67, "[nH+]": 57, "[n-]": 57, "[Sn]": 55, "[CH2-]": 54, "[Se]": 50, "[O-2]": 44, "[NH-]": 34, "[PH+]": 32, "[CH2]": 28, "[Li+]": 25, "[Zr+2]": 23, "[Si]": 21, "[P-]": 20, "[Ge]": 19}}, "0.00": {"activatedMoleculePct": 0.028279673920287556, "activatedTokens": {"[N+]": 33001, "P": 2418, "[O-]": 1607, "[n+]": 879, "[NH+]": 526, "[Si]": 509, "others": 433, ".": 381, "\\": 379, "[C-]": 374, "[Cl-]": 269, "[Na+]": 250, "[NH2+]": 227, "[P+]": 215, "[I-]": 187, "N": 179, "[CH]": 177, "[C]": 130, "[N-]": 119, "[Br-]": 111, "[S-]": 110, "[NH3+]": 105, "[nH+]": 97, "[B-]": 96, "/": 94, "[O+]": 92, "[CH2-]": 90, "[K+]": 82, "[CH-]": 76, "I": 75, "[Se]": 71, "[Sn]": 65, "[n-]": 64, "[O-2]": 50, "[SiH]": 44, "[NH-]": 44, "[Li+]": 41, "[Cl+3]": 38, "[c-]": 35, "[CH2]": 34, "[PH+]": 33, "%13": 30, "[Zr+2]": 30, "[Ge]": 29, "[U+2]": 24, "B": 22, "[P-]": 21, "%14": 21}}}