{"0.20": {"activatedMoleculePct": 0.6646089555474344, "activatedTokens": {"C": 1517486, "others": 2901}}, "0.00": {"activatedMoleculePct": 0.8963273921166399, "activatedTokens": {"C": 2543911, "others": 23723}}}