{"0.20": {"activatedMoleculePct": 0.12880456236226898, "activatedTokens": {"s": 110730, "#": 54203, "/": 22663, ".": 4116, "others": 528}}, "0.00": {"activatedMoleculePct": 0.18294855917500163, "activatedTokens": {"s": 150660, "#": 77024, "/": 43536, "Br": 7309, ".": 6451, "others": 2538}}}