{"0.20": {"activatedMoleculePct": 0.3604109465642034, "activatedTokens": {"F": 573463, "Cl": 173246, "Br": 68163, "[O-]": 33060, "[N+]": 29675, "others": 6243}}, "0.00": {"activatedMoleculePct": 0.36587807677125134, "activatedTokens": {"F": 573542, "Cl": 186297, "Br": 69063, "[O-]": 33256, "[N+]": 33237, "I": 6446, "others": 3980}}}