{"0.20": {"activatedMoleculePct": 0.9007406441766092, "activatedTokens": {"=": 2383342, "others": 62}}, "0.00": {"activatedMoleculePct": 0.9015367286421231, "activatedTokens": {"=": 2386828, "others": 2921}}}