{"0.20": {"activatedMoleculePct": 0.7345091264089852, "activatedTokens": {"=": 1873305, "others": 16}}, "0.00": {"activatedMoleculePct": 0.8834735940906657, "activatedTokens": {"=": 2343292, "others": 2100}}}