{"0.20": {"activatedMoleculePct": 0.17063231956456304, "activatedTokens": {"n": 338547, "-": 43241, "others": 62}}, "0.00": {"activatedMoleculePct": 0.36927406910481875, "activatedTokens": {"n": 811388, "-": 116510, "others": 4095}}}