{"0.20": {"activatedMoleculePct": 0.24472969380409, "activatedTokens": {"N": 471297, "n": 7683, "2": 5211, "others": 1496}}, "0.00": {"activatedMoleculePct": 0.5210193396526962, "activatedTokens": {"N": 1072435, "n": 81403, "2": 64265, "1": 29856, "others": 2267}}}