{"0.20": {"activatedMoleculePct": 0.22822723634187836, "activatedTokens": {"3": 379437, "4": 5522, "others": 773}}, "0.00": {"activatedMoleculePct": 0.3266165384899882, "activatedTokens": {"3": 641123, "4": 42751, "others": 5751, "5": 3343, ")": 1786}}}