{"0.20": {"activatedMoleculePct": 0.28343536445947914, "activatedTokens": {"C": 690741, "others": 6159, ".": 1989}}, "0.00": {"activatedMoleculePct": 0.5479419349027012, "activatedTokens": {"C": 1808046, "-": 16449, "others": 16307, "c": 16306, "1": 8288, ")": 5904, "F": 5857, ".": 4799, "[N+]": 3826, "Br": 3441, "=": 2915}}}