{"0.20": {"activatedMoleculePct": 0.23252623892933597, "activatedTokens": {"n": 255777, "o": 140400, "s": 128088, "[nH]": 34277, "others": 170}}, "0.00": {"activatedMoleculePct": 0.3426297738519576, "activatedTokens": {"n": 587227, "o": 170073, "s": 158469, "[nH]": 60727, "others": 5924}}}