{"0.20": {"activatedMoleculePct": 0.7585571756358606, "activatedTokens": {"2": 2364699, "3": 827679, "4": 189185, "others": 14431}}, "0.00": {"activatedMoleculePct": 0.7990212628521502, "activatedTokens": {"2": 2632691, "3": 985927, "4": 202675, "others": 30122}}}