{"0.20": {"activatedMoleculePct": 0.682414296417327, "activatedTokens": {"=": 1658088, "others": 60}}, "0.00": {"activatedMoleculePct": 0.8581731948766436, "activatedTokens": {"=": 2257390, "others": 3391}}}