{"0.20": {"activatedMoleculePct": 0.32465452351012464, "activatedTokens": {"N": 545615, "others": 516}}, "0.00": {"activatedMoleculePct": 0.5660204491908427, "activatedTokens": {"N": 1082676, "others": 4216}}}