{"0.20": {"activatedMoleculePct": 0.5688144346884835, "activatedTokens": {"[C@H]": 614721, "[C@@H]": 601813, "[C@@]": 13867, "others": 10750}}, "0.00": {"activatedMoleculePct": 0.6747573846538057, "activatedTokens": {"[C@H]": 776493, "[C@@H]": 757797, "[C@@]": 37164, "[C@]": 35772, "others": 291}}}