{"0.20": {"activatedMoleculePct": 0.08664577463705653, "activatedTokens": {"[nH]": 123308, "others": 27}}, "0.00": {"activatedMoleculePct": 0.09686670821636799, "activatedTokens": {"[nH]": 138466, "others": 1001}}}