{"0.20": {"activatedMoleculePct": 0.018057275604149013, "activatedTokens": {"(": 13427, "n": 7376, "C": 5718, "2": 2437, "c": 2262, "N": 945, "#": 770, "1": 664, "[O-]": 434, "3": 425, "others": 349, "[N+]": 299, "=": 191, ")": 190, "[nH]": 93, "[S@]": 58, "s": 39}}, "0.00": {"activatedMoleculePct": 0.08233358941815527, "activatedTokens": {"(": 68404, "n": 38701, "C": 28466, "c": 8880, "2": 5665, "N": 3693, "#": 3042, "[O-]": 1759, "others": 1615, "1": 1463, "[N+]": 1310, ")": 1143, "3": 722, "=": 552}}}