{"0.20": {"activatedMoleculePct": 0.5225961288470398, "activatedTokens": {"c": 2255783, "others": 2947}}, "0.00": {"activatedMoleculePct": 0.8382937866596164, "activatedTokens": {"c": 6125689, "others": 20562}}}