{"0.20": {"activatedMoleculePct": 0.02326441502439153, "activatedTokens": {"c": 33353, "1": 21312, "C": 18452, "O": 8614, "n": 7991, "2": 6967, "(": 6730, "N": 4763, "=": 2580, "F": 1283, "[C@H]": 1273, "Cl": 1182, "[C@@H]": 1169, "S": 1107, "others": 1096, ".": 751, "o": 696, "3": 665, "[nH]": 643, "s": 497, "#": 389, "[N-]": 338}}, "0.00": {"activatedMoleculePct": 0.07863879077186504, "activatedTokens": {"c": 122603, "C": 91251, "1": 66095, "2": 36008, "(": 35895, "O": 25589, "n": 25569, "N": 17220, "=": 10556, "F": 9016, "[C@H]": 5925, "[C@@H]": 5324, "S": 4893, "others": 4727, "Cl": 4678, "3": 3980, ")": 3958, "o": 2692, "[nH]": 2235, "#": 2155, "s": 1916, "4": 1540}}}