{"0.20": {"activatedMoleculePct": 0.005787175203763202, "activatedTokens": {"1": 1680, "-": 1412, "[C@H]": 1008, "/": 811, "4": 759, "O": 568, "5": 366, "n": 333, "N": 331, ")": 287, "2": 280, "C": 265, "c": 182, "(": 136, ".": 127, "[C@@H]": 121, "others": 94, "[O-]": 91, "s": 70, "F": 54, "Cl": 46, "[S+]": 37, "[n+]": 28, "3": 27, "7": 26, "[C]": 23, "I": 20, "[I-]": 19, "Br": 18, "%12": 14, "[CH]": 13, "%11": 12, "9": 11, "%14": 11, "%18": 11, "[W]": 11, "[Na+]": 10, "[P@@]": 9, "p": 9, "6": 9, "%13": 9, "%15": 7, "[NH4+]": 7, "[I+]": 6, "[nH+]": 6, "[P+]": 5, "[Al]": 5, "[Cl+3]": 5, "[Si]": 5, "[OH+]": 5, "[se]": 5, "[NH3+]": 5, "[C+]": 4, "%19": 4, "%20": 4, "%17": 4, "[o+]": 4, "[Si-]": 3, "[Mo]": 3, "[OH2+]": 3, "[SH+]": 3, "[NH]": 3, "[NH-]": 3, "[Ti]": 3, "[Pd+2]": 3, "[BH2-]": 3, "[O]": 3, "[As]": 3, "[C-]": 3, "[s+]": 2, "[CH+]": 2, "[Zr]": 2}}, "0.00": {"activatedMoleculePct": 0.04655080110118914, "activatedTokens": {"1": 19890, "-": 10817, "C": 7519, "n": 5708, "[C@H]": 5359, "c": 4427, ")": 4379, "(": 3902, "O": 3389, "2": 3342, "/": 3288, "N": 2349, "4": 2281, "5": 972, "[C@@H]": 876, "others": 787, "F": 510, ".": 333, "s": 324, "3": 310, "[O-]": 207, "Br": 193, "Cl": 106, "7": 85}}}