{"0.20": {"activatedMoleculePct": 0.17021779904250153, "activatedTokens": {"O": 289098, "Br": 13962, "=": 13028, "[O-]": 8838, "Cl": 6001, "-": 5360, "others": 2071, "c": 1810}}, "0.00": {"activatedMoleculePct": 0.4355043418461397, "activatedTokens": {"O": 891576, "=": 171383, "c": 41689, "Br": 37019, "[O-]": 22731, "Cl": 20742, "-": 17615, "others": 11426, "C": 9089}}}