{"0.20": {"activatedMoleculePct": 0.09651297427263, "activatedTokens": {"-": 144855, "others": 4}}, "0.00": {"activatedMoleculePct": 0.11485074697916339, "activatedTokens": {"-": 173723, "others": 198}}}