{"0.20": {"activatedMoleculePct": 0.25092260110895226, "activatedTokens": {"1": 490168, "others": 68}}, "0.00": {"activatedMoleculePct": 0.48887129577211036, "activatedTokens": {"1": 1216345, "others": 3603}}}