{"0.20": {"activatedMoleculePct": 0.5853183568875221, "activatedTokens": {"=": 1169085, "others": 45}}, "0.00": {"activatedMoleculePct": 0.8082271338103004, "activatedTokens": {"=": 1976201, "others": 2081}}}