{"0.20": {"activatedMoleculePct": 0.4689215801873838, "activatedTokens": {"n": 1232717, "others": 163}}, "0.00": {"activatedMoleculePct": 0.5555439190352072, "activatedTokens": {"n": 1639317, "others": 2087}}}