{"0.20": {"activatedMoleculePct": 0.5061485990158433, "activatedTokens": {"1": 700402, "others": 73}}, "0.00": {"activatedMoleculePct": 0.8300275443760331, "activatedTokens": {"1": 1186918, "others": 2809}}}