{"0.20": {"activatedMoleculePct": 0.9993364742173362, "activatedTokens": {"C": 12102303, "c": 8710931, "others": 118}}, "0.00": {"activatedMoleculePct": 0.9999362839480224, "activatedTokens": {"C": 13175811, "c": 10260734, "others": 4559}}}