{"0.20": {"activatedMoleculePct": 0.0036076468050794145, "activatedTokens": {"2": 1213, "F": 939, "1": 639, "n": 574, "4": 464, "C": 407, "=": 356, ")": 271, "Cl": 258, "#": 175, "s": 172, "Br": 61, "[C@]": 57, "others": 56, "3": 36, "[nH]": 33, "[S@@]": 17, "[NH3+]": 16, "[K+]": 11, "O": 10, "[c-]": 9, "[Na+]": 9, "[CH]": 8, "I": 7, "[O-]": 7, "[Mg+2]": 6, "[Li]": 6, "[OH-]": 6, "[Li+]": 5, "[NH4+]": 4, "[CH3-]": 4, "[U+2]": 4, "[Y]": 4, "N": 4, "[Pt+2]": 3, "[Cu+2]": 3, "[Cs+]": 3}}, "0.00": {"activatedMoleculePct": 0.027245569720374417, "activatedTokens": {"1": 11948, "n": 6555, "F": 5435, "2": 5144, "C": 4301, "=": 3022, ")": 2061, "s": 1527, "#": 962, "4": 902, "Cl": 645, "others": 399, "[C@]": 275, "[nH]": 223, "Br": 146, "3": 91}}}