{"0.20": {"activatedMoleculePct": 0.08244564178542631, "activatedTokens": {"Cl": 124700, "Br": 2575, "others": 1189, "[O-]": 619}}, "0.00": {"activatedMoleculePct": 0.12292877058046787, "activatedTokens": {"Cl": 169985, "Br": 16980, "[O-]": 5639, "[N+]": 4780, "I": 1094, "others": 916}}}