{"0.20": {"activatedMoleculePct": 0.9542848312586557, "activatedTokens": {"N": 2698560, "others": 53}}, "0.00": {"activatedMoleculePct": 0.9551153370396057, "activatedTokens": {"N": 2703493, "others": 1694}}}