{"0.20": {"activatedMoleculePct": 0.3399529673004827, "activatedTokens": {"1": 464817, "others": 131}}, "0.00": {"activatedMoleculePct": 0.5403487391911577, "activatedTokens": {"1": 758069, "others": 5343}}}