{"0.20": {"activatedMoleculePct": 0.9684224711135588, "activatedTokens": {"O": 2408922, "n": 1685124, "others": 19}}, "0.00": {"activatedMoleculePct": 0.9887940309044824, "activatedTokens": {"O": 3306591, "n": 1698402, "others": 1421}}}