{"0.20": {"activatedMoleculePct": 0.6354379892678733, "activatedTokens": {"N": 1237912, "others": 2}}, "0.00": {"activatedMoleculePct": 0.909625005401217, "activatedTokens": {"N": 2394865, "others": 952}}}