{"0.20": {"activatedMoleculePct": 0.04743916398680858, "activatedTokens": {"2": 115523, "3": 3930, "others": 222}}, "0.00": {"activatedMoleculePct": 0.12264094979394814, "activatedTokens": {"2": 328625, "3": 23328, "others": 3303, "c": 2847, "1": 2625, "(": 861, "O": 793, "[C@@H]": 603, "N": 454, "=": 429}}}