{"0.20": {"activatedMoleculePct": 0.6313872595726044, "activatedTokens": {"N": 1312633, "others": 260}}, "0.00": {"activatedMoleculePct": 0.8944217695046187, "activatedTokens": {"N": 2275154, "others": 5214}}}