{"0.20": {"activatedMoleculePct": 0.02452775053774151, "activatedTokens": {"O": 15890, "[C@@H]": 9968, "[C@H]": 9409, ".": 5885, "N": 4577, "1": 1692, "F": 1557, "C": 1395, "=": 1263, "[S@@]": 1157, ")": 999, "o": 688, "[O-]": 688, "Cl": 678, "others": 619, "(": 618, "I": 552, "S": 532, "P": 448, "[C@@]": 448, "[C@]": 446, "[n+]": 423, "[N+]": 392, "#": 364, "[N-]": 270, "[S@]": 221, "n": 219, "[Si]": 189, "[nH]": 186, "Br": 179, "[NH+]": 160, "s": 92, "[O+]": 68, "[Na+]": 68, "\\": 58, "B": 53, "[Cl-]": 52, "[NH2+]": 50, "[P+]": 49}}, "0.00": {"activatedMoleculePct": 0.2887816538782936, "activatedTokens": {"O": 227238, "1": 155178, "N": 114539, "=": 76266, "n": 66907, "C": 65564, "[C@H]": 64411, "[C@@H]": 63920, ")": 31005, "o": 17183, "(": 15572, "F": 11092, "others": 9186, ".": 9068, "Cl": 6351, "#": 6303, "S": 5821, "s": 5219, "[nH]": 4769, "[C@]": 3233, "[S@@]": 3131, "[C@@]": 2629, "-": 2446, "I": 2445, "[O-]": 1949, "c": 1386, "[n+]": 1293}}}