{"0.20": {"activatedMoleculePct": 0.9916956745589128, "activatedTokens": {")": 4643832, "[C@@H]": 741464, "[C@H]": 722267, "F": 432836, "S": 208539, "Cl": 166980, "s": 128376, "[nH]": 117989, "-": 116959, "o": 110040, "others": 75786, "#": 63285, "Br": 61175, "[C@@]": 48421, "[C@]": 46430, "/": 32509}}, "0.00": {"activatedMoleculePct": 0.999464638689705, "activatedTokens": {")": 6182658, "[C@H]": 793034, "[C@@H]": 783409, "F": 559874, "S": 230816, "Cl": 185703, "-": 172256, "o": 167523, "s": 160024, "[nH]": 140587, "#": 79567, "others": 75395, "Br": 68223, "[C@@]": 50486, "[C@]": 50460, "/": 47485, "[N+]": 33571}}}