{"0.20": {"activatedMoleculePct": 0.19656914692994823, "activatedTokens": {"O": 133220, "(": 73831, "N": 42649, "=": 41544, "[C@@H]": 36680, "F": 32940, ")": 30502, "[C@H]": 27345, "S": 17881, "n": 17579, "#": 11152, "Cl": 6055, "others": 4459, "o": 4021, "[O-]": 3883, "[N+]": 3239, "Br": 2751, "[C@@]": 1931, "s": 1675, "/": 1617, "-": 1598, "[nH]": 1514, ".": 996, "[N-]": 815}}, "0.00": {"activatedMoleculePct": 0.7045223017167448, "activatedTokens": {")": 649685, "(": 542966, "O": 403692, "F": 361963, "=": 208120, "n": 186359, "N": 147961, "[C@@H]": 114170, "[C@H]": 87106, "S": 53498, "o": 44253, "Cl": 38758, "#": 32364, "others": 28800, "[O-]": 26398, "-": 24878, "s": 21812, "Br": 19057, "c": 17418, "[N+]": 11657, "[nH]": 8467, "1": 7471}}}