{"0.20": {"activatedMoleculePct": 0.9939967761142436, "activatedTokens": {")": 5477986, "others": 14}}, "0.00": {"activatedMoleculePct": 0.9980108873888356, "activatedTokens": {")": 6165216, "others": 1453}}}