{"0.20": {"activatedMoleculePct": 0.25150043978723235, "activatedTokens": {"c": 526802, ")": 20865, "others": 3225}}, "0.00": {"activatedMoleculePct": 0.5550517674613108, "activatedTokens": {"c": 1416450, ")": 286509, "others": 16326}}}