{"0.20": {"activatedMoleculePct": 0.9767538941859468, "activatedTokens": {"C": 8748583, "others": 168}}, "0.00": {"activatedMoleculePct": 0.996724848454666, "activatedTokens": {"C": 12567458, "others": 3819}}}