{"0.20": {"activatedMoleculePct": 0.46167406236702935, "activatedTokens": {"1": 1381417, "others": 132}}, "0.00": {"activatedMoleculePct": 0.5000208724997858, "activatedTokens": {"1": 1599909, "others": 6103}}}