{"0.20": {"activatedMoleculePct": 0.39415482121788475, "activatedTokens": {"c": 742557, "others": 1646}}, "0.00": {"activatedMoleculePct": 0.4750082940722833, "activatedTokens": {"c": 1101667, "others": 9761}}}