{"0.20": {"activatedMoleculePct": 0.46097245342686166, "activatedTokens": {"[C@@H]": 789613, "[C@]": 51045, "others": 425}}, "0.00": {"activatedMoleculePct": 0.5110452142287465, "activatedTokens": {"[C@@H]": 789613, "s": 80273, "[C@]": 51046, "[C@@]": 37113, "others": 6817}}}