{"0.20": {"activatedMoleculePct": 0.5175676873197, "activatedTokens": {"n": 1476481, "others": 1}}, "0.00": {"activatedMoleculePct": 0.5606822158245772, "activatedTokens": {"n": 1676392, "others": 652}}}