{"0.20": {"activatedMoleculePct": 0.1733149850633462, "activatedTokens": {"c": 1069075, "others": 521}}, "0.00": {"activatedMoleculePct": 0.40165940035139036, "activatedTokens": {"c": 2822416, "others": 10619}}}