{"0.20": {"activatedMoleculePct": 0.9682650119046485, "activatedTokens": {"(": 4784146, "others": 89}}, "0.00": {"activatedMoleculePct": 0.99696799476796, "activatedTokens": {"(": 6141618, "others": 1791}}}