{"0.20": {"activatedMoleculePct": 0.26713577304781705, "activatedTokens": {")": 528015, "others": 289}}, "0.00": {"activatedMoleculePct": 0.5918064086630395, "activatedTokens": {")": 1522118, "others": 11978}}}