{"0.20": {"activatedMoleculePct": 7.323684135362189e-06, "activatedTokens": {".": 12, "others": 0}}, "0.00": {"activatedMoleculePct": 0.00024607578694816956, "activatedTokens": {".": 162, "c": 73, "2": 49, "[O-]": 33, ")": 26, "1": 23, "Br": 20, "4": 15, "\\": 12, "o": 12, "=": 10, "Cl": 4, "others": 2}}}