{"0.20": {"activatedMoleculePct": 0.03509436200824207, "activatedTokens": {"N": 32742, "c": 10648, "C": 4136, "4": 2764, "5": 1231, "3": 1075, "Cl": 816, "[Si]": 733, "2": 667, "others": 529, "[C@@]": 524, "[C@@H]": 468, "6": 376, "[n+]": 365, "n": 262, "[N+]": 178, "o": 140}}, "0.00": {"activatedMoleculePct": 0.20183853766534132, "activatedTokens": {"c": 166659, "N": 136466, "C": 80915, "2": 8195, "4": 7287, "3": 4912, "[C@@H]": 4633, "Cl": 4268, "[C@@]": 4198, "others": 3556, "n": 3087, "O": 2874, "5": 1944, "o": 1118, "[Si]": 939}}}