{"0.20": {"activatedMoleculePct": 0.031462547045515966, "activatedTokens": {"1": 25529, "3": 6456, "2": 5474, "[C@H]": 4516, "C": 4501, "[C@@H]": 4031, "N": 1648, "4": 1263, "O": 1192, "=": 1021, "[N+]": 731, "others": 521, "5": 515, "n": 380, "[S@@]": 320, "[O-]": 269, "F": 236, "-": 236, "[S@]": 231, "[C@]": 160, ")": 154, "S": 147, "[nH]": 84}}, "0.00": {"activatedMoleculePct": 0.24432908828188568, "activatedTokens": {"1": 245150, "C": 88265, "3": 47751, "2": 36565, "[C@H]": 35603, "[C@@H]": 26156, "N": 14152, "=": 8064, "O": 7982, "others": 5264, "[N+]": 4764, "4": 4742, "[O-]": 3186, "F": 2914, "[nH]": 2011, "S": 1540, "5": 1106, "-": 955}}}