{"0.20": {"activatedMoleculePct": 0.9029289609962554, "activatedTokens": {"c": 9546791, "others": 34}}, "0.00": {"activatedMoleculePct": 0.9044508225595836, "activatedTokens": {"c": 10301735, "others": 1554}}}