{"0.20": {"activatedMoleculePct": 0.49123831048465944, "activatedTokens": {")": 1030056, "others": 910}}, "0.00": {"activatedMoleculePct": 0.9149456619255577, "activatedTokens": {")": 2931339, "others": 5499}}}