{"0.20": {"activatedMoleculePct": 0.31219620442746, "activatedTokens": {"(": 475240, "others": 1025}}, "0.00": {"activatedMoleculePct": 0.5425033670637812, "activatedTokens": {"(": 1034536, "others": 10242, "C": 5249, "c": 3706}}}