{"0.20": {"activatedMoleculePct": 0.2634731986117224, "activatedTokens": {"n": 398818, "[nH]": 33066, "others": 518}}, "0.00": {"activatedMoleculePct": 0.4355702550033579, "activatedTokens": {"n": 818266, "[nH]": 60584, "others": 4745}}}