{"0.20": {"activatedMoleculePct": 0.9300829846649378, "activatedTokens": {"1": 1360032, "2": 1025113, "3": 334523, "4": 30700, "others": 1028}}, "0.00": {"activatedMoleculePct": 0.9614642388165512, "activatedTokens": {"1": 1683879, "2": 1230280, "3": 439305, "4": 76284, "others": 7074}}}