{"0.20": {"activatedMoleculePct": 0.8925798629445751, "activatedTokens": {"c": 9064683, "others": 84}}, "0.00": {"activatedMoleculePct": 0.9039886980906423, "activatedTokens": {"c": 10251926, "others": 4612}}}