{"0.20": {"activatedMoleculePct": 0.024841936587148547, "activatedTokens": {"(": 8995, "/": 8874, "C": 8556, "N": 5078, "[C@@H]": 4890, "[C@@]": 2023, "[n+]": 1706, "[C@H]": 1435, "n": 1382, "[N+]": 1144, "\\": 1020, "o": 837, "[NH+]": 484, ".": 481, "others": 457, "=": 313, "[C@]": 215, "Cl": 197, "#": 146, "P": 111, "[NH2+]": 105, "[O-]": 103, "[P+]": 64}}, "0.00": {"activatedMoleculePct": 0.3224742627430273, "activatedTokens": {"(": 414851, "C": 216017, "[C@@H]": 64972, "N": 54061, "/": 34324, "[C@H]": 24196, "n": 21063, "[C@@]": 14399, "o": 12224, ")": 11434, "others": 9194, "Cl": 6269, "\\": 5691, "=": 5456, "1": 5181, "-": 5052, "#": 4670, "2": 4501, "[N+]": 4226, "[C@]": 3857, "c": 3652, "O": 2773}}}