{"0.20": {"activatedMoleculePct": 0.2807490371186283, "activatedTokens": {"3": 593400, "others": 505}}, "0.00": {"activatedMoleculePct": 0.3396226691459779, "activatedTokens": {"3": 931732, "4": 7563, "others": 5511}}}