{"0.20": {"activatedMoleculePct": 0.9900756756281707, "activatedTokens": {"1": 3836470, "2": 2398284, "3": 613203, "4": 96978, "others": 9370}}, "0.00": {"activatedMoleculePct": 0.9927832416530141, "activatedTokens": {"1": 4067542, "2": 2648603, "3": 961202, "4": 189509, "others": 30829}}}