{"0.20": {"activatedMoleculePct": 0.4058185205718626, "activatedTokens": {"c": 2072791, "others": 1101}}, "0.00": {"activatedMoleculePct": 0.7816538782935523, "activatedTokens": {"c": 5474669, "others": 10128}}}