{"0.20": {"activatedMoleculePct": 0.46319665629877116, "activatedTokens": {"c": 2160100, "others": 3501}}, "0.00": {"activatedMoleculePct": 0.7607667311394993, "activatedTokens": {"c": 5087013, "others": 38906}}}