{"0.20": {"activatedMoleculePct": 0.003546127858342372, "activatedTokens": {"3": 3429, "2": 891, "5": 658, "4": 305, "[O-]": 158, "7": 122, "(": 115, "1": 89, "[Si]": 75, "6": 68, "others": 61, "[NH+]": 39, "P": 38, "[P+]": 28, "[O-2]": 24, "[Sn]": 20, "[I-]": 15, "[cH-]": 13, "[c-]": 12, "[n-]": 12, "[nH+]": 10, "[n+]": 10, "[C]": 9, "[Cl-]": 9, "[NH2+]": 8, "[B-]": 8, "[Al]": 8, "[PH+]": 7, "[P@]": 6, "[Br-]": 6, "[Ir]": 6, "[Ge]": 5, "[NH3+]": 5, "[CH2-]": 5, "[B]": 5, "#": 5, "[CH2]": 5, "[Se]": 4, "B": 4, "[As]": 4, "n": 4, "[nH]": 4}}, "0.00": {"activatedMoleculePct": 0.010404758051109061, "activatedTokens": {"3": 8317, "2": 4569, "5": 1442, "4": 1329, "(": 568, "[O-]": 297, "1": 258, "7": 226, "others": 178, "6": 171, "#": 140, "[Si]": 108, "P": 76, "[NH+]": 64, "[P+]": 39, "[O-2]": 26, "[Sn]": 25, "n": 24, "[nH]": 23, "[cH-]": 20, "[I-]": 19, "[n+]": 17, "[NH2+]": 16, "[nH+]": 15, "[c-]": 14, "[C]": 13, "B": 13, "[n-]": 13, "[C@H]": 12, "[PH+]": 11, "[Se]": 10, "[B-]": 10}}}