{"0.20": {"activatedMoleculePct": 0.36058451787821155, "activatedTokens": {"C": 1622544, "others": 597}}, "0.00": {"activatedMoleculePct": 0.5654323573547732, "activatedTokens": {"C": 2945270, "others": 6178}}}