{"0.20": {"activatedMoleculePct": 0.9257598139198335, "activatedTokens": {"N": 2446272, "others": 0}}, "0.00": {"activatedMoleculePct": 0.9518211439155199, "activatedTokens": {"N": 2678552, "others": 131}}}