{"0.20": {"activatedMoleculePct": 0.6301920343217133, "activatedTokens": {"n": 1698554, "o": 177278, "s": 163605, "[nH]": 142498, "others": 289}}, "0.00": {"activatedMoleculePct": 0.6313418527309652, "activatedTokens": {"n": 1698554, "o": 177278, "s": 163607, "[nH]": 142498, "others": 2713}}}