{"0.20": {"activatedMoleculePct": 0.9927070753380063, "activatedTokens": {"1": 3600313, "2": 2631400, "3": 940862, "4": 203503, "others": 30096}}, "0.00": {"activatedMoleculePct": 0.9927978890212849, "activatedTokens": {"1": 4063806, "2": 2658077, "3": 991604, "4": 203542, "others": 36221}}}