{"0.20": {"activatedMoleculePct": 0.27718460004994755, "activatedTokens": {"C": 477855, "others": 3769, "c": 1978}}, "0.00": {"activatedMoleculePct": 0.6431359136625525, "activatedTokens": {"C": 1661000, "c": 26862, "others": 15834, "n": 6758}}}