{"0.20": {"activatedMoleculePct": 0.9997260942133375, "activatedTokens": {"c": 5282086, "C": 4242828, "(": 926143, "O": 893742, "n": 724461, "N": 669636, "=": 446271, "F": 434541, "[C@H]": 209825, "[C@@H]": 165348, "others": 127654, "o": 89790, "s": 77237, "Cl": 70028, "S": 63272, "[nH]": 49352}}, "0.00": {"activatedMoleculePct": 0.9999604521056691, "activatedTokens": {"C": 10302672, "c": 9407750, "(": 5137606, "O": 3047717, "N": 2173796, "=": 1656403, "n": 1438801, "[C@H]": 637396, "[C@@H]": 574347, "F": 567795, "others": 340293, "S": 211657, "Cl": 169038, "o": 161936, "s": 131519, "-": 125646, "[nH]": 120447}}}