{"0.20": {"activatedMoleculePct": 0.24545913274397205, "activatedTokens": {"F": 325986, "Cl": 127491, "Br": 40089, "s": 18420, "[O-]": 9050, "others": 3869}}, "0.00": {"activatedMoleculePct": 0.3788351387435341, "activatedTokens": {"F": 551109, "Cl": 176778, "Br": 64421, "s": 57260, "[O-]": 24066, "others": 5530, "I": 4869}}}