{"0.20": {"activatedMoleculePct": 0.028672955758356506, "activatedTokens": {"O": 13288, "S": 8932, "=": 6618, "C": 5737, "1": 5174, "2": 3776, "Br": 2311, "n": 2190, "-": 1721, "4": 1620, "(": 1560, "others": 548, "[N+]": 493, "[C@H]": 343, "P": 341, "[C-]": 297, "3": 293, "N": 184, "s": 169, "[C@@]": 135, "5": 119}}, "0.00": {"activatedMoleculePct": 0.16591147277090856, "activatedTokens": {"O": 124040, "1": 40851, "S": 35391, "=": 34003, "(": 25982, "C": 25284, "2": 21459, "n": 17105, "Br": 13055, "4": 7640, "-": 6202, "[N+]": 4781, "others": 3187, "3": 2723, "[C@H]": 2426, "N": 1018, "s": 726, "P": 689, "#": 665}}}