{"0.20": {"activatedMoleculePct": 0.39342538227800267, "activatedTokens": {"c": 380080, "(": 305944, "=": 190713, "2": 47660, "O": 39159, "3": 36362, "n": 14900, "F": 12992, "4": 11673, "others": 8127, "o": 7764, "1": 6816}}, "0.00": {"activatedMoleculePct": 0.7963122320904797, "activatedTokens": {"c": 1945892, "(": 1287223, "=": 583514, "2": 233123, "3": 180483, "O": 136686, ")": 120485, "1": 110305, "n": 73562, "F": 51867, "4": 50828, "others": 33451, "o": 28692}}}