{"0.20": {"activatedMoleculePct": 0.3402891244022958, "activatedTokens": {"3": 961862, "4": 108542, "5": 26200, "others": 2079}}, "0.00": {"activatedMoleculePct": 0.343619203578645, "activatedTokens": {"3": 998371, "4": 183464, "5": 26881, "others": 6064}}}