{"0.20": {"activatedMoleculePct": 0.12918612630572132, "activatedTokens": {"Cl": 173494, "Br": 20995, "\\": 12884, "others": 1232, "[N-]": 1189}}, "0.00": {"activatedMoleculePct": 0.1690013351076179, "activatedTokens": {"Cl": 185025, "Br": 59156, "\\": 12890, "[N+]": 11827, "others": 2356, "[N-]": 1737, "1": 843, "O": 813, ")": 740}}}