{"0.20": {"activatedMoleculePct": 0.3177570777914405, "activatedTokens": {"(": 473539, "others": 192}}, "0.00": {"activatedMoleculePct": 0.4960433796458706, "activatedTokens": {"(": 879939, "others": 6350}}}