{"0.20": {"activatedMoleculePct": 0.9859019080394278, "activatedTokens": {"(": 5596908, "others": 21}}, "0.00": {"activatedMoleculePct": 0.9966105989821544, "activatedTokens": {"(": 6183387, "others": 574}}}