{"0.20": {"activatedMoleculePct": 0.2711974882692889, "activatedTokens": {"2": 244395, "3": 142488, "4": 18811, "others": 1720}}, "0.00": {"activatedMoleculePct": 0.4971141022664605, "activatedTokens": {"2": 530410, "3": 261156, "4": 50217, "others": 8173, "1": 5838, ")": 2367}}}