{"0.20": {"activatedMoleculePct": 0.10913973809040795, "activatedTokens": {"F": 78331, "#": 75427, "\\": 4752, "[S@@]": 1176, "others": 1146, "Cl": 1079, "[S@]": 1072, "[Si]": 741}}, "0.00": {"activatedMoleculePct": 0.20163933345685947, "activatedTokens": {"F": 208244, "#": 81171, "S": 10867, "\\": 9460, "Cl": 3485, "[S@]": 3073, "[S@@]": 3041, "others": 2929, ".": 1837, "(": 1355, "[Si]": 1186, "Br": 957, "[N+]": 927, "[C@H]": 747, "4": 685, "1": 591}}}