{"0.20": {"activatedMoleculePct": 0.18770675675774645, "activatedTokens": {"C": 354968, "others": 1633}}, "0.00": {"activatedMoleculePct": 0.573577758850123, "activatedTokens": {"C": 1295215, "others": 10886, "#": 5873}}}