{"0.20": {"activatedMoleculePct": 0.9916011990335667, "activatedTokens": {"(": 5896426, "others": 14}}, "0.00": {"activatedMoleculePct": 0.9974293868684879, "activatedTokens": {"(": 6205586, "others": 2836}}}