{"0.20": {"activatedMoleculePct": 0.09941974450595525, "activatedTokens": {"=": 135738, "others": 34}}, "0.00": {"activatedMoleculePct": 0.14573032876750452, "activatedTokens": {"=": 199404, "others": 1171}}}