{"0.20": {"activatedMoleculePct": 0.026147749468483625, "activatedTokens": {"c": 15772, "N": 9345, "[C@]": 3899, "[N+]": 3550, "[C@@]": 3370, "s": 3111, "[nH]": 1943, ")": 970, "[n+]": 639, "others": 398, "[c-]": 222, "Cl": 219, "[Cl-]": 92, "[Na+]": 59, "[N-]": 58}}, "0.00": {"activatedMoleculePct": 0.12811833315878554, "activatedTokens": {"c": 139861, "N": 59065, "s": 16267, "[C@]": 11842, "[C@@]": 10173, "[nH]": 7962, "[N+]": 7618, ")": 4507, "others": 2280, "[n+]": 1010}}}