{"0.20": {"activatedMoleculePct": 0.01069770541652355, "activatedTokens": {"-": 14595, "others": 82}}, "0.00": {"activatedMoleculePct": 0.0769294428946715, "activatedTokens": {"-": 106372, "others": 945, "F": 398, "[C@H]": 312, "n": 271, "o": 252, "S": 223, "\\": 200}}}