{"0.20": {"activatedMoleculePct": 0.34453539646397885, "activatedTokens": {"C": 401300, "c": 119242, "S": 71525, "n": 7741, "others": 1933}}, "0.00": {"activatedMoleculePct": 0.690747184226542, "activatedTokens": {"C": 1187917, "c": 426572, "S": 103586, "n": 43571, "others": 8850}}}