{"0.20": {"activatedMoleculePct": 0.23851920965730286, "activatedTokens": {"c": 609056, "others": 686}}, "0.00": {"activatedMoleculePct": 0.3935594056976798, "activatedTokens": {"c": 1441913, "others": 12189}}}