{"0.20": {"activatedMoleculePct": 0.5859481937231633, "activatedTokens": {"=": 1079393, "others": 508}}, "0.00": {"activatedMoleculePct": 0.8184744326524992, "activatedTokens": {"=": 1858274, "others": 6694}}}