{"0.20": {"activatedMoleculePct": 0.0013673318280721207, "activatedTokens": {"#": 1676, "(": 97, "2": 62, "7": 44, "9": 33, "n": 25, "1": 24, "others": 18, "5": 16, "c": 13, ")": 10, "N": 10, "[C@H]": 9, "[N-]": 8, "Cl": 7}}, "0.00": {"activatedMoleculePct": 0.0027412549718660675, "activatedTokens": {"#": 3235, "(": 235, "2": 171, "n": 95, "7": 60, "1": 52, "9": 52, "c": 45, ")": 40, "others": 39, "N": 29, "5": 27, "[C@H]": 26, "Cl": 16, "[N-]": 15}}}