{"0.20": {"activatedMoleculePct": 0.08995315039258608, "activatedTokens": {"o": 127645, "others": 140}}, "0.00": {"activatedMoleculePct": 0.12026587902885019, "activatedTokens": {"o": 171224, "others": 1424}}}