{"0.20": {"activatedMoleculePct": 0.997917144231903, "activatedTokens": {")": 6221003, "others": 293}}, "0.00": {"activatedMoleculePct": 0.9982027679131821, "activatedTokens": {")": 6223949, "others": 4084}}}