{"0.20": {"activatedMoleculePct": 0.4189667307000783, "activatedTokens": {"(": 816766, "others": 42}}, "0.00": {"activatedMoleculePct": 0.8250086236380694, "activatedTokens": {"(": 2387080, "others": 2198}}}