{"0.20": {"activatedMoleculePct": 0.06687622168205982, "activatedTokens": {"Cl": 97424, "[N-]": 2294, "others": 284}}, "0.00": {"activatedMoleculePct": 0.10942023519279233, "activatedTokens": {"Cl": 165541, "\\": 2703, "[N-]": 2309, "others": 1628}}}