{"0.20": {"activatedMoleculePct": 0.6013667459333413, "activatedTokens": {"C": 2323364, "others": 1061}}, "0.00": {"activatedMoleculePct": 0.8131728177069105, "activatedTokens": {"C": 4360706, "others": 16963}}}