{"0.20": {"activatedMoleculePct": 0.0022337236612854677, "activatedTokens": {"2": 1763, "1": 308, "8": 243, "I": 220, "9": 214, "Cl": 210, "%10": 136, "%11": 95, "Br": 84, "7": 79, ")": 75, "%12": 54, "others": 36, "%13": 31, "%14": 22, "[C@H]": 20, "[HH]": 19, "[C@@H]": 13, "[Y]": 11, "%15": 11, "%16": 10, "%17": 10, "s": 9, "[Pt+2]": 8, "[I-]": 8, "[Na]": 6, "[Ca+2]": 6, "[U]": 6, "[S-]": 5, "[Fe+2]": 4, "[Li+]": 4, "[Pt]": 3, "[CH]": 3, "[CH3-]": 3, "4": 2, "o": 2, "[NH4+]": 2, "[Br-]": 2, "[OH-]": 2}}, "0.00": {"activatedMoleculePct": 0.015334329842621352, "activatedTokens": {"2": 10882, ")": 4999, "Cl": 1779, "1": 1547, "Br": 910, "I": 894, "[C@H]": 610, "8": 388, "[C@@H]": 367, "9": 249, "others": 233, "7": 163, "%10": 147, "%11": 99, "s": 57, "%12": 55, "%13": 41, "[HH]": 33, "%14": 24, "%15": 17}}}