{"0.20": {"activatedMoleculePct": 0.0015636065628998274, "activatedTokens": {"1": 588, ")": 569, "C": 564, "O": 352, "s": 282, "F": 222, "N": 162, "[C@@H]": 154, "6": 135, "5": 130, "[C@H]": 123, "(": 122, "Cl": 122, "\\": 117, "4": 98, "/": 73, "[C@]": 64, "=": 61, "[C@@]": 43, "S": 42, "others": 38, "2": 20, "[S@@]": 17, "[Si]": 15, "[N+]": 9, "[C-]": 8, "[W]": 8, "[CH]": 8, "[N-]": 7, "Br": 7}}, "0.00": {"activatedMoleculePct": 0.006124797042403399, "activatedTokens": {"1": 3492, "C": 3194, ")": 2102, "s": 1085, "N": 975, "O": 856, "(": 709, "Cl": 565, "F": 559, "[C@@H]": 366, "[C@H]": 309, "5": 244, "\\": 235, "=": 225, "6": 198, "/": 192, "S": 182, "4": 172, "[C@]": 159, "others": 147, "[C@@]": 92, "Br": 54, "2": 42, "[S@@]": 30}}}