{"0.20": {"activatedMoleculePct": 0.3861353870896631, "activatedTokens": {"[C@H]": 678547, "others": 5}}, "0.00": {"activatedMoleculePct": 0.4349191794837242, "activatedTokens": {"[C@H]": 791383, "others": 882}}}