{"0.20": {"activatedMoleculePct": 0.0015636065628998274, "activatedTokens": {"N": 1716, "F": 453, "[N-]": 451, "Cl": 405, "O": 251, "C": 130, "1": 120, "=": 95, "[C@@H]": 37, ".": 37, "others": 32, "2": 25, "[Cl-]": 15, "4": 13, "%13": 13, "\\": 12, "%12": 11, "S": 11, "%14": 10, "5": 9, "%11": 9}}, "0.00": {"activatedMoleculePct": 0.006795646509202575, "activatedTokens": {"N": 3079, "F": 2650, "1": 2483, "C": 1474, "=": 1217, "Cl": 1059, "O": 665, "[N-]": 622, ")": 598, "[C@@H]": 399, "2": 186, ".": 158, "others": 144, "4": 92, "\\": 66, "S": 55, "n": 50, "s": 33, "#": 30, "c": 27, "[Cl-]": 20}}}