{"0.20": {"activatedMoleculePct": 0.02709543419559949, "activatedTokens": {"2": 18866, "3": 11990, ".": 3571, "I": 2155, "4": 1237, "[O-]": 823, "others": 405, "/": 335, "Cl": 324, "[Na+]": 247, "5": 246, "6": 206, "[NH+]": 171, "\\": 135, "7": 110, "[Cl-]": 96, "[Br-]": 68, "s": 66, "[B]": 60, "[I-]": 44, "8": 42, "[K+]": 38, "9": 37}}, "0.00": {"activatedMoleculePct": 0.07604474185111976, "activatedTokens": {"2": 38708, "3": 25425, "/": 10014, "Cl": 9871, "s": 6348, "c": 5970, ".": 5877, "I": 4422, "O": 4227, "[O-]": 3289, "4": 2528, "\\": 2397, "F": 1838, "others": 1232, "#": 825, "5": 486, ")": 430, "1": 421, "[NH+]": 313, "o": 302, "6": 288, "[Na+]": 268, "7": 205, "[Cl-]": 122, "P": 107, "[B]": 83, "[Br-]": 77, "[I-]": 74}}}