{"0.20": {"activatedMoleculePct": 0.12231431348151099, "activatedTokens": {"=": 185075, "others": 202}}, "0.00": {"activatedMoleculePct": 0.3373867483794518, "activatedTokens": {"=": 583853, "others": 5835, "[C@H]": 1316}}}