{"0.20": {"activatedMoleculePct": 0.3982289867023867, "activatedTokens": {"N": 258160, "F": 170602, "n": 126743, "Cl": 61347, "[nH]": 57788, "[C@H]": 51111, "[C@@H]": 49197, "o": 47053, "-": 36725, "s": 35493, "Br": 34646, "S": 32192, "(": 25035, "[O-]": 24695, "/": 22496, "=": 16179, "#": 10375, "others": 8267, "c": 5588, "\\": 4300, "I": 3955, "[C@@]": 3706}}, "0.00": {"activatedMoleculePct": 0.9029553262591427, "activatedTokens": {"N": 1116823, "(": 700435, "n": 542764, "F": 459505, "[C@H]": 263421, "[C@@H]": 253863, "=": 200437, "S": 143110, "c": 138710, "Cl": 138007, "o": 134738, "-": 120758, "[nH]": 114366, "s": 101039, "C": 59716, "Br": 59475, "#": 52780, "others": 46152, "/": 40810, "[O-]": 31821, "[C@@]": 20420, "[C@]": 19404}}}