{"0.20": {"activatedMoleculePct": 0.23539126416308967, "activatedTokens": {"[C@@H]": 371390, "others": 0}}, "0.00": {"activatedMoleculePct": 0.40446803321730174, "activatedTokens": {"[C@@H]": 707126, "others": 817}}}