{"0.20": {"activatedMoleculePct": 0.0008993484118224768, "activatedTokens": {"c": 31682, "C": 7271, "-": 2051, "n": 1713, "(": 1262, "2": 1240, "3": 1203, ")": 1203, "O": 1062, "4": 1044, "1": 1017, "N": 832, "others": 504, "=": 482, "o": 188, "5": 131, "S": 121, "s": 115}}, "0.00": {"activatedMoleculePct": 0.004049997326855291, "activatedTokens": {"c": 65507, "C": 26409, "(": 5623, ")": 5356, "-": 4476, "n": 4097, "O": 3697, "N": 2920, "2": 2564, "1": 2401, "3": 2351, "=": 1927, "4": 1717, "others": 1221, "F": 845, "[C@@H]": 684, "o": 547, ".": 404, "S": 317, "5": 277, "s": 244, "P": 190}}}