{"0.20": {"activatedMoleculePct": 0.984794566998161, "activatedTokens": {")": 5530594, "others": 38}}, "0.00": {"activatedMoleculePct": 0.9970119368727722, "activatedTokens": {")": 6190998, "others": 2068}}}