{"0.20": {"activatedMoleculePct": 0.21042482494563997, "activatedTokens": {"F": 447469, "others": 22}}, "0.00": {"activatedMoleculePct": 0.22175822614511295, "activatedTokens": {"F": 559333, "others": 339}}}