{"0.20": {"activatedMoleculePct": 0.9841200556892942, "activatedTokens": {")": 5327865, "-": 73775, "others": 70}}, "0.00": {"activatedMoleculePct": 0.9965593331932069, "activatedTokens": {")": 6173097, "-": 137375, "others": 3824}}}