{"0.20": {"activatedMoleculePct": 0.21665947725007378, "activatedTokens": {"1": 295809, "others": 133}}, "0.00": {"activatedMoleculePct": 0.44010434785156066, "activatedTokens": {"1": 600489, "others": 4040, "c": 2488}}}