{"0.20": {"activatedMoleculePct": 0.18875917016799798, "activatedTokens": {"F": 402966, "others": 111}}, "0.00": {"activatedMoleculePct": 0.21820550697104873, "activatedTokens": {"F": 547430, "others": 1447}}}