{"0.20": {"activatedMoleculePct": 0.9049459036071341, "activatedTokens": {"N": 2301981, "others": 85}}, "0.00": {"activatedMoleculePct": 0.9483035784253053, "activatedTokens": {"N": 2641400, "others": 1020}}}