{"0.20": {"activatedMoleculePct": 0.6949561054991347, "activatedTokens": {"1": 952021, "others": 69}}, "0.00": {"activatedMoleculePct": 0.845078447642616, "activatedTokens": {"1": 1175539, "others": 2178}}}