{"0.20": {"activatedMoleculePct": 0.9597753972549367, "activatedTokens": {")": 4770283, "others": 31}}, "0.00": {"activatedMoleculePct": 0.9967643963489969, "activatedTokens": {")": 6102575, "others": 1340}}}