{"0.20": {"activatedMoleculePct": 0.0002900178917603427, "activatedTokens": {"[NH+]": 95, "2": 69, "[n+]": 46, "Cl": 43, "n": 42, "%13": 36, "%14": 27, "s": 20, "3": 20, "%16": 15, "[NH2+]": 14, "%17": 14, ".": 13, "%12": 13, "%18": 12, "O": 12, "%11": 11, ")": 10, "%15": 10, "[V]": 10, "[C@H]": 9, "%19": 6, "(": 5, "N": 5, "others": 5, "[CH]": 4, "[I-]": 4, "%20": 3, "[nH+]": 3, "[O-2]": 3, "p": 2, "[C]": 2, "[c-]": 2, "[Cr]": 2, "[NH3+]": 2, "[n-]": 2, "[OH+]": 1, "[C-]": 1, "[S-]": 1, "[Ge]": 1, "[Mg+2]": 1, "[B]": 1, "[Br-]": 1}}, "0.00": {"activatedMoleculePct": 0.012043066192189584, "activatedTokens": {"3": 5460, "2": 2960, "O": 2428, "N": 1755, "[C@H]": 1201, "Cl": 1066, "1": 1003, "n": 729, "s": 586, "C": 246, "[NH+]": 195, "others": 182, "[n+]": 131, ".": 96, "(": 71, ")": 53, "4": 46, "%13": 45, "[NH2+]": 30, "%14": 28, "[C]": 16, "%12": 16, "%15": 16}}}