{"0.20": {"activatedMoleculePct": 0.03171301704294535, "activatedTokens": {"(": 34821, "3": 5617, "2": 1102, "1": 977, "others": 437, "C": 360, "c": 307, "[NH+]": 213, "s": 121, "[Na+]": 99, "[O-]": 70, "[C@@H]": 64, "[S+]": 56, "[nH+]": 46, "[n-]": 40, "[C]": 36, "[n+]": 35, "[I-]": 33, "O": 23}}, "0.00": {"activatedMoleculePct": 0.1515072508134782, "activatedTokens": {"(": 187249, "C": 13798, "3": 12050, "c": 6337, "1": 6043, "2": 4611, "others": 2070, "s": 774}}}