{"0.20": {"activatedMoleculePct": 0.350917987187947, "activatedTokens": {"1": 479139, "others": 95}}, "0.00": {"activatedMoleculePct": 0.6328578553469851, "activatedTokens": {"1": 865704, "others": 2056}}}