{"0.20": {"activatedMoleculePct": 3.6618420676810946e-06, "activatedTokens": {"3": 2, "1": 1, "4": 1, "2": 1, "5": 1, "others": 0}}, "0.00": {"activatedMoleculePct": 0.00019480999800063423, "activatedTokens": {"1": 162, "c": 38, "[O-]": 26, "[C@H]": 17, "2": 14, "5": 10, "C": 8, "3": 7, "4": 7, "[C@@H]": 5, "N": 2, "others": 2, "[nH+]": 1}}}