{"0.20": {"activatedMoleculePct": 0.48890864656120075, "activatedTokens": {"2": 599068, "3": 349983, "4": 44340, "others": 8361}}, "0.00": {"activatedMoleculePct": 0.6908270123836175, "activatedTokens": {"2": 1058767, "3": 507780, "4": 81163, "5": 12867, "others": 4927}}}