{"0.20": {"activatedMoleculePct": 0.1254466531862054, "activatedTokens": {"1": 207256, "others": 10}}, "0.00": {"activatedMoleculePct": 0.20290193660179592, "activatedTokens": {"1": 433685, "c": 4502, "others": 3673, ")": 2785}}}