{"0.20": {"activatedMoleculePct": 0.305412275812874, "activatedTokens": {"1": 792470, "others": 263}}, "0.00": {"activatedMoleculePct": 0.4990512167202638, "activatedTokens": {"1": 1539881, "others": 4186}}}