{"0.20": {"activatedMoleculePct": 0.16511612067380824, "activatedTokens": {"F": 427415, "others": 32}}, "0.00": {"activatedMoleculePct": 0.2128196696579034, "activatedTokens": {"F": 550823, "others": 1869}}}