{"0.20": {"activatedMoleculePct": 0.550972475397914, "activatedTokens": {"O": 951389, "others": 3048}}, "0.00": {"activatedMoleculePct": 0.748203683373699, "activatedTokens": {"O": 1525941, "others": 12080, "o": 10880, "Cl": 5406}}}