{"0.20": {"activatedMoleculePct": 0.23093773184037591, "activatedTokens": {"2": 344451, "3": 10763, "others": 88}}, "0.00": {"activatedMoleculePct": 0.35780444738042805, "activatedTokens": {"2": 558524, "3": 44127, "others": 3858, "#": 2354}}}