{"0.20": {"activatedMoleculePct": 0.5227389406876793, "activatedTokens": {"n": 1487123, "others": 0}}, "0.00": {"activatedMoleculePct": 0.560718834245254, "activatedTokens": {"n": 1673719, "others": 202}}}