{"0.20": {"activatedMoleculePct": 0.3481928443211787, "activatedTokens": {"N": 222110, "=": 157140, "F": 109657, "[C@H]": 79148, "[C@@H]": 75222, "S": 65126, "Cl": 57823, "/": 31535, "[nH]": 27658, "s": 23879, "-": 21716, "o": 14331, "Br": 12990, "#": 8873, "others": 7950, "[O-]": 7650, "[N+]": 7042, "[C@@]": 6754, "[C@]": 6133, ".": 3440}}, "0.00": {"activatedMoleculePct": 0.8293874543826024, "activatedTokens": {"=": 817333, "N": 665602, "F": 334223, "[C@H]": 317367, "[C@@H]": 305589, "S": 158675, "Cl": 137409, "[nH]": 96485, "o": 77555, "-": 76770, "s": 73394, "/": 48052, "Br": 42603, "#": 38173, "others": 30618, "[O-]": 20319, "[C@@]": 18211, "[C@]": 17944, "[N+]": 17090, ".": 6370, "n": 5158}}}