{"0.20": {"activatedMoleculePct": 0.008412715966290547, "activatedTokens": {"S": 5844, "#": 1438, "I": 1058, "4": 532, "N": 336, "[N-]": 334, "[N+]": 323, "c": 181, "(": 179, "5": 174, "[S@@]": 141, "3": 118, "others": 118, "C": 116, "Br": 106, "[S@]": 84, "[Na+]": 74, "6": 64, "[Cl-]": 58, "Cl": 52, "[Si]": 46, ")": 45, "2": 43, "[O-]": 39, "n": 38, "[I-]": 38, "[C-]": 37, "7": 29, "[NH2+]": 26, "[S+]": 25, "[C]": 19, "[B]": 18, "[CH2-]": 18, "1": 16, "[Li+]": 16, "[nH+]": 16, "[NH3+]": 15, "[n+]": 15, "[Br-]": 15, "[K+]": 11, "[S-]": 11, "[C@@H]": 10, "[U+2]": 10, "[NH+]": 10, "[P@@]": 9, "[Pt+2]": 9, "[Y]": 9, "[CH3-]": 9, "[CH]": 8, "[OH+]": 8, "[SH+]": 7, "[Ca+2]": 7, "[c-]": 7, "[V]": 7, "[O+]": 6, "[NH-]": 6, "p": 6, "[Ir+3]": 6, "[se]": 5, "[H+]": 5, "[CH2+]": 4, "[o+]": 4, "[Pt]": 4, "[Rh]": 4, "[Ir]": 4, "[O]": 4, "[Sn]": 4, "[Cu]": 4, "[CH+]": 3, "[O-2]": 3, "[Ni+2]": 3, "[OH2+]": 3, "[AlH2]": 3, "[C+]": 3, "[Si-]": 3, "[Ac]": 3, "[K]": 3, "[s+]": 3, "[Mg+2]": 3, "[Ru]": 3, "[Fe+2]": 3, "O": 3, "[F-]": 3}}, "0.00": {"activatedMoleculePct": 0.053527342608535165, "activatedTokens": {"S": 30948, "#": 10585, ")": 8732, "(": 6176, "c": 4769, "C": 4718, "N": 4108, "I": 2430, "[N+]": 1504, "4": 1180, "Br": 1163, "n": 1129, "others": 781, "3": 694, "[S@@]": 490, "[N-]": 477, "Cl": 417, "[C@@H]": 357, "1": 354, "[S@]": 352, "5": 338, "O": 183, "6": 144, "2": 129, "[O-]": 93, "[Na+]": 87, "[Si]": 80, "[Cl-]": 75, "[C-]": 64, "7": 56, "[I-]": 50}}}