{"0.20": {"activatedMoleculePct": 0.14539929824458614, "activatedTokens": {"O": 219182, "=": 21617, ")": 19384, "others": 1280}}, "0.00": {"activatedMoleculePct": 0.36644273281808776, "activatedTokens": {"O": 566046, ")": 254857, "=": 113445, "#": 5930, "others": 4890}}}