{"0.20": {"activatedMoleculePct": 0.3239602382540923, "activatedTokens": {"c": 593541, "others": 14}}, "0.00": {"activatedMoleculePct": 0.44449636122753733, "activatedTokens": {"c": 1312856, "others": 5208}}}