{"0.20": {"activatedMoleculePct": 0.2772768784700531, "activatedTokens": {"(": 411196, "others": 340}}, "0.00": {"activatedMoleculePct": 0.5270877443272574, "activatedTokens": {"(": 897693, "others": 7744}}}