{"0.20": {"activatedMoleculePct": 0.10058640738871845, "activatedTokens": {"[C@H]": 145167, "[C@@]": 15548, "[C@]": 6861, "others": 245}}, "0.00": {"activatedMoleculePct": 0.16737108301908626, "activatedTokens": {"[C@H]": 246380, "[C@@]": 27145, "[C@]": 14855, "others": 2893, "[C@@H]": 706}}}