{"0.20": {"activatedMoleculePct": 0.9929641366511576, "activatedTokens": {")": 5181786, "others": 38}}, "0.00": {"activatedMoleculePct": 0.9979215384423842, "activatedTokens": {")": 6104159, "others": 3710}}}