{"0.20": {"activatedMoleculePct": 0.2100051778446837, "activatedTokens": {"1": 324790, "others": 288}}, "0.00": {"activatedMoleculePct": 0.3265008242806494, "activatedTokens": {"1": 616667, "others": 5828, "-": 3516}}}