{"0.20": {"activatedMoleculePct": 0.8563378796323218, "activatedTokens": {"C": 3336343, "others": 1468}}, "0.00": {"activatedMoleculePct": 0.9661697058735215, "activatedTokens": {"C": 5129766, "others": 16040}}}