{"0.20": {"activatedMoleculePct": 0.8327446311902524, "activatedTokens": {"O": 2456100, "others": 18}}, "0.00": {"activatedMoleculePct": 0.951288712078879, "activatedTokens": {"O": 3348265, "others": 799}}}