{"0.20": {"activatedMoleculePct": 0.03793448671593553, "activatedTokens": {"/": 33587, "#": 25139, "\\": 12072, "others": 64}}, "0.00": {"activatedMoleculePct": 0.06400753460623847, "activatedTokens": {"#": 52689, "/": 45772, "\\": 12692, "1": 1483, "=": 1375, "others": 1117, "(": 1037, "2": 544, "3": 524, "O": 484, "n": 340, "N": 326}}}