{"0.20": {"activatedMoleculePct": 0.717901940263638, "activatedTokens": {"2": 1828086, "others": 14}}, "0.00": {"activatedMoleculePct": 0.7997206746870773, "activatedTokens": {"2": 2583036, "others": 711}}}