{"0.20": {"activatedMoleculePct": 0.005890439150071809, "activatedTokens": {"S": 1159, "O": 1062, "4": 978, "o": 954, ")": 744, "2": 673, "(": 653, "3": 566, "s": 470, "N": 421, "Br": 383, "1": 335, "C": 165, "6": 122, "[N+]": 80, "others": 80, "Cl": 40}}, "0.00": {"activatedMoleculePct": 0.023673808967558278, "activatedTokens": {"(": 6199, ")": 3928, "O": 3844, "2": 3843, "o": 3066, "S": 2853, "4": 2698, "N": 1978, "s": 1919, "C": 1805, "3": 1525, "Br": 1049, "1": 1029, "others": 339, "[N+]": 320, "6": 282, "[nH]": 112}}}