{"0.20": {"activatedMoleculePct": 0.15279402211606136, "activatedTokens": {"2": 209261, "3": 2211, "4": 2055, "others": 556}}, "0.00": {"activatedMoleculePct": 0.28057253633096607, "activatedTokens": {"2": 390519, "3": 15594, "4": 6307, "others": 3276, "\\": 1828, "1": 1604}}}