{"0.20": {"activatedMoleculePct": 0.5071687882158993, "activatedTokens": {"n": 1235291, "-": 97795, "others": 55}}, "0.00": {"activatedMoleculePct": 0.5699818299396602, "activatedTokens": {"n": 1658987, "-": 166177, "others": 1239}}}