{"0.20": {"activatedMoleculePct": 0.004931036528339362, "activatedTokens": {"(": 22154, ")": 20143, "C": 14474, "O": 9420, "-": 7613, "1": 7088, "3": 6870, "=": 6762, "2": 6448, "c": 4148, "N": 3298, "n": 3200, ".": 2120, "4": 1478, "S": 1338, "others": 1236, "F": 806, "5": 693, "s": 604, "o": 582, "#": 569, "[N-]": 485, "[n+]": 463, "[N+]": 432, "Cl": 406, "[Si]": 397, "P": 377, "[O-]": 330, "[c-]": 254, "[nH]": 194, "Br": 121, "[C-]": 114, "[CH]": 110, "[Cl-]": 109, "%10": 98, "B": 96, "%11": 93, "[cH-]": 92, "[C]": 80, "[O+]": 79, "[C@H]": 68, "%12": 58, "I": 57, "[B-]": 51, "[n-]": 50, "%13": 48, "[P+]": 47, "[CH3-]": 44, "[C@@H]": 42, "[O-2]": 40, "[S-]": 40, "[NH+]": 39, "[nH+]": 34}}, "0.00": {"activatedMoleculePct": 0.02999341600796231, "activatedTokens": {")": 83962, "(": 81737, "C": 66932, "c": 52225, "=": 38584, "O": 32090, "1": 21243, "-": 15274, "2": 12913, "3": 12153, "N": 10684, "n": 6577, "F": 5969, "others": 4685, "4": 3950, ".": 3783, "S": 3464, "5": 2328, "s": 2246, "Cl": 2223, "#": 2000, "o": 1841, "[C@H]": 1542, "[nH]": 1372, "[O-]": 1221, "[N-]": 1147, "[C@@H]": 1068, "[N+]": 1035, "[n+]": 895, "Br": 767, "P": 722, "[Si]": 691}}}