{"0.20": {"activatedMoleculePct": 0.3484916506339015, "activatedTokens": {"c": 468859, "C": 286899, "[C@H]": 209741, "[C@@H]": 81710, "n": 47807, "N": 44839, "=": 26959, "others": 10424, "[C@@]": 7116, "[C@]": 6536, "[nH]": 5769, "(": 5083, "F": 4787}}, "0.00": {"activatedMoleculePct": 0.6455102520592368, "activatedTokens": {"c": 1321817, "C": 1273153, "[C@H]": 351082, "(": 197931, "N": 190218, "[C@@H]": 190205, ")": 159453, "=": 151417, "n": 149114, "F": 40173, "O": 33639, "others": 31775, "[nH]": 16860, "-": 16440, "[C@@]": 15845, "[C@]": 13366}}}