{"0.20": {"activatedMoleculePct": 0.14257015906309572, "activatedTokens": {"O": 194647, "others": 29}}, "0.00": {"activatedMoleculePct": 0.25583972263743443, "activatedTokens": {"O": 351358, "others": 954}}}