{"0.20": {"activatedMoleculePct": 0.695061566550684, "activatedTokens": {"[C@H]": 796786, "[C@@H]": 757303, "[C@@]": 49591, "[C@]": 40529, "others": 8403}}, "0.00": {"activatedMoleculePct": 0.6975977583667599, "activatedTokens": {"[C@H]": 806064, "[C@@H]": 784380, "[C@@]": 50669, "[C@]": 49287, "others": 11456}}}