{"0.20": {"activatedMoleculePct": 0.9981822615976031, "activatedTokens": {"(": 6203517, "others": 68}}, "0.00": {"activatedMoleculePct": 0.9982276684392424, "activatedTokens": {"(": 6223920, "others": 4547}}}