{"0.20": {"activatedMoleculePct": 0.005207871788656053, "activatedTokens": {".": 1971, "[nH]": 738, "S": 548, "[C@@]": 481, "[Si]": 470, ")": 449, "P": 392, "O": 245, "C": 237, "o": 211, "[N-]": 208, "N": 206, "=": 196, "\\": 190, "[S@]": 169, "#": 162, "[S@@]": 135, "[C@H]": 117, "[NH+]": 102, "4": 92, "others": 83, "1": 67, "[NH2+]": 62, "[N+]": 57, "[C@]": 57, "[P+]": 56, "[B]": 56, "(": 50, "[n+]": 43, "[SiH]": 41, "I": 40, "Br": 34, "[SiH2]": 32, "Cl": 32, "[CH2-]": 29, "[Sn]": 29, "[Se]": 27, "[CH]": 27, "[C-]": 24, "[I-]": 24, "[NH3+]": 21, "B": 21, "[CH-]": 19, "[c-]": 19, "[C]": 18, "[Ge]": 15, "[PH+]": 13, "[CH2]": 13, "[NH-]": 11, "[S-]": 11, "[nH+]": 11, "[Al]": 11, "c": 9, "[O+]": 9, "[W]": 8, "[As]": 8, "2": 8, "[C+]": 7, "[Cl-]": 7, "[SiH3]": 6, "[O-]": 6, "[Te]": 5, "[S+]": 5, "[OH2+]": 4, "[K+]": 3, "[Mg]": 3}}, "0.00": {"activatedMoleculePct": 0.03411372070251708, "activatedTokens": {"[nH]": 7133, ")": 6379, "S": 4286, ".": 4129, "[C@@]": 3804, "1": 3644, "o": 2878, "c": 2480, "C": 2153, "4": 1882, "[C@H]": 1686, "(": 1610, "=": 1444, "O": 1440, "\\": 1180, "2": 1051, "P": 1019, "#": 900, "[Si]": 869, "[S@]": 843, "[S@@]": 599, "N": 586, "others": 525, "[C@]": 516, "Cl": 482, "[N-]": 401, "Br": 260, "[N+]": 258, "[NH+]": 209, "I": 196, "[NH2+]": 112, "[n+]": 108, "[P+]": 97, "[B]": 77, "B": 62, "[SiH]": 58, "n": 49, "[Se]": 42, "[SiH2]": 40, "[C-]": 38, "[NH3+]": 38, "[C]": 37, "[Sn]": 34, "[CH]": 33, "[CH2-]": 32}}}