{"0.20": {"activatedMoleculePct": 0.9130209977347845, "activatedTokens": {"N": 2382563, "others": 1}}, "0.00": {"activatedMoleculePct": 0.9524868668034243, "activatedTokens": {"N": 2678944, "others": 172}}}