{"0.20": {"activatedMoleculePct": 0.4524279111461346, "activatedTokens": {"c": 2069177, "others": 661}}, "0.00": {"activatedMoleculePct": 0.6757043370125081, "activatedTokens": {"c": 3799710, "others": 17074}}}