{"0.20": {"activatedMoleculePct": 0.9975172710781122, "activatedTokens": {"C": 11335753, "others": 11}}, "0.00": {"activatedMoleculePct": 0.9980335908096553, "activatedTokens": {"C": 13055724, "others": 1006}}}