{"0.20": {"activatedMoleculePct": 0.004538487058683948, "activatedTokens": {"2": 1105, "[S@]": 878, "[Si]": 770, "o": 697, "N": 574, "/": 521, "n": 448, "=": 379, "C": 258, "c": 201, "5": 193, "[N+]": 187, "3": 113, "1": 90, ".": 88, "others": 66, "#": 23, "P": 21, "[Sn]": 20, "4": 18, "[NH+]": 14, "[SiH]": 11, "[P+]": 8, "[C]": 7, "[O]": 7, "[SiH2]": 7, "[OH2+]": 7, "[S+]": 6, "[NH2-]": 6, "[N-]": 6, "[NH2+]": 6, "[I-]": 6, "[SiH3]": 5, "[C-]": 5, "[Zn]": 5, "[Ge]": 4, "[NH-]": 4, "[Te]": 4, "[n+]": 4, "[Sr]": 4, "[As]": 3, "[Al]": 3, "[Bi]": 3, "[N]": 2, "[Se]": 2, "[Cl+3]": 2, "[O+]": 2, "[IH+]": 2, "[P-]": 2, "[Sn+]": 2}}, "0.00": {"activatedMoleculePct": 0.026173382362957392, "activatedTokens": {"N": 8178, "2": 4823, "C": 4715, "n": 4018, "c": 3694, "=": 3593, "o": 2994, "/": 2722, "1": 2718, "[S@]": 1711, "[Si]": 916, "others": 416, "#": 408, "3": 369, "5": 347, "[N+]": 343, ".": 151, "P": 58}}}