{"0.20": {"activatedMoleculePct": 0.9890891753751374, "activatedTokens": {")": 5326120, "others": 198}}, "0.00": {"activatedMoleculePct": 0.9972880397646754, "activatedTokens": {")": 6150717, "others": 3676}}}