{"0.20": {"activatedMoleculePct": 0.14071067566112727, "activatedTokens": {"(": 199662, "others": 98}}, "0.00": {"activatedMoleculePct": 0.32062137065678065, "activatedTokens": {"(": 490164, "o": 10226, "others": 4135, "F": 2674}}}