{"0.20": {"activatedMoleculePct": 0.19648492456239156, "activatedTokens": {"N": 343882, "others": 475}}, "0.00": {"activatedMoleculePct": 0.42066069884058754, "activatedTokens": {"N": 835966, "others": 5473}}}