{"0.20": {"activatedMoleculePct": 0.948507909212682, "activatedTokens": {"O": 3295120, "others": 10}}, "0.00": {"activatedMoleculePct": 0.9578792954322914, "activatedTokens": {"O": 3429637, "others": 2849}}}