{"0.20": {"activatedMoleculePct": 0.4900950833911294, "activatedTokens": {"C": 1854190, "others": 2808}}, "0.00": {"activatedMoleculePct": 0.9295271170390638, "activatedTokens": {"C": 6111108, "others": 13372}}}