{"0.20": {"activatedMoleculePct": 0.4874329242079253, "activatedTokens": {"[C@H]": 806836, "[C@]": 50887, "[C@@]": 50751, "others": 667}}, "0.00": {"activatedMoleculePct": 0.48912176576953975, "activatedTokens": {"[C@H]": 806851, "[C@]": 51046, "[C@@]": 50751, "others": 3718}}}