{"0.20": {"activatedMoleculePct": 0.9923511442890277, "activatedTokens": {"1": 3751445, "2": 2503534, "3": 923901, "4": 72251, "others": 2444}}, "0.00": {"activatedMoleculePct": 0.9927180608642093, "activatedTokens": {"1": 4062333, "2": 2646689, "3": 996455, "4": 184856, "others": 21054}}}