{"0.20": {"activatedMoleculePct": 0.48848606998659033, "activatedTokens": {")": 1244511, "others": 82}}, "0.00": {"activatedMoleculePct": 0.9721289876544656, "activatedTokens": {")": 5203887, "others": 3545}}}