{"0.20": {"activatedMoleculePct": 0.05911311649857591, "activatedTokens": {"F": 90264, "others": 587}}, "0.00": {"activatedMoleculePct": 0.11526307039598428, "activatedTokens": {"F": 191082, "Cl": 3192, "others": 1679, "Br": 1182, "#": 986}}}