{"0.20": {"activatedMoleculePct": 0.1529968881666109, "activatedTokens": {"C": 993592, "others": 4382}}, "0.00": {"activatedMoleculePct": 0.4656559494314258, "activatedTokens": {"C": 3556735, "others": 27991}}}