{"0.20": {"activatedMoleculePct": 3.6618420676810946e-05, "activatedTokens": {"3": 26, ".": 19, "[nH]": 11, "1": 8, "2": 2, "5": 1, "others": 0}}, "0.00": {"activatedMoleculePct": 0.0013482902493201791, "activatedTokens": {"1": 922, "[nH]": 577, ".": 347, "3": 309, "2": 170, "F": 46, "others": 19, "Cl": 11, "5": 6}}}