{"0.20": {"activatedMoleculePct": 0.8681795445107889, "activatedTokens": {"c": 8836620, "others": 87}}, "0.00": {"activatedMoleculePct": 0.9028366825761498, "activatedTokens": {"c": 10208225, "others": 6842}}}