{"0.20": {"activatedMoleculePct": 0.00686448914007498, "activatedTokens": {"O": 8357, "C": 5254, "1": 3711, ")": 2758, "=": 2636, "N": 1967, "(": 1934, "2": 1420, "S": 1164, "3": 683, "[C@@H]": 650, "4": 337, "others": 327, "s": 316, "F": 297, "[nH]": 289, "Cl": 250, "I": 245, "[C@H]": 225, ".": 158, "Br": 125, "c": 71, "o": 60, "[CH]": 53, "5": 47, "P": 38, "/": 37, "B": 36, "#": 35, "[Si]": 35, "[V]": 26, "[N+]": 22, "[C-]": 20, "%11": 20, "[I-]": 17, "%10": 16, "[c-]": 16, "[Cl-]": 16}}, "0.00": {"activatedMoleculePct": 0.04333790087100575, "activatedTokens": {"O": 36107, "C": 27575, ")": 24245, "=": 20505, "1": 14268, "(": 13949, "N": 13377, "[C@@H]": 9127, "c": 6586, "[nH]": 4164, "S": 3910, "[C@H]": 3664, "2": 3220, "s": 2675, "F": 2614, "others": 1631, "3": 1623, "4": 863, "Cl": 661, "I": 608, "o": 487, "Br": 440, ".": 383, "/": 378}}}