{"0.20": {"activatedMoleculePct": 0.981952245185227, "activatedTokens": {"(": 4926572, "others": 17}}, "0.00": {"activatedMoleculePct": 0.9971488897661035, "activatedTokens": {"(": 6164127, "others": 562}}}