{"0.20": {"activatedMoleculePct": 0.0024029007648123345, "activatedTokens": {"S": 866, "2": 698, "3": 419, "C": 410, "[N+]": 353, "1": 264, "[S@]": 232, "[C@@H]": 157, "[Si]": 121, "c": 108, "N": 105, "Br": 99, "(": 97, "4": 92, ")": 53, "[N-]": 49, "n": 43, "others": 42, "5": 32, "O": 31, "[O+]": 23, "P": 22, "[C-]": 22, "[S@@]": 20, "I": 18, "=": 12, "[Cr]": 5, "[Zr+2]": 4}}, "0.00": {"activatedMoleculePct": 0.021934433985409757, "activatedTokens": {"C": 7685, "S": 6091, "1": 5387, "2": 2993, ")": 2786, "3": 2636, "[C@@H]": 2526, "(": 2512, "c": 1451, "[N+]": 1135, "Br": 1066, "N": 1038, "n": 1006, "[S@]": 753, "=": 458, "others": 329, "4": 284, "[Si]": 275, "P": 155, "O": 145, "I": 136, "[S@@]": 94, "5": 89, "[C@]": 85}}}