{"0.20": {"activatedMoleculePct": 0.28527141207221446, "activatedTokens": {"S": 182814, "o": 138634, "s": 120429, "others": 542}}, "0.00": {"activatedMoleculePct": 0.3497330150948454, "activatedTokens": {"S": 227664, "o": 171797, "s": 156511, "others": 2605}}}