{"0.20": {"activatedMoleculePct": 0.18415037574161455, "activatedTokens": {"o": 145866, "[nH]": 125248, "others": 128}}, "0.00": {"activatedMoleculePct": 0.20947274600804286, "activatedTokens": {"o": 172126, "[nH]": 139079, "others": 2098}}}