{"0.20": {"activatedMoleculePct": 0.8681648971425182, "activatedTokens": {"O": 2746760, "others": 7}}, "0.00": {"activatedMoleculePct": 0.9552911054588544, "activatedTokens": {"O": 3409671, "others": 594}}}