{"0.20": {"activatedMoleculePct": 0.2644230804440789, "activatedTokens": {"c": 143448, "o": 101762, "[nH]": 98871, "s": 77771, "n": 2606, "others": 1740}}, "0.00": {"activatedMoleculePct": 0.4430133151901265, "activatedTokens": {"c": 370720, "o": 159246, "s": 138631, "[nH]": 129581, "n": 11107, "others": 7682, "1": 3945, "F": 2859, "3": 2247}}}