{"0.20": {"activatedMoleculePct": 0.4012456121977424, "activatedTokens": {"F": 428707, "Cl": 172650, "S": 152576, "Br": 62521, "[N+]": 22549, "[O-]": 15518, "others": 5117}}, "0.00": {"activatedMoleculePct": 0.4586720842399444, "activatedTokens": {"F": 560602, "S": 222836, "Cl": 183936, "Br": 67794, "[O-]": 30129, "[N+]": 29992, "others": 8095, "I": 5219}}}