{"0.20": {"activatedMoleculePct": 0.431922327935534, "activatedTokens": {"c": 1639068, "others": 2195}}, "0.00": {"activatedMoleculePct": 0.7358068832377714, "activatedTokens": {"c": 3960909, "others": 19167}}}