{"0.20": {"activatedMoleculePct": 0.886986765370399, "activatedTokens": {"c": 8204805, "others": 97}}, "0.00": {"activatedMoleculePct": 0.9041000180894998, "activatedTokens": {"c": 10204941, "others": 2988}}}