{"0.20": {"activatedMoleculePct": 0.2469158135184956, "activatedTokens": {"C": 468363, "(": 49385, "c": 34285, "[O-]": 32854, "s": 16723, "F": 12911, "3": 11783, "[C@@H]": 9537, "[C@H]": 7934, "others": 6484, "=": 5910, "n": 3462, "4": 2777, "[C@]": 1783, "2": 1468, "N": 1442}}, "0.00": {"activatedMoleculePct": 0.7689004147402326, "activatedTokens": {"C": 2412614, "c": 564168, "(": 542435, "=": 219136, "F": 94485, "s": 63316, "n": 53659, "[C@@H]": 47885, "1": 38998, "[C@H]": 38429, "others": 38262, "[O-]": 33323, "3": 28880, "Cl": 22137, "N": 17721, "o": 14803, "[C@]": 11614}}}