{"0.20": {"activatedMoleculePct": 0.005842835203191955, "activatedTokens": {"5": 2615, "1": 1980, "O": 1435, "7": 931, "4": 878, "6": 623, "N": 520, "(": 482, "=": 243, "3": 142, "others": 106, "C": 93, "2": 77, "[n+]": 57, "[Cl-]": 43, "8": 41, "Cl": 33, "[V]": 28, "[O-]": 27, "[I-]": 27, "[K+]": 23, "9": 20, "[NH2+]": 18, "[Br-]": 16, "[CH3-]": 16, "[Li+]": 16, "[CH2-]": 14, "[c-]": 14, "[Y]": 12, "P": 11, "[B]": 9, "[NH+]": 8, "[N+]": 8, "[U]": 8, "o": 8, "[NH3+]": 7, "[C-]": 7, "s": 6, ".": 6, "-": 6, "[U+2]": 5, "F": 5, "[Mg+2]": 5, "B": 5}}, "0.00": {"activatedMoleculePct": 0.025017705006397238, "activatedTokens": {"1": 12890, "O": 8051, "5": 5241, "(": 4494, "4": 3484, "N": 2663, "C": 1387, "7": 1218, "6": 1202, "2": 686, "3": 673, "=": 519, "others": 429, "[n+]": 111, "8": 71, "Cl": 64, "[Cl-]": 60, "[O-]": 55, "[I-]": 43, "P": 40, "9": 32, "[N+]": 29, "[NH2+]": 29, "[V]": 29, "[K+]": 27, "s": 24, "-": 22, "[NH+]": 22, "[Li+]": 22}}}