{"0.20": {"activatedMoleculePct": 0.46669884205230133, "activatedTokens": {")": 871522, "others": 63}}, "0.00": {"activatedMoleculePct": 0.8231220426048, "activatedTokens": {")": 2299011, "others": 1689}}}