{"0.20": {"activatedMoleculePct": 0.6546978138070487, "activatedTokens": {"1": 1734691, "others": 72}}, "0.00": {"activatedMoleculePct": 0.966434090870808, "activatedTokens": {"1": 2745237, "others": 1985}}}