{"0.20": {"activatedMoleculePct": 0.45235394193636747, "activatedTokens": {"c": 2137965, "others": 2060}}, "0.00": {"activatedMoleculePct": 0.7705416523549673, "activatedTokens": {"c": 5489968, "others": 24020}}}