{"0.20": {"activatedMoleculePct": 0.1753451103056686, "activatedTokens": {"2": 614674, "3": 99391, "4": 14899, "others": 2139}}, "0.00": {"activatedMoleculePct": 0.38325205264557105, "activatedTokens": {"2": 956892, "3": 323828, "4": 61156, "5": 10665, "others": 5100}}}