{"0.20": {"activatedMoleculePct": 0.4409018970539016, "activatedTokens": {"[C@H]": 744629, "[C@@]": 40777, "[C@]": 33234, "others": 130}}, "0.00": {"activatedMoleculePct": 0.4838970495073724, "activatedTokens": {"[C@H]": 799993, "[C@@]": 50113, "[C@]": 48217, "others": 4954}}}