{"0.20": {"activatedMoleculePct": 0.28785813730882437, "activatedTokens": {"[C@@H]": 493491, "others": 172}}, "0.00": {"activatedMoleculePct": 0.40737333871379994, "activatedTokens": {"[C@@H]": 720700, "others": 2083}}}