{"0.20": {"activatedMoleculePct": 0.6837713750876095, "activatedTokens": {"1": 933869, "others": 481}}, "0.00": {"activatedMoleculePct": 0.8645880098108073, "activatedTokens": {"1": 1194689, "others": 4877}}}