{"0.20": {"activatedMoleculePct": 0.03691576225270665, "activatedTokens": {"2": 14842, "[C@@H]": 11629, "O": 8757, "Br": 8094, "[C@H]": 4959, "[nH]": 3496, "Cl": 2608, "3": 1780, "[C@]": 1389, "[n+]": 741, "others": 626, "#": 625, "4": 531, "[Si]": 522, "-": 335, "[NH+]": 277, "[N-]": 275, "[S@@]": 216, "N": 183, "5": 164, "S": 158, "[NH2+]": 127, "[c-]": 117, "[O-]": 94, "o": 73}}, "0.00": {"activatedMoleculePct": 0.17081834114160124, "activatedTokens": {"2": 114460, "[C@@H]": 52610, "O": 51978, "Br": 27009, "[C@H]": 22240, "[nH]": 15686, "Cl": 12959, "[C@]": 6088, "3": 4151, "others": 2751, "#": 2099, "-": 1337, "4": 1133, "o": 1041, "[n+]": 1023, "[Si]": 761, "[S@@]": 734, "N": 656, "(": 499, "[N-]": 480, "S": 463}}}