{"0.20": {"activatedMoleculePct": 0.8882969724622153, "activatedTokens": {"N": 2286737, "others": 1}}, "0.00": {"activatedMoleculePct": 0.9481065713220641, "activatedTokens": {"N": 2660135, "others": 409}}}