{"0.20": {"activatedMoleculePct": 0.008032616759665248, "activatedTokens": {"C": 46452, "N": 6080, "=": 3152, "O": 1056, "[N-]": 805, "[O-]": 769, "others": 591, ")": 542, "/": 481, "[N+]": 166, "c": 124, "#": 116}}, "0.00": {"activatedMoleculePct": 0.11332156173169976, "activatedTokens": {")": 118434, "C": 104708, "N": 70801, "=": 19352, "[O-]": 6275, "O": 4645, "c": 4230, "/": 3407, "others": 3037, "[nH]": 2658, "(": 1854, "[N-]": 1314, "[C@@H]": 740}}}