{"0.20": {"activatedMoleculePct": 0.11097358859790264, "activatedTokens": {"1": 238670, "others": 146}}, "0.00": {"activatedMoleculePct": 0.2686686201373484, "activatedTokens": {"1": 655688, "others": 4484}}}