{"0.20": {"activatedMoleculePct": 0.8000055659999429, "activatedTokens": {")": 1961438, "others": 574}}, "0.00": {"activatedMoleculePct": 0.8972692178964475, "activatedTokens": {")": 2605661, "others": 6486}}}