{"0.20": {"activatedMoleculePct": 0.011302641726104467, "activatedTokens": {"[C@H]": 4175, "3": 3551, "/": 2493, "[S@]": 1222, "4": 1134, "\\": 807, "I": 790, "6": 642, "S": 623, "[S@@]": 562, "1": 538, "2": 465, "7": 462, "8": 402, "=": 163, "others": 160, "[N-]": 159, "9": 156, "Cl": 133, "5": 131, "n": 87, ".": 81, "[C@@H]": 67, "-": 52, "%10": 51}}, "0.00": {"activatedMoleculePct": 0.07982010102289896, "activatedTokens": {"[C@H]": 45750, "3": 32348, "4": 14318, "/": 13281, "1": 7558, "2": 6659, "S": 4308, "=": 4086, "\\": 3393, "[S@]": 2275, "I": 2124, "6": 1735, "[S@@]": 1445, "n": 1442, "others": 1413, "7": 907, "Cl": 759, "[C@@H]": 674, "-": 576, "8": 542, "5": 510, ")": 453}}}