{"0.20": {"activatedMoleculePct": 0.6368609810953741, "activatedTokens": {"=": 1319707, "others": 39}}, "0.00": {"activatedMoleculePct": 0.8215599007787273, "activatedTokens": {"=": 2033989, "others": 1235}}}