{"0.20": {"activatedMoleculePct": 0.19907677637789625, "activatedTokens": {"=": 182176, "F": 89129, "N": 60616, "C": 25038, "2": 24529, "c": 16378, "O": 10683, "[C@@H]": 9825, "Cl": 7113, ")": 5586, "others": 4200, "n": 3667}}, "0.00": {"activatedMoleculePct": 0.4659012928499604, "activatedTokens": {"=": 396414, "C": 215550, "F": 193910, "N": 158770, "c": 135663, ")": 103831, "2": 52498, "O": 35967, "[C@@H]": 29799, "n": 28036, "Cl": 25587, "others": 13159, "1": 8114, "[C@H]": 4524}}}