{"0.20": {"activatedMoleculePct": 0.9980877860722569, "activatedTokens": {")": 6209246, "others": 0}}, "0.00": {"activatedMoleculePct": 0.998180796860776, "activatedTokens": {")": 6223950, "others": 1003}}}