{"0.20": {"activatedMoleculePct": 0.7755569112508632, "activatedTokens": {"N": 1786142, "others": 72}}, "0.00": {"activatedMoleculePct": 0.9334196551570088, "activatedTokens": {"N": 2549538, "others": 985}}}