{"0.20": {"activatedMoleculePct": 1.7576841924869254e-05, "activatedTokens": {"5": 13, "Cl": 4, "3": 2, "[C@@]": 2, "[Si]": 1, "6": 1, "7": 1, "[Fe+3]": 1, "others": 0}}, "0.00": {"activatedMoleculePct": 0.00033615710181312446, "activatedTokens": {"C": 98, "[C@@]": 98, ")": 66, "O": 52, "5": 50, "Cl": 41, "=": 26, "S": 24, "[Si]": 15, "3": 7, "others": 4, "c": 3, "#": 2, "[C@H]": 2, "(": 2, "n": 2, "6": 2, "[F-]": 2, "7": 2, "[CH3-]": 2}}}