{"0.20": {"activatedMoleculePct": 0.11152652675012249, "activatedTokens": {"c": 287376, "C": 13336, "n": 4214, "others": 2316}}, "0.00": {"activatedMoleculePct": 0.2968472272165679, "activatedTokens": {"c": 754018, "C": 125698, "n": 34048, "(": 28997, "others": 7405, "1": 6683, "=": 6250, "/": 5051, "N": 2618}}}