{"0.20": {"activatedMoleculePct": 0.8353189061638323, "activatedTokens": {"=": 2126228, "others": 9}}, "0.00": {"activatedMoleculePct": 0.8935546453029918, "activatedTokens": {"=": 2356052, "others": 1545}}}