{"0.20": {"activatedMoleculePct": 0.6680745228802878, "activatedTokens": {"1": 912190, "others": 47}}, "0.00": {"activatedMoleculePct": 0.8431852752936249, "activatedTokens": {"1": 1152354, "others": 1464}}}