{"0.20": {"activatedMoleculePct": 0.6055090216803022, "activatedTokens": {"(": 1403902, "others": 2575}}, "0.00": {"activatedMoleculePct": 0.9585904251618351, "activatedTokens": {"(": 3938622, "others": 31645}}}