{"0.20": {"activatedMoleculePct": 0.3185333883097889, "activatedTokens": {"O": 303659, "N": 255851, "=": 13768, "[C@@H]": 13220, "[C@H]": 11739, "1": 7433, "others": 2614}}, "0.00": {"activatedMoleculePct": 0.5854157618865224, "activatedTokens": {"O": 637822, "N": 493468, ")": 159707, "1": 97077, "=": 96599, "[C@@H]": 54575, "[C@H]": 53117, "others": 12307}}}