{"0.20": {"activatedMoleculePct": 0.4058536742557123, "activatedTokens": {"[C@H]": 747626, "others": 9}}, "0.00": {"activatedMoleculePct": 0.4351432842182663, "activatedTokens": {"[C@H]": 795995, "others": 1575}}}