{"0.20": {"activatedMoleculePct": 0.31388724309431515, "activatedTokens": {"F": 415024, "Cl": 161020, "Br": 45445, "#": 25964, "[O-]": 7260, "others": 1692}}, "0.00": {"activatedMoleculePct": 0.39381719937924453, "activatedTokens": {"F": 561578, "Cl": 186279, "#": 68091, "Br": 67174, "[O-]": 28572, "others": 8381}}}