{"0.20": {"activatedMoleculePct": 0.5824760350745881, "activatedTokens": {"C": 3002060, "others": 1707}}, "0.00": {"activatedMoleculePct": 0.9240343539375422, "activatedTokens": {"C": 7509418, "others": 12949}}}