{"0.20": {"activatedMoleculePct": 0.32656161085897295, "activatedTokens": {"F": 531080, "Cl": 172274, "Br": 59550, "others": 1049}}, "0.00": {"activatedMoleculePct": 0.349048250628189, "activatedTokens": {"F": 565452, "Cl": 183604, "Br": 67219, "[O-]": 13098, "others": 2918}}}