{"0.20": {"activatedMoleculePct": 0.8843897869759996, "activatedTokens": {"=": 2184188, "others": 37}}, "0.00": {"activatedMoleculePct": 0.897189389739372, "activatedTokens": {"=": 2343089, "others": 2821}}}