{"0.20": {"activatedMoleculePct": 0.16519961067295136, "activatedTokens": {"[nH]": 98562, "o": 91675, "#": 28842, "/": 16263, "[N+]": 2649, "others": 2397, "[S@]": 1791, ".": 1758, "[S@@]": 1092, "[N-]": 593}}, "0.00": {"activatedMoleculePct": 0.2624757128324861, "activatedTokens": {"o": 157857, "[nH]": 133783, "#": 61267, "/": 34768, "[N+]": 7922, ".": 4357, "others": 4117, "[S@]": 2784, "[S@@]": 2069, "\\": 1736, "1": 1130, "P": 1097, "[N-]": 916, "[Si]": 809, "[C@@]": 522, "=": 521, "N": 512, ")": 502}}}