{"0.20": {"activatedMoleculePct": 0.10470890918851383, "activatedTokens": {"n": 88057, "#": 55077, "-": 14031, ".": 2649, "others": 544}}, "0.00": {"activatedMoleculePct": 0.20953060311271224, "activatedTokens": {"n": 221194, "#": 75152, "-": 50086, ".": 6129, "others": 3443, "[nH]": 2087, "[N+]": 1968, "o": 1121, "s": 705, "[C@H]": 604}}}