{"0.20": {"activatedMoleculePct": 0.2723575598363303, "activatedTokens": {"1": 339892, "2": 194241, "others": 424}}, "0.00": {"activatedMoleculePct": 0.6436346565521707, "activatedTokens": {"1": 1342247, "2": 500361, "others": 9469}}}