{"0.20": {"activatedMoleculePct": 0.2845881123423852, "activatedTokens": {"1": 562352, "others": 46}}, "0.00": {"activatedMoleculePct": 0.5001922467085532, "activatedTokens": {"1": 1412020, "others": 1076}}}