{"0.20": {"activatedMoleculePct": 0.02740376129769824, "activatedTokens": {"2": 36943, "3": 706, "others": 5}}, "0.00": {"activatedMoleculePct": 0.04841541108205236, "activatedTokens": {"2": 65701, "3": 1748, "others": 200}}}