{"0.20": {"activatedMoleculePct": 0.0481634763477959, "activatedTokens": {"2": 65572, "others": 332}}, "0.00": {"activatedMoleculePct": 0.10689649363974651, "activatedTokens": {"2": 144818, "3": 3244, "others": 1251, ")": 629}}}