{"0.20": {"activatedMoleculePct": 0.091488194587358, "activatedTokens": {"2": 124256, "3": 1936, "others": 194}}, "0.00": {"activatedMoleculePct": 0.1420355301212143, "activatedTokens": {"2": 181443, "3": 16162, "4": 4971, "1": 1769, "others": 1570}}}