{"0.20": {"activatedMoleculePct": 0.5568819561267379, "activatedTokens": {"n": 1586399, "others": 17}}, "0.00": {"activatedMoleculePct": 0.5647688315721093, "activatedTokens": {"n": 1686138, "others": 1181}}}