{"0.20": {"activatedMoleculePct": 0.31782006147500463, "activatedTokens": {"3": 805199, "4": 104908, "5": 11978, "others": 1796}}, "0.00": {"activatedMoleculePct": 0.3412470622872012, "activatedTokens": {"3": 957543, "4": 171746, "5": 18897, "others": 7337}}}