{"0.20": {"activatedMoleculePct": 0.004238948377547635, "activatedTokens": {"[S@@]": 1008, "[C@H]": 866, "[C@]": 739, "c": 495, "(": 388, "[Si]": 371, "2": 233, "4": 226, "/": 209, "5": 197, "[nH]": 189, "3": 158, "[S@]": 142, "o": 88, "%11": 86, "6": 75, "n": 68, "[c-]": 60, ".": 55, "others": 55, "%12": 47, "%10": 44, "9": 37, "[NH+]": 35, "%13": 30, "[N-]": 29, "[C@@H]": 21, "[U+2]": 21, "[B]": 21, "7": 21, "[CH2-]": 19, "8": 16, "[n-]": 16, "%14": 15, "[C@@]": 13, "\\": 11, "[Y]": 10}}, "0.00": {"activatedMoleculePct": 0.030227041531880362, "activatedTokens": {"c": 11257, "(": 7525, "[C@H]": 5246, "[C@]": 3516, "o": 2398, "/": 2149, "2": 2047, "[S@@]": 1773, "n": 1678, "[nH]": 1037, "4": 571, "[Si]": 556, "[C@@H]": 492, "3": 460, "[S@]": 440, "others": 421, "5": 395, ".": 375, "s": 368, "[C@@]": 171, "\\": 142, "6": 128, "%11": 93, "%10": 80, "[c-]": 80, "[NH+]": 77, "9": 66, "%12": 51, "[N-]": 46, "7": 40}}}