{"0.20": {"activatedMoleculePct": 0.2089176107505824, "activatedTokens": {"2": 321866, "3": 4915, "others": 362}}, "0.00": {"activatedMoleculePct": 0.4102017455268768, "activatedTokens": {"2": 652685, "3": 43448, "others": 6363}}}