{"0.20": {"activatedMoleculePct": 0.2728804708835952, "activatedTokens": {"1": 718763, "others": 297}}, "0.00": {"activatedMoleculePct": 0.44103006152627044, "activatedTokens": {"1": 1260085, "others": 6339}}}