{"0.20": {"activatedMoleculePct": 0.11954962272041177, "activatedTokens": {"c": 764998, "others": 2701}}, "0.00": {"activatedMoleculePct": 0.44355453544772977, "activatedTokens": {"c": 3207373, "(": 29608, "others": 21041, "=": 19544}}}