{"0.20": {"activatedMoleculePct": 1.5379736684260597e-05, "activatedTokens": {"[Si]": 21, "p": 2, "%14": 1, "[I+]": 1, "%17": 1, "%18": 1, "%19": 1, "others": 0}}, "0.00": {"activatedMoleculePct": 0.00015672684049675086, "activatedTokens": {"[Si]": 105, "=": 47, "/": 30, "(": 27, "S": 21, "P": 7, "Br": 4, "p": 3, "c": 2, ".": 2, "%17": 2, "%19": 2, "others": 2, "[SiH]": 1, "[C@@H]": 1, "[pH]": 1, "%14": 1, "[I+]": 1}}}