{"0.20": {"activatedMoleculePct": 0.9125061427400686, "activatedTokens": {"O": 2610439, "others": 2}}, "0.00": {"activatedMoleculePct": 0.9550208615142596, "activatedTokens": {"O": 3316835, "others": 632}}}