{"0.20": {"activatedMoleculePct": 0.3976819074974752, "activatedTokens": {"[C@H]": 712593, "others": 60}}, "0.00": {"activatedMoleculePct": 0.43418241685970677, "activatedTokens": {"[C@H]": 789624, "others": 1176}}}