{"0.20": {"activatedMoleculePct": 9.813736741385333e-05, "activatedTokens": {".": 76, "o": 22, "3": 19, "[C@@H]": 6, "=": 5, "N": 4, "O": 4, "[Br-]": 2, "Cl": 2, "1": 1, "I": 1, "others": 1}}, "0.00": {"activatedMoleculePct": 0.0006620610458367419, "activatedTokens": {".": 483, "o": 229, "c": 92, "=": 73, "3": 44, "[C@@H]": 35, "O": 23, "Cl": 15, "others": 9, "[nH]": 6, "N": 5}}}