{"0.20": {"activatedMoleculePct": 0.15982915309649026, "activatedTokens": {"=": 318322, ".": 4113, "others": 2772}}, "0.00": {"activatedMoleculePct": 0.45898919976300556, "activatedTokens": {"=": 1034484, "-": 10940, "#": 9160, ".": 6525, "others": 6082}}}