{"0.20": {"activatedMoleculePct": 0.008658791753238717, "activatedTokens": {"S": 2338, "C": 1889, "c": 1864, "1": 1864, "/": 912, "O": 823, "N": 754, "n": 556, "=": 544, "5": 502, ")": 462, "3": 445, "[S@@]": 295, "[C@]": 127, "others": 80, "s": 65}}, "0.00": {"activatedMoleculePct": 0.04698948978089734, "activatedTokens": {"C": 20268, "1": 14704, "c": 8730, "S": 6613, "=": 6560, "O": 5008, "N": 3725, "/": 3497, "3": 2845, ")": 2793, "n": 2068, "5": 801, "[S@@]": 752, "[C@]": 645, "others": 425}}}