{"0.20": {"activatedMoleculePct": 0.0047765067930832196, "activatedTokens": {"Cl": 10248, ".": 236, "O": 116, "others": 93, "N": 65, "=": 57, "F": 44, "1": 35, "[V]": 23}}, "0.00": {"activatedMoleculePct": 0.01493152721517643, "activatedTokens": {"Cl": 24096, "F": 3109, "c": 2443, "=": 1555, "O": 1045, ".": 669, "1": 336, "N": 309, "others": 291, "2": 213, "C": 146, "3": 78, "[C@@]": 71, "[C@@H]": 68}}}