{"0.20": {"activatedMoleculePct": 0.4371162847243329, "activatedTokens": {"1": 803533, "others": 169}}, "0.00": {"activatedMoleculePct": 0.9336781812069871, "activatedTokens": {"1": 2728002, "others": 2162}}}