{"0.20": {"activatedMoleculePct": 0.8944803589777016, "activatedTokens": {"=": 2203774, "-": 183426, "others": 86}}, "0.00": {"activatedMoleculePct": 0.9255781865532765, "activatedTokens": {"=": 2371096, "-": 183560, "others": 2075}}}