{"0.20": {"activatedMoleculePct": 0.37490964404697996, "activatedTokens": {"[C@H]": 673853, "others": 1}}, "0.00": {"activatedMoleculePct": 0.4308538024201847, "activatedTokens": {"[C@H]": 784940, "others": 431}}}