{"0.20": {"activatedMoleculePct": 0.6377625266124373, "activatedTokens": {"C": 2128642, "others": 3139}}, "0.00": {"activatedMoleculePct": 0.8837108814566514, "activatedTokens": {"C": 4215954, "others": 28183}}}