{"0.20": {"activatedMoleculePct": 0.9534389457410214, "activatedTokens": {"N": 2671881, "others": 12}}, "0.00": {"activatedMoleculePct": 0.9551819825652376, "activatedTokens": {"N": 2702478, "others": 1767}}}