{"0.20": {"activatedMoleculePct": 0.002234456029699004, "activatedTokens": {"c": 860, "3": 484, "\\": 450, "[S@]": 440, "#": 375, "4": 361, "S": 310, "C": 208, "1": 120, "/": 52, "[C@@H]": 33, "others": 31, "Cl": 25, "5": 8, "o": 7}}, "0.00": {"activatedMoleculePct": 0.01093206330885514, "activatedTokens": {"c": 4891, "C": 3248, "3": 3221, "#": 1668, "4": 1535, "S": 1257, "\\": 1142, "[S@]": 827, "1": 513, "[C@@H]": 237, "/": 170, "others": 168, "Cl": 54}}}