{"0.20": {"activatedMoleculePct": 0.006485854670276754, "activatedTokens": {"c": 6197, "3": 3529, "N": 2268, "O": 1662, "[C@H]": 1118, "[nH]": 1034, "(": 907, "n": 324, "[N-]": 301, "others": 167, "5": 144, "Cl": 143, "[C@@H]": 114, "1": 107, "[S@@]": 104, "=": 94, "C": 92, "[O-]": 76, ".": 72, "s": 58, "[Cl-]": 41, "F": 35, "[O+]": 33, "[c-]": 33, "[n-]": 24}}, "0.00": {"activatedMoleculePct": 0.0525635457763215, "activatedTokens": {"c": 50850, "O": 19055, "(": 12072, "[C@H]": 11043, "3": 7652, "N": 7598, "[nH]": 7197, "n": 2104, "[C@@H]": 1620, "=": 1326, "others": 1068, "C": 683, "[N-]": 530, "1": 512, "[S@@]": 420, "s": 416, "Cl": 388, "5": 370, "F": 274}}}