{"0.20": {"activatedMoleculePct": 0.17720459370763705, "activatedTokens": {"F": 453242, "others": 50}}, "0.00": {"activatedMoleculePct": 0.21523868252781353, "activatedTokens": {"F": 555842, "others": 1293}}}