{"0.20": {"activatedMoleculePct": 0.34341121094920074, "activatedTokens": {"[C@@H]": 557086, "others": 228}}, "0.00": {"activatedMoleculePct": 0.4182394888654368, "activatedTokens": {"[C@@H]": 726318, "others": 1502}}}