{"0.20": {"activatedMoleculePct": 0.1839226091650048, "activatedTokens": {"F": 425374, "others": 4}}, "0.00": {"activatedMoleculePct": 0.21806855407771747, "activatedTokens": {"F": 559185, "others": 534}}}