{"0.20": {"activatedMoleculePct": 0.4006589850984999, "activatedTokens": {"n": 1035823, "others": 71}}, "0.00": {"activatedMoleculePct": 0.525613486710809, "activatedTokens": {"n": 1509725, "others": 2331}}}