{"0.20": {"activatedMoleculePct": 0.45085331905703174, "activatedTokens": {"[C@H]": 489805, "[C@@H]": 396665, ")": 22836, "[C@]": 20088, "[C@@]": 17194, "others": 252}}, "0.00": {"activatedMoleculePct": 0.8367565453596039, "activatedTokens": {")": 1751485, "[C@H]": 725474, "[C@@H]": 667287, "[C@]": 38024, "[C@@]": 35949, "others": 10836}}}