{"0.20": {"activatedMoleculePct": 0.45717072899219513, "activatedTokens": {"n": 1364088, "others": 3}}, "0.00": {"activatedMoleculePct": 0.5541253214181875, "activatedTokens": {"n": 1669741, "others": 149}}}