{"0.20": {"activatedMoleculePct": 0.08597565753867088, "activatedTokens": {"3": 119859, "others": 247}}, "0.00": {"activatedMoleculePct": 0.1474184379607055, "activatedTokens": {"3": 208770, "others": 1916, "5": 730}}}