{"0.20": {"activatedMoleculePct": 0.04038352669080065, "activatedTokens": {"2": 93125, "others": 232}}, "0.00": {"activatedMoleculePct": 0.10359790630517939, "activatedTokens": {"2": 257420, "others": 1790, "c": 1402, "1": 1242}}}