{"0.20": {"activatedMoleculePct": 0.3070176273753454, "activatedTokens": {"c": 620528, "N": 293266, "n": 173724, "[C@H]": 119346, "[C@@H]": 113298, "S": 21343, "others": 12731, "o": 12374, "\\": 11542, "F": 9598, "/": 9045, "#": 8397, "[nH]": 8105, "-": 7743, "s": 7007, "[C@]": 5397, "[C@@]": 5134}}, "0.00": {"activatedMoleculePct": 0.7098693235039727, "activatedTokens": {"c": 2538010, "N": 823825, "n": 571299, "[C@H]": 285987, "[C@@H]": 281863, "F": 120792, "S": 105676, "o": 65946, "-": 47713, "O": 41887, "others": 41578, "[nH]": 39888, "#": 38302, "Cl": 29205, "s": 28436, "/": 26552, "Br": 19043, "[C@]": 14314, "[C@@]": 13402, "\\": 12883}}}