{"0.20": {"activatedMoleculePct": 0.770132990780214, "activatedTokens": {")": 1630386, "others": 779}}, "0.00": {"activatedMoleculePct": 0.9504413618244176, "activatedTokens": {")": 2827260, "others": 4670}}}