{"0.20": {"activatedMoleculePct": 0.5283510798406074, "activatedTokens": {")": 853908, "others": 819}}, "0.00": {"activatedMoleculePct": 0.8148133229532317, "activatedTokens": {")": 1721480, "others": 12135}}}