{"0.20": {"activatedMoleculePct": 0.03153065730797483, "activatedTokens": {"s": 39414, "=": 6295, ")": 5907, "(": 5255, "C": 3897, ".": 2396, "1": 724, "others": 644, "c": 449, "N": 445, "O": 398, "P": 316, "[N+]": 287, "[Si]": 214, "#": 174, "S": 153, "Cl": 152, "[N-]": 125, "2": 90, "[O-]": 69, "Br": 56, "[HH]": 54, "B": 51, "[c-]": 48, "[B]": 46, "[SiH]": 41}}, "0.00": {"activatedMoleculePct": 0.13391283204668408, "activatedTokens": {"s": 158096, ")": 39496, "C": 24172, "(": 18162, "=": 15872, ".": 6541, "others": 2783, "1": 2523, "c": 1802, "O": 1346, "S": 975, "N": 930, "Cl": 896, "-": 819, "#": 780, "[Si]": 615, "[N+]": 506, "[C@]": 501, "P": 455, "2": 428, "F": 361, "[C@@H]": 287}}}