{"0.20": {"activatedMoleculePct": 0.20275912476115635, "activatedTokens": {"c": 416465, "others": 621}}, "0.00": {"activatedMoleculePct": 0.37384331563687123, "activatedTokens": {"c": 927668, "others": 7646, "n": 4438, "=": 2688, "F": 2619, "C": 2577}}}