{"0.20": {"activatedMoleculePct": 0.04702977004364183, "activatedTokens": {"#": 66227, "others": 10}}, "0.00": {"activatedMoleculePct": 0.055869456795023996, "activatedTokens": {"#": 78418, "others": 453}}}