{"0.20": {"activatedMoleculePct": 0.8612696485290746, "activatedTokens": {"=": 2205052, "others": 6}}, "0.00": {"activatedMoleculePct": 0.8980279515728711, "activatedTokens": {"=": 2371844, "others": 850}}}