{"0.20": {"activatedMoleculePct": 0.09810514320365774, "activatedTokens": {"C": 210944, "[C@@H]": 59931, "[C@H]": 42695, "(": 36103, "4": 33962, "2": 30280, "1": 22334, ")": 19097, "=": 17885, "3": 16893, "N": 13713, "#": 9376, "/": 8047, "-": 7428, "\\": 6816, "F": 6507, "others": 4970, "5": 4433, "[C@@]": 4389, "[C@]": 4103, "n": 3173, "c": 2747, "o": 2403, "O": 2159, "[nH]": 1688}}, "0.00": {"activatedMoleculePct": 0.27167499247491456, "activatedTokens": {"C": 1184286, "(": 388619, ")": 274392, "[C@@H]": 144760, "1": 130435, "[C@H]": 110297, "2": 101247, "=": 92598, "4": 71465, "N": 64028, "3": 62272, "c": 61238, "F": 32732, "#": 27250, "others": 24870, "-": 24665, "n": 19013, "/": 17716, "O": 13165, "o": 11987, "[C@@]": 10515, "[C@]": 10295, "5": 10207, "[nH]": 10041}}}