{"0.20": {"activatedMoleculePct": 0.16160807597296975, "activatedTokens": {"c": 168988, ")": 77426, "2": 36867, "1": 30100, "/": 27529, "#": 15865, "Cl": 15848, "=": 10998, "F": 10720, "(": 8246, "4": 5407, "others": 4070, "\\": 3120, "O": 1544}}, "0.00": {"activatedMoleculePct": 0.48976258813138396, "activatedTokens": {"c": 876209, ")": 674602, "1": 203869, "2": 111136, "(": 96415, "F": 52759, "=": 45868, "/": 37960, "Cl": 36424, "#": 35216, "4": 21984, "others": 18399, "O": 11061, "C": 8822, "n": 8675}}}