{"0.20": {"activatedMoleculePct": 0.13925619199184436, "activatedTokens": {"S": 201605, "others": 114}}, "0.00": {"activatedMoleculePct": 0.15718823259727865, "activatedTokens": {"S": 229496, "others": 1019}}}