{"0.20": {"activatedMoleculePct": 0.13821915831827705, "activatedTokens": {"S": 197861, "others": 1989}}, "0.00": {"activatedMoleculePct": 0.15870277047647158, "activatedTokens": {"S": 228826, "[N-]": 2139, "others": 1473}}}