{"0.20": {"activatedMoleculePct": 0.1344489257253926, "activatedTokens": {"C": 440838, "[C@@H]": 7982, "[C@H]": 7833, "S": 5787, "others": 4372, "P": 1841, ")": 1469, "[Si]": 773, ".": 650}}, "0.00": {"activatedMoleculePct": 0.6008277227809786, "activatedTokens": {"C": 2970842, ")": 48184, "[C@@H]": 43179, "[C@H]": 39737, "S": 34078, "others": 27786, "c": 14401, "1": 14310, "=": 9509, "2": 8548, "4": 4920}}}