{"0.20": {"activatedMoleculePct": 0.28914783808506167, "activatedTokens": {"[C@@H]": 501859, "others": 37}}, "0.00": {"activatedMoleculePct": 0.39447706331984067, "activatedTokens": {"[C@@H]": 704334, "others": 1562}}}