{"0.20": {"activatedMoleculePct": 0.07084858795708028, "activatedTokens": {"4": 191559, "5": 19372, "6": 5036, "7": 1382, "others": 858}}, "0.00": {"activatedMoleculePct": 0.07106829848114114, "activatedTokens": {"4": 199555, "5": 25347, "6": 5092, "7": 1806, "others": 1428}}}