{"0.20": {"activatedMoleculePct": 0.9807013599349071, "activatedTokens": {"O": 3456449, "F": 573137, "Cl": 186017, "-": 93424, "others": 1253}}, "0.00": {"activatedMoleculePct": 0.9839779762170682, "activatedTokens": {"O": 3456453, "F": 573545, "Cl": 188374, "-": 175368, "others": 42254}}}