{"0.20": {"activatedMoleculePct": 0.5084006318874672, "activatedTokens": {"1": 701757, "others": 244}}, "0.00": {"activatedMoleculePct": 0.8092487877471835, "activatedTokens": {"1": 1141165, "others": 3746}}}