{"0.20": {"activatedMoleculePct": 0.9820657622893251, "activatedTokens": {"(": 5279937, "others": 6}}, "0.00": {"activatedMoleculePct": 0.9962077963547095, "activatedTokens": {"(": 6151767, "others": 473}}}