{"0.20": {"activatedMoleculePct": 0.11023316413181752, "activatedTokens": {"S": 122703, "C": 62167, "c": 22623, "[C@@H]": 7305, "n": 4772, ")": 4623, "N": 4423, "/": 2635, "2": 2590, "others": 1386, "-": 1036}}, "0.00": {"activatedMoleculePct": 0.30130661848658996, "activatedTokens": {"C": 620094, "c": 312546, "S": 183301, ")": 131069, "N": 39754, "2": 38477, "[C@@H]": 35912, "n": 30778, "/": 15184, "=": 12913, "others": 11559, "-": 7806, "1": 5513}}}