{"0.20": {"activatedMoleculePct": 0.007020483612158195, "activatedTokens": {"o": 9547, "s": 143, "others": 15}}, "0.00": {"activatedMoleculePct": 0.013975786435511665, "activatedTokens": {"o": 17539, "s": 924, "Cl": 332, "others": 181, "-": 147, "[C@H]": 125, "[C@@H]": 108, "[C@@]": 80, "1": 67, "5": 53, "O": 46}}}