{"0.20": {"activatedMoleculePct": 0.025203726583435438, "activatedTokens": {"C": 63534, "O": 36880, "F": 32334, "c": 12893, "[C@@H]": 4322, "[C@H]": 2315, "-": 2256, "others": 575}}, "0.00": {"activatedMoleculePct": 0.1304494618190713, "activatedTokens": {"C": 287067, "F": 166692, "c": 104391, "O": 103963, "[C@@H]": 20069, "[C@H]": 15407, "-": 7480, "others": 5230, "=": 2471}}}