{"0.20": {"activatedMoleculePct": 0.018447627968563817, "activatedTokens": {"C": 5527, "(": 3952, "3": 3263, ")": 2937, "1": 2852, "2": 2648, "[C@]": 1870, "[S@]": 1862, "[S@@]": 1293, "[C@@H]": 1186, "/": 874, "[C@@]": 686, "N": 471, "[N+]": 301, "others": 294, "Cl": 288, "[NH+]": 216, "[Si]": 185, "5": 71, "[P+]": 67}}, "0.00": {"activatedMoleculePct": 0.14468963325186956, "activatedTokens": {")": 107951, "C": 49425, "(": 38620, "1": 13746, "3": 13705, "2": 13340, "[C@]": 5885, "[C@@H]": 4995, "/": 4035, "[S@]": 2932, "[C@@]": 2285, "[S@@]": 2150, "others": 2094, "N": 1783, "Cl": 1389, "[N+]": 786}}}