{"0.20": {"activatedMoleculePct": 0.00027683526031669074, "activatedTokens": {"1": 113, "Br": 102, "Cl": 99, "[C@@H]": 18, "F": 17, "[N+]": 17, "[V]": 9, "[NH4+]": 7, ")": 6, "(": 4, "3": 4, "[C@H]": 3, "others": 3, "[H+]": 2}}, "0.00": {"activatedMoleculePct": 0.0005002076264452375, "activatedTokens": {"1": 209, "Cl": 181, "Br": 171, "[C@@H]": 49, "F": 34, "[N+]": 24, ")": 10, "(": 9, "[NH4+]": 9, "[V]": 9, "[C@H]": 6, "others": 6, "3": 4, "C": 4, "[Si]": 2}}}