{"0.20": {"activatedMoleculePct": 0.27860612714062133, "activatedTokens": {"n": 522849, "others": 58}}, "0.00": {"activatedMoleculePct": 0.46899628176556446, "activatedTokens": {"n": 1149928, "others": 2833}}}