{"0.20": {"activatedMoleculePct": 0.3860540941957606, "activatedTokens": {"C": 841686, "others": 1227}}, "0.00": {"activatedMoleculePct": 0.6784338740897576, "activatedTokens": {"C": 2156935, "others": 14922}}}