{"0.20": {"activatedMoleculePct": 0.5229286241067852, "activatedTokens": {"(": 1280541, "others": 2123}}, "0.00": {"activatedMoleculePct": 0.8535321762400645, "activatedTokens": {"(": 2964177, "others": 21030}}}