{"0.20": {"activatedMoleculePct": 0.21455098858750302, "activatedTokens": {"o": 151387, "[nH]": 114979, "F": 38084, "s": 9775, "others": 1624}}, "0.00": {"activatedMoleculePct": 0.3412551183397501, "activatedTokens": {"o": 172479, "F": 141583, "[nH]": 136365, "s": 64113, "Br": 18973, "others": 3099, "[O-]": 2864, "Cl": 2536}}}