{"0.20": {"activatedMoleculePct": 0.33960728940929363, "activatedTokens": {"n": 854246, "others": 2}}, "0.00": {"activatedMoleculePct": 0.5325958871654632, "activatedTokens": {"n": 1548784, "others": 512}}}