{"0.20": {"activatedMoleculePct": 0.28046048396369505, "activatedTokens": {"O": 407058, "o": 10945, "F": 6553, "#": 4785, "others": 4164, "-": 2350, "/": 1776, "[S@@]": 1733, ".": 1673, "[O-]": 1211, "[S@]": 687}}, "0.00": {"activatedMoleculePct": 0.6234330062331875, "activatedTokens": {"O": 1159184, "F": 57207, "o": 43672, "#": 34389, "-": 23827, "others": 11461, "[C@@H]": 10266, "[C@H]": 10158, "[O-]": 9350, "/": 9048, "[nH]": 7539, "3": 5969, "[C@@]": 4823, "C": 4529, "(": 4518, "=": 4174, ".": 4023, "n": 3659}}}