{"0.20": {"activatedMoleculePct": 0.20049024741602114, "activatedTokens": {"C": 734660, "others": 1922}}, "0.00": {"activatedMoleculePct": 0.40601259820144964, "activatedTokens": {"C": 1723048, "=": 18762, "others": 13293, "N": 6803}}}