{"0.20": {"activatedMoleculePct": 0.6246963417465375, "activatedTokens": {"C": 1651512, "others": 101}}, "0.00": {"activatedMoleculePct": 0.8547017685964818, "activatedTokens": {"C": 2584814, "others": 5693}}}