{"0.20": {"activatedMoleculePct": 0.015534266419516739, "activatedTokens": {"N": 21646, "others": 129}}, "0.00": {"activatedMoleculePct": 0.05008154922284726, "activatedTokens": {"N": 71842, "others": 609}}}