{"0.20": {"activatedMoleculePct": 0.14111201355174513, "activatedTokens": {"O": 209879, "others": 1747}}, "0.00": {"activatedMoleculePct": 0.3757921479852911, "activatedTokens": {"O": 614282, "F": 12484, "others": 5353}}}