{"0.20": {"activatedMoleculePct": 0.982277416760837, "activatedTokens": {")": 5579805, "others": 630}}, "0.00": {"activatedMoleculePct": 0.9968200563484257, "activatedTokens": {")": 6178932, "others": 3760}}}