{"0.20": {"activatedMoleculePct": 0.023331060550023326, "activatedTokens": {"o": 17341, "F": 5901, "s": 4865, "[nH]": 3945, ".": 841, "[O-]": 670, "B": 446, "[C-]": 433, "others": 390, "[c-]": 321, "P": 276, "[CH]": 261, "9": 261, "[Na+]": 231, "[Cl-]": 202, "Cl": 197, "[B]": 178, "[I-]": 129, "[C]": 128, "[CH2-]": 114, "[cH-]": 110, "[Br-]": 103, "%11": 100, "%10": 96, "[K+]": 83, "[S-]": 82, "[HH]": 80, "I": 80, "[CH-]": 74, "[B-]": 65, "[n-]": 63, "[SiH]": 57, "%12": 57, "[NH3+]": 56, "[P+]": 55, "[Se]": 55, "[Y]": 48, "[CH3-]": 47, "%13": 47, "[U+2]": 46, "[Li+]": 45, "1": 42, "[O-2]": 41, "[O+]": 34, "[CH2]": 33, "[Cl+3]": 32, "[NH-]": 32, "%14": 28, "[SiH2]": 26, "[Ir]": 26, "[Zn+2]": 26, "[nH+]": 24, "[Pt+2]": 24, "[Sn]": 24, "#": 21, "[Zr+2]": 21, "[Al]": 20, "%15": 20, "[Na]": 19, "[P-]": 19, "[Ni+2]": 18, "[U]": 18, "[Ge]": 17, "[Ca+2]": 16, "[Fe+2]": 16, "%16": 16, "7": 15, "[OH-]": 15}}, "0.00": {"activatedMoleculePct": 0.40049054036338655, "activatedTokens": {"F": 459123, "o": 147813, "s": 140312, "[nH]": 85118, "[O-]": 11866, "others": 7948, ".": 4533, "-": 4070, "1": 2482, "=": 1599, "P": 1412, "Cl": 1147, "I": 956, "#": 839}}}