{"0.20": {"activatedMoleculePct": 0.7391779750452787, "activatedTokens": {")": 1838610, "others": 1871}}, "0.00": {"activatedMoleculePct": 0.9292202546737921, "activatedTokens": {")": 3282343, "others": 10433}}}