{"0.20": {"activatedMoleculePct": 0.4916293952174878, "activatedTokens": {"n": 1198265, "others": 5}}, "0.00": {"activatedMoleculePct": 0.5625958944891474, "activatedTokens": {"n": 1659966, "others": 419}}}