{"0.20": {"activatedMoleculePct": 0.9963337637218377, "activatedTokens": {"(": 5400125, "others": 236}}, "0.00": {"activatedMoleculePct": 0.9982078944920769, "activatedTokens": {"(": 6164998, "others": 2278}}}