{"0.20": {"activatedMoleculePct": 0.5508684790831919, "activatedTokens": {"n": 1630395, "others": 33}}, "0.00": {"activatedMoleculePct": 0.563599239215692, "activatedTokens": {"n": 1691435, "others": 1558}}}