{"0.20": {"activatedMoleculePct": 0.691445131324642, "activatedTokens": {"c": 3318231, "others": 133}}, "0.00": {"activatedMoleculePct": 0.7977418152337025, "activatedTokens": {"c": 5545904, "others": 4946}}}