{"0.20": {"activatedMoleculePct": 0.010191638842770022, "activatedTokens": {"[S@]": 4149, "[S@@]": 3971, "[Si]": 2087, "[n+]": 1587, "[NH+]": 525, "[C-]": 443, "[c-]": 321, "B": 299, "[CH]": 264, "[NH2+]": 227, "[P+]": 213, "[B]": 190, "others": 161, "[C]": 136, "[I-]": 114, "[CH2-]": 114, "[cH-]": 108, "[O+]": 106, "[NH3+]": 101, "[nH+]": 100, "[B-]": 97, "[SiH]": 83, "[S-]": 81, "[CH-]": 77, "[N-]": 73, "[Se]": 67, "[Sn]": 65, "[n-]": 65, "[SiH2]": 48, "[K+]": 46, "[U+2]": 44, "[Cl+3]": 42, "[NH-]": 39, "[Y]": 34, "[PH+]": 33, "[Li+]": 32, "[CH2]": 32, "[Ge]": 26, "[W]": 24, "[Zr+2]": 22, "[U]": 21, "[P-]": 20, "[Ir]": 19, "[Mg+2]": 17, "[C+]": 16, "[Al]": 16, "P": 15, "[Ni+2]": 12, "[Pt+2]": 12, "[As]": 11, "[Rb+]": 11}}, "0.00": {"activatedMoleculePct": 0.011341457252021885, "activatedTokens": {"[S@]": 4360, "[S@@]": 3971, "[Si]": 2118, "[n+]": 1703, "P": 559, "[NH+]": 526, "B": 500, "[C-]": 473, "[c-]": 321, "[CH]": 267, "[N+]": 255, "[NH2+]": 227, "[P+]": 215, "[N-]": 195, "[B]": 192, "others": 188, "[I-]": 154, "[C]": 142, "[CH2-]": 120, "[nH+]": 119, "[O+]": 112, "[cH-]": 112, "[S-]": 106, "[NH3+]": 104, "[B-]": 97, "[SiH]": 83, "[CH-]": 79, "[Se]": 74, "[K+]": 72, "[n-]": 70, "[Sn]": 65, "[SiH2]": 58, "[NH-]": 53, "[HH]": 52, "1": 51, "[U+2]": 46, "[Cl+3]": 45, "[O-2]": 44, "[CH3-]": 44, "[Li+]": 43, "[Y]": 41, "[W]": 38, "[CH2]": 34, "[PH+]": 33, "[Al]": 32, "[Ge]": 31, "%13": 31, "[Zr+2]": 30, "[SiH3]": 27, "[Zn+2]": 27, "[C+]": 26, "[NH4+]": 26, "[Ir]": 26, "[U]": 24, "[Fe+2]": 23, "[OH2+]": 23, "c": 22, "%14": 22, "[Pt+2]": 21, "[P-]": 21, "[Ni+2]": 19, "[As]": 18, "[Mg+2]": 18, "[OH-]": 18, "[OH+]": 17, "[Na]": 17, "[Fe]": 17, "[H+]": 16, "[Ti]": 16, "[Pt]": 16, "[Ca+2]": 15, "[O-]": 15, "%15": 15, "[Cu+2]": 14, "O": 13, "%16": 13, "[c]": 12, "[F-]": 11, "[P@]": 11, "[Rb+]": 11, "[Re]": 11, "[Ba+2]": 10, "[Zr]": 10, "[K]": 9, "[Ti+4]": 8, "[Fe+3]": 8, "[Ag+]": 8, "%17": 8, "N": 7, "[V]": 7, "[Mo]": 6}}}