{"0.20": {"activatedMoleculePct": 0.6788505917170597, "activatedTokens": {"=": 1423275, "others": 140}}, "0.00": {"activatedMoleculePct": 0.873256322353422, "activatedTokens": {"=": 2204472, "others": 2022}}}