{"0.20": {"activatedMoleculePct": 0.8036791259622406, "activatedTokens": {"[C@H]": 805578, "[C@@H]": 773468, "F": 397204, "-": 162679, "[C@]": 50402, "[C@@]": 50400, "others": 333}}, "0.00": {"activatedMoleculePct": 0.8144742363777644, "activatedTokens": {"[C@H]": 806817, "[C@@H]": 788524, "F": 559788, "-": 180733, "[C@]": 51029, "[C@@]": 50726, "others": 6394}}}