{"0.20": {"activatedMoleculePct": 0.9380811801091669, "activatedTokens": {")": 3979655, "others": 89}}, "0.00": {"activatedMoleculePct": 0.9933354474368205, "activatedTokens": {")": 5930814, "others": 1044}}}