{"0.20": {"activatedMoleculePct": 0.899442887347823, "activatedTokens": {"=": 2379601, "others": 74}}, "0.00": {"activatedMoleculePct": 0.9010672804890464, "activatedTokens": {"=": 2386601, "others": 1743}}}