{"0.20": {"activatedMoleculePct": 0.8217649639345175, "activatedTokens": {"N": 2163615, "others": 164}}, "0.00": {"activatedMoleculePct": 0.9313741501780022, "activatedTokens": {"N": 2632460, "others": 895}}}