{"0.20": {"activatedMoleculePct": 0.7732946252214499, "activatedTokens": {"2": 1610775, "3": 745744, "4": 138669, "others": 15319}}, "0.00": {"activatedMoleculePct": 0.8019419480853326, "activatedTokens": {"2": 2416749, "3": 954670, "4": 190265, "others": 28285}}}