{"0.20": {"activatedMoleculePct": 0.752811745431669, "activatedTokens": {"c": 5339912, "others": 283}}, "0.00": {"activatedMoleculePct": 0.8964636126415576, "activatedTokens": {"c": 9509084, "others": 3673}}}