{"0.20": {"activatedMoleculePct": 0.2168601461953827, "activatedTokens": {"1": 355956, "2": 5622, "others": 637}}, "0.00": {"activatedMoleculePct": 0.5064474053285661, "activatedTokens": {"1": 1003405, "2": 65901, "others": 8844, ")": 3851}}}