{"0.20": {"activatedMoleculePct": 0.996957009241757, "activatedTokens": {"(": 6182853, "others": 237}}, "0.00": {"activatedMoleculePct": 0.9984019721216639, "activatedTokens": {"(": 6223848, "others": 3818}}}