{"0.20": {"activatedMoleculePct": 0.9981969089658739, "activatedTokens": {"(": 6120890, "others": 91}}, "0.00": {"activatedMoleculePct": 0.9983074965963178, "activatedTokens": {"(": 6223085, "others": 2841}}}