{"0.20": {"activatedMoleculePct": 0.8191115931722758, "activatedTokens": {"=": 2094770, "others": 108}}, "0.00": {"activatedMoleculePct": 0.8949131887101015, "activatedTokens": {"=": 2366479, "others": 1007}}}