{"0.20": {"activatedMoleculePct": 0.30971201076874516, "activatedTokens": {"C": 819342, "N": 40824, "n": 40111, "(": 39736, ")": 20454, "[O-]": 12962, "1": 8981, "others": 8801, "[C@H]": 5750, "2": 2925, "[nH]": 2922}}, "0.00": {"activatedMoleculePct": 0.6105916584702435, "activatedTokens": {"C": 2024548, "(": 313325, "n": 181059, ")": 172933, "N": 152893, "1": 41020, "c": 35552, "[C@H]": 29919, "[O-]": 24201, "others": 22485, "2": 17395, "[nH]": 12170, "-": 9566}}}