{"0.20": {"activatedMoleculePct": 0.6568919895740033, "activatedTokens": {"=": 1220308, "others": 43}}, "0.00": {"activatedMoleculePct": 0.8582068838236662, "activatedTokens": {"=": 2114699, "others": 1443}}}