{"0.20": {"activatedMoleculePct": 0.9270941891692965, "activatedTokens": {"O": 3091380, "others": 188}}, "0.00": {"activatedMoleculePct": 0.9527351396956131, "activatedTokens": {"O": 3393986, "others": 2178}}}