{"0.20": {"activatedMoleculePct": 0.10523841155150052, "activatedTokens": {"o": 88641, "[nH]": 62849, "others": 68}}, "0.00": {"activatedMoleculePct": 0.19731982455382285, "activatedTokens": {"o": 163204, "[nH]": 129698, "others": 1674}}}