{"0.20": {"activatedMoleculePct": 0.017450874557741025, "activatedTokens": {"3": 50626, "5": 920, "others": 350}}, "0.00": {"activatedMoleculePct": 0.034912002273271556, "activatedTokens": {"3": 100059, "5": 3342, "4": 2231, "others": 1059, "1": 312, "c": 275}}}