{"0.20": {"activatedMoleculePct": 0.2260337929433374, "activatedTokens": {"c": 1059450, "others": 2053}}, "0.00": {"activatedMoleculePct": 0.6253869651605022, "activatedTokens": {"c": 3599598, "others": 19684}}}