{"0.20": {"activatedMoleculePct": 0.40668418003666235, "activatedTokens": {"1": 718484, "2": 302340, "3": 129048, "4": 27669, "others": 4664}}, "0.00": {"activatedMoleculePct": 0.9312862659683778, "activatedTokens": {"1": 2656366, "2": 1354098, "3": 550594, "4": 95590, "others": 21086}}}