{"0.20": {"activatedMoleculePct": 0.9626309016993144, "activatedTokens": {"O": 3388508, "o": 177048, "others": 25}}, "0.00": {"activatedMoleculePct": 0.9667416856044933, "activatedTokens": {"O": 3453671, "o": 177278, "others": 2825}}}