{"0.20": {"activatedMoleculePct": 0.8782935523017241, "activatedTokens": {"O": 2531852, "others": 55}}, "0.00": {"activatedMoleculePct": 0.9465978923901796, "activatedTokens": {"O": 3293721, "others": 1078}}}