{"0.20": {"activatedMoleculePct": 0.9992866731652157, "activatedTokens": {")": 5204629, "(": 5051176, "1": 3711436, "O": 2598498, "2": 2587784, "=": 1052491, "3": 895510, "others": 158310}}, "0.00": {"activatedMoleculePct": 0.9999172423692704, "activatedTokens": {")": 6206212, "(": 6133284, "1": 4068859, "O": 3374590, "2": 2652931, "=": 2286152, "3": 992378, "others": 241623}}}