{"0.20": {"activatedMoleculePct": 0.985036248574628, "activatedTokens": {"(": 4964126, "others": 108}}, "0.00": {"activatedMoleculePct": 0.9981734731766406, "activatedTokens": {"(": 6142649, "others": 1551}}}