{"0.20": {"activatedMoleculePct": 0.05897909307889878, "activatedTokens": {"#": 79775, ".": 1360, "\\": 842, "others": 803, "C": 249, "[N-]": 240}}, "0.00": {"activatedMoleculePct": 0.08725583752553219, "activatedTokens": {"#": 81367, "C": 15453, ")": 12722, "(": 4976, "[O-]": 4250, "\\": 3219, "O": 3002, ".": 2562, "n": 2341, "others": 990, "[C@@H]": 732, "[N-]": 509}}}