{"0.20": {"activatedMoleculePct": 0.8055188354170435, "activatedTokens": {"2": 2497399, "3": 992029, "4": 203326, "-": 183371, "others": 35099}}, "0.00": {"activatedMoleculePct": 0.8064591964600241, "activatedTokens": {"2": 2651662, "3": 1002674, "4": 203507, "-": 183565, "5": 27000, "others": 14043}}}