{"0.20": {"activatedMoleculePct": 0.05975027701835242, "activatedTokens": {"[C@]": 51026, "[C@@]": 29148, "[S@@]": 3689, "others": 22}}, "0.00": {"activatedMoleculePct": 0.07327858635319345, "activatedTokens": {"[C@]": 51046, "[C@@]": 46545, "[S@@]": 3970, "others": 870, ".": 576}}}