{"0.20": {"activatedMoleculePct": 0.2004931768896753, "activatedTokens": {"=": 276225, "others": 130}}, "0.00": {"activatedMoleculePct": 0.27743799952103104, "activatedTokens": {"=": 392248, "#": 6770, "others": 3171}}}