{"0.20": {"activatedMoleculePct": 0.19082518146258368, "activatedTokens": {"3": 403129, "4": 46792, "5": 27122, "6": 3525, "others": 2841}}, "0.00": {"activatedMoleculePct": 0.33736770680069983, "activatedTokens": {"3": 885250, "4": 152641, "5": 27126, "others": 8917}}}