{"0.20": {"activatedMoleculePct": 0.1735193158507228, "activatedTokens": {"c": 1097068, "n": 88681, "[C@H]": 9886, "[C@@H]": 9366, "others": 8780, "o": 8073}}, "0.00": {"activatedMoleculePct": 0.3682538799047628, "activatedTokens": {"c": 2184688, "n": 227424, "[C@H]": 48025, "[C@@H]": 47896, "o": 26710, "others": 22790, "s": 13860, "=": 12947, "N": 11093, "O": 8318, "F": 7229, ")": 6061}}}