{"0.20": {"activatedMoleculePct": 0.9849945035750564, "activatedTokens": {")": 5566153, "others": 11}}, "0.00": {"activatedMoleculePct": 0.9968068737169821, "activatedTokens": {")": 6189611, "others": 1403}}}