{"0.20": {"activatedMoleculePct": 0.6579802890365181, "activatedTokens": {"1": 995315, "=": 35241, "(": 12230, "others": 1798}}, "0.00": {"activatedMoleculePct": 0.871103891586039, "activatedTokens": {"1": 1436886, "(": 427669, "=": 296231, "N": 38461, "C": 36209, "others": 15524, "O": 8663}}}