{"0.20": {"activatedMoleculePct": 0.7768927512371533, "activatedTokens": {"C": 5255560, "others": 530}}, "0.00": {"activatedMoleculePct": 0.9492205036790528, "activatedTokens": {"C": 8277735, "others": 13758}}}