{"0.20": {"activatedMoleculePct": 0.003498523911462518, "activatedTokens": {"[N+]": 2344, "1": 932, "[Si]": 361, "=": 201, "C": 180, "Br": 165, "\\": 158, "[O-]": 86, "Cl": 71, "[NH+]": 68, "I": 53, "others": 48, "2": 47, "/": 47, "[I-]": 43, "[SiH]": 37, "[Na+]": 34, "[Br-]": 33, "[n+]": 28, "[K+]": 26, "%11": 25, "[C-]": 24, "%12": 21, "[c-]": 21, "4": 20, "%13": 19, "[CH2]": 19, "O": 17, "[P+]": 13, "[B]": 13, "%10": 11, "B": 11, "%14": 11, "[Sn]": 10, "[Cl-]": 10, "[CH]": 9, "3": 8, "[CH-]": 8, "[N-]": 7, "[CH2-]": 7, "P": 7, "[S@]": 5}}, "0.00": {"activatedMoleculePct": 0.02298904450090191, "activatedTokens": {"1": 15213, "[N+]": 9639, "C": 3408, "=": 2244, "\\": 1553, "Br": 987, "[Si]": 585, "2": 476, "others": 361, "/": 307, "[O-]": 267, "Cl": 247, "I": 244, "4": 149, "[NH+]": 135, "3": 127, "[n+]": 99, "[C@H]": 99, "[I-]": 54, "[C-]": 54, "[SiH]": 49, "[Na+]": 48, "B": 45, "[Br-]": 42, "O": 40, "[c-]": 36, "[K+]": 35, "%10": 33, "%11": 33, "%12": 28, "[CH2]": 27}}}