{"0.20": {"activatedMoleculePct": 0.27604210532483103, "activatedTokens": {"2": 533372, "others": 286}}, "0.00": {"activatedMoleculePct": 0.6234937928115111, "activatedTokens": {"2": 1356440, "others": 9122}}}