{"0.20": {"activatedMoleculePct": 0.30802097210189, "activatedTokens": {"F": 424767, "Cl": 142457, "Br": 68209, "[O-]": 14035, "others": 2529}}, "0.00": {"activatedMoleculePct": 0.3559530200310085, "activatedTokens": {"F": 557290, "Cl": 177845, "Br": 69070, "[O-]": 27653, "others": 7893}}}