{"0.20": {"activatedMoleculePct": 0.9907516516738646, "activatedTokens": {"C": 11220023, "others": 317}}, "0.00": {"activatedMoleculePct": 0.9973773887111268, "activatedTokens": {"C": 13006885, "others": 6134}}}