{"0.20": {"activatedMoleculePct": 0.0008495473597020139, "activatedTokens": {"7": 1968, "8": 826, "5": 785, "9": 328, "%10": 160, "%11": 100, "%12": 58, "%13": 44, "others": 28}}, "0.00": {"activatedMoleculePct": 0.007395456239888739, "activatedTokens": {"5": 16258, "7": 1968, "8": 826, "9": 328, "%10": 160, "others": 152, "%11": 100, "%12": 58}}}