{"0.20": {"activatedMoleculePct": 0.8479449376131967, "activatedTokens": {"=": 1996957, "others": 82}}, "0.00": {"activatedMoleculePct": 0.8939362092464441, "activatedTokens": {"=": 2311932, "others": 3894}}}