{"0.20": {"activatedMoleculePct": 0.11086153623063161, "activatedTokens": {"[C@@H]": 170264, "others": 2}}, "0.00": {"activatedMoleculePct": 0.23605186047209933, "activatedTokens": {"[C@@H]": 392982, "others": 917}}}