{"0.20": {"activatedMoleculePct": 0.20525283920924717, "activatedTokens": {"s": 163531, "[nH]": 142497, "others": 1207}}, "0.00": {"activatedMoleculePct": 0.23654547678282273, "activatedTokens": {"s": 163570, "[nH]": 142498, "o": 20029, "1": 5334, "S": 3909, ")": 3613, "2": 3560, "others": 3072, "(": 2623, "C": 2069, "N": 1512, "#": 1504, "O": 1270, "[N-]": 1244, "[C@]": 1222, "=": 1110, "/": 1089, "[S@@]": 886, "n": 833}}}