{"0.20": {"activatedMoleculePct": 0.25801632156246407, "activatedTokens": {"o": 146611, "s": 130519, "[nH]": 121168, "others": 49}}, "0.00": {"activatedMoleculePct": 0.30027104954984973, "activatedTokens": {"o": 172968, "s": 158040, "[nH]": 137236, "others": 289}}}