{"0.20": {"activatedMoleculePct": 0.7717771578686029, "activatedTokens": {"2": 2347725, "others": 102}}, "0.00": {"activatedMoleculePct": 0.7997192099502503, "activatedTokens": {"2": 2615735, "others": 3327}}}