{"0.20": {"activatedMoleculePct": 0.4451437749051034, "activatedTokens": {"c": 1690243, "n": 354590, ")": 330987, "others": 2056}}, "0.00": {"activatedMoleculePct": 0.7649778495173326, "activatedTokens": {"c": 3535501, ")": 1327485, "n": 640274, "others": 44883}}}