{"0.20": {"activatedMoleculePct": 0.08610308964262618, "activatedTokens": {"c": 85893, "C": 70105, "n": 4338, ")": 2754, "others": 547}}, "0.00": {"activatedMoleculePct": 0.4584633592420866, "activatedTokens": {"c": 615235, "C": 612476, ")": 109558, "n": 38726, "others": 4730}}}