{"0.20": {"activatedMoleculePct": 0.2423780588282252, "activatedTokens": {"N": 243602, "O": 176006, "[C@H]": 61015, "[C@@H]": 58731, "=": 52580, "o": 24497, "s": 8769, "others": 5903, "S": 4732, "[nH]": 4448, "-": 4069, "Cl": 2937, "Br": 2535, "F": 2309, "[C@]": 1919}}, "0.00": {"activatedMoleculePct": 0.743684237893767, "activatedTokens": {"O": 864013, "N": 859889, "=": 456795, "[C@H]": 321580, "[C@@H]": 278710, "o": 114157, "s": 75624, "-": 61724, "F": 55262, "[nH]": 53889, "S": 48273, "others": 33156, ")": 30093, "Cl": 22424, "#": 19916, "Br": 15616, "[C@]": 12473, "(": 12335, "[C@@]": 11495}}}