{"0.20": {"activatedMoleculePct": 0.8567128522600523, "activatedTokens": {"O": 2640780, "others": 70}}, "0.00": {"activatedMoleculePct": 0.9496657836744827, "activatedTokens": {"O": 3343668, "others": 1802}}}