{"0.20": {"activatedMoleculePct": 0.04064058800395186, "activatedTokens": {"Br": 57399, "others": 5}}, "0.00": {"activatedMoleculePct": 0.04717624372634908, "activatedTokens": {"Br": 66514, "others": 343}}}