{"0.20": {"activatedMoleculePct": 0.41424808101166444, "activatedTokens": {"c": 1582149, "others": 376}}, "0.00": {"activatedMoleculePct": 0.6712471428477267, "activatedTokens": {"c": 3639412, "others": 6697}}}