{"0.20": {"activatedMoleculePct": 0.1973146979749281, "activatedTokens": {"O": 269313, "others": 1200}}, "0.00": {"activatedMoleculePct": 0.3157064462335391, "activatedTokens": {"O": 437314, "#": 6123, "others": 3876, "N": 2165, "F": 1913, "n": 1900, ")": 1156}}}