{"0.20": {"activatedMoleculePct": 0.4333643613417868, "activatedTokens": {"C": 1436807, "others": 1065}}, "0.00": {"activatedMoleculePct": 0.8075028214493132, "activatedTokens": {"C": 3970133, "others": 11583}}}