{"0.20": {"activatedMoleculePct": 0.02268291450404377, "activatedTokens": {"(": 35312, "c": 13179, "n": 8288, "others": 347, "S": 265}}, "0.00": {"activatedMoleculePct": 0.15286652658900143, "activatedTokens": {"(": 178546, "c": 137193, "n": 52867, "others": 2398}}}