{"0.20": {"activatedMoleculePct": 0.11783441589590994, "activatedTokens": {"o": 84927, "#": 70021, "\\": 10449, "others": 1431, "[O-]": 653, "[N+]": 445, "/": 407}}, "0.00": {"activatedMoleculePct": 0.1887335372735242, "activatedTokens": {"o": 152643, "#": 79785, "\\": 12839, "/": 7367, "[C@H]": 6409, "[O-]": 4101, "[C@@H]": 3541, "Br": 3206, "others": 2591, "[N+]": 2114, "=": 1680, "O": 1420, "(": 1096, "S": 1002, "4": 966, "c": 890, ")": 863, "F": 800, "C": 577}}}