{"0.20": {"activatedMoleculePct": 0.10001808949981435, "activatedTokens": {"C": 269674, "c": 144555, "1": 138524, "O": 113695, "N": 110378, "(": 92833, "n": 81066, "=": 73332, "F": 33178, "[C@H]": 32269, "2": 31563, "[C@@H]": 31528, ")": 28396, "3": 7349, "others": 7156, "-": 5647}}, "0.00": {"activatedMoleculePct": 0.235125414428976, "activatedTokens": {"C": 971733, "c": 598104, "(": 485022, "1": 464235, "O": 313877, "N": 256718, "=": 237469, ")": 230314, "n": 201250, "2": 107605, "[C@H]": 83419, "F": 83001, "[C@@H]": 81222, "others": 37308, "3": 27570}}}