{"0.20": {"activatedMoleculePct": 0.9950118387354048, "activatedTokens": {"C": 11835773, "others": 23}}, "0.00": {"activatedMoleculePct": 0.9978153450224214, "activatedTokens": {"C": 13114183, "others": 2063}}}