{"0.20": {"activatedMoleculePct": 0.9922456832374785, "activatedTokens": {")": 5553893, "others": 10}}, "0.00": {"activatedMoleculePct": 0.9980475058095124, "activatedTokens": {")": 6205408, "others": 1618}}}