{"0.20": {"activatedMoleculePct": 0.232112450775688, "activatedTokens": {")": 364750, "others": 936}}, "0.00": {"activatedMoleculePct": 0.4661334536370514, "activatedTokens": {")": 805463, "1": 8046, "others": 4060}}}