{"0.20": {"activatedMoleculePct": 0.003501453385116663, "activatedTokens": {"n": 1187, "O": 984, "N": 898, "2": 537, "1": 309, "[C@@H]": 272, "[C@H]": 177, "-": 174, "C": 162, "c": 141, "[nH]": 106, ")": 102, ".": 79, "4": 59, "3": 54, "(": 50, "others": 48, "[n+]": 27, "[O-]": 24}}, "0.00": {"activatedMoleculePct": 0.017379102453214473, "activatedTokens": {"n": 7367, "O": 3668, "N": 3475, "1": 2397, "(": 2121, "c": 1980, "2": 1679, "C": 1550, "[C@@H]": 1056, "-": 1032, "[C@H]": 695, "[nH]": 568, ")": 427, "others": 285, "=": 106, ".": 105, "3": 98}}}