{"0.20": {"activatedMoleculePct": 0.9808573544069903, "activatedTokens": {"C": 11262133, "others": 19}}, "0.00": {"activatedMoleculePct": 0.997805091864632, "activatedTokens": {"C": 13119736, "others": 1153}}}