{"0.20": {"activatedMoleculePct": 0.2738457324526359, "activatedTokens": {"c": 374956, "(": 261103, "=": 58081, "S": 52228, "C": 43524, "others": 7190, "-": 6843}}, "0.00": {"activatedMoleculePct": 0.6132933655477786, "activatedTokens": {"c": 1118271, "(": 1071353, "C": 347932, "=": 226298, "S": 91574, "2": 40830, "-": 27524, "others": 25412, "1": 21876, ")": 12123, "O": 7111}}}