{"0.20": {"activatedMoleculePct": 0.1791607497401923, "activatedTokens": {"=": 259370, "others": 534}}, "0.00": {"activatedMoleculePct": 0.33142087528278574, "activatedTokens": {"=": 539288, "N": 7939, "others": 1902}}}