{"0.20": {"activatedMoleculePct": 0.002532529974008245, "activatedTokens": {".": 1487, "-": 823, "\\": 817, "/": 592, "1": 386, "2": 380, "4": 304, "O": 304, "N": 100, "others": 48, "C": 31, "[C]": 16, "S": 14, "[O-]": 13}}, "0.00": {"activatedMoleculePct": 0.02290262502810464, "activatedTokens": {"2": 9506, "1": 9389, "/": 3940, "O": 3906, "-": 3575, "\\": 3241, "4": 2619, ".": 2169, "C": 798, "N": 649, "others": 352, "c": 303, "=": 140, "(": 103}}}