{"0.20": {"activatedMoleculePct": 0.19150774882399943, "activatedTokens": {")": 347259, "others": 2813}}, "0.00": {"activatedMoleculePct": 0.408374486335104, "activatedTokens": {")": 907881, "others": 6118, ".": 4244}}}