{"0.20": {"activatedMoleculePct": 0.5897198910528748, "activatedTokens": {"n": 1696619, "[C@]": 50721, "[C@@]": 22474, "others": 43}}, "0.00": {"activatedMoleculePct": 0.5982519830705717, "activatedTokens": {"n": 1698549, "[C@]": 51033, "[C@@]": 43464, "others": 1530}}}