{"0.20": {"activatedMoleculePct": 0.15063207055930244, "activatedTokens": {"[C@@H]": 107554, "[C@H]": 96071, "[C@@]": 2496, "[C@]": 1903, "others": 307}}, "0.00": {"activatedMoleculePct": 0.23751952677282592, "activatedTokens": {"[C@@H]": 169082, "[C@H]": 156034, "[C@@]": 7482, "[C@]": 7412, "others": 2865, "o": 1141, "-": 1059, "1": 1054}}}