{"0.20": {"activatedMoleculePct": 0.0016375757726669856, "activatedTokens": {")": 1090, "(": 575, "1": 423, "s": 100, "4": 73, "C": 55, "S": 23, "others": 23, "/": 7, "[V]": 6, "2": 5, "O": 4, "[S+]": 3, "[O]": 3, "N": 2, "[nH+]": 2}}, "0.00": {"activatedMoleculePct": 0.010678663837771609, "activatedTokens": {")": 8184, "(": 4981, "1": 1630, "s": 836, "C": 465, "4": 254, "others": 157, "S": 105, "O": 43, "c": 36}}}