{"0.20": {"activatedMoleculePct": 0.3174384975315523, "activatedTokens": {"2": 474066, "others": 1117}}, "0.00": {"activatedMoleculePct": 0.5467305975467123, "activatedTokens": {"2": 892376, "others": 6548, "3": 4361}}}