{"0.20": {"activatedMoleculePct": 0.9689629590027485, "activatedTokens": {")": 4973195, "others": 450}}, "0.00": {"activatedMoleculePct": 0.9964472808259358, "activatedTokens": {")": 6171060, "others": 3194}}}