{"0.20": {"activatedMoleculePct": 0.06508997512144499, "activatedTokens": {"s": 90310, "others": 20}}, "0.00": {"activatedMoleculePct": 0.09819302741328209, "activatedTokens": {"s": 136304, "#": 1349, "others": 565}}}