{"0.20": {"activatedMoleculePct": 0.004742817846060554, "activatedTokens": {".": 9587, "others": 0}}, "0.00": {"activatedMoleculePct": 0.005735909414815666, "activatedTokens": {".": 10588, "=": 266, ")": 86, "-": 82, "others": 75, "n": 72, "1": 60, "(": 46, "2": 41}}}