{"0.20": {"activatedMoleculePct": 0.14077951829199967, "activatedTokens": {"F": 437409, "others": 11}}, "0.00": {"activatedMoleculePct": 0.20795601102360936, "activatedTokens": {"F": 553016, "others": 627}}}