{"0.20": {"activatedMoleculePct": 0.027277793930570008, "activatedTokens": {"c": 185119, "others": 1690, "n": 1315, "O": 777}}, "0.00": {"activatedMoleculePct": 0.24043362069028654, "activatedTokens": {"c": 1346970, "n": 14181, "others": 11548, "(": 5348, "O": 4315, "s": 3121}}}