{"0.20": {"activatedMoleculePct": 0.6582593214020754, "activatedTokens": {"=": 1369317, "others": 103}}, "0.00": {"activatedMoleculePct": 0.8613106611602327, "activatedTokens": {"=": 2209113, "others": 1233}}}