{"0.20": {"activatedMoleculePct": 0.9249981507697558, "activatedTokens": {")": 4397921, "others": 33}}, "0.00": {"activatedMoleculePct": 0.996260526880484, "activatedTokens": {")": 5997325, "others": 1974}}}