{"0.20": {"activatedMoleculePct": 0.9919190469250414, "activatedTokens": {"1": 3643194, "2": 2481695, "3": 932989, "4": 162583, "others": 25078}}, "0.00": {"activatedMoleculePct": 0.9927100048116605, "activatedTokens": {"1": 4074184, "2": 2638364, "3": 993932, "4": 199267, "others": 34848}}}