{"0.20": {"activatedMoleculePct": 0.9864548461916476, "activatedTokens": {")": 5713086, "others": 29}}, "0.00": {"activatedMoleculePct": 0.9967365663492826, "activatedTokens": {")": 6183089, "others": 1402}}}