{"0.20": {"activatedMoleculePct": 0.13645927702054952, "activatedTokens": {"Cl": 188150, "[O-]": 32177, "others": 41}}, "0.00": {"activatedMoleculePct": 0.13741282069497368, "activatedTokens": {"Cl": 188496, "[O-]": 32877, "others": 924}}}