{"0.20": {"activatedMoleculePct": 0.37175020671098474, "activatedTokens": {"C": 537949, "O": 150354, "n": 147242, "=": 147171, "Cl": 46194, "1": 39518, "c": 21133, "others": 11314, "[C@H]": 10829, "[C@@H]": 8606, "2": 7092, "[nH]": 4903, "s": 3892, "Br": 3016, ")": 2883}}, "0.00": {"activatedMoleculePct": 0.7484614770552638, "activatedTokens": {"C": 2004825, "=": 524601, "n": 418281, "O": 342032, "c": 292765, "1": 171348, "Cl": 93777, ")": 58816, "2": 51256, "others": 34978, "[C@H]": 29023, "(": 25724, "s": 24051, "[C@@H]": 22089, "[nH]": 16255, "3": 15874, "o": 13944}}}