{"0.20": {"activatedMoleculePct": 0.2952997327587659, "activatedTokens": {"C": 498237, "=": 165004, "F": 25059, "[N+]": 17825, "others": 5092, "[C@@H]": 4307, "Cl": 2748, "[C@H]": 2378, "[C@@]": 2292}}, "0.00": {"activatedMoleculePct": 0.7934428126462448, "activatedTokens": {"C": 2633040, "=": 850200, "F": 140323, "[C@@H]": 41125, "others": 37735, "[N+]": 28514, "[C@H]": 24294, "Cl": 13030, "-": 11165, "[C@@]": 9742}}}