{"0.20": {"activatedMoleculePct": 0.6145479126401662, "activatedTokens": {"c": 2779417, "others": 448}}, "0.00": {"activatedMoleculePct": 0.8605651101152528, "activatedTokens": {"c": 6180281, "others": 8461}}}