{"0.20": {"activatedMoleculePct": 5.858947308289751e-06, "activatedTokens": {"1": 8, "others": 0}}, "0.00": {"activatedMoleculePct": 0.00029221499700095137, "activatedTokens": {"1": 163, "c": 108, "2": 55, "/": 34, "[C@@H]": 18, "C": 12, "[Si]": 5, "4": 4, ")": 3, "others": 3, "[P@@]": 2}}}