{"0.20": {"activatedMoleculePct": 0.8577440269863112, "activatedTokens": {"C": 2179089, "others": 263}}, "0.00": {"activatedMoleculePct": 0.9769120857632707, "activatedTokens": {"C": 3364176, "others": 10802}}}