{"0.20": {"activatedMoleculePct": 0.23808271808283527, "activatedTokens": {"2": 340408, "3": 108199, "4": 5019, "others": 312}}, "0.00": {"activatedMoleculePct": 0.5663815068187161, "activatedTokens": {"2": 995462, "3": 363371, "4": 37317, "others": 6321}}}