{"0.20": {"activatedMoleculePct": 0.5393270852542746, "activatedTokens": {"n": 1526932, "others": 32}}, "0.00": {"activatedMoleculePct": 0.5633114184291723, "activatedTokens": {"n": 1679989, "others": 724}}}