{"0.20": {"activatedMoleculePct": 0.2856932562784113, "activatedTokens": {"F": 473014, "-": 136286, "others": 60}}, "0.00": {"activatedMoleculePct": 0.31155172022354816, "activatedTokens": {"F": 564177, "-": 177918, "others": 2436}}}