{"0.20": {"activatedMoleculePct": 0.006312283356268671, "activatedTokens": {".": 10227, "[Si]": 2081, "others": 94}}, "0.00": {"activatedMoleculePct": 0.007057834401248542, "activatedTokens": {".": 10598, "[Si]": 2104, ")": 255, "others": 131, "(": 85, "[SiH]": 76, "P": 62, "B": 48, "6": 45, "=": 45, "O": 44, "[N+]": 39, "n": 39, "[nH]": 38, "[c-]": 33, "[Sn]": 26, "[SiH2]": 24, "1": 23, "c": 22, "[N-]": 18, "-": 18}}}