{"0.20": {"activatedMoleculePct": 0.06576155695665771, "activatedTokens": {")": 65184, "N": 44343, "O": 17981, "=": 10759, "C": 7265, "[C@H]": 4204, "1": 3982, "n": 3700, "F": 2778, "[C@@H]": 1762, "others": 1598, "c": 1580, "Cl": 1436, "o": 749}}, "0.00": {"activatedMoleculePct": 0.228826313704151, "activatedTokens": {")": 331797, "N": 124304, "C": 95765, "O": 60077, "=": 59219, "c": 23322, "1": 15266, "F": 14028, "n": 13871, "[C@H]": 10979, "(": 6539, "[C@@H]": 5992, "others": 5575, "Cl": 5089, "-": 2616}}}