{"0.20": {"activatedMoleculePct": 0.006108684937305602, "activatedTokens": {"-": 2128, "Br": 1119, "(": 963, "O": 836, ")": 716, "s": 649, "Cl": 615, "1": 484, "[O-]": 423, "C": 366, "[C@@H]": 341, "[N+]": 328, "=": 327, "7": 251, "[C@H]": 230, "F": 165, "[nH]": 131, "o": 119, "5": 104, "others": 80, "#": 69}}, "0.00": {"activatedMoleculePct": 0.03245490624585754, "activatedTokens": {"-": 8238, "(": 7396, ")": 7102, "C": 5660, "Br": 5179, "O": 4443, "s": 3328, "1": 2864, "Cl": 2675, "[O-]": 2550, "[N+]": 2346, "=": 1673, "[C@@H]": 1210, "[C@H]": 1191, "F": 1021, "others": 524, "o": 471, "7": 439, "[nH]": 371, "#": 315}}}