{"0.20": {"activatedMoleculePct": 0.8591457801298196, "activatedTokens": {"C": 3336914, "others": 56}}, "0.00": {"activatedMoleculePct": 0.941015047973793, "activatedTokens": {"C": 5108484, "others": 9985}}}