{"0.20": {"activatedMoleculePct": 0.49805080146737335, "activatedTokens": {"(": 1050686, "others": 463}}, "0.00": {"activatedMoleculePct": 0.8071586082949511, "activatedTokens": {"(": 2238641, "others": 5674}}}