{"0.20": {"activatedMoleculePct": 0.3793726971590697, "activatedTokens": {"[C@H]": 639387, "[C@]": 11641, "[C@@]": 9762, "others": 29}}, "0.00": {"activatedMoleculePct": 0.4708081612206531, "activatedTokens": {"[C@H]": 787358, "[C@]": 39996, "[C@@]": 36702, "others": 1095}}}