{"0.20": {"activatedMoleculePct": 0.12352638320591343, "activatedTokens": {"S": 139741, "O": 43617, "others": 1583, "[O-]": 733}}, "0.00": {"activatedMoleculePct": 0.37491477062587475, "activatedTokens": {"O": 321520, "S": 226744, "c": 48351, "1": 41112, "C": 24470, "N": 16977, "(": 8648, "others": 5676, "[O-]": 5270, "=": 3868, "4": 2458}}}