{"0.20": {"activatedMoleculePct": 0.4814450800588531, "activatedTokens": {"(": 1281657, "others": 3408}}, "0.00": {"activatedMoleculePct": 0.9012291339084378, "activatedTokens": {"(": 4130418, "others": 32481}}}