{"0.20": {"activatedMoleculePct": 0.9964575339837253, "activatedTokens": {"(": 4971652, "others": 24}}, "0.00": {"activatedMoleculePct": 0.9982027679131821, "activatedTokens": {"(": 6149838, "others": 1181}}}