{"0.20": {"activatedMoleculePct": 0.10757613152750813, "activatedTokens": {"C": 301591, "N": 27723, "n": 27289, "[C@H]": 18288, "=": 10373, "[C@@H]": 6487, "o": 2565, "s": 2541, "others": 2482, "[C@@]": 2194, "S": 2131, "[C@]": 1862, "[nH]": 1853}}, "0.00": {"activatedMoleculePct": 0.4043684311130608, "activatedTokens": {"C": 1083769, "=": 336443, "N": 219887, "n": 109895, "[C@H]": 88145, "[C@@H]": 19288, "others": 18407, "s": 13129, "o": 12446, "O": 11704, "S": 11666, "[C@@]": 10198, "[nH]": 6651}}}