{"0.20": {"activatedMoleculePct": 0.0006627934142502781, "activatedTokens": {".": 555, "[Si]": 204, "S": 67, "[N-]": 62, "P": 54, "others": 10, "[n+]": 9, "%11": 9, "8": 8, "%10": 8, "\\": 8, "[NH+]": 4, "%12": 3}}, "0.00": {"activatedMoleculePct": 0.003352050228755274, "activatedTokens": {".": 2352, "S": 680, "[Si]": 466, "c": 396, "\\": 245, "P": 144, "[N-]": 119, "n": 104, ")": 84, "I": 83, "[C@H]": 74, "C": 70, "2": 64, "others": 44, "O": 38, "Br": 37, "1": 34, "N": 33, "8": 25, "[n+]": 22, "#": 18, "[NH+]": 15, "%10": 15, "%11": 12}}}