{"0.20": {"activatedMoleculePct": 0.997808021338286, "activatedTokens": {")": 3891346, "1": 3456104, "2": 2022331, "3": 822362, "others": 84092}}, "0.00": {"activatedMoleculePct": 0.999635280530059, "activatedTokens": {")": 6167206, "1": 4040751, "2": 2597163, "3": 995380, "4": 191445, "others": 23587}}}