{"0.20": {"activatedMoleculePct": 0.3732735330111401, "activatedTokens": {"[C@@H]": 658847, "others": 68}}, "0.00": {"activatedMoleculePct": 0.426209121941538, "activatedTokens": {"[C@@H]": 763882, "others": 1586}}}