{"0.20": {"activatedMoleculePct": 0.005865538624011578, "activatedTokens": {"s": 2812, "=": 1311, "3": 1210, "2": 1205, "O": 718, "[C@H]": 425, "[nH]": 185, "[O-]": 181, ")": 147, "(": 144, "N": 112, "[C@@]": 106, "-": 94, "others": 22}}, "0.00": {"activatedMoleculePct": 0.02946830785545684, "activatedTokens": {"s": 11047, "=": 8660, "O": 5898, "2": 5733, ")": 4535, "3": 2739, "[C@H]": 1929, "(": 1567, "[O-]": 1095, "[nH]": 1080, "-": 582, "N": 384, "[C@@]": 367, "others": 140}}}