{"0.20": {"activatedMoleculePct": 0.357127006597907, "activatedTokens": {"1": 876898, "others": 24}}, "0.00": {"activatedMoleculePct": 0.4829662092537679, "activatedTokens": {"1": 1410373, "others": 2016}}}