{"0.20": {"activatedMoleculePct": 0.4120011747189353, "activatedTokens": {"1": 561614, "others": 1540}}, "0.00": {"activatedMoleculePct": 0.6098153479518951, "activatedTokens": {"1": 830046, "others": 8266, "2": 4743}}}