{"0.20": {"activatedMoleculePct": 0.4828644100442863, "activatedTokens": {"n": 1215746, "others": 70}}, "0.00": {"activatedMoleculePct": 0.5590248661047448, "activatedTokens": {"n": 1622078, "others": 4506}}}