{"0.20": {"activatedMoleculePct": 0.5930690118079759, "activatedTokens": {"[C@H]": 678838, "[C@@H]": 668943, "[C@@]": 28383, "[C@]": 28367, "others": 59}}, "0.00": {"activatedMoleculePct": 0.6817947127394753, "activatedTokens": {"[C@H]": 793602, "[C@@H]": 775915, "[C@]": 46627, "[C@@]": 45586, "others": 831}}}