{"0.20": {"activatedMoleculePct": 0.11699292458875683, "activatedTokens": {"S": 169273, "others": 20}}, "0.00": {"activatedMoleculePct": 0.15337405789958203, "activatedTokens": {"S": 224344, "others": 874}}}