{"0.20": {"activatedMoleculePct": 0.9931633408596394, "activatedTokens": {"(": 5726899, "others": 164}}, "0.00": {"activatedMoleculePct": 0.9972521537124122, "activatedTokens": {"(": 6155107, "others": 3395}}}