{"0.20": {"activatedMoleculePct": 0.930390579398623, "activatedTokens": {"N": 2417445, "others": 1}}, "0.00": {"activatedMoleculePct": 0.9532060525855168, "activatedTokens": {"N": 2673346, "others": 510}}}