{"0.20": {"activatedMoleculePct": 0.06425434276160016, "activatedTokens": {"(": 31381, "2": 30559, "O": 16223, "[C@H]": 2527, "F": 2485, "3": 2348, "S": 1794, "4": 839, "others": 822, "1": 746, "Br": 632, "[C@@H]": 630, "I": 498, "C": 473, "Cl": 354, "-": 296, "n": 295, "o": 231, "[N-]": 200, "=": 181}}, "0.00": {"activatedMoleculePct": 0.3288590505722361, "activatedTokens": {"(": 205471, "O": 111706, "2": 58694, "F": 41475, "[C@H]": 40804, "C": 38226, "[C@@H]": 15337, ")": 12284, "=": 12001, "1": 9730, "N": 8942, "-": 8550, "S": 7748, "3": 6981, "Cl": 5926, "others": 5266, "Br": 4073, "o": 3815, "n": 3671, "4": 3437, "s": 3062, "[C@@]": 2419, "c": 2143, "[C@]": 1521}}}