{"0.20": {"activatedMoleculePct": 0.992529109813517, "activatedTokens": {"O": 3438399, "N": 2506683, "others": 89}}, "0.00": {"activatedMoleculePct": 0.9938466405894687, "activatedTokens": {"O": 3454072, "N": 2698665, "others": 4098}}}