{"0.20": {"activatedMoleculePct": 0.013115985918020144, "activatedTokens": {"2": 11214, "3": 6225, ".": 3873, "1": 3180, "4": 697, "P": 340, "others": 14}}, "0.00": {"activatedMoleculePct": 0.07166224926451902, "activatedTokens": {"2": 69463, "3": 24532, "1": 22672, ".": 5828, "4": 1874, "P": 1404, "others": 550}}}