{"0.20": {"activatedMoleculePct": 0.3094981591919926, "activatedTokens": {"F": 489477, "Cl": 147756, "Br": 41448, "others": 3045}}, "0.00": {"activatedMoleculePct": 0.34634361407699976, "activatedTokens": {"F": 560650, "Cl": 176220, "Br": 60475, "[O-]": 13705, "others": 2116}}}