{"0.20": {"activatedMoleculePct": 0.1983758998061421, "activatedTokens": {")": 183632, "O": 153875, "n": 4243, "c": 3802, "others": 3336, "(": 2859, "N": 2320, "1": 824, "F": 732, "C": 586}}, "0.00": {"activatedMoleculePct": 0.4949118704469571, "activatedTokens": {")": 810864, "O": 306505, "(": 49361, "C": 47764, "n": 39892, "c": 38929, "1": 24518, "others": 11430, "N": 10209, "=": 4679, "S": 4155, "s": 2836, "F": 2366}}}