{"0.20": {"activatedMoleculePct": 0.18762546386384393, "activatedTokens": {"F": 471767, "others": 144}}, "0.00": {"activatedMoleculePct": 0.21526724489594143, "activatedTokens": {"F": 555109, "others": 1322}}}