{"0.20": {"activatedMoleculePct": 0.4367105526232338, "activatedTokens": {"[C@@H]": 598330, "-": 173629, "others": 481}}, "0.00": {"activatedMoleculePct": 0.5069974140071318, "activatedTokens": {"[C@@H]": 743014, "-": 181213, "others": 4288}}}