{"0.20": {"activatedMoleculePct": 0.8936813450385336, "activatedTokens": {")": 3771790, "others": 41}}, "0.00": {"activatedMoleculePct": 0.994915166104818, "activatedTokens": {")": 5965867, "others": 764}}}