{"0.20": {"activatedMoleculePct": 0.21298225544570842, "activatedTokens": {"O": 226924, "c": 112658, "/": 42472, "=": 39686, "2": 21735, "-": 15845, "[N+]": 13246, "n": 10692, "(": 8181, "S": 5334, "others": 4366, "[S@@]": 3954, "[nH]": 2266, "o": 1655, "\\": 1365, "Cl": 1089, "[C@]": 1024}}, "0.00": {"activatedMoleculePct": 0.6907706200157752, "activatedTokens": {"c": 1104982, "O": 920517, "(": 460246, "=": 335461, "2": 177615, "n": 113654, "-": 81168, "/": 48660, "[N+]": 29307, "others": 29191, "S": 22782, "1": 20375, "[nH]": 17240, "o": 14267, "C": 13508, "[C@]": 8095, ")": 7904, "Cl": 7004, "\\": 6154}}}