{"0.20": {"activatedMoleculePct": 0.8485938160275898, "activatedTokens": {"=": 2130844, "others": 6}}, "0.00": {"activatedMoleculePct": 0.8954873655463139, "activatedTokens": {"=": 2364066, "others": 582}}}