{"0.20": {"activatedMoleculePct": 0.5470740783326608, "activatedTokens": {"n": 1534914, "others": 6}}, "0.00": {"activatedMoleculePct": 0.5639068339493772, "activatedTokens": {"n": 1682595, "others": 618}}}