{"0.20": {"activatedMoleculePct": 0.06183899173375772, "activatedTokens": {"[C@]": 44401, "[C@@]": 41576, "others": 127}}, "0.00": {"activatedMoleculePct": 0.06977786533649033, "activatedTokens": {"[C@]": 48814, "[C@@]": 47440, "others": 812, "[N+]": 555}}}