{"0.20": {"activatedMoleculePct": 0.3091671286690742, "activatedTokens": {"1": 423006, "others": 315}}, "0.00": {"activatedMoleculePct": 0.6712720433737869, "activatedTokens": {"1": 931151, "others": 4197}}}