{"0.20": {"activatedMoleculePct": 0.26647224726515323, "activatedTokens": {"1": 320437, "2": 263925, "others": 1746}}, "0.00": {"activatedMoleculePct": 0.6443684897025339, "activatedTokens": {"2": 932620, "1": 881390, "others": 16209, "F": 12338, "(": 3657, "N": 3037}}}