{"0.20": {"activatedMoleculePct": 0.8858757624870646, "activatedTokens": {"N": 2229107, "others": 68}}, "0.00": {"activatedMoleculePct": 0.9479659565866652, "activatedTokens": {"N": 2640312, "others": 1647}}}