{"0.20": {"activatedMoleculePct": 0.1096948733478684, "activatedTokens": {"-": 167670, "others": 0}}, "0.00": {"activatedMoleculePct": 0.11826504852306924, "activatedTokens": {"-": 180363, "others": 130}}}