{"0.20": {"activatedMoleculePct": 0.010143302527476632, "activatedTokens": {")": 14065, "others": 42}}, "0.00": {"activatedMoleculePct": 0.25930821944394195, "activatedTokens": {")": 417130, "others": 1232}}}