{"0.20": {"activatedMoleculePct": 0.10992996360861353, "activatedTokens": {"(": 163286, "others": 1424, "N": 262, "[C@H]": 254}}, "0.00": {"activatedMoleculePct": 0.3542063213647246, "activatedTokens": {"(": 644850, "others": 6088, "C": 3649, "N": 3028, "[C@@H]": 1764, "=": 1652, "2": 1551, "[C@H]": 1525}}}