{"0.20": {"activatedMoleculePct": 0.21795283986837874, "activatedTokens": {"(": 431742, "others": 574}}, "0.00": {"activatedMoleculePct": 0.5180840070512431, "activatedTokens": {"(": 1320529, "others": 6131}}}