{"0.20": {"activatedMoleculePct": 0.16597958303336743, "activatedTokens": {"c": 747179, "=": 26952, "1": 20944, "others": 3882}}, "0.00": {"activatedMoleculePct": 0.3997852695811512, "activatedTokens": {"c": 1895334, "1": 134707, "=": 125044, ")": 118967, "others": 11715}}}