{"0.20": {"activatedMoleculePct": 0.5645557123637703, "activatedTokens": {"n": 1692592, "others": 13}}, "0.00": {"activatedMoleculePct": 0.5652770952511035, "activatedTokens": {"n": 1698552, "others": 1039}}}