{"0.20": {"activatedMoleculePct": 0.42959559348572945, "activatedTokens": {")": 716123, "others": 241}}, "0.00": {"activatedMoleculePct": 0.8711375805330617, "activatedTokens": {")": 2229634, "others": 5109}}}