{"0.20": {"activatedMoleculePct": 0.9818255454496851, "activatedTokens": {")": 4918259, "others": 53}}, "0.00": {"activatedMoleculePct": 0.9969137995053584, "activatedTokens": {")": 6092765, "others": 1221}}}