{"0.20": {"activatedMoleculePct": 0.5934308018042628, "activatedTokens": {"[C@H]": 766460, "[C@@H]": 702917, "[C@@]": 14164, "others": 9841}}, "0.00": {"activatedMoleculePct": 0.675306660963958, "activatedTokens": {"[C@H]": 803568, "[C@@H]": 780025, "[C@@]": 36994, "[C@]": 34569, "others": 1143}}}