{"0.20": {"activatedMoleculePct": 0.23401074970357388, "activatedTokens": {"c": 686434, "n": 62779, "o": 9697, "s": 7759, "others": 1840}}, "0.00": {"activatedMoleculePct": 0.3775044253361388, "activatedTokens": {"c": 1353497, "n": 132905, "o": 20412, "s": 17916, "others": 12848, "C": 12192, "[nH]": 4739}}}