{"0.20": {"activatedMoleculePct": 0.7796164293670945, "activatedTokens": {"=": 1970748, "others": 91}}, "0.00": {"activatedMoleculePct": 0.8879051553609734, "activatedTokens": {"=": 2347082, "others": 1720}}}