{"0.20": {"activatedMoleculePct": 0.31117162101692286, "activatedTokens": {"c": 647748, "others": 289}}, "0.00": {"activatedMoleculePct": 0.45395782876201174, "activatedTokens": {"c": 1397538, "others": 7077}}}