{"0.20": {"activatedMoleculePct": 0.0009279107799503893, "activatedTokens": {"C": 443, "4": 303, "S": 228, "8": 228, "6": 183, "7": 155, "[N+]": 131, "N": 84, "5": 78, "Br": 77, "Cl": 55, "2": 35, "c": 25, "others": 20, "s": 17, "9": 15, "(": 14, ".": 14, "3": 12, "[C-]": 4, "%10": 3, "[Cs+]": 3, "[Si]": 2}}, "0.00": {"activatedMoleculePct": 0.012608454607439545, "activatedTokens": {"C": 4252, "S": 3060, "[N+]": 2412, "N": 2128, "4": 2025, "c": 1499, "Br": 1174, "2": 1165, "s": 934, "6": 589, "(": 553, "Cl": 436, "8": 427, "7": 354, "5": 314, ")": 241, "others": 215, "3": 94, "9": 43}}}