{"0.20": {"activatedMoleculePct": 0.026410669728943126, "activatedTokens": {"1": 53146, "others": 431, "2": 260}}, "0.00": {"activatedMoleculePct": 0.1171401306398776, "activatedTokens": {"1": 245998, "2": 3668, "others": 2238, "c": 1122, "F": 1094, "(": 553, "Cl": 523, ")": 385}}}