{"0.20": {"activatedMoleculePct": 0.3237251479933472, "activatedTokens": {"C": 1127048, "others": 1208}}, "0.00": {"activatedMoleculePct": 0.7153540305529454, "activatedTokens": {"C": 3738395, "others": 21983}}}