{"0.20": {"activatedMoleculePct": 0.1910155972501031, "activatedTokens": {"1": 197945, "3": 134993, "4": 24537, "2": 12366, "5": 6350, "others": 1977}}, "0.00": {"activatedMoleculePct": 0.5041675424572278, "activatedTokens": {"1": 584985, "3": 380116, "2": 153315, "4": 64504, "5": 12777, "others": 6995}}}