{"0.20": {"activatedMoleculePct": 0.845776394740716, "activatedTokens": {"(": 2946562, "others": 246}}, "0.00": {"activatedMoleculePct": 0.9900185508919148, "activatedTokens": {"(": 5569794, "others": 1408}}}