{"0.20": {"activatedMoleculePct": 0.8553411262214989, "activatedTokens": {"O": 2642838, "others": 0}}, "0.00": {"activatedMoleculePct": 0.948812574472713, "activatedTokens": {"O": 3365696, "others": 313}}}