{"0.20": {"activatedMoleculePct": 0.6554235909048631, "activatedTokens": {"1": 894956, "others": 85}}, "0.00": {"activatedMoleculePct": 0.8364379650997156, "activatedTokens": {"1": 1143826, "others": 2657}}}