{"0.20": {"activatedMoleculePct": 0.3079330878922657, "activatedTokens": {"c": 858755, "(": 220611, "C": 92628, "N": 13719, "others": 1791}}, "0.00": {"activatedMoleculePct": 0.5877981563357557, "activatedTokens": {"c": 2010080, "(": 837717, "C": 568658, "N": 51492, "others": 32182}}}