{"0.20": {"activatedMoleculePct": 0.965412436933925, "activatedTokens": {"O": 3122215, "n": 1644082, "others": 0}}, "0.00": {"activatedMoleculePct": 0.9862138969835942, "activatedTokens": {"O": 3428602, "n": 1694773, "others": 1416}}}