{"0.20": {"activatedMoleculePct": 0.02070551978749598, "activatedTokens": {"/": 41708, "others": 40}}, "0.00": {"activatedMoleculePct": 0.02281474081848029, "activatedTokens": {"/": 47875, ".": 465, "others": 422}}}