{"0.20": {"activatedMoleculePct": 0.3550273063562987, "activatedTokens": {"1": 485173, "others": 200}}, "0.00": {"activatedMoleculePct": 0.5678572291719916, "activatedTokens": {"1": 781750, "others": 5871}}}