{"0.20": {"activatedMoleculePct": 0.8021807001881455, "activatedTokens": {"1": 1991768, "others": 111}}, "0.00": {"activatedMoleculePct": 0.9745311560508645, "activatedTokens": {"1": 2696521, "others": 2469}}}