{"0.20": {"activatedMoleculePct": 0.9292737175679803, "activatedTokens": {"N": 2290140, "others": 2}}, "0.00": {"activatedMoleculePct": 0.9532902749530735, "activatedTokens": {"N": 2663710, "others": 133}}}