{"0.20": {"activatedMoleculePct": 0.2763980363738096, "activatedTokens": {"F": 365239, "S": 182590, "others": 1277}}, "0.00": {"activatedMoleculePct": 0.34301719674271824, "activatedTokens": {"F": 549783, "S": 224505, "others": 5002}}}