{"0.20": {"activatedMoleculePct": 0.005546225995709786, "activatedTokens": {"S": 1436, "F": 998, "[nH]": 900, "c": 867, "2": 592, "=": 480, "N": 413, "O": 406, "(": 349, "\\": 321, "1": 256, "[C@@H]": 254, "n": 191, ")": 165, "[N-]": 106, "[C@H]": 101, "others": 74, "[CH]": 65, "3": 60, "[O-]": 48, "[C-]": 47, "-": 45, "[N+]": 30, "o": 28, "#": 27, "[C]": 23, ".": 21, "4": 20}}, "0.00": {"activatedMoleculePct": 0.020052247162621675, "activatedTokens": {"c": 7020, "F": 3560, "S": 3229, "(": 3088, "[nH]": 2578, "=": 1953, "2": 1549, "N": 1425, "n": 1383, "O": 1343, "[C@@H]": 764, "1": 635, "\\": 600, ")": 583, "[C@H]": 348, "others": 283, "o": 269, "[O-]": 192, "[N-]": 189, "3": 140, "#": 137, "[N+]": 99, "-": 86, "[CH]": 73}}}