{"0.20": {"activatedMoleculePct": 0.31192229864079746, "activatedTokens": {"c": 632571, "s": 27286, "others": 6210}}, "0.00": {"activatedMoleculePct": 0.4741221282919045, "activatedTokens": {"c": 1053552, "s": 46230, "C": 14358, "o": 12931, "others": 10329}}}