{"0.20": {"activatedMoleculePct": 0.5246606754047983, "activatedTokens": {"n": 1533404, "others": 112}}, "0.00": {"activatedMoleculePct": 0.5592277321552943, "activatedTokens": {"n": 1673579, "others": 2484}}}