{"0.20": {"activatedMoleculePct": 0.9970558789775844, "activatedTokens": {"(": 5911138, "others": 90}}, "0.00": {"activatedMoleculePct": 0.9982554984389568, "activatedTokens": {"(": 6191538, "others": 3442}}}