{"0.20": {"activatedMoleculePct": 0.2256156105792082, "activatedTokens": {"C": 308412, "-": 51936, "(": 17628, "[C@H]": 16455, ")": 10625, "[C@@H]": 7628, "[nH]": 5641, "others": 2995}}, "0.00": {"activatedMoleculePct": 0.5767598996069379, "activatedTokens": {"C": 1120842, "(": 195324, "-": 106319, ")": 105102, "[C@H]": 40678, "[nH]": 25014, "c": 25004, "[C@@H]": 15805, "others": 15423}}}