{"0.20": {"activatedMoleculePct": 0.7587234232657333, "activatedTokens": {")": 2125233, "others": 610}}, "0.00": {"activatedMoleculePct": 0.9389343893109365, "activatedTokens": {")": 3253212, "others": 5799}}}