{"0.20": {"activatedMoleculePct": 0.19318267538575676, "activatedTokens": {"2": 266056, "others": 1328}}, "0.00": {"activatedMoleculePct": 0.418333964390783, "activatedTokens": {"2": 618295, "3": 9354, "1": 6515, "others": 4097}}}