{"0.20": {"activatedMoleculePct": 0.9792256375816316, "activatedTokens": {"1": 3604913, "others": 3}}, "0.00": {"activatedMoleculePct": 0.9924998150769756, "activatedTokens": {"1": 4050843, "others": 841}}}