{"0.20": {"activatedMoleculePct": 0.9991401994825084, "activatedTokens": {"1": 3852160, "=": 2386925, "2": 1505057, "3": 965032, "others": 75881}}, "0.00": {"activatedMoleculePct": 0.9992280836921328, "activatedTokens": {"1": 4079588, "2": 2611100, "=": 2386926, "3": 1001031, "4": 179810, "others": 31737}}}