{"0.20": {"activatedMoleculePct": 0.9763584152426373, "activatedTokens": {")": 5383453, "others": 12675}}, "0.00": {"activatedMoleculePct": 0.996936502926178, "activatedTokens": {")": 6194364, "others": 13973}}}