{"0.20": {"activatedMoleculePct": 0.004907600739106203, "activatedTokens": {")": 1752, "#": 1694, "o": 1087, "=": 820, "2": 620, "[nH]": 479, "n": 450, "\\": 436, "-": 372, "(": 366, ".": 296, "s": 271, "3": 168, "[Si]": 126, "B": 77, "others": 77, "1": 48, "[cH-]": 42, "[c-]": 41, "[n-]": 29}}, "0.00": {"activatedMoleculePct": 0.033469236498605205, "activatedTokens": {")": 24785, "=": 8640, "#": 7390, "o": 3485, "2": 2691, "(": 2601, "\\": 1647, "-": 1645, "n": 1088, "[nH]": 1006, ".": 924, "s": 531, "3": 501, "others": 445, "1": 344, "[Si]": 253, "[C@H]": 176}}}