{"0.20": {"activatedMoleculePct": 0.13190980443566253, "activatedTokens": {"1": 217918, "others": 131}}, "0.00": {"activatedMoleculePct": 0.20199453213742455, "activatedTokens": {"1": 395496, "others": 2409}}}