{"0.20": {"activatedMoleculePct": 0.08235409573373428, "activatedTokens": {"[nH]": 114609, "[S@]": 2979, "[S@@]": 1125, "others": 139}}, "0.00": {"activatedMoleculePct": 0.10073947238714752, "activatedTokens": {"[nH]": 137192, "[S@]": 4189, "[S@@]": 2962, "others": 1231, "o": 284}}}