{"0.20": {"activatedMoleculePct": 0.12684254738240544, "activatedTokens": {"o": 177274, "[S@]": 4343, "others": 703}}, "0.00": {"activatedMoleculePct": 0.12923885683149594, "activatedTokens": {"o": 177278, "[S@]": 4360, "[S@@]": 2226, "others": 1475, ".": 951}}}