{"0.20": {"activatedMoleculePct": 0.763691810583163, "activatedTokens": {"[C@H]": 565831, "[C@@H]": 458353, "F": 239672, "o": 166688, "[nH]": 112173, "S": 106931, "s": 103950, "Cl": 80937, "[C@]": 41945, "#": 35621, "Br": 31804, "others": 19827, "[C@@]": 19586, "/": 13326, "[N+]": 12357}}, "0.00": {"activatedMoleculePct": 0.9139650206198326, "activatedTokens": {"[C@H]": 768117, "[C@@H]": 726422, "F": 509645, "S": 209672, "o": 176262, "Cl": 163595, "s": 155407, "[nH]": 139630, "#": 73444, "Br": 62416, "[C@]": 50027, "[C@@]": 40100, "/": 37282, "others": 28103, "[N+]": 26664, "[O-]": 26479, "-": 23737}}}