{"0.20": {"activatedMoleculePct": 0.0997705489760391, "activatedTokens": {"-": 146121, "others": 235}}, "0.00": {"activatedMoleculePct": 0.1196353098247955, "activatedTokens": {"-": 169134, "=": 6275, "others": 1741, "\\": 713}}}