{"0.20": {"activatedMoleculePct": 0.9981800644923625, "activatedTokens": {"(": 6223949, "others": 35}}, "0.00": {"activatedMoleculePct": 0.998220344755107, "activatedTokens": {"(": 6223950, "others": 2556}}}