{"0.20": {"activatedMoleculePct": 0.6160902805190734, "activatedTokens": {"1": 853335, "others": 54}}, "0.00": {"activatedMoleculePct": 0.8485667183962889, "activatedTokens": {"1": 1276903, "others": 2352}}}