{"0.20": {"activatedMoleculePct": 0.09551475612498013, "activatedTokens": {"-": 143198, "others": 116}}, "0.00": {"activatedMoleculePct": 0.1160401132827462, "activatedTokens": {"-": 175794, "others": 605}}}