{"0.20": {"activatedMoleculePct": 0.08901205698119205, "activatedTokens": {"Cl": 142933, "others": 169}}, "0.00": {"activatedMoleculePct": 0.10891929519793354, "activatedTokens": {"Cl": 174289, "others": 807}}}