{"0.20": {"activatedMoleculePct": 0.1297917949837158, "activatedTokens": {"C": 279655, "[nH]": 57971, "O": 17553, "F": 14265, "N": 9678, "Cl": 7502, "[C@@H]": 6794, "(": 5124, "[C@H]": 4915, "=": 4812, "-": 4257, "others": 4034, "n": 3752, "S": 3356, "1": 2539, ")": 2026, "[Si]": 1520, "I": 1197, "Br": 783, "s": 753, "[N+]": 543}}, "0.00": {"activatedMoleculePct": 0.47152148805543737, "activatedTokens": {"C": 1728016, "O": 139356, ")": 125262, "(": 123715, "F": 120182, "[nH]": 107988, "N": 67179, "=": 59282, "[C@@H]": 45372, "[C@H]": 43331, "n": 35154, "c": 35012, "1": 30655, "Cl": 29363, "others": 25075, "S": 22673, "-": 16949, "[N+]": 5087, "o": 3908, "[C@@]": 3290}}}