{"0.20": {"activatedMoleculePct": 0.3921517936068632, "activatedTokens": {"O": 688312, "F": 104183, "[nH]": 31784, "others": 4113}}, "0.00": {"activatedMoleculePct": 0.80449498437492, "activatedTokens": {"O": 1916142, "F": 325132, "[nH]": 76662, "o": 28330, "#": 18720, "others": 8275}}}