{"0.20": {"activatedMoleculePct": 0.07355102740302893, "activatedTokens": {"[nH]": 105361, "others": 75}}, "0.00": {"activatedMoleculePct": 0.09520496428605431, "activatedTokens": {"[nH]": 136951, "others": 756}}}