{"0.20": {"activatedMoleculePct": 0.22183512482853424, "activatedTokens": {"1": 550533, "others": 61}}, "0.00": {"activatedMoleculePct": 0.37732719218006305, "activatedTokens": {"1": 1054958, "others": 2314}}}