{"0.20": {"activatedMoleculePct": 0.4636719633991562, "activatedTokens": {"n": 1224688, "others": 241}}, "0.00": {"activatedMoleculePct": 0.5543018222058497, "activatedTokens": {"n": 1646031, "others": 3651}}}