{"0.20": {"activatedMoleculePct": 8.788420962434627e-06, "activatedTokens": {"s": 6, "2": 1, "[N-]": 1, "[SiH2]": 1, "[Mo]": 1, "1": 1, "4": 1, "[C-]": 1, "others": 0}}, "0.00": {"activatedMoleculePct": 0.00038888762758773225, "activatedTokens": {"s": 121, ")": 119, "C": 105, "[C@]": 52, "1": 41, "2": 27, "O": 25, "4": 16, "n": 14, "[nH]": 9, "o": 8, "c": 7, "[N-]": 5, "others": 5, "[S@@]": 2}}}