{"0.20": {"activatedMoleculePct": 0.5339683455724301, "activatedTokens": {"c": 3421386, "others": 460}}, "0.00": {"activatedMoleculePct": 0.7603815053539793, "activatedTokens": {"c": 6225094, "others": 5728}}}