{"0.20": {"activatedMoleculePct": 0.5390370673625143, "activatedTokens": {"N": 522127, "=": 376790, "[C@H]": 133973, "[C@@H]": 123775, "S": 122554, "-": 114370, "Cl": 24207, "others": 10359, "[C@@]": 7763, "[C@]": 7405, "#": 6841, "Br": 6704, "F": 4491}}, "0.00": {"activatedMoleculePct": 0.9098117593466688, "activatedTokens": {"N": 1708242, "=": 1448673, "[C@H]": 349198, "[C@@H]": 322812, "S": 204621, "-": 167364, "F": 72851, "Cl": 69502, "(": 56507, "others": 38656, "#": 38526, "Br": 26370, "s": 21334, "[C@@]": 20786, "[C@]": 20553, "C": 12986}}}