{"0.20": {"activatedMoleculePct": 0.5639610292119789, "activatedTokens": {"1": 770024, "others": 100}}, "0.00": {"activatedMoleculePct": 0.6780728164618842, "activatedTokens": {"1": 926639, "others": 507}}}