{"0.20": {"activatedMoleculePct": 0.0912596956423347, "activatedTokens": {"[nH]": 122975, ".": 7731, "[Si]": 1445, "others": 1195, "B": 280, "P": 178}}, "0.00": {"activatedMoleculePct": 0.10432148629775316, "activatedTokens": {"[nH]": 139023, ".": 9704, "[Si]": 1806, "others": 1498, "P": 748, "[N-]": 439, "B": 391, "S": 257, "[S@]": 251, "-": 234, "[c-]": 220, "[n+]": 213, "[CH]": 171, "o": 164, "(": 160, "[C-]": 152}}}