{"0.20": {"activatedMoleculePct": 0.13262239890203328, "activatedTokens": {"O": 309213, "others": 348}}, "0.00": {"activatedMoleculePct": 0.38381451158716684, "activatedTokens": {"O": 918204, "others": 7370}}}