{"0.20": {"activatedMoleculePct": 0.16493449330725124, "activatedTokens": {"o": 150073, "[C@]": 45756, "[C@@]": 45457, "others": 9}}, "0.00": {"activatedMoleculePct": 0.18432248231879558, "activatedTokens": {"o": 172276, "[C@@]": 49022, "[C@]": 48685, "others": 1600}}}