{"0.20": {"activatedMoleculePct": 0.489197199716134, "activatedTokens": {"n": 1469485, "others": 5}}, "0.00": {"activatedMoleculePct": 0.5545991637817455, "activatedTokens": {"n": 1671032, "others": 669}}}