{"0.20": {"activatedMoleculePct": 0.2261531689947438, "activatedTokens": {")": 389856, "others": 303}}, "0.00": {"activatedMoleculePct": 0.47743170115267464, "activatedTokens": {")": 1021793, "others": 5716}}}