{"0.20": {"activatedMoleculePct": 0.8676588305687646, "activatedTokens": {"c": 8282902, "others": 28}}, "0.00": {"activatedMoleculePct": 0.9031501362571434, "activatedTokens": {"c": 9960779, "others": 5190}}}