{"0.20": {"activatedMoleculePct": 0.14828482979391885, "activatedTokens": {"S": 212473, "others": 2070}}, "0.00": {"activatedMoleculePct": 0.1619207972855497, "activatedTokens": {"S": 233562, "P": 2295, "others": 1647}}}