{"0.20": {"activatedMoleculePct": 0.20111935188324875, "activatedTokens": {"-": 69343, "=": 61368, "[C@H]": 33949, "Cl": 24891, "(": 23509, "#": 18664, "F": 16777, "[C@@H]": 15995, "/": 13887, "C": 9306, "s": 9153, "[nH]": 7148, "\\": 6889, "Br": 3589, "others": 2948, "[C@]": 1694, "S": 1432, "2": 948, "3": 722, "n": 695, "[S@@]": 602, "o": 584, "[C@@]": 546, ")": 452, "[N+]": 433}}, "0.00": {"activatedMoleculePct": 0.5531432153756354, "activatedTokens": {"=": 227412, "C": 226961, "(": 205988, "-": 150629, "[C@H]": 94716, "Cl": 68411, "F": 59881, "[C@@H]": 56175, "s": 48985, "#": 45085, "[nH]": 40253, "n": 32160, "/": 26909, "Br": 17530, ")": 15574, "others": 13058, "o": 12494, "2": 11609, "c": 11196, "\\": 10902, "S": 6662, "[C@]": 6037, "1": 5698, "3": 4855, "O": 3848, "[N+]": 3709}}}