{"0.20": {"activatedMoleculePct": 0.8715843252653188, "activatedTokens": {"c": 8763398, "others": 25}}, "0.00": {"activatedMoleculePct": 0.9037975499347094, "activatedTokens": {"c": 10265525, "others": 1046}}}