{"0.20": {"activatedMoleculePct": 0.5290292529915419, "activatedTokens": {"n": 1477769, "others": 3}}, "0.00": {"activatedMoleculePct": 0.5620788423891908, "activatedTokens": {"n": 1675236, "others": 96}}}