{"0.20": {"activatedMoleculePct": 0.8757134183808359, "activatedTokens": {"O": 2538130, "others": 14}}, "0.00": {"activatedMoleculePct": 0.9567748838646788, "activatedTokens": {"O": 3371149, "others": 657}}}