{"0.20": {"activatedMoleculePct": 0.5480503254279045, "activatedTokens": {"O": 1120092, "others": 241}}, "0.00": {"activatedMoleculePct": 0.8303270830571694, "activatedTokens": {"O": 2185713, "others": 10136}}}