{"0.20": {"activatedMoleculePct": 0.2513239389995701, "activatedTokens": {"1": 312272, "2": 163173, "others": 1495}}, "0.00": {"activatedMoleculePct": 0.5728322078051431, "activatedTokens": {"1": 849609, "2": 566183, "3": 11294, "others": 10594}}}