{"0.20": {"activatedMoleculePct": 0.45120119405346143, "activatedTokens": {"[C@@H]": 740152, "[C@]": 51038, "[C@@]": 26790, "others": 139}}, "0.00": {"activatedMoleculePct": 0.4801019163884277, "activatedTokens": {"[C@@H]": 781445, "[C@]": 51045, "[C@@]": 45774, "others": 2938}}}