{"0.20": {"activatedMoleculePct": 0.6100335937391289, "activatedTokens": {")": 1353320, "others": 721}}, "0.00": {"activatedMoleculePct": 0.842725347929924, "activatedTokens": {")": 2364214, "others": 7566}}}