{"0.20": {"activatedMoleculePct": 0.904091962036951, "activatedTokens": {"c": 9934055, "n": 1269593, "others": 66}}, "0.00": {"activatedMoleculePct": 0.9047100809779755, "activatedTokens": {"c": 10330967, "n": 1664707, "others": 3590}}}