{"0.20": {"activatedMoleculePct": 0.3865799347166796, "activatedTokens": {"C": 1367883, "others": 5204}}, "0.00": {"activatedMoleculePct": 0.7403739326645833, "activatedTokens": {"C": 3700420, "others": 30647}}}