{"0.20": {"activatedMoleculePct": 0.2329554068196682, "activatedTokens": {"C": 219842, "2": 128671, ")": 78447, "c": 47850, "[C@H]": 40276, "N": 21860, "[C@@H]": 13728, "3": 9812, "s": 9514, "others": 4996, "[C@]": 3264, "n": 1840, "(": 1388, "\\": 1380, "[C@@]": 923, "O": 895}}, "0.00": {"activatedMoleculePct": 0.5455954265057311, "activatedTokens": {"C": 786480, ")": 597468, "2": 332166, "c": 246815, "[C@H]": 86354, "N": 68461, "(": 39230, "[C@@H]": 37201, "3": 32653, "s": 25752, "others": 21518, "n": 10194, "[C@]": 7440, "=": 5146, "O": 4246, "1": 3534}}}