{"0.20": {"activatedMoleculePct": 0.041857784307249055, "activatedTokens": {"1": 42654, "2": 29434, "others": 710, "3": 353, "[nH]": 180, "-": 168, "#": 158, "[C@@H]": 145}}, "0.00": {"activatedMoleculePct": 0.22234924745483667, "activatedTokens": {"1": 297217, "2": 94778, "others": 3739, "-": 3369, "#": 2761, "3": 2178, "C": 1996, "[C@@H]": 1526, ")": 1341, "[nH]": 1263, "Br": 1114, "s": 1055}}}