{"0.20": {"activatedMoleculePct": 0.03876718960212621, "activatedTokens": {"C": 37863, "[C@H]": 12873, "[C@@H]": 4073, "3": 3007, "5": 1000, "others": 594, "[Si]": 443, "[C@@]": 272, ")": 202}}, "0.00": {"activatedMoleculePct": 0.14639751639223603, "activatedTokens": {"C": 175319, "[C@H]": 46527, "[C@@H]": 17822, "3": 9676, "=": 2566, "5": 2534, ")": 2264, "others": 2131, "[C@@]": 1328, "[Si]": 587}}}