{"0.20": {"activatedMoleculePct": 0.34594959987051727, "activatedTokens": {"[C@H]": 599169, "others": 904}}, "0.00": {"activatedMoleculePct": 0.42604067720642463, "activatedTokens": {"[C@H]": 758887, "/": 5971, "others": 3870}}}