{"0.20": {"activatedMoleculePct": 0.9925664606026073, "activatedTokens": {")": 5931757, "others": 1}}, "0.00": {"activatedMoleculePct": 0.9976337176558645, "activatedTokens": {")": 6204049, "others": 818}}}