{"0.20": {"activatedMoleculePct": 0.17272909033251724, "activatedTokens": {"1": 235869, "others": 239}}, "0.00": {"activatedMoleculePct": 0.26819111593172273, "activatedTokens": {"1": 373996, "others": 3394}}}