{"0.20": {"activatedMoleculePct": 0.5693673728407033, "activatedTokens": {"[C@@H]": 701584, "[C@H]": 660216, "[C@@]": 21876, "[C@]": 19779, "others": 121}}, "0.00": {"activatedMoleculePct": 0.6823205532603943, "activatedTokens": {"[C@H]": 792052, "[C@@H]": 784307, "[C@]": 45347, "[C@@]": 44276, "others": 1409}}}