{"0.20": {"activatedMoleculePct": 0.0055418317852285685, "activatedTokens": {"#": 1503, "O": 1498, "4": 1108, "n": 949, "3": 821, "S": 453, "C": 404, "2": 346, ".": 301, "F": 282, "c": 229, ")": 128, "[nH]": 87, "others": 75, "5": 66, "1": 47, "[Si]": 31, "/": 22, "[c-]": 16}}, "0.00": {"activatedMoleculePct": 0.028678814705664798, "activatedTokens": {")": 9657, "O": 6943, "#": 6720, "C": 6131, "c": 3612, "n": 3152, "3": 2145, "4": 2126, "2": 1524, "S": 1499, "F": 1322, "[nH]": 727, ".": 563, "others": 465, "1": 346, "\\": 128}}}