{"0.20": {"activatedMoleculePct": 0.8501837878533769, "activatedTokens": {")": 2189481, "others": 117}}, "0.00": {"activatedMoleculePct": 0.9096323290853524, "activatedTokens": {")": 3065608, "others": 3825}}}