{"0.20": {"activatedMoleculePct": 0.09952007897860972, "activatedTokens": {"s": 140930, "others": 16}}, "0.00": {"activatedMoleculePct": 0.112315287531501, "activatedTokens": {"s": 159425, "others": 274}}}