{"0.20": {"activatedMoleculePct": 0.004173767588742911, "activatedTokens": {".": 7861, "others": 1}}, "0.00": {"activatedMoleculePct": 0.005295755998280399, "activatedTokens": {".": 9115, ")": 346, "c": 123, "O": 117, "others": 92, "S": 85, "C": 81, "=": 65}}}