{"0.20": {"activatedMoleculePct": 0.9745758305240901, "activatedTokens": {"N": 2243585, "n": 1522557, "=": 532369, "others": 55}}, "0.00": {"activatedMoleculePct": 0.9903298074676677, "activatedTokens": {"N": 2604531, "n": 1670462, "=": 1535593, "others": 4131}}}