{"0.20": {"activatedMoleculePct": 0.11667507669728211, "activatedTokens": {"S": 167567, "others": 2}}, "0.00": {"activatedMoleculePct": 0.15138421292000412, "activatedTokens": {"S": 220958, "others": 338}}}