{"0.20": {"activatedMoleculePct": 0.1747987634691706, "activatedTokens": {"S": 197189, "#": 38937, "/": 20923, "others": 2387, "\\": 2040, "[N+]": 1132, ".": 1023}}, "0.00": {"activatedMoleculePct": 0.22780392739885444, "activatedTokens": {"S": 229529, "#": 71476, "/": 40505, "[N+]": 7334, "\\": 6922, "others": 3666, ".": 2930, "[S@@]": 1407, "P": 1318, "[S@]": 1020, "[Si]": 651, "2": 525, "n": 474, "(": 468}}}