{"0.20": {"activatedMoleculePct": 0.4037283411196302, "activatedTokens": {"O": 299378, "(": 169724, "2": 127288, "[C@]": 51046, "c": 16864, "3": 12712, "F": 7791, "[O-]": 7226, "others": 7077, "o": 4150, "[C@@H]": 4129, "[S@@]": 3967, "n": 3814, "[nH]": 3462, "=": 3460, "-": 2315, "/": 2035, ".": 1960, "#": 1789, "P": 1571, "[N-]": 1230, "S": 1010, "4": 959}}, "0.00": {"activatedMoleculePct": 0.7351543429813107, "activatedTokens": {"O": 759009, "(": 485796, "c": 177395, "2": 173840, "C": 136996, "[C@]": 51046, "-": 42694, "1": 41624, "n": 37676, "3": 31533, "F": 30599, "=": 26915, "o": 22480, "others": 20986, "[C@@H]": 20946, "[O-]": 20572, "#": 15069, "S": 14571, "[nH]": 13147, "/": 12624, "[C@H]": 9702, "N": 8829, ".": 5461, "s": 5036, "[S@@]": 3971, "[N+]": 3618}}}