{"0.20": {"activatedMoleculePct": 0.10404611577426355, "activatedTokens": {"1": 99792, "2": 61046, "3": 13119, "/": 12326, "[C@@]": 2443, "others": 1459, "5": 1001}}, "0.00": {"activatedMoleculePct": 0.3411313480778625, "activatedTokens": {"1": 361158, "2": 266433, "3": 51001, "/": 24069, "[C@@]": 6262, "others": 6007}}}