{"0.20": {"activatedMoleculePct": 0.005120719947445243, "activatedTokens": {"N": 1279, "1": 1262, ")": 728, "c": 717, "3": 693, "Br": 684, "C": 621, "#": 571, "[C@H]": 477, "4": 404, "F": 373, "s": 335, "[C@@H]": 291, "S": 231, ".": 145, "\\": 100, "others": 80, "O": 68, "6": 61, "I": 47, "Cl": 40, "/": 36, "8": 35, "-": 29, "=": 28, "%10": 17}}, "0.00": {"activatedMoleculePct": 0.023241711603571906, "activatedTokens": {"C": 9452, "c": 7223, ")": 6474, "N": 4691, "1": 4639, "3": 2057, "#": 1974, "Br": 1691, "[C@H]": 1573, "F": 1388, "[C@@H]": 1154, "s": 808, "4": 625, "S": 549, "others": 456, "O": 319, ".": 201, "\\": 199, "-": 159, "6": 130, "=": 124, "/": 105}}}