{"0.20": {"activatedMoleculePct": 0.3877963986515633, "activatedTokens": {"c": 1104536, "others": 484}}, "0.00": {"activatedMoleculePct": 0.6125353642397686, "activatedTokens": {"c": 2933721, "others": 9860}}}