{"0.20": {"activatedMoleculePct": 0.30028130270763925, "activatedTokens": {"C": 712946, "N": 392682, "S": 42459, "=": 15672, "/": 12268, "others": 11366, "[C@H]": 3192, ".": 3114}}, "0.00": {"activatedMoleculePct": 0.6865719519009721, "activatedTokens": {"C": 3103820, "N": 921865, ")": 150764, "=": 130790, "S": 87008, "1": 44276, "others": 37204, "c": 32446, "[C@H]": 31428, "2": 26451, "/": 22000, "n": 20804}}}