{"0.20": {"activatedMoleculePct": 0.8813240927969369, "activatedTokens": {"C": 5453709, "others": 0}}, "0.00": {"activatedMoleculePct": 0.9974608787102699, "activatedTokens": {"C": 12322054, "others": 240}}}