{"0.20": {"activatedMoleculePct": 0.06251277067421104, "activatedTokens": {"[C@]": 44485, "[C@@]": 42216, "others": 36}}, "0.00": {"activatedMoleculePct": 0.07043553217184585, "activatedTokens": {"[C@]": 49218, "[C@@]": 48241, "others": 836}}}