{"0.20": {"activatedMoleculePct": 0.0060427717800873425, "activatedTokens": {"2": 1573, "c": 1508, "3": 1420, "=": 1386, "F": 723, "[C@@H]": 706, "n": 664, "[C@H]": 664, ".": 215, "s": 171, "1": 118, "4": 85, "I": 74, "others": 67}}, "0.00": {"activatedMoleculePct": 0.02319850186717327, "activatedTokens": {"=": 9116, "c": 8648, "F": 5157, "2": 3611, "n": 3348, "[C@H]": 2531, "3": 2438, "[C@@H]": 1862, "1": 763, "s": 476, ".": 395, "others": 312, "4": 210}}}