{"0.20": {"activatedMoleculePct": 0.2925196622609824, "activatedTokens": {"C": 407448, "c": 396683, "2": 55999, "S": 40945, "#": 33054, "3": 31930, "others": 9134, "n": 7821, "[N+]": 5330, "O": 5281, "[nH]": 5260, "/": 3327}}, "0.00": {"activatedMoleculePct": 0.7231530217886927, "activatedTokens": {"c": 1968996, "C": 1530764, "2": 230701, "3": 107554, "S": 84011, "n": 67688, "#": 57465, "others": 37754, "O": 30619, "[nH]": 20002, "[N+]": 16323, "o": 15406, "/": 10831, "s": 9616}}}