{"0.20": {"activatedMoleculePct": 1.391499985718816e-05, "activatedTokens": {"[Si]": 9, "1": 4, "3": 4, "[S@]": 1, "5": 1, "others": 0}}, "0.00": {"activatedMoleculePct": 0.0003918171012418771, "activatedTokens": {"1": 155, ")": 70, "[Si]": 64, "2": 59, "3": 59, "-": 54, "=": 43, "S": 15, "[C@@]": 11, "4": 5, "o": 5, "others": 5, "(": 4, "5": 3, "[S@]": 2, "s": 2, "N": 2, "[SiH]": 2, "#": 1}}}