{"0.20": {"activatedMoleculePct": 0.009197082537187836, "activatedTokens": {"[O-]": 13000, "others": 21}}, "0.00": {"activatedMoleculePct": 0.017029030351544162, "activatedTokens": {"[O-]": 23734, "others": 223, "F": 186, "2": 119, "#": 116, "Br": 55, "c": 52}}}