{"0.20": {"activatedMoleculePct": 0.9763789215582164, "activatedTokens": {"c": 1437029, "C": 945157, "n": 258824, "O": 207141, "(": 202252, "[C@H]": 78956, "2": 74444, "F": 61621, "[C@@H]": 58189, "N": 55834, "o": 46345, "=": 45726, "s": 36163, "others": 29670, "[nH]": 17072, "S": 12970, "Cl": 11206}}, "0.00": {"activatedMoleculePct": 0.9961462774079725, "activatedTokens": {"c": 2777790, "C": 1827554, "O": 444090, "n": 416367, "(": 395633, "N": 197712, "[C@H]": 167330, "F": 144135, "1": 135343, "2": 131130, "[C@@H]": 124820, ")": 83173, "=": 72006, "others": 70633, "o": 58397, "s": 52083, "S": 48046, "[nH]": 27359, "Cl": 18704}}}