{"0.20": {"activatedMoleculePct": 0.004918586265309246, "activatedTokens": {"I": 6801, "[I-]": 139, "[B]": 60, "others": 33}}, "0.00": {"activatedMoleculePct": 0.0050826367899413595, "activatedTokens": {"I": 6801, "[I-]": 171, "[B]": 127, "others": 62, "[NH3+]": 56, "[Br-]": 55, "[S-]": 26, "[NH2+]": 20, "[CH]": 16}}}