{"0.20": {"activatedMoleculePct": 4.9801052120462886e-05, "activatedTokens": {"[N-]": 54, "5": 4, "4": 3, "3": 2, "6": 2, "Cl": 1, "[Tl]": 1, "#": 1, "others": 0}}, "0.00": {"activatedMoleculePct": 0.0005009399948587738, "activatedTokens": {"[N-]": 152, ")": 101, "=": 70, "#": 65, "n": 63, "1": 55, ".": 44, "O": 40, "Cl": 28, "5": 22, "3": 19, "4": 19, "6": 14, "N": 14, "2": 11, "others": 7}}}