{"0.20": {"activatedMoleculePct": 0.001926861296013792, "activatedTokens": {"\\": 1173, "c": 435, "N": 272, "2": 200, "[N-]": 164, "n": 127, "1": 113, "4": 111, "=": 74, "3": 54, ")": 43, "O": 40, "[Cl-]": 31, "others": 26, "(": 25, "-": 20, "C": 18, "[C-]": 17, "[CH2-]": 17, "#": 7, "8": 7, "[NH-]": 6}}, "0.00": {"activatedMoleculePct": 0.012285480137070072, "activatedTokens": {"c": 6578, ")": 4365, "\\": 2246, "1": 1321, "n": 1275, "N": 1177, "(": 486, "=": 485, "2": 418, "-": 407, "O": 341, "[N-]": 252, "4": 233, "others": 170, "3": 156, "C": 152, "#": 68, "[C@H]": 52}}}