{"0.20": {"activatedMoleculePct": 0.0065261349330212465, "activatedTokens": {"2": 2965, "3": 2955, "1": 2114, "[N-]": 223, "[Si]": 219, "O": 179, "[C@@]": 175, ")": 160, "7": 131, "P": 115, "\\": 103, "others": 95, "4": 94, "/": 66, "5": 55, "[N+]": 38, "9": 31, "[B]": 24, "[CH2-]": 20, ".": 18, "N": 18, "[SiH]": 14, "6": 14, "[C@]": 13, "[C-]": 10, "I": 10, "(": 10, "[Li+]": 8, "%11": 8, "[Y]": 6, "S": 6, "B": 5}}, "0.00": {"activatedMoleculePct": 0.029915052587713934, "activatedTokens": {"1": 14513, "2": 12771, "3": 10089, "O": 3419, ")": 1247, "[C@@]": 740, "4": 568, "[N-]": 453, "\\": 451, "others": 435, "[Si]": 374, "7": 313, "P": 242, "5": 228, "/": 227, "(": 185, "9": 88, "[C@]": 81, "[N+]": 78, "o": 72, "N": 60, "6": 45, "F": 37}}}