{"0.20": {"activatedMoleculePct": 0.6006248567304291, "activatedTokens": {"[C@H]": 678040, "[C@@H]": 655893, "[C@]": 35013, "[C@@]": 32951, "others": 62}}, "0.00": {"activatedMoleculePct": 0.6836249014049023, "activatedTokens": {"[C@H]": 791429, "[C@@H]": 771281, "[C@]": 47358, "[C@@]": 46840, "others": 935}}}