{"0.20": {"activatedMoleculePct": 0.008135880705973856, "activatedTokens": {"/": 6871, "[nH]": 2303, ".": 1944, "[S@@]": 337, "c": 235, "[S@]": 208, "others": 119, "[CH]": 113, "\\": 83, "P": 65, "[cH-]": 64, "I": 53, "[N-]": 48, "[c-]": 37, "4": 36, "[n-]": 35, "2": 30, "S": 30, "o": 29, "s": 27, "n": 11}}, "0.00": {"activatedMoleculePct": 0.02383785949219039, "activatedTokens": {"/": 15824, "[nH]": 11257, ".": 3398, "c": 3111, ")": 1032, "[S@@]": 807, "[S@]": 474, "s": 381, "\\": 369, "others": 347, "S": 335, "o": 231, "I": 203, "2": 151, "P": 145, "[CH]": 131, "4": 104, "[N-]": 87, "[cH-]": 72, "[c-]": 64}}}