{"0.20": {"activatedMoleculePct": 0.7910450384603273, "activatedTokens": {"=": 1773548, "others": 25}}, "0.00": {"activatedMoleculePct": 0.8901440056011536, "activatedTokens": {"=": 2298537, "others": 469}}}