{"0.20": {"activatedMoleculePct": 0.7876768761264742, "activatedTokens": {"N": 1939046, "others": 1}}, "0.00": {"activatedMoleculePct": 0.9354182885575492, "activatedTokens": {"N": 2598825, "others": 516}}}