{"0.20": {"activatedMoleculePct": 0.26018339969811777, "activatedTokens": {"c": 1360674, "others": 305}}, "0.00": {"activatedMoleculePct": 0.5167657439068779, "activatedTokens": {"c": 3553023, "others": 6477}}}