{"0.20": {"activatedMoleculePct": 0.9249168578758533, "activatedTokens": {"(": 3464360, "others": 172}}, "0.00": {"activatedMoleculePct": 0.9842906975296482, "activatedTokens": {"(": 5247831, "others": 4004}}}