{"0.20": {"activatedMoleculePct": 0.9215435689631055, "activatedTokens": {"N": 2515790, "others": 82}}, "0.00": {"activatedMoleculePct": 0.9507782512946442, "activatedTokens": {"N": 2686986, "others": 1459}}}