{"0.20": {"activatedMoleculePct": 0.7968388049798123, "activatedTokens": {"O": 2033649, "others": 63}}, "0.00": {"activatedMoleculePct": 0.9345313904087568, "activatedTokens": {"O": 3072090, "others": 2284}}}