{"0.20": {"activatedMoleculePct": 0.328361772419445, "activatedTokens": {"C": 698043, "others": 693}}, "0.00": {"activatedMoleculePct": 0.7115713476970309, "activatedTokens": {"C": 1864025, "others": 10778}}}