{"0.20": {"activatedMoleculePct": 0.25694193709980645, "activatedTokens": {"c": 558022, "others": 1088}}, "0.00": {"activatedMoleculePct": 0.5986569828032573, "activatedTokens": {"c": 2005082, "others": 15233}}}