{"0.20": {"activatedMoleculePct": 0.43803174524125316, "activatedTokens": {"[C@@H]": 789346, "others": 1849}}, "0.00": {"activatedMoleculePct": 0.44008017969391394, "activatedTokens": {"[C@@H]": 789613, "others": 5785}}}