{"0.20": {"activatedMoleculePct": 0.7533148825317683, "activatedTokens": {"N": 1635489, "others": 319}}, "0.00": {"activatedMoleculePct": 0.9225857292155675, "activatedTokens": {"N": 2428448, "others": 3379}}}