{"0.20": {"activatedMoleculePct": 0.1299800136659946, "activatedTokens": {"=": 170680, "[C@@]": 29338, "others": 1342}}, "0.00": {"activatedMoleculePct": 0.39924624642878853, "activatedTokens": {"=": 637819, "[C@@]": 38172, "[C@H]": 6922, "others": 6266, "[C@]": 5777, "c": 4723, "O": 4522, "(": 1744}}}