{"0.20": {"activatedMoleculePct": 0.514351125247449, "activatedTokens": {"C": 1576498, "others": 1797}}, "0.00": {"activatedMoleculePct": 0.8064804351440166, "activatedTokens": {"C": 3567799, "others": 16862}}}