{"0.20": {"activatedMoleculePct": 0.4929864738877704, "activatedTokens": {"2": 767748, "3": 194383, "4": 7901, "others": 1851}}, "0.00": {"activatedMoleculePct": 0.7232431031035577, "activatedTokens": {"2": 1515165, "3": 516464, "4": 80371, "others": 16110}}}