{"0.20": {"activatedMoleculePct": 0.10670607785222709, "activatedTokens": {"c": 517429, "others": 532}}, "0.00": {"activatedMoleculePct": 0.2502041476952732, "activatedTokens": {"c": 1271304, "others": 10931}}}