{"0.20": {"activatedMoleculePct": 0.9794475452109331, "activatedTokens": {")": 5811557, "others": 3}}, "0.00": {"activatedMoleculePct": 0.9970463581882084, "activatedTokens": {")": 6210329, "others": 962}}}