{"0.20": {"activatedMoleculePct": 0.8964789923782419, "activatedTokens": {")": 2689079, "others": 175}}, "0.00": {"activatedMoleculePct": 0.943280995845274, "activatedTokens": {")": 3376493, "others": 3122}}}