{"0.20": {"activatedMoleculePct": 0.1008178358073959, "activatedTokens": {"2": 138915, "3": 7598, "4": 1824, "others": 870}}, "0.00": {"activatedMoleculePct": 0.269125618027395, "activatedTokens": {"2": 381222, "3": 36556, "4": 5811, "others": 3374}}}