{"0.20": {"activatedMoleculePct": 0.5615676492365426, "activatedTokens": {"n": 1641739, "others": 9}}, "0.00": {"activatedMoleculePct": 0.5650888765688247, "activatedTokens": {"n": 1693221, "others": 664}}}