{"0.20": {"activatedMoleculePct": 0.171845121657379, "activatedTokens": {"F": 471575, "[O-]": 32765, "others": 0}}, "0.00": {"activatedMoleculePct": 0.22747289687593605, "activatedTokens": {"F": 554528, "[O-]": 33160, "others": 526}}}