{"0.20": {"activatedMoleculePct": 0.9345804590924637, "activatedTokens": {"1": 1997320, "2": 1054875, "3": 450477, "4": 93592, "others": 13653}}, "0.00": {"activatedMoleculePct": 0.9917886853474319, "activatedTokens": {"1": 3121396, "2": 2062288, "3": 790692, "4": 158278, "others": 25074}}}