{"0.20": {"activatedMoleculePct": 0.32861151004846084, "activatedTokens": {"C": 1032353, "c": 195305, "O": 86739, "2": 85417, "n": 32292, "4": 31773, "(": 30408, "others": 7743}}, "0.00": {"activatedMoleculePct": 0.8070143317174845, "activatedTokens": {"C": 3768460, "c": 1312675, "(": 739923, "2": 482505, "O": 330216, "n": 162955, "4": 80945, "others": 49824, "=": 29781}}}