{"0.20": {"activatedMoleculePct": 0.5769993840781642, "activatedTokens": {"(": 1624188, "others": 1191}}, "0.00": {"activatedMoleculePct": 0.9172394397967532, "activatedTokens": {"(": 3789370, "others": 13050}}}