{"0.20": {"activatedMoleculePct": 0.5026559340516891, "activatedTokens": {"n": 1287280, "others": 27}}, "0.00": {"activatedMoleculePct": 0.558936249526707, "activatedTokens": {"n": 1640796, "others": 1182}}}