{"0.20": {"activatedMoleculePct": 0.6041372956417488, "activatedTokens": {"C": 1884687, "others": 1433}}, "0.00": {"activatedMoleculePct": 0.8949168505521692, "activatedTokens": {"C": 4406263, "others": 17313}}}