{"0.20": {"activatedMoleculePct": 0.13641167307366966, "activatedTokens": {"C": 646350, "others": 6230, "\\": 2625, "N": 2586}}, "0.00": {"activatedMoleculePct": 0.4523458858838185, "activatedTokens": {"C": 2286860, "c": 26686, "others": 20071, "N": 14793, "=": 8857, "\\": 5818, ")": 4940}}}