{"0.20": {"activatedMoleculePct": 0.001992774453232052, "activatedTokens": {"c": 2099, "[C@@H]": 558, "O": 406, ")": 359, "o": 278, "[C@H]": 159, "[N+]": 116, "S": 89, "(": 54, "\\": 53, "[S@]": 45, "others": 40, "[Si]": 34, "P": 25}}, "0.00": {"activatedMoleculePct": 0.028191057342249675, "activatedTokens": {")": 13329, "c": 10393, "(": 8305, "[C@@H]": 5927, "O": 5733, "[C@H]": 2667, "o": 1772, "[N+]": 709, "others": 373, "\\": 220, "S": 141}}}