{"0.20": {"activatedMoleculePct": 0.7098407611358448, "activatedTokens": {"C": 3237370, "others": 220}}, "0.00": {"activatedMoleculePct": 0.9689739445289516, "activatedTokens": {"C": 7966769, "others": 4166}}}