{"0.20": {"activatedMoleculePct": 0.9969562768733434, "activatedTokens": {"C": 11644843, "others": 108}}, "0.00": {"activatedMoleculePct": 0.9982716105440546, "activatedTokens": {"C": 13123729, "others": 4279}}}