{"0.20": {"activatedMoleculePct": 0.7039700959329385, "activatedTokens": {"1": 962281, "others": 66}}, "0.00": {"activatedMoleculePct": 0.8681890653001648, "activatedTokens": {"1": 1196292, "others": 1423}}}