{"0.20": {"activatedMoleculePct": 1.0985526203043284e-05, "activatedTokens": {"6": 10, "4": 4, "[O]": 1, "7": 1, "others": 0}}, "0.00": {"activatedMoleculePct": 0.00016405052463211304, "activatedTokens": {"4": 63, "6": 48, "c": 44, ")": 33, "5": 18, "[C@@H]": 12, "3": 8, "(": 4, "[O]": 3, "[S+]": 2, "=": 2, "others": 1}}}