{"0.20": {"activatedMoleculePct": 0.2946845432913955, "activatedTokens": {"1": 437870, "2": 153512, "3": 25364, "others": 3197}}, "0.00": {"activatedMoleculePct": 0.8088606324880093, "activatedTokens": {"1": 1386374, "2": 789777, "3": 211156, "4": 34650, "others": 17219}}}