{"0.20": {"activatedMoleculePct": 0.7384917458417952, "activatedTokens": {"(": 1619007, "others": 514}}, "0.00": {"activatedMoleculePct": 0.926924279697356, "activatedTokens": {"(": 2496900, "others": 7230}}}