{"0.20": {"activatedMoleculePct": 0.3748166332584609, "activatedTokens": {"2": 519651, "3": 147941, "4": 6589, "others": 5040}}, "0.00": {"activatedMoleculePct": 0.6104737471556642, "activatedTokens": {"2": 1068431, "3": 368106, "4": 37027, "1": 29806, "others": 11174}}}