{"0.20": {"activatedMoleculePct": 0.07155239400248858, "activatedTokens": {"2": 127324, "3": 28352, "4": 6885, "others": 1083, "5": 883}}, "0.00": {"activatedMoleculePct": 0.12869104525817085, "activatedTokens": {"2": 250768, "3": 64018, "4": 16726, "others": 3341, "1": 1677, "5": 1535}}}