{"0.20": {"activatedMoleculePct": 0.704435149875534, "activatedTokens": {"(": 2428564, "others": 330}}, "0.00": {"activatedMoleculePct": 0.9538007357373083, "activatedTokens": {"(": 4614434, "others": 6051}}}