{"0.20": {"activatedMoleculePct": 0.9847791872614767, "activatedTokens": {")": 5366782, "others": 6}}, "0.00": {"activatedMoleculePct": 0.9978841876532939, "activatedTokens": {")": 6187124, "others": 1337}}}