{"0.20": {"activatedMoleculePct": 0.02643923209707104, "activatedTokens": {"[N+]": 33823, "[O-]": 31101, "[N-]": 1465, "others": 671, "[C-]": 474, "[NH+]": 344, "[c-]": 319, "[Na+]": 290, "[Cl-]": 284, "[CH]": 208, "[NH2+]": 181, "[I-]": 152, "[CH2-]": 123, "[Br-]": 112, "[S-]": 109, "[O+]": 107, "[NH3+]": 99, "[K+]": 88, "7": 72, "[CH-]": 71, "[n-]": 63, "9": 59, "[nH+]": 54, "[Y]": 53, "[O-2]": 50, "[Li+]": 48, "[C]": 47, "[U+2]": 47}}, "0.00": {"activatedMoleculePct": 0.027743580241579045, "activatedTokens": {"[N+]": 33929, "[O-]": 33258, "[N-]": 2240, "7": 1659, "others": 764, "[NH+]": 497, "[C-]": 474, "3": 383, "[c-]": 320, "[Na+]": 290, "9": 286, "[Cl-]": 284, "[CH]": 244, "[n+]": 236, "[NH2+]": 219, "[I-]": 176, "[CH2-]": 123, "[Br-]": 114, "[S-]": 114, "[O+]": 114, "[nH]": 113, "[NH3+]": 104, "[nH+]": 94, "[K+]": 91, "[C]": 89, "[B-]": 83, "[cH-]": 83, "[CH-]": 77, "%11": 72, "[n-]": 69, "I": 66, "N": 64, "[B]": 56, "[Y]": 54, "[O-2]": 50, "5": 49, "[U+2]": 49, "[NH-]": 48, "[Li+]": 48, "2": 45, "[P+]": 44, "[W]": 40, "[CH3-]": 39, "%13": 35, "[Zn+2]": 34, "[OH-]": 33, "[Zr+2]": 32, "[CH2]": 32, "%10": 29, "[Pt+2]": 26}}}