{"0.20": {"activatedMoleculePct": 0.02539267763412778, "activatedTokens": {"O": 29752, "(": 3401, "S": 1568, "N": 550, "others": 251}}, "0.00": {"activatedMoleculePct": 0.07567343106545689, "activatedTokens": {"O": 89657, "(": 13094, "S": 3177, "N": 1222, "others": 701}}}