{"0.20": {"activatedMoleculePct": 0.264484599390816, "activatedTokens": {"N": 336304, "2": 96144, "3": 39041, "[N+]": 19788, "4": 15692, "others": 1796}}, "0.00": {"activatedMoleculePct": 0.740953968448104, "activatedTokens": {"N": 1296759, "2": 572587, "3": 157251, "4": 37838, "[N+]": 30687, "others": 4120}}}