{"0.20": {"activatedMoleculePct": 0.030547818897009228, "activatedTokens": {"-": 13269, "[C@@H]": 5695, "O": 5276, "F": 3266, "[C@@]": 2636, "[nH]": 2327, "#": 2214, "[C@]": 2082, "S": 1758, "[C@H]": 1568, "C": 1372, "Cl": 1075, "P": 692, "others": 463, "[O-]": 443, "2": 421, "[Si]": 283, "I": 139, "B": 124, "N": 76, "[B]": 68, "[S@]": 66, "(": 54, ")": 53, "[Na+]": 48, "[Br-]": 48, "[c-]": 45, "1": 44, "%13": 40, "[O-2]": 40, "[HH]": 39, "[B-]": 37, "[I-]": 36, "[CH2-]": 36, "[S@@]": 35, "[K+]": 34, "[NH+]": 34, "[S-]": 32, "[U+2]": 32, "[P+]": 31, "%12": 31, "[Li+]": 30, "[NH2+]": 29, "[CH3-]": 28, "[Cl+3]": 27, "4": 26, "=": 22, "[CH]": 21, "[n-]": 21, "%14": 21, ".": 21, "[Zr+2]": 20, "[Pt+2]": 19, "5": 19, "[Ir]": 18, "[Ni+2]": 17, "[Zn+2]": 17, "[NH3+]": 17, "[C]": 16, "[Ca+2]": 16, "[P-]": 16, "[Y]": 15}}, "0.00": {"activatedMoleculePct": 0.10189222027005353, "activatedTokens": {"-": 39366, "O": 25593, "[C@@H]": 23553, "F": 10764, "[nH]": 10472, "[C@H]": 9234, "#": 7980, "[C@@]": 7877, "S": 6696, "[C@]": 6580, "C": 3418, "Cl": 2819, "others": 1595, "2": 1541, "[O-]": 1066, "1": 1018, "P": 960, "c": 648, "(": 464, "[Si]": 400, ")": 367, "=": 353, "N": 331, "I": 315, "4": 305, "B": 181, "[S@]": 130, "5": 107, ".": 94, "3": 85, "[B]": 76, "[S@@]": 75, "6": 61, "[c-]": 60, "[NH+]": 58}}}