{"0.20": {"activatedMoleculePct": 0.035477390688521515, "activatedTokens": {"Br": 48904, "I": 1017, "others": 34}}, "0.00": {"activatedMoleculePct": 0.04566756479446447, "activatedTokens": {"Br": 61850, "I": 2433, "others": 490}}}