{"0.20": {"activatedMoleculePct": 0.9015206165370252, "activatedTokens": {"1": 2601638, "others": 18}}, "0.00": {"activatedMoleculePct": 0.985097767521365, "activatedTokens": {"1": 3418613, "others": 1061}}}