{"0.20": {"activatedMoleculePct": 0.03798135829440185, "activatedTokens": {"/": 29524, "[O-]": 26173, "[N+]": 23507, "\\": 7038, "[S@@]": 1808, "others": 699, "[N-]": 590, "[S@]": 545, "P": 526, "I": 324}}, "0.00": {"activatedMoleculePct": 0.05134195526254309, "activatedTokens": {"/": 41854, "[N+]": 30632, "[O-]": 30538, "\\": 9791, "[S@@]": 2712, "1": 1710, "[S@]": 1206, "others": 1189, "c": 1099, "P": 1033, "[N-]": 1033, "I": 919, "#": 891, "[n+]": 528, "F": 482, "[C@]": 398, "2": 285, "o": 216, ")": 197, "Cl": 179}}}