{"0.20": {"activatedMoleculePct": 0.661263496634401, "activatedTokens": {"2": 875376, "3": 369318, "4": 77920, "others": 11897}}, "0.00": {"activatedMoleculePct": 0.7653337805663112, "activatedTokens": {"2": 1143960, "3": 441104, "4": 95230, "5": 13439, "others": 4702}}}