{"0.20": {"activatedMoleculePct": 0.31931482540703204, "activatedTokens": {"N": 455495, "others": 119}}, "0.00": {"activatedMoleculePct": 0.5546145435184296, "activatedTokens": {"N": 878369, "others": 2058}}}