{"0.20": {"activatedMoleculePct": 0.8463893871028457, "activatedTokens": {"C": 1977172, "others": 274}}, "0.00": {"activatedMoleculePct": 0.9587420254234371, "activatedTokens": {"C": 2907063, "others": 10880}}}