{"0.20": {"activatedMoleculePct": 0.23010722605942585, "activatedTokens": {"1": 276601, "2": 64441, "others": 702}}, "0.00": {"activatedMoleculePct": 0.40134155245991565, "activatedTokens": {"1": 539038, "2": 148954, "c": 17535, "others": 5512}}}