{"0.20": {"activatedMoleculePct": 0.7537469798957547, "activatedTokens": {"C": 3033874, "c": 332346, "others": 3993}}, "0.00": {"activatedMoleculePct": 0.9181336616296808, "activatedTokens": {"C": 5147686, "c": 805052, ")": 78864, "others": 45384, "(": 17547}}}