{"0.20": {"activatedMoleculePct": 0.9321482635911099, "activatedTokens": {"O": 3162647, "others": 12}}, "0.00": {"activatedMoleculePct": 0.9552837817747191, "activatedTokens": {"O": 3415099, "others": 1767}}}