{"0.20": {"activatedMoleculePct": 0.901675878640695, "activatedTokens": {"N": 2352244, "others": 4}}, "0.00": {"activatedMoleculePct": 0.951146632606653, "activatedTokens": {"N": 2686343, "others": 414}}}