{"0.20": {"activatedMoleculePct": 0.3787340719024661, "activatedTokens": {"n": 858531, "others": 3}}, "0.00": {"activatedMoleculePct": 0.5319982745400177, "activatedTokens": {"n": 1519352, "others": 799}}}