{"0.20": {"activatedMoleculePct": 0.3932686554375059, "activatedTokens": {"c": 1860294, "others": 588}}, "0.00": {"activatedMoleculePct": 0.6888598708248592, "activatedTokens": {"c": 4274712, "others": 11861}}}