{"0.20": {"activatedMoleculePct": 0.8410665334732645, "activatedTokens": {"N": 2013101, "others": 3}}, "0.00": {"activatedMoleculePct": 0.9498818323564759, "activatedTokens": {"N": 2632628, "others": 482}}}