{"0.20": {"activatedMoleculePct": 0.7991904399556771, "activatedTokens": {"2": 2014550, "3": 858483, "4": 162364, "others": 9254}}, "0.00": {"activatedMoleculePct": 0.8009012525696977, "activatedTokens": {"2": 2580758, "3": 985970, "4": 197158, "others": 26299}}}