{"0.20": {"activatedMoleculePct": 0.0012318436715679202, "activatedTokens": {"Cl": 400, "2": 342, ".": 302, "[C@H]": 186, "c": 177, "[C@@H]": 146, ")": 96, "O": 75, "N": 65, "[N+]": 59, "1": 56, "n": 55, "=": 52, "S": 42, "4": 34, "F": 32, "[C-]": 27, "(": 25, "P": 22, "others": 22, "[O+]": 20, "[n+]": 16, "o": 15, "\\": 11, "#": 9, "Br": 7, "I": 6, "6": 5, "[O-]": 5, "[Cl-]": 5, "[CH2-]": 3, "[I-]": 2, "-": 2, "[K+]": 2, "[Na+]": 2, "B": 2}}, "0.00": {"activatedMoleculePct": 0.05491151891011862, "activatedTokens": {"2": 17982, ")": 16688, "n": 7152, "(": 6125, "=": 5923, "N": 5130, "c": 5107, "1": 4956, "Cl": 3759, "[C@H]": 2688, "[C@@H]": 2565, "F": 2564, "o": 2146, "[N+]": 2015, "C": 1977, "others": 712, "S": 596, "4": 537, ".": 525, "\\": 367}}}