{"0.20": {"activatedMoleculePct": 4.467447322570935e-05, "activatedTokens": {"[c-]": 17, "3": 15, "2": 13, ".": 10, "1": 5, "[Y]": 2, "[U+2]": 2, "[N-]": 1, "c": 1, "others": 0}}, "0.00": {"activatedMoleculePct": 0.0006679199931450316, "activatedTokens": {"c": 213, ".": 202, ")": 150, "3": 96, "[nH]": 89, "1": 67, "F": 39, "[c-]": 31, "2": 17, "S": 16, "o": 11, "[N+]": 10, "[N-]": 10, "others": 7, "[Y]": 5, "(": 4, "O": 3}}}