{"0.20": {"activatedMoleculePct": 0.29623277011761107, "activatedTokens": {"2": 882015, "others": 103}}, "0.00": {"activatedMoleculePct": 0.6808404366966376, "activatedTokens": {"2": 1928720, "others": 986}}}