{"0.20": {"activatedMoleculePct": 0.5838572819025174, "activatedTokens": {"1": 797547, "others": 46}}, "0.00": {"activatedMoleculePct": 0.7817930282921242, "activatedTokens": {"1": 1075497, "others": 1909}}}