{"0.20": {"activatedMoleculePct": 0.9764668057678407, "activatedTokens": {"(": 5120701, "others": 22}}, "0.00": {"activatedMoleculePct": 0.9955054550461282, "activatedTokens": {"(": 6130844, "others": 942}}}