{"0.20": {"activatedMoleculePct": 0.2751896284914749, "activatedTokens": {"2": 444071, "F": 36755, "c": 29569, "Br": 29286, "=": 21303, "s": 7745, "C": 7736, "others": 2108}}, "0.00": {"activatedMoleculePct": 0.580705900619071, "activatedTokens": {"2": 1030953, "c": 329991, "=": 266615, "F": 155275, "C": 136166, "Br": 53749, "s": 37631, "others": 18998}}}