{"0.20": {"activatedMoleculePct": 0.01924957138138598, "activatedTokens": {"1": 21496, "2": 7376, "[C@]": 1814, "[C@@]": 601, "4": 510, "others": 161}}, "0.00": {"activatedMoleculePct": 0.13634502754803787, "activatedTokens": {"1": 180034, "2": 39717, "[C@]": 6049, "[C@@]": 2580, "others": 2132}}}