{"0.20": {"activatedMoleculePct": 0.016895006931867036, "activatedTokens": {"2": 23800, "(": 2842, ")": 602, "N": 322, "5": 298, "1": 291, "others": 259, "6": 257, "4": 229, "[S@@]": 214, "S": 149, "o": 134, "s": 125, "3": 113, "[N-]": 85, "8": 75, "P": 70}}, "0.00": {"activatedMoleculePct": 0.08326516204017334, "activatedTokens": {"2": 121550, "(": 14853, ")": 4214, "N": 1777, "o": 1385, "others": 1326, "1": 882, "[S@@]": 643, "5": 540, "4": 512, "6": 440, "S": 344, "3": 326}}}