{"0.20": {"activatedMoleculePct": 0.3898755925775926, "activatedTokens": {"1": 1150430, "others": 83}}, "0.00": {"activatedMoleculePct": 0.7882759534887468, "activatedTokens": {"1": 2371955, "others": 2681}}}