{"0.20": {"activatedMoleculePct": 0.003550522068823589, "activatedTokens": {"2": 763, "1": 609, "[N+]": 469, "C": 441, "c": 365, "[C@@]": 356, "3": 339, "-": 325, "4": 291, "I": 286, ")": 223, "[O-]": 123, "[C@H]": 123, "F": 114, "Br": 109, "[nH]": 72, ".": 65, "others": 54, "s": 45, "Cl": 43, "[NH+]": 33, "5": 32, "[Cl-]": 30, "[I-]": 28, "N": 28, "(": 24, "[C@@H]": 21, "[nH+]": 18, "/": 13, "[S+]": 11, "[o+]": 10, "[C]": 10, "[S@]": 9, "[NH2+]": 9, "p": 9, "[se]": 8, "[CH]": 7, "[NH3+]": 7, "[Br-]": 6, "[s+]": 5, "[NH-]": 5, "[n-]": 4, "[c]": 4, "[Se]": 4, "[Si-]": 3, "[SH+]": 3, "b": 3, "[NH]": 3, "[I+]": 3, "[S-]": 3, "o": 3, "O": 3, "[cH-]": 3, "[CH+]": 3, "[p+]": 3}}, "0.00": {"activatedMoleculePct": 0.02075971505009766, "activatedTokens": {"c": 5734, "1": 5048, "2": 4382, "-": 2522, "[N+]": 2253, "F": 1876, "C": 1824, "3": 1798, "[C@@]": 1535, "[C@H]": 1179, "Br": 882, "I": 796, "4": 676, ")": 612, "(": 556, "[nH]": 531, "Cl": 465, "[O-]": 441, "others": 347, "s": 342, "N": 299, ".": 160, "[C@@H]": 152, "/": 102, "5": 58, "[NH+]": 51, "[I-]": 36, "O": 35, "o": 33}}}