{"0.20": {"activatedMoleculePct": 0.8371198000927178, "activatedTokens": {"N": 2104526, "others": 0}}, "0.00": {"activatedMoleculePct": 0.9422805805923835, "activatedTokens": {"N": 2641555, "others": 109}}}