{"0.20": {"activatedMoleculePct": 0.27720950057600774, "activatedTokens": {"F": 489737, "[nH]": 78947, "#": 37384, "o": 11897, "others": 346}}, "0.00": {"activatedMoleculePct": 0.39423464937496017, "activatedTokens": {"F": 564533, "[nH]": 128207, "o": 106016, "#": 71106, "others": 7406}}}