{"0.20": {"activatedMoleculePct": 0.9913763619306111, "activatedTokens": {"(": 6141423, "others": 4}}, "0.00": {"activatedMoleculePct": 0.9977084192340452, "activatedTokens": {"(": 6220250, "others": 2201}}}