{"0.20": {"activatedMoleculePct": 0.011254305410811075, "activatedTokens": {"O": 5339, "(": 3000, "2": 2831, "[C@@H]": 1864, "S": 1295, "[O-]": 517, "[S@@]": 495, "[C@H]": 241, "n": 239, "[n+]": 184, "[nH]": 179, "others": 169, "1": 167, "[S@]": 163, "[Si]": 116, "[NH+]": 112, "[c-]": 77, "/": 73, "3": 68, "[N-]": 66, "[C]": 53, "C": 51, "P": 42, "[P+]": 32, "[n-]": 30, "[CH]": 29, "[B-]": 28, "N": 27, "[V]": 26, "[C-]": 23, "[N+]": 21, "[cH-]": 20, "[O+]": 17}}, "0.00": {"activatedMoleculePct": 0.05990480675360856, "activatedTokens": {"(": 45741, "O": 16929, "2": 15577, "[C@@H]": 10723, "S": 4775, "n": 3335, "[C@H]": 1977, "C": 1429, "[O-]": 1144, "others": 1048, "[S@@]": 962, ")": 908, "[nH]": 866, "[S@]": 473, "1": 443, "/": 394, "3": 346, "[n+]": 302, "[Si]": 199, "N": 193, "[NH+]": 146, "[N+]": 136}}}