{"0.20": {"activatedMoleculePct": 0.03745185593141516, "activatedTokens": {"3": 54925, "4": 899, "others": 29}}, "0.00": {"activatedMoleculePct": 0.08806437225407618, "activatedTokens": {"3": 135150, "4": 7842, "others": 592}}}