{"0.20": {"activatedMoleculePct": 0.961843605654763, "activatedTokens": {"O": 3456403, "others": 18589}}, "0.00": {"activatedMoleculePct": 0.9712743137158689, "activatedTokens": {"O": 3456454, "-": 155327, "S": 22477, "others": 22076}}}