{"0.20": {"activatedMoleculePct": 0.29911683693011665, "activatedTokens": {"(": 575425, "others": 2419}}, "0.00": {"activatedMoleculePct": 0.6076944090262942, "activatedTokens": {"(": 1513326, "others": 14406, "c": 2905}}}