{"0.20": {"activatedMoleculePct": 0.7469476715444844, "activatedTokens": {"2": 2064796, "3": 616055, "4": 114686, "others": 16100}}, "0.00": {"activatedMoleculePct": 0.7996240020564905, "activatedTokens": {"2": 2572373, "3": 934963, "4": 184193, "others": 28736}}}