{"0.20": {"activatedMoleculePct": 0.5947322204751166, "activatedTokens": {"=": 1276688, "others": 36}}, "0.00": {"activatedMoleculePct": 0.8262360730991561, "activatedTokens": {"=": 2124186, "others": 2849}}}