{"0.20": {"activatedMoleculePct": 0.27137765089901883, "activatedTokens": {"O": 212793, "=": 134776, "F": 122207, "N": 97312, "Cl": 39247, "[C@@H]": 32823, "[C@H]": 28044, "o": 26544, "S": 24035, "[nH]": 23978, "s": 23177, "-": 12419, "[O-]": 9384, "others": 7831, "[N+]": 6724, "#": 6559, "Br": 6351, ".": 3849, "/": 1700}}, "0.00": {"activatedMoleculePct": 0.5540989561553001, "activatedTokens": {"O": 377491, "=": 282088, "F": 260924, "N": 173430, "[C@@H]": 137986, "Cl": 99722, "[C@H]": 82532, "o": 80874, "s": 79945, "S": 77096, "[nH]": 55021, "-": 34327, "Br": 22024, "(": 21979, "n": 21543, "[O-]": 21178, "#": 19759, "[N+]": 16536, "C": 16267, "others": 15510, "/": 7754, ".": 6204, "[C@@]": 5692, ")": 5172, "[C@]": 4696, "1": 4284}}}