{"0.20": {"activatedMoleculePct": 0.9096264701380441, "activatedTokens": {"O": 3077154, "others": 5}}, "0.00": {"activatedMoleculePct": 0.9530537199555013, "activatedTokens": {"O": 3415515, "others": 254}}}