{"0.20": {"activatedMoleculePct": 0.4069683389811144, "activatedTokens": {"C": 1374495, "others": 617}}, "0.00": {"activatedMoleculePct": 0.7503121720362698, "activatedTokens": {"C": 2697998, "others": 10279}}}