{"0.20": {"activatedMoleculePct": 0.4553097808533996, "activatedTokens": {"n": 1280303, "others": 8}}, "0.00": {"activatedMoleculePct": 0.5556486477183429, "activatedTokens": {"n": 1667065, "others": 528}}}