{"0.20": {"activatedMoleculePct": 0.9871498638160935, "activatedTokens": {"(": 5556716, "others": 18}}, "0.00": {"activatedMoleculePct": 0.9973122079223221, "activatedTokens": {"(": 6178361, "others": 3264}}}