{"0.20": {"activatedMoleculePct": 0.14649711849647695, "activatedTokens": {"[C@@H]": 88223, "[C@H]": 80290, "S": 29169, "[C@@]": 18058, "[C@]": 9092, "#": 2819, "[S@]": 2544, "[Si]": 2043, "others": 845}}, "0.00": {"activatedMoleculePct": 0.4530533537712945, "activatedTokens": {"[C@@H]": 309470, "[C@H]": 303010, "S": 97994, "[C@@]": 40483, "[C@]": 29992, "#": 27300, "others": 6804, "[N+]": 5247, "[S@]": 3963, "Cl": 2548, "[Si]": 2088, "-": 1528}}}