{"0.20": {"activatedMoleculePct": 0.9959939447779569, "activatedTokens": {")": 5117014, "others": 60}}, "0.00": {"activatedMoleculePct": 0.998068744493505, "activatedTokens": {")": 6177254, "others": 1914}}}