{"0.20": {"activatedMoleculePct": 0.012700733027545109, "activatedTokens": {"Cl": 23409, "Br": 515, "others": 232, "[N-]": 168}}, "0.00": {"activatedMoleculePct": 0.032156099933134764, "activatedTokens": {"Cl": 52395, "-": 2590, "Br": 2343, "[N+]": 1387, "F": 590, ")": 512, "others": 505, "c": 501, "[O-]": 397, "[N-]": 329, "I": 186, "O": 171, "S": 166, "s": 150}}}