{"0.20": {"activatedMoleculePct": 0.20666557787895853, "activatedTokens": {"1": 362776, "3": 52794, "=": 20590, "[C@@H]": 19965, "O": 17796, "N": 16010, "c": 12014, "C": 6510, "others": 4263, "[C@H]": 3887, "s": 2818, "[n+]": 1660}}, "0.00": {"activatedMoleculePct": 0.6391196052827198, "activatedTokens": {"1": 1259569, "C": 506461, "c": 330669, "3": 222860, "=": 166798, "O": 139867, "N": 103766, "[C@@H]": 79895, "[C@H]": 31888, "(": 27666, "others": 23220, "s": 21180, "n": 13106, "o": 7957, "-": 6858}}}