{"0.20": {"activatedMoleculePct": 0.10220127974056581, "activatedTokens": {"C": 163953, "others": 74}}, "0.00": {"activatedMoleculePct": 0.6448071783822421, "activatedTokens": {"C": 1541579, "others": 11794}}}