{"0.20": {"activatedMoleculePct": 0.6784265504056223, "activatedTokens": {")": 1548146, "others": 264}}, "0.00": {"activatedMoleculePct": 0.8950757744979065, "activatedTokens": {")": 2574743, "others": 7316}}}