{"0.20": {"activatedMoleculePct": 0.5442691073088171, "activatedTokens": {"=": 1064459, "others": 0}}, "0.00": {"activatedMoleculePct": 0.8629694756168922, "activatedTokens": {"=": 2227968, "others": 12}}}