{"0.20": {"activatedMoleculePct": 1.4647368270724378e-06, "activatedTokens": {"5": 3, "others": 0}}, "0.00": {"activatedMoleculePct": 0.0008671242016268832, "activatedTokens": {"c": 478, "1": 290, "N": 193, "3": 191, "(": 93, ")": 53, "5": 52, "[N+]": 28, "4": 25, "others": 11}}}