{"0.20": {"activatedMoleculePct": 0.14410666799469474, "activatedTokens": {"[C@H]": 248252, "[C@@H]": 230523, "O": 37428, "[C@@]": 13458, "others": 5025}}, "0.00": {"activatedMoleculePct": 0.3138096120424803, "activatedTokens": {"[C@H]": 411978, "[C@@H]": 372879, "O": 372063, "[C@@]": 27577, "F": 15454, "[C@]": 15329, "1": 9919, "others": 3793}}}