{"0.20": {"activatedMoleculePct": 0.7083203643093436, "activatedTokens": {"C": 1587557, "others": 208}}, "0.00": {"activatedMoleculePct": 0.9233400686815099, "activatedTokens": {"C": 2724288, "others": 1548}}}