{"0.20": {"activatedMoleculePct": 0.3751125100975295, "activatedTokens": {"F": 473845, "o": 152531, "[nH]": 104888, "#": 29384, "[O-]": 23264, "others": 4054}}, "0.00": {"activatedMoleculePct": 0.4397740496970558, "activatedTokens": {"F": 557411, "o": 173400, "[nH]": 132783, "#": 65037, "[O-]": 31169, "others": 7870, "[N+]": 7006, "[S@]": 3255}}}