{"0.20": {"activatedMoleculePct": 0.5523537222258433, "activatedTokens": {"n": 1627928, "others": 51}}, "0.00": {"activatedMoleculePct": 0.5633429102709543, "activatedTokens": {"n": 1683739, "others": 3687}}}