{"0.20": {"activatedMoleculePct": 0.9994104434271034, "activatedTokens": {"C": 10481958, "1": 2605119, "2": 2602596, "3": 941206, "4": 192718, "others": 29526}}, "0.00": {"activatedMoleculePct": 0.9998857505274884, "activatedTokens": {"C": 13063932, "1": 4000597, "2": 2656184, "3": 996638, "4": 202646, "others": 44724}}}