{"0.20": {"activatedMoleculePct": 0.00454800784805992, "activatedTokens": {"N": 2833, ".": 1243, "#": 352, "F": 334, "4": 208, "3": 198, "s": 175, "S": 137, "6": 126, "Br": 97, "c": 90, "1": 90, "C": 71, "2": 71, "8": 70, "others": 66, "I": 59, "[C@H]": 41, "%10": 36, "[I-]": 34, "[CH]": 34, "[N-]": 33, "(": 33, "5": 26, ")": 23, "[O-]": 22, "9": 22, "[B]": 21, "%11": 20, "[S+]": 17, "[c-]": 14, "[Si]": 13, "%12": 12, "7": 9, "[C-]": 7, "[N+]": 7, "O": 7, "%13": 7, "[Cl-]": 6, "=": 6, "[C]": 6, "[OH2+]": 6, "[Tl]": 6, "[B-]": 4, "%14": 4, "%17": 4, "[SiH2]": 4, "[Se]": 4, "[OH+]": 4, "[nH+]": 4, "[CH+]": 4, "[SiH]": 3, "[Si-]": 3, "[Ru]": 3, "%15": 3, "[S-]": 3}}, "0.00": {"activatedMoleculePct": 0.03330591834238663, "activatedTokens": {"N": 29006, ")": 2658, ".": 2332, "F": 2009, "C": 1782, "#": 1770, "3": 1489, "c": 1338, "s": 1304, "4": 977, "[C@H]": 861, "S": 838, "Br": 688, "2": 669, "others": 477, "1": 434, "(": 427, "6": 380, "I": 142, "8": 139, "O": 128, "5": 107, "=": 92, "[N-]": 73, "/": 56, "[O-]": 54, "%10": 51, "[CH]": 43, "[I-]": 39, "9": 36}}}