{"0.20": {"activatedMoleculePct": 0.0006415547302577278, "activatedTokens": {"3": 362, "=": 225, "[nH]": 72, "O": 63, "4": 52, "2": 47, "[B]": 35, "I": 30, "o": 27, "[C@@H]": 25, "1": 11, "(": 10, "others": 10, "N": 7, "[I-]": 7, "B": 6, "-": 5, "F": 4, "Br": 4, "[Si]": 3, "[C]": 3, "[CH]": 2, "[Se]": 2, "[NH3+]": 2, "[SiH2]": 2, "[C@H]": 2, "[n-]": 1, "[NH-]": 1, "[O-]": 1, ".": 1, "[Cl+3]": 1, "[NH2+]": 1, "#": 1, "[W]": 1}}, "0.00": {"activatedMoleculePct": 0.006217075462508962, "activatedTokens": {"=": 4485, "3": 1179, "[nH]": 1089, "O": 999, "[C@@H]": 604, "(": 498, "o": 359, "4": 112, "others": 98, "[C@]": 96, "2": 90, "I": 80, "N": 75, "[B]": 63, "-": 43, "1": 37, "[C@H]": 37, "n": 33, "B": 20, ")": 16, "[S@@]": 14, "/": 13, "Br": 13}}}