{"0.20": {"activatedMoleculePct": 0.029515179433923157, "activatedTokens": {"O": 41982, "[C@H]": 6339, "[nH]": 498, "others": 473, "\\": 447, "[N-]": 204}}, "0.00": {"activatedMoleculePct": 0.09434516376856279, "activatedTokens": {"O": 115402, "[C@H]": 34405, "[nH]": 4016, "\\": 2172, "C": 1729, "others": 1319, "[C@@H]": 824, "s": 725, ".": 455}}}