{"0.20": {"activatedMoleculePct": 0.556289470080187, "activatedTokens": {"c": 958773, "C": 757476, "s": 60820, "o": 59068, "others": 14996, "[C@H]": 13043, "[C@@H]": 7994, "F": 7589, "O": 4208}}, "0.00": {"activatedMoleculePct": 0.7822837151291935, "activatedTokens": {"c": 1550102, "C": 1531216, "s": 89390, "o": 86529, ")": 76785, "F": 54990, "=": 31765, "others": 31186, "O": 30807, "[C@H]": 28992, "[C@@H]": 20346, "(": 20148, "N": 16383, "1": 8644}}}