{"0.20": {"activatedMoleculePct": 0.022296223981696648, "activatedTokens": {"1": 30794, "others": 257}}, "0.00": {"activatedMoleculePct": 0.061376867264816365, "activatedTokens": {"1": 77330, "(": 4974, "N": 3218, "n": 2000, "F": 1560, "=": 1555, "c": 1317, "2": 889, "[O-]": 804, "others": 749, "O": 744, ")": 694, "[N+]": 359}}}