{"0.20": {"activatedMoleculePct": 0.08719505094720868, "activatedTokens": {"2": 93546, "3": 58545, "4": 11212, "others": 637}}, "0.00": {"activatedMoleculePct": 0.2202429558975065, "activatedTokens": {"2": 284360, "3": 91169, "4": 28382, "others": 2696}}}