{"0.20": {"activatedMoleculePct": 0.529891250614274, "activatedTokens": {"(": 1314582, "others": 1131}}, "0.00": {"activatedMoleculePct": 0.9265976433849189, "activatedTokens": {"(": 3809778, "others": 13065}}}