{"0.20": {"activatedMoleculePct": 0.6168226489326096, "activatedTokens": {"2": 1040967, "3": 407201, "4": 61850, "others": 2536}}, "0.00": {"activatedMoleculePct": 0.7871942453419538, "activatedTokens": {"2": 1996611, "3": 809301, "4": 156148, "others": 15303}}}