{"0.20": {"activatedMoleculePct": 0.11873083483407827, "activatedTokens": {"N": 80036, "1": 54928, "2": 40658, "C": 16538, ")": 8657, "3": 6442, "c": 5388, "others": 2109, "=": 769, "O": 727, "n": 548}}, "0.00": {"activatedMoleculePct": 0.423935118017508, "activatedTokens": {"1": 317768, "C": 254962, "N": 250590, "2": 155099, ")": 152106, "c": 51213, "3": 34306, "=": 25099, "O": 12087, "others": 9722, "(": 6690, "n": 3529, "[C@@H]": 3343}}}