{"0.20": {"activatedMoleculePct": 0.9801564778352362, "activatedTokens": {"1": 1622960, "2": 1032969, "3": 426635, "F": 209918, "S": 159331, "4": 83157, "-": 81441, "Cl": 81018, "Br": 48669, "#": 42126, "others": 32228, "[N+]": 30310, "/": 29545, "s": 19360, "[nH]": 12635, "[O-]": 11513, "5": 10684}}, "0.00": {"activatedMoleculePct": 0.9954454008362182, "activatedTokens": {"1": 2092339, "2": 1272671, "F": 518039, "3": 504785, "S": 221211, "-": 172439, "Cl": 164079, "4": 107384, "s": 86400, "[nH]": 83607, "#": 75467, "Br": 66757, "/": 44818, "others": 44484, "o": 36098, "[N+]": 33704, "[O-]": 31629, "5": 16770, "\\": 11584}}}