{"0.20": {"activatedMoleculePct": 0.6096227350591351, "activatedTokens": {"=": 1444982, "others": 285}}, "0.00": {"activatedMoleculePct": 0.8542879804428339, "activatedTokens": {"=": 2204388, "others": 1660}}}