{"0.20": {"activatedMoleculePct": 0.6294779751185156, "activatedTokens": {"(": 1895437, "others": 1233}}, "0.00": {"activatedMoleculePct": 0.8580523540884101, "activatedTokens": {"(": 3167262, "others": 9242}}}