{"0.20": {"activatedMoleculePct": 0.022992706342969592, "activatedTokens": {"[N+]": 31211, "[O-]": 25283, "[n+]": 662, "others": 45}}, "0.00": {"activatedMoleculePct": 0.024396656591718524, "activatedTokens": {"[N+]": 31964, "[O-]": 29656, "[n+]": 906, "others": 517, ")": 351, "S": 142}}}