{"0.20": {"activatedMoleculePct": 0.15302984474522002, "activatedTokens": {"2": 85085, "1": 52146, "n": 29108, "3": 27415, "O": 12350, "[C@H]": 9501, "s": 2179, "others": 1895, "[nH]": 1803, "o": 1766, "[C@@H]": 1588, "4": 1465, "[C@]": 1091, "#": 599, "N": 583}}, "0.00": {"activatedMoleculePct": 0.530832344025668, "activatedTokens": {"1": 328539, "n": 221190, "2": 220292, "O": 178622, "3": 64473, "N": 38267, "[C@H]": 36890, "=": 34687, "s": 33626, "S": 26556, "[nH]": 19025, "(": 14949, "[C@@H]": 13952, "o": 12458, "others": 10970, "-": 10035, "c": 9399, "F": 8602, "#": 4860, "4": 3918}}}