{"0.20": {"activatedMoleculePct": 0.6609771405847082, "activatedTokens": {"=": 787332, "[C@H]": 364211, "[C@@H]": 336553, "n": 301031, "S": 112672, "-": 89297, "[C@]": 41898, "o": 35879, "[C@@]": 33834, "s": 25040, "#": 24604, "[nH]": 22563, "/": 15312, "others": 13949}}, "0.00": {"activatedMoleculePct": 0.9309933186029633, "activatedTokens": {"=": 1756126, "[C@H]": 654604, "[C@@H]": 628521, "n": 624827, "S": 201066, "-": 163952, "o": 133836, "s": 101289, "[nH]": 88934, "#": 52280, "[C@]": 50157, "[C@@]": 47934, "others": 42158, "/": 34333, "Cl": 17922, "[N+]": 14639}}}