{"0.20": {"activatedMoleculePct": 0.08657400253252998, "activatedTokens": {")": 91642, "C": 23786, "N": 11343, "O": 10305, "Cl": 7237, "F": 6428, "n": 2602, "others": 1493, "2": 1202, "I": 984, ".": 877, "3": 816, "#": 643, "=": 530, "s": 324, "[C@@H]": 277, "5": 174, "[nH]": 116}}, "0.00": {"activatedMoleculePct": 0.5991820909557628, "activatedTokens": {")": 1012785, "C": 563119, "O": 122306, "F": 68782, "N": 53616, "n": 45569, "Cl": 31872, "=": 18745, "others": 16932, "(": 14516, "2": 10039, "s": 9339, "1": 7662, "[C@@H]": 5303, "#": 5029, "3": 4208, "o": 3976}}}