{"0.20": {"activatedMoleculePct": 0.8267912083566166, "activatedTokens": {"c": 7174044, "others": 269}}, "0.00": {"activatedMoleculePct": 0.9010233383842342, "activatedTokens": {"c": 9894216, "others": 6100}}}