{"0.20": {"activatedMoleculePct": 0.9554024254577119, "activatedTokens": {"N": 2704421, "others": 6640}}, "0.00": {"activatedMoleculePct": 0.9869806867125667, "activatedTokens": {"N": 2704421, "n": 1077866, "[C@H]": 307696, "[C@@H]": 250106, "Cl": 160744, "-": 159232, "others": 35186, "[N+]": 29551, "/": 19245}}}