{"0.20": {"activatedMoleculePct": 0.5211929109667043, "activatedTokens": {"n": 1458567, "others": 1}}, "0.00": {"activatedMoleculePct": 0.5623820429123948, "activatedTokens": {"n": 1679104, "others": 782}}}