{"0.20": {"activatedMoleculePct": 0.06818496403704906, "activatedTokens": {"4": 111163, "5": 12893, "6": 5100, "7": 1919, "8": 826, "others": 544}}, "0.00": {"activatedMoleculePct": 0.07119939242716412, "activatedTokens": {"4": 176740, "5": 21944, "6": 5100, "7": 1955, "others": 1302, "8": 826}}}