{"0.20": {"activatedMoleculePct": 0.5081091492588797, "activatedTokens": {"2": 431469, "3": 300014, "1": 123147, "4": 28276, "others": 1371}}, "0.00": {"activatedMoleculePct": 0.7804161756746761, "activatedTokens": {"2": 849051, "3": 529612, "1": 376102, "4": 63032, ")": 12546, "others": 8502}}}