{"0.20": {"activatedMoleculePct": 0.14909629399611699, "activatedTokens": {"c": 264915, "n": 18165, "s": 10978, "O": 7817, "C": 4335, "others": 2344, "F": 2063, "[C@H]": 1803, "N": 1289, "[C@@H]": 1104, "=": 1088}}, "0.00": {"activatedMoleculePct": 0.43320324029080887, "activatedTokens": {"c": 956585, "n": 104642, "C": 88229, "s": 43827, "O": 42617, "=": 16714, "N": 15697, "F": 15458, ")": 13593, "others": 9883, "[C@H]": 9832, "[C@@H]": 6347, "[C@]": 4507}}}