{"0.20": {"activatedMoleculePct": 0.09730905873814387, "activatedTokens": {"2": 138117, "others": 126}}, "0.00": {"activatedMoleculePct": 0.21972590379754994, "activatedTokens": {"2": 351664, "others": 2939}}}