{"0.20": {"activatedMoleculePct": 0.09360400693406414, "activatedTokens": {"O": 200412, "others": 117}}, "0.00": {"activatedMoleculePct": 0.2473486432508955, "activatedTokens": {"O": 563247, ")": 28376, "others": 3611}}}