{"0.20": {"activatedMoleculePct": 0.36350886495346163, "activatedTokens": {"=": 609532, "others": 100}}, "0.00": {"activatedMoleculePct": 0.8159770563623407, "activatedTokens": {"=": 1900667, "others": 1620}}}