{"0.20": {"activatedMoleculePct": 0.025577966842752445, "activatedTokens": {"1": 45744, "2": 40267, "3": 34263, "O": 27215, "(": 23381, "4": 20088, "N": 15617, "=": 15313, "5": 8099, "n": 6372, "F": 5218, "/": 3829, "-": 3470, "Cl": 2972, "S": 2725, "others": 2678, "c": 2197, "6": 1811, "7": 1656, "[N+]": 1532, "[O-]": 1369, "s": 1305, "\\": 1108, "[N-]": 1052, "P": 733, "Br": 722, "[nH]": 618, "[Si]": 588, "[S@@]": 528, "[C@@H]": 524, "o": 464, "C": 429, "I": 415, "[C@H]": 396, "8": 342, "[n+]": 246, "9": 232, "B": 206, "[Na+]": 198, "[C-]": 159, "[P+]": 150, "[c-]": 148}}, "0.00": {"activatedMoleculePct": 0.2594539607582357, "activatedTokens": {"(": 366910, "1": 323496, "2": 222440, "C": 217842, "=": 165787, "3": 162368, "O": 153197, "N": 136865, "n": 109496, "F": 86457, "c": 80636, "4": 61996, "S": 61650, "Cl": 55278, "-": 53124, "[C@H]": 38791, "[C@@H]": 36794, "/": 27727, "others": 24779, "[N+]": 19061, "5": 17990, "s": 16034, "Br": 13654, "[O-]": 13118, "[nH]": 11814, "o": 10337, "\\": 9197, "6": 3827}}}