{"0.20": {"activatedMoleculePct": 0.01246051618790523, "activatedTokens": {"\\": 12892, "6": 5100, "[N-]": 2368, "7": 1968, "8": 826, "9": 328, "others": 210, "%10": 160, "%11": 100}}, "0.00": {"activatedMoleculePct": 0.013743625648420684, "activatedTokens": {"\\": 12892, "6": 5100, "[N-]": 2382, "7": 1968, "4": 1241, "8": 826, "9": 328, "others": 241, "[O-]": 217, "/": 186, "%10": 160, "[C-]": 121, "%11": 100, "[CH2-]": 68, "%12": 58, "%13": 48, "[Y]": 36, "%14": 28, "[c-]": 27, "[CH]": 22}}}