{"0.20": {"activatedMoleculePct": 0.5098368063464117, "activatedTokens": {"C": 2519868, "others": 161}}, "0.00": {"activatedMoleculePct": 0.9457900900300491, "activatedTokens": {"C": 6828827, "others": 2680}}}