{"0.20": {"activatedMoleculePct": 0.6275276780332686, "activatedTokens": {"N": 1268271, "others": 292}}, "0.00": {"activatedMoleculePct": 0.8765248825830341, "activatedTokens": {"N": 2208140, "others": 4303}}}