{"0.20": {"activatedMoleculePct": 0.015851381942577923, "activatedTokens": {"C": 23591, "c": 15665, "1": 9354, "n": 8953, "(": 8371, "O": 6879, "S": 5048, "N": 4645, ")": 4095, "F": 3711, "2": 3607, "=": 3229, "-": 1881, "Cl": 1850, "s": 1744, "[nH]": 1680, "[C@H]": 1643, "o": 1486, "Br": 1479, "[C@@H]": 1455, "3": 1255, "others": 1108, "7": 1083, "I": 1004, ".": 923, "#": 813, "[O-]": 490, "[N+]": 294, "9": 288, "8": 278, "4": 186, "%10": 135, "[N-]": 117, "/": 103, "[n+]": 93, "%11": 81, "5": 80}}, "0.00": {"activatedMoleculePct": 0.11276349700058516, "activatedTokens": {"C": 277229, "c": 265167, "(": 145710, "1": 94641, ")": 78917, "n": 52986, "O": 39709, "=": 28687, "S": 26015, "2": 24267, "N": 23752, "F": 23731, "[C@H]": 13258, "o": 12021, "-": 12017, "[C@@H]": 10670, "[nH]": 10209, "others": 9723, "3": 9618, "s": 9409, "Cl": 5449, "Br": 5380, "#": 4607, "I": 3092, "4": 2936, "[O-]": 2669, ".": 2279}}}