{"0.20": {"activatedMoleculePct": 0.08417769308343946, "activatedTokens": {"s": 118223, "others": 35}}, "0.00": {"activatedMoleculePct": 0.1097856870311469, "activatedTokens": {"s": 154445, "others": 1373}}}