{"0.20": {"activatedMoleculePct": 0.002897249443949282, "activatedTokens": {"1": 2070, "[C@H]": 776, "3": 717, "=": 596, "N": 257, "F": 228, "O": 205, "c": 198, "(": 169, ")": 168, "o": 161, ".": 154, "[C@]": 148, "5": 65, "others": 62, "[n+]": 49, "7": 45, "s": 40, "[C@@H]": 32, "Br": 25, "[C]": 20, "[CH]": 17, "[P+]": 15, "P": 14, "[S+]": 11, "n": 9, "[Ni+2]": 8, "[Si]": 7, "C": 7, "p": 6, "[Al]": 6, "[Pd+2]": 6, "[B-]": 5, "B": 5, "[Mo]": 4, "[Se]": 4, "[NH+]": 4, "[OH+]": 4, "[Sb]": 4, "[Ni]": 3, "[O+]": 3, "[PH+]": 3, "[Fe]": 3, "[Ru]": 3, "[Pt+2]": 3, "[Ge]": 3, "[cH-]": 3, "[Ru+2]": 3, "[Fe+3]": 3, "[Rh]": 2, "[Mn+2]": 2, "[Sn+]": 2, "[Pb]": 2, "[Te+]": 2, "[S-]": 2, "[Cl+3]": 2, "[S@@]": 2, "[o+]": 2, "[Tl]": 2, "[P@]": 2, "[Si-]": 2}}, "0.00": {"activatedMoleculePct": 0.013336428810494546, "activatedTokens": {"1": 10375, "=": 5000, "[C@H]": 4725, "F": 2163, "(": 1878, "c": 1850, ")": 1819, "3": 1529, "N": 1138, "O": 1006, "o": 849, "[C@]": 642, ".": 448, "others": 338, "s": 249, "[C@@H]": 238, "Br": 180, "n": 172, "7": 116, "5": 113, "C": 93, "[n+]": 90, "P": 25, "[CH]": 24, "[P+]": 23}}}