{"0.20": {"activatedMoleculePct": 0.254071785287158, "activatedTokens": {"3": 502300, "4": 183359, "5": 18821, "6": 4851, "others": 2798}}, "0.00": {"activatedMoleculePct": 0.34040410624322104, "activatedTokens": {"3": 939224, "4": 200531, "5": 24956, "others": 8901}}}