{"0.20": {"activatedMoleculePct": 0.36124438181880764, "activatedTokens": {"[C@@H]": 601626, "others": 56}}, "0.00": {"activatedMoleculePct": 0.42182516461811015, "activatedTokens": {"[C@@H]": 740665, "others": 2744}}}