{"0.20": {"activatedMoleculePct": 0.05733565835892351, "activatedTokens": {"c": 88216, "C": 47900, "n": 45069, "[nH]": 28910, "o": 2724, "O": 2342, "others": 1822, "Cl": 1253, "=": 1000, "1": 728, "s": 709, "N": 626, "2": 543}}, "0.00": {"activatedMoleculePct": 0.24519694485192609, "activatedTokens": {"c": 565913, "C": 452608, "n": 142147, "[nH]": 65507, ")": 14856, "1": 12692, "others": 11575, "2": 10317, "O": 10156, "(": 9278, "=": 9210, "o": 7596, "Cl": 4218}}}