{"0.20": {"activatedMoleculePct": 6.95749992859408e-05, "activatedTokens": {".": 66, "4": 16, "[Si]": 4, "2": 3, "[N+]": 3, "I": 1, "[K+]": 1, "3": 1, "[C-]": 1, "others": 0}}, "0.00": {"activatedMoleculePct": 0.0012157315664701235, "activatedTokens": {".": 431, "1": 380, ")": 319, "=": 83, "C": 76, "2": 72, "3": 71, "4": 44, "F": 38, "c": 30, "/": 28, "[Si]": 28, "S": 26, "(": 18, "others": 17, "I": 13, "#": 13, "[N+]": 13, "[C@@H]": 8}}}