{"0.20": {"activatedMoleculePct": 0.8846856638150682, "activatedTokens": {"N": 2345685, "others": 30}}, "0.00": {"activatedMoleculePct": 0.947689853694762, "activatedTokens": {"N": 2659756, "others": 445}}}