{"0.20": {"activatedMoleculePct": 0.5610608502943755, "activatedTokens": {"[C@H]": 620328, "[C@@H]": 590254, "others": 2031}}, "0.00": {"activatedMoleculePct": 0.6657983218510172, "activatedTokens": {"[C@H]": 783108, "[C@@H]": 764093, "others": 10507, "[C@]": 9440}}}