{"0.20": {"activatedMoleculePct": 0.10076071107114007, "activatedTokens": {"Cl": 160824, "others": 340}}, "0.00": {"activatedMoleculePct": 0.11437910172084606, "activatedTokens": {"Cl": 179945, "Br": 1861, "I": 1002, "others": 844}}}