{"0.20": {"activatedMoleculePct": 0.1379042399004565, "activatedTokens": {"Cl": 141200, "Br": 69121, "others": 1272}}, "0.00": {"activatedMoleculePct": 0.15809783416689066, "activatedTokens": {"Cl": 178206, "Br": 69153, "I": 1820, "others": 1246}}}