{"0.20": {"activatedMoleculePct": 0.09021094407415084, "activatedTokens": {"c": 429378, "others": 3433}}, "0.00": {"activatedMoleculePct": 0.2647607022827191, "activatedTokens": {"c": 1476036, "others": 14734, "C": 4641, "#": 2741}}}