{"0.20": {"activatedMoleculePct": 0.03846398907892222, "activatedTokens": {"[C@]": 51046, "[C@@]": 2237, "others": 0}}, "0.00": {"activatedMoleculePct": 0.05847229413673172, "activatedTokens": {"[C@]": 51046, "[C@@]": 30202, "others": 32}}}