{"0.20": {"activatedMoleculePct": 0.39275380044278996, "activatedTokens": {"2": 521277, "3": 203840, "others": 5643}}, "0.00": {"activatedMoleculePct": 0.6600602153309609, "activatedTokens": {"2": 1029775, "3": 391533, "4": 28454, "others": 13664, "5": 4722}}}