{"0.20": {"activatedMoleculePct": 0.11888682930616148, "activatedTokens": {"n": 143741, "o": 25611, "s": 16249, "[nH]": 8621, "others": 319}}, "0.00": {"activatedMoleculePct": 0.1863797051924188, "activatedTokens": {"n": 235252, "o": 44188, "s": 28326, "[nH]": 19444, "others": 2677}}}