{"0.20": {"activatedMoleculePct": 0.06771624825238587, "activatedTokens": {"N": 40942, "3": 17171, "[C@H]": 9096, "1": 8225, "O": 7899, "[C@@H]": 6725, "Cl": 4270, "=": 3332, "4": 2273, "2": 1503, "/": 1420, ")": 1274, "others": 1134, "C": 944, "[O-]": 940, "5": 881, "7": 829, "6": 797, ".": 631, "8": 584, "P": 508, "n": 332, "I": 298, "-": 268, "o": 267, "[Si]": 216, "9": 196, "S": 193, "[N-]": 151, "[C@]": 131, "F": 122, "%10": 121, "[nH]": 115, "\\": 114, "B": 99, "(": 98, "[C-]": 91, "[Na+]": 84, "[C@@]": 82, "c": 78, "%11": 70, "[P+]": 64, "[I-]": 55, "[B-]": 53, "[NH+]": 53, "[Cl-]": 44, "#": 41, "[NH2+]": 38, "[CH3-]": 37, "%12": 36, "[Br-]": 35, "[V]": 35, "[c-]": 33, "[cH-]": 32, "[B]": 31, "[Li+]": 31, "[n-]": 31, "[Sn]": 30, "[NH4+]": 29, "[Zn+2]": 29, "[Cl+3]": 28, "%13": 28, "[Zr+2]": 27, "s": 27, "[NH3+]": 26, "[S+]": 25, "[n+]": 25}}, "0.00": {"activatedMoleculePct": 0.39135204729928164, "activatedTokens": {"3": 208118, ")": 173540, "N": 150884, "1": 115116, "2": 100524, "O": 71229, "=": 71228, "4": 54899, "[C@H]": 50282, "[C@@H]": 41028, "(": 24824, "Cl": 24300, "C": 17450, "others": 11780, "F": 10925, "5": 9720, "[O-]": 8174, "/": 7751, "n": 5231, "o": 3826, "c": 3459, "-": 2916, "6": 2733, ".": 2061, "[nH]": 1756, "S": 1607, "[C@]": 1510, "#": 1392}}}