{"0.20": {"activatedMoleculePct": 0.9578434093800282, "activatedTokens": {"=": 2376741, "S": 212767, "Cl": 188267, "-": 183048, "s": 162813, "F": 89547, "Br": 69099, "[N+]": 33940, "others": 27618, "[O-]": 26734, "\\": 12590}}, "0.00": {"activatedMoleculePct": 0.9744066534205633, "activatedTokens": {"=": 2386795, "F": 558941, "S": 237574, "Cl": 188519, "-": 183567, "s": 163586, "o": 98588, "[nH]": 81494, "Br": 69156, "others": 38237, "[N+]": 33941, "[O-]": 32746, "\\": 12883, ".": 10743, "#": 8743, "I": 6798, ")": 6244}}}