{"0.20": {"activatedMoleculePct": 0.33684626049026206, "activatedTokens": {"c": 1193347, "others": 179}}, "0.00": {"activatedMoleculePct": 0.5064767000651076, "activatedTokens": {"c": 2206239, "others": 18757}}}