{"0.20": {"activatedMoleculePct": 0.1039845968275265, "activatedTokens": {"F": 59744, "1": 53403, "3": 34670, "2": 17985, "C": 14258, "[C@H]": 1719, "others": 1520, "[O-]": 1398, "Cl": 1019, "c": 836, ".": 805, "O": 592}}, "0.00": {"activatedMoleculePct": 0.327674810847548, "activatedTokens": {"F": 221696, "1": 195106, "C": 134663, "3": 94984, "2": 42898, "[C@H]": 8657, "others": 6912, "Cl": 5379, "[O-]": 5374, "c": 4720, "O": 3847}}}