{"0.20": {"activatedMoleculePct": 0.19039015462494316, "activatedTokens": {"O": 261374, "others": 654}}, "0.00": {"activatedMoleculePct": 0.2797962258126177, "activatedTokens": {"O": 393512, "others": 3862, "S": 979, "F": 842, "=": 838}}}