{"0.20": {"activatedMoleculePct": 0.9999992676315864, "activatedTokens": {"C": 13228891, "c": 10346640, "(": 6221377, ")": 6040744, "O": 3396740, "1": 2429256, "N": 1819910, "=": 1646581, "n": 1454618, "2": 1364008, "3": 491628, "others": 461176, "F": 452198, "[C@@H]": 306313, "[C@H]": 246278, "o": 88333}}, "0.00": {"activatedMoleculePct": 0.9999992676315864, "activatedTokens": {"C": 13228891, "c": 10350234, "(": 6223948, ")": 6223460, "1": 3982028, "O": 3456376, "N": 2638049, "2": 2598318, "=": 2361896, "n": 1671565, "3": 973454, "[C@@H]": 714951, "[C@H]": 682999, "F": 566357, "others": 563801, "S": 221780, "4": 199804, "Cl": 168223, "-": 163060, "o": 150378}}}