{"0.20": {"activatedMoleculePct": 0.13282672968940987, "activatedTokens": {"1": 111371, "Cl": 34716, "#": 32614, "Br": 27004, "[O-]": 13585, "[N+]": 8795, "[nH]": 2999, "[N-]": 2281, "F": 1580, "-": 1263, "others": 1138}}, "0.00": {"activatedMoleculePct": 0.3250778324531486, "activatedTokens": {"1": 427947, "Cl": 69434, "#": 53750, "Br": 48981, "[O-]": 28635, "[N+]": 19772, "F": 16525, "-": 16012, "[nH]": 14183, "others": 6081, "s": 3742, "[N-]": 2317, "I": 1473, "S": 1287, "[S@]": 1132}}}