{"0.20": {"activatedMoleculePct": 0.16765817143719244, "activatedTokens": {"Cl": 178589, "/": 50041, "[N+]": 28676, "[O-]": 23757, "#": 22416, "\\": 10346, "1": 8167, "others": 2830, "I": 1164}}, "0.00": {"activatedMoleculePct": 0.41465454548117703, "activatedTokens": {"1": 552449, "Cl": 186134, "3": 72768, "#": 54521, "/": 50041, ")": 43041, "=": 37575, "C": 33609, "[O-]": 32043, "[N+]": 31456, "c": 30029, "2": 24420, "F": 21137, "4": 15078, "\\": 12838, "others": 10772, "(": 9662, "Br": 3610}}}