{"0.20": {"activatedMoleculePct": 0.3433680012128021, "activatedTokens": {"2": 1058326, "others": 86}}, "0.00": {"activatedMoleculePct": 0.40570353873093734, "activatedTokens": {"2": 1217359, "others": 2650}}}