{"0.20": {"activatedMoleculePct": 0.4113200720943466, "activatedTokens": {"F": 418928, "o": 146271, "s": 122134, "[nH]": 48811, "Br": 37134, "#": 32467, "others": 2988}}, "0.00": {"activatedMoleculePct": 0.5185585817832146, "activatedTokens": {"F": 548240, "o": 172344, "s": 156595, "[nH]": 109052, "#": 68583, "Br": 59549, "others": 8763, "[O-]": 3487}}}