{"0.20": {"activatedMoleculePct": 0.9965498124038309, "activatedTokens": {")": 5298045, "others": 261}}, "0.00": {"activatedMoleculePct": 0.9983682831746413, "activatedTokens": {")": 6194295, "others": 3801}}}