{"0.20": {"activatedMoleculePct": 0.313803753095172, "activatedTokens": {"3": 728137, "4": 170225, "5": 10248, "others": 2782}}, "0.00": {"activatedMoleculePct": 0.3422460128032646, "activatedTokens": {"3": 963456, "4": 196171, "5": 23258, "others": 6482}}}