{"0.20": {"activatedMoleculePct": 0.8689221660821146, "activatedTokens": {"n": 1169432, "[C@H]": 679999, "[C@@H]": 588833, "Cl": 130111, "o": 108451, "[nH]": 96279, "s": 91131, "[C@]": 40910, "Br": 38019, "#": 34200, "[C@@]": 33326, "others": 28061}}, "0.00": {"activatedMoleculePct": 0.9296267191433047, "activatedTokens": {"n": 1648456, "[C@H]": 789940, "[C@@H]": 748978, "Cl": 177745, "o": 169778, "s": 153828, "[nH]": 136594, "#": 74798, "Br": 62679, "[C@]": 49622, "[C@@]": 45988, "/": 37325, "others": 27537, "[O-]": 20106}}}