{"0.20": {"activatedMoleculePct": 0.9704298929350617, "activatedTokens": {"=": 2312253, "n": 1695659, "others": 6}}, "0.00": {"activatedMoleculePct": 0.9737182271118392, "activatedTokens": {"=": 2374459, "n": 1698434, "others": 2530}}}