{"0.20": {"activatedMoleculePct": 0.002484926027128391, "activatedTokens": {"N": 447, "P": 425, "[Si]": 352, "2": 344, "O": 266, "o": 262, ".": 233, "S": 229, "n": 188, "[N+]": 152, "1": 107, "C": 96, "[NH+]": 87, "[O-]": 59, "[n+]": 57, "[C@@H]": 50, "=": 36, "B": 36, "others": 34, "[P+]": 25, "[NH2+]": 20, "[nH+]": 19, "(": 8, "F": 7, ")": 6, "[C]": 5, "[I-]": 5, "[Se]": 3}}, "0.00": {"activatedMoleculePct": 0.019337455591010324, "activatedTokens": {"o": 5398, "n": 3675, "O": 3028, "C": 3027, "2": 2831, "N": 2291, "[N+]": 1405, ")": 1163, "S": 922, "1": 758, "P": 660, "[C@@H]": 626, ".": 554, "[Si]": 496, "(": 449, "c": 429, "=": 285, "others": 268, "[O-]": 210, "[NH+]": 147, "[n+]": 143, "F": 140}}}