{"0.20": {"activatedMoleculePct": 0.09172767905858435, "activatedTokens": {"3": 118446, "4": 25815, "5": 9886, "2": 1512, "others": 1421, ".": 1342}}, "0.00": {"activatedMoleculePct": 0.321416722753881, "activatedTokens": {"3": 681883, "4": 137233, "5": 21674, "2": 13193, "others": 8206, ".": 4523}}}