{"0.20": {"activatedMoleculePct": 0.6253737825290585, "activatedTokens": {"1": 1520722, "others": 190}}, "0.00": {"activatedMoleculePct": 0.951988123913806, "activatedTokens": {"1": 2615355, "others": 1610}}}