{"0.20": {"activatedMoleculePct": 0.9960518018826262, "activatedTokens": {"C": 12380440, "others": 21}}, "0.00": {"activatedMoleculePct": 0.9978424426537224, "activatedTokens": {"C": 13137981, "others": 3109}}}