{"0.20": {"activatedMoleculePct": 0.6869154326869206, "activatedTokens": {"C": 1704972, "(": 578989, "N": 338502, "=": 160012, "-": 72112, "[nH]": 29610, "s": 23353, "others": 16534, "n": 15870}}, "0.00": {"activatedMoleculePct": 0.9641827903675977, "activatedTokens": {"C": 4652351, "(": 2298345, "N": 836651, "=": 685672, "-": 124907, "n": 82056, "others": 69543, "[nH]": 64093, "s": 58307, "O": 29714}}}