{"0.20": {"activatedMoleculePct": 0.27320051588031047, "activatedTokens": {"F": 535420, "Cl": 118831, "Br": 18602, "others": 4626}}, "0.00": {"activatedMoleculePct": 0.3374219020633015, "activatedTokens": {"F": 568687, "Cl": 172034, "Br": 51594, "[O-]": 19657, "others": 4610}}}