{"0.20": {"activatedMoleculePct": 0.236793017306598, "activatedTokens": {"N": 387895, "others": 369}}, "0.00": {"activatedMoleculePct": 0.5583166658488553, "activatedTokens": {"N": 1051527, "others": 6707}}}