{"0.20": {"activatedMoleculePct": 0.13037476024089062, "activatedTokens": {"=": 225781, "others": 519}}, "0.00": {"activatedMoleculePct": 0.3091004831434424, "activatedTokens": {"=": 567573, "c": 12696, "others": 5854, "(": 5290, "#": 2584, "1": 1834}}}