{"0.20": {"activatedMoleculePct": 2.9294736541448757e-06, "activatedTokens": {"O": 3, "(": 1, "others": 0}}, "0.00": {"activatedMoleculePct": 8.348999914312895e-05, "activatedTokens": {"O": 49, "(": 40, "1": 27, "others": 0}}}