{"0.20": {"activatedMoleculePct": 0.4422765525661091, "activatedTokens": {"[C@H]": 806645, "others": 3347}}, "0.00": {"activatedMoleculePct": 0.44383063833963293, "activatedTokens": {"[C@H]": 806851, "others": 6314}}}