{"0.20": {"activatedMoleculePct": 0.9402782853497755, "activatedTokens": {"N": 1989736, "O": 1949100, "others": 202}}, "0.00": {"activatedMoleculePct": 0.9873805598663574, "activatedTokens": {"O": 3190023, "N": 2589525, "others": 5800}}}