{"0.20": {"activatedMoleculePct": 0.7673924681767615, "activatedTokens": {"=": 1929349, "others": 34}}, "0.00": {"activatedMoleculePct": 0.8883592237773659, "activatedTokens": {"=": 2348988, "others": 1665}}}