{"0.20": {"activatedMoleculePct": 0.29034599280960693, "activatedTokens": {"3": 694638, "4": 9205, "5": 9179, "others": 529}}, "0.00": {"activatedMoleculePct": 0.34084206255451566, "activatedTokens": {"3": 951098, "4": 78206, "5": 22048, "others": 3339}}}