{"0.20": {"activatedMoleculePct": 0.30093896954299476, "activatedTokens": {"[C@H]": 219537, "[C@@H]": 146655, "-": 16973, "[nH]": 16097, "[C@]": 11049, "n": 10561, "Cl": 8787, "others": 4369, "O": 3868, "(": 3552, "[C@@]": 3409, "#": 3156, "=": 2026, "N": 934, "o": 833}}, "0.00": {"activatedMoleculePct": 0.5226195646362729, "activatedTokens": {"[C@H]": 360232, "[C@@H]": 258254, "n": 65599, "-": 34806, "[nH]": 33945, "Cl": 30535, "[C@]": 24490, "(": 22298, "O": 17555, "#": 11780, "[C@@]": 11440, "others": 8735, "=": 4428, "o": 4287, "1": 4078, "Br": 3483, "F": 3020, "N": 3008, "s": 2878}}}