{"0.20": {"activatedMoleculePct": 0.9460669252903657, "activatedTokens": {")": 4488120, "others": 133}}, "0.00": {"activatedMoleculePct": 0.9961272358292205, "activatedTokens": {")": 6032760, "others": 1832}}}