{"0.20": {"activatedMoleculePct": 0.0993457752961881, "activatedTokens": {"s": 140724, "others": 7}}, "0.00": {"activatedMoleculePct": 0.11216075779624485, "activatedTokens": {"s": 159108, "others": 533}}}