{"0.20": {"activatedMoleculePct": 0.10891709809269294, "activatedTokens": {"o": 155872, "others": 2}}, "0.00": {"activatedMoleculePct": 0.12056175586791883, "activatedTokens": {"o": 172005, "others": 959}}}