{"0.20": {"activatedMoleculePct": 0.0008554063070103036, "activatedTokens": {"[N-]": 1177, "others": 8}}, "0.00": {"activatedMoleculePct": 0.002067476031412746, "activatedTokens": {"[N-]": 1398, "Br": 664, "[O-]": 253, "#": 186, "=": 183, "c": 67, "O": 46, "-": 34, "N": 33, "others": 25, "n": 15, "S": 10, "2": 9, "\\": 8, "Cl": 8}}}