{"0.20": {"activatedMoleculePct": 0.9979479037052715, "activatedTokens": {"C": 12680925, "others": 101}}, "0.00": {"activatedMoleculePct": 0.9983631565957466, "activatedTokens": {"C": 13191896, "others": 5648}}}