{"0.20": {"activatedMoleculePct": 0.19868642401348144, "activatedTokens": {"O": 283385, "#": 4228, "others": 2587}}, "0.00": {"activatedMoleculePct": 0.36194379365373475, "activatedTokens": {"O": 571844, "o": 12825, "#": 11755, "others": 5677, "F": 5105, "[C@@H]": 1605, "[S@]": 1326, ".": 1143, ")": 942, "n": 864, "[nH]": 708, "S": 656}}}