{"0.20": {"activatedMoleculePct": 0.80842999986085, "activatedTokens": {"=": 1970502, "others": 23}}, "0.00": {"activatedMoleculePct": 0.8935788134606385, "activatedTokens": {"=": 2349133, "others": 676}}}