{"0.20": {"activatedMoleculePct": 0.8994150573481087, "activatedTokens": {"=": 2363540, "others": 117}}, "0.00": {"activatedMoleculePct": 0.9012284015400243, "activatedTokens": {"=": 2386072, "others": 2963}}}