{"0.20": {"activatedMoleculePct": 0.8848760796025876, "activatedTokens": {"C": 1999977, "c": 1002347, "n": 142909, "others": 28411, "o": 23430, "O": 20520, "[C@@H]": 9111, "Cl": 8509}}, "0.00": {"activatedMoleculePct": 0.9625269053845923, "activatedTokens": {"C": 2780101, "c": 1692315, "n": 237521, "1": 129918, "O": 70397, "others": 46064, "o": 40751, ")": 23617, "=": 22674, "Cl": 21055, "[C@@H]": 20901, "[C@H]": 15457, "F": 8179}}}