{"0.20": {"activatedMoleculePct": 0.18377393837705694, "activatedTokens": {"O": 312663, "S": 26512, "others": 915}}, "0.00": {"activatedMoleculePct": 0.42741460035021855, "activatedTokens": {"O": 909124, "S": 60619, "others": 5626, "-": 5309}}}