{"0.20": {"activatedMoleculePct": 0.1545480444664806, "activatedTokens": {")": 319756, "others": 343}}, "0.00": {"activatedMoleculePct": 0.7749380599414252, "activatedTokens": {")": 2129895, "others": 9043}}}