{"0.20": {"activatedMoleculePct": 0.13519154729671834, "activatedTokens": {"N": 180897, "n": 81405, "O": 3905, "s": 3407, "others": 2282, "C": 2177, ".": 1192, "[C@H]": 1096, "S": 676, "1": 532}}, "0.00": {"activatedMoleculePct": 0.3142878486165194, "activatedTokens": {"N": 472069, "n": 193715, "s": 18187, "C": 16045, "O": 11657, "[C@H]": 11026, "others": 6941, "1": 3362, ".": 2405, "S": 1831, "c": 1461, "(": 1237, ")": 1118, "#": 1062}}}