{"0.20": {"activatedMoleculePct": 0.04917194765323527, "activatedTokens": {"2": 46807, "1": 26175, "others": 674}}, "0.00": {"activatedMoleculePct": 0.14376758141922746, "activatedTokens": {"1": 155297, "2": 112755, "3": 2378, "others": 1440}}}