{"0.20": {"activatedMoleculePct": 0.9931589466491582, "activatedTokens": {"C": 11594097, "others": 25}}, "0.00": {"activatedMoleculePct": 0.9979398476527226, "activatedTokens": {"C": 13103259, "others": 1239}}}