{"0.20": {"activatedMoleculePct": 0.7318447701205405, "activatedTokens": {"1": 1628874, "others": 27}}, "0.00": {"activatedMoleculePct": 0.9413790350753204, "activatedTokens": {"1": 2268425, "others": 3593}}}