{"0.20": {"activatedMoleculePct": 0.19238439381500227, "activatedTokens": {"s": 155007, "[nH]": 128376, "others": 700}}, "0.00": {"activatedMoleculePct": 0.20473212526722293, "activatedTokens": {"s": 162617, "[nH]": 140215, "others": 2934}}}