{"0.20": {"activatedMoleculePct": 0.18106490761538646, "activatedTokens": {"c": 339032, "others": 1230}}, "0.00": {"activatedMoleculePct": 0.3716930819747289, "activatedTokens": {"c": 814948, "others": 6941, "n": 2388, "C": 1361}}}