{"0.20": {"activatedMoleculePct": 0.5855746858322598, "activatedTokens": {"N": 1170692, "others": 1155}}, "0.00": {"activatedMoleculePct": 0.8813255575337641, "activatedTokens": {"N": 2189277, "others": 11626}}}