{"0.20": {"activatedMoleculePct": 0.9940831955870408, "activatedTokens": {"C": 11172115, "others": 147}}, "0.00": {"activatedMoleculePct": 0.9974652729207512, "activatedTokens": {"C": 13022579, "others": 4866}}}