{"0.20": {"activatedMoleculePct": 0.2081771862844973, "activatedTokens": {"s": 163605, "[nH]": 142202, "others": 2468, "[N-]": 2347, ".": 1292, "\\": 1234}}, "0.00": {"activatedMoleculePct": 0.21654303067232153, "activatedTokens": {"s": 163607, "[nH]": 142495, "\\": 7806, ".": 3770, "others": 3055, "[N-]": 2388, "I": 1558, "[N+]": 1186, "/": 1138, "3": 921, "Br": 873, "Cl": 782, "[C-]": 417}}}