{"0.20": {"activatedMoleculePct": 0.5570079234938661, "activatedTokens": {"n": 1636808, "others": 21}}, "0.00": {"activatedMoleculePct": 0.5644839402592438, "activatedTokens": {"n": 1692547, "others": 618}}}