{"0.20": {"activatedMoleculePct": 0.9547052107280255, "activatedTokens": {"N": 2702242, "others": 77}}, "0.00": {"activatedMoleculePct": 0.9552962320377492, "activatedTokens": {"N": 2704146, "others": 1724}}}