{"0.20": {"activatedMoleculePct": 0.4459413241074443, "activatedTokens": {"C": 1220388, "others": 814}}, "0.00": {"activatedMoleculePct": 0.787773548757061, "activatedTokens": {"C": 2606035, "others": 9209}}}