{"0.20": {"activatedMoleculePct": 0.5347204879331319, "activatedTokens": {"c": 2729328, "others": 2302}}, "0.00": {"activatedMoleculePct": 0.8428893984545561, "activatedTokens": {"c": 7031688, "others": 21767}}}