{"0.20": {"activatedMoleculePct": 0.6325326837713751, "activatedTokens": {"(": 1249440, "others": 589}}, "0.00": {"activatedMoleculePct": 0.8236720512833657, "activatedTokens": {"(": 2064107, "others": 6203}}}