{"0.20": {"activatedMoleculePct": 0.12788397526645393, "activatedTokens": {"Cl": 147476, "/": 29996, "[O-]": 16704, "\\": 12869, "others": 1943, ".": 1295}}, "0.00": {"activatedMoleculePct": 0.15468646209663894, "activatedTokens": {"Cl": 177843, "/": 45235, "[O-]": 30431, "\\": 12892, ".": 5153, "others": 2520, "I": 1902, "[N-]": 546, "[N+]": 469, "[NH+]": 423}}}