{"0.20": {"activatedMoleculePct": 0.0035146360165603146, "activatedTokens": {"2": 1525, "=": 698, "3": 570, "4": 437, "F": 378, "1": 325, "C": 308, "N": 298, "[C@H]": 260, "n": 186, "O": 176, "s": 145, "[N-]": 131, "Cl": 109, "(": 65, "[O-]": 59, "others": 59, "[CH2-]": 35, "Br": 28, "6": 26, "I": 22, "[NH2+]": 22, "5": 21, "#": 19, "c": 11, "[Li+]": 11, "[CH]": 9, "[Y]": 9, ")": 9, "[U+2]": 9, "[cH-]": 8, "[CH2]": 8, "[NH3+]": 7, "%17": 5, "[Ir]": 5, "[B]": 5, "[CH-]": 5, "[Na]": 4, "[Fe+2]": 4}}, "0.00": {"activatedMoleculePct": 0.022250817140057402, "activatedTokens": {"2": 9951, "[C@H]": 3881, "1": 3880, "=": 3550, "F": 2549, "O": 2461, "3": 2242, "N": 1850, "s": 1465, "C": 1266, ")": 1199, "4": 1127, "n": 1079, "(": 827, "others": 386, "Cl": 312, "c": 236, "[N-]": 215, "[O-]": 100, "#": 77, "o": 73, "Br": 70, "6": 61, "I": 51}}}