{"0.20": {"activatedMoleculePct": 0.001926861296013792, "activatedTokens": {"[Si]": 863, "[C@@]": 645, "2": 382, "P": 153, "[N+]": 150, "(": 136, "\\": 101, "[S@]": 92, ".": 60, "O": 47, ")": 42, "C": 31, "/": 21, "others": 10}}, "0.00": {"activatedMoleculePct": 0.017431100610575546, "activatedTokens": {")": 10009, "(": 3710, "[C@@]": 2553, "2": 1808, "C": 1530, "O": 1292, "[Si]": 1076, "\\": 692, "[N+]": 589, "c": 428, "P": 296, "[S@]": 277, "others": 245, "/": 244, ".": 161}}}