{"0.20": {"activatedMoleculePct": 0.0001699094719404028, "activatedTokens": {".": 116, "[Si]": 37, "S": 31, "[N-]": 13, "Cl": 10, "P": 9, "\\": 5, "[S-]": 3, "3": 2, "1": 2, "others": 2, "[CH2-]": 1, "[S+]": 1, "=": 1}}, "0.00": {"activatedMoleculePct": 0.0028415894445205296, "activatedTokens": {")": 832, "S": 740, ".": 531, "1": 501, "(": 447, "c": 277, "F": 199, "Cl": 194, "\\": 137, "[Si]": 90, "3": 86, "=": 75, "P": 38, "others": 27, "[N-]": 23, "[C@@H]": 19, "[S@]": 19}}}