{"0.20": {"activatedMoleculePct": 0.916276375332953, "activatedTokens": {")": 3922171, "others": 95}}, "0.00": {"activatedMoleculePct": 0.9930520208607819, "activatedTokens": {")": 5843580, "others": 1515}}}