{"0.20": {"activatedMoleculePct": 0.004106389694697579, "activatedTokens": {"S": 952, ")": 841, "Br": 838, "=": 748, "n": 368, "-": 350, "C": 288, "[N+]": 254, "1": 225, "F": 210, "[C@@H]": 185, "[Si]": 149, "B": 136, "#": 114, "s": 103, "(": 73, "others": 56, "[CH]": 49, "[SiH]": 47, "[B]": 41, "[C-]": 36, "2": 29, "[CH2-]": 28, "[SiH2]": 17, "[CH2]": 17, "[Y]": 16, "[Se]": 16, "[U+2]": 14, "[K+]": 12, "[C@H]": 12, "3": 11, "[I-]": 10, "[CH-]": 10, "[C]": 9, "[SiH3]": 8, "[c-]": 7}}, "0.00": {"activatedMoleculePct": 0.03142153441435794, "activatedTokens": {"C": 10975, "=": 5931, ")": 5327, "S": 4866, "1": 4032, "F": 2773, "n": 2725, "Br": 2634, "-": 2399, "[C@@H]": 1790, "#": 1640, "[N+]": 1537, "s": 963, "2": 944, "others": 452, "(": 345, "[Si]": 313, "B": 244, "3": 116, "[C-]": 65, "[CH]": 64, "[SiH]": 64}}}