{"0.20": {"activatedMoleculePct": 0.006575935985141709, "activatedTokens": {"[C@@]": 2924, "S": 2420, "c": 2238, "4": 485, "=": 441, "F": 285, "#": 282, ")": 253, "P": 140, "[S@]": 118, "N": 82, "2": 77, "others": 68, "[C@]": 62, "O": 60, "[N+]": 51}}, "0.00": {"activatedMoleculePct": 0.01784488876422351, "activatedTokens": {"c": 8729, "[C@@]": 5733, "S": 5183, "=": 2250, ")": 2004, "4": 1036, "#": 962, "F": 897, "2": 426, "N": 298, "[S@]": 282, "P": 278, "others": 241, "1": 210, "[C@]": 179, "O": 154}}}