{"0.20": {"activatedMoleculePct": 0.4081152279167121, "activatedTokens": {"1": 557256, "others": 34}}, "0.00": {"activatedMoleculePct": 0.6175843120826873, "activatedTokens": {"1": 843667, "others": 1064}}}