{"0.20": {"activatedMoleculePct": 0.11294878620920983, "activatedTokens": {"C": 190765, "N": 44623, "1": 20669, "/": 12612, "[C@@H]": 8432, "o": 4887, "(": 3920, "others": 2997, "[S@]": 2552, "O": 2427, "[S@@]": 2387, "S": 2020, "2": 1826, "[N+]": 1821, "[C@H]": 1044, "\\": 897}}, "0.00": {"activatedMoleculePct": 0.43434793212116596, "activatedTokens": {"C": 944333, "1": 177740, "N": 137945, "(": 78218, "c": 30820, "[C@@H]": 24999, "/": 23934, "O": 21706, "o": 21175, "others": 13624, "2": 12588, "S": 7956, "[N+]": 6897, "[C@H]": 4662, "s": 4584, "[S@]": 3655, "\\": 3538, "[S@@]": 3499}}}