{"0.20": {"activatedMoleculePct": 0.06951860691809851, "activatedTokens": {"S": 98297, "others": 153}}, "0.00": {"activatedMoleculePct": 0.0948065558690906, "activatedTokens": {"S": 133152, "others": 1327, "C": 639, "P": 480}}}