{"0.20": {"activatedMoleculePct": 0.3105967118122969, "activatedTokens": {"C": 1078865, "others": 458}}, "0.00": {"activatedMoleculePct": 0.6979976315205506, "activatedTokens": {"C": 3205931, "others": 8981}}}