{"0.20": {"activatedMoleculePct": 0.19653985219340678, "activatedTokens": {"1": 270688, "others": 47}}, "0.00": {"activatedMoleculePct": 0.3667788899199009, "activatedTokens": {"1": 517288, "others": 5054}}}