{"0.20": {"activatedMoleculePct": 0.11113690675412122, "activatedTokens": {"=": 152964, "others": 14}}, "0.00": {"activatedMoleculePct": 0.19028762304704808, "activatedTokens": {"=": 274424, "others": 1222}}}