{"0.20": {"activatedMoleculePct": 0.11742648668957027, "activatedTokens": {"1": 165380, "others": 21}}, "0.00": {"activatedMoleculePct": 0.23702224862003482, "activatedTokens": {"1": 355852, "others": 2940, "=": 1608, "3": 1195, "N": 924, "O": 845, ")": 780}}}