{"0.20": {"activatedMoleculePct": 0.26789230961899996, "activatedTokens": {"1": 584233, "others": 930}}, "0.00": {"activatedMoleculePct": 0.5438450659973796, "activatedTokens": {"1": 1652216, "others": 8722}}}