{"0.20": {"activatedMoleculePct": 0.1820221131318783, "activatedTokens": {"(": 279448, "others": 393}}, "0.00": {"activatedMoleculePct": 0.35548576898317236, "activatedTokens": {"(": 632063, "others": 4031, "o": 3936}}}