{"0.20": {"activatedMoleculePct": 0.5321681840119581, "activatedTokens": {"n": 1465503, "others": 66}}, "0.00": {"activatedMoleculePct": 0.56148635634264, "activatedTokens": {"n": 1667347, "others": 871}}}