{"0.20": {"activatedMoleculePct": 0.9102658277630612, "activatedTokens": {"N": 2336869, "others": 2}}, "0.00": {"activatedMoleculePct": 0.9530222281137193, "activatedTokens": {"N": 2679635, "others": 350}}}