{"0.20": {"activatedMoleculePct": 0.22902478554421932, "activatedTokens": {"N": 135299, "[C@H]": 79119, "[C@@H]": 76467, "=": 7856, "#": 6299, "F": 5818, "[C@]": 5209, "[C@@]": 4833, "S": 4259, "[S@]": 3593, "Cl": 2885, "others": 2438, "[S@@]": 2414, "o": 1348, "[nH]": 1156}}, "0.00": {"activatedMoleculePct": 0.4275830450853319, "activatedTokens": {"N": 250857, "[C@@H]": 151562, "[C@H]": 139921, "=": 45999, ")": 27701, "S": 24008, "o": 23152, "#": 19538, "F": 15427, "[C@]": 11934, "n": 11569, "[C@@]": 10811, "[nH]": 7736, "O": 7445, "others": 7386, "Cl": 5875, "s": 5446, "[S@]": 4128, "[S@@]": 3216, "Br": 3075}}}