{"0.20": {"activatedMoleculePct": 0.6994132996639162, "activatedTokens": {"1": 1199040, "others": 292}}, "0.00": {"activatedMoleculePct": 0.9365549243353574, "activatedTokens": {"1": 2101635, "others": 8176}}}