{"0.20": {"activatedMoleculePct": 0.9974242602895931, "activatedTokens": {")": 5533476, "others": 36}}, "0.00": {"activatedMoleculePct": 0.9981749379134678, "activatedTokens": {")": 6182259, "others": 2650}}}