{"0.20": {"activatedMoleculePct": 0.3542575871536721, "activatedTokens": {"N": 665847, "others": 949}}, "0.00": {"activatedMoleculePct": 0.7947918352639786, "activatedTokens": {"N": 1907639, "others": 4619}}}