{"0.20": {"activatedMoleculePct": 0.9499975465658147, "activatedTokens": {"O": 3248771, "others": 65}}, "0.00": {"activatedMoleculePct": 0.9587061393711739, "activatedTokens": {"O": 3420021, "others": 4630}}}