{"0.20": {"activatedMoleculePct": 0.7375821442721833, "activatedTokens": {"[C@@H]": 789440, "F": 561932, "Cl": 175986, "-": 147971, "S": 121226, "Br": 47220, "[C@]": 46180, "[C@@]": 33201, "others": 13475, "[O-]": 10549}}, "0.00": {"activatedMoleculePct": 0.7880357366491069, "activatedTokens": {"[C@@H]": 789613, "F": 573427, "S": 221488, "Cl": 187919, "-": 182355, "Br": 67599, "[C@]": 50919, "[C@@]": 48709, "[O-]": 30611, "[N+]": 22914, "others": 17442, "#": 8147, "I": 5582}}}