{"0.20": {"activatedMoleculePct": 0.9962766389855818, "activatedTokens": {")": 5685252, "others": 34743, "[N+]": 33596, "-": 32592}}, "0.00": {"activatedMoleculePct": 0.9988919265903197, "activatedTokens": {")": 6196115, "(": 3340981, "F": 374304, "-": 178826, "Cl": 126944, "S": 115524, "others": 79794, "Br": 67917, "[N+]": 33922}}}