{"0.20": {"activatedMoleculePct": 0.07985452233833516, "activatedTokens": {"N": 132390, "S": 21533, "[S@@]": 3576, "others": 1436, "-": 540, "F": 387, "I": 370, "Cl": 356, "[O-]": 196}}, "0.00": {"activatedMoleculePct": 0.26411621807880725, "activatedTokens": {"N": 453551, "S": 109769, "F": 7830, "-": 7054, "others": 5759, "[S@@]": 3968, "I": 3612, "Cl": 3120, "n": 1907, "[O-]": 1346, "C": 1152, "O": 921, "/": 822}}}