{"0.20": {"activatedMoleculePct": 0.3521945053327406, "activatedTokens": {"O": 691324, "others": 91}}, "0.00": {"activatedMoleculePct": 0.5448000744086308, "activatedTokens": {"O": 1236357, "others": 8367}}}