{"0.20": {"activatedMoleculePct": 0.12112128533586049, "activatedTokens": {"S": 175838, "others": 842}}, "0.00": {"activatedMoleculePct": 0.1577206644339195, "activatedTokens": {"S": 228508, "others": 2107, ".": 2080}}}