{"0.20": {"activatedMoleculePct": 0.09652029795676537, "activatedTokens": {"s": 136836, "others": 10}}, "0.00": {"activatedMoleculePct": 0.11158218674955124, "activatedTokens": {"s": 158104, "others": 643}}}