{"0.20": {"activatedMoleculePct": 0.0005104607842347445, "activatedTokens": {"2": 269, ".": 223, "S": 63, "3": 34, "[C@H]": 34, "o": 25, "#": 22, "F": 13, "%18": 10, "others": 7, "[W]": 6, "[NH4+]": 6, "n": 5, "[Ru]": 5, "[Se-2]": 5, "[Ti+2]": 4, "N": 4, "[Pd+2]": 3, "[Sm+3]": 3, "%20": 3, "[Co+2]": 2, "4": 2, "s": 2, "[Mo]": 1}}, "0.00": {"activatedMoleculePct": 0.004145205220614999, "activatedTokens": {"2": 1757, ".": 935, "S": 709, "[C@H]": 562, "#": 389, "o": 374, ")": 312, "3": 297, "n": 239, "C": 128, "F": 67, "N": 65, "others": 56, "5": 11, "1": 11, "[NH4+]": 11, "%18": 10, "4": 9, "[W]": 8, "s": 6}}}