{"0.20": {"activatedMoleculePct": 0.024887343428787793, "activatedTokens": {"[N+]": 33896, "[O-]": 5495, "[C-]": 474, "others": 407, "[Cl-]": 284, "[Na+]": 260, "[N-]": 105, "[Br-]": 105}}, "0.00": {"activatedMoleculePct": 0.0259470805231747, "activatedTokens": {"[N+]": 33942, "[O-]": 25152, "[N-]": 816, "others": 611, "[C-]": 474, "[n+]": 468, "[Cl-]": 284, "[Na+]": 280, "[NH+]": 172, "/": 149, "[Br-]": 109, "[O+]": 80, "[K+]": 76}}}