{"0.20": {"activatedMoleculePct": 0.003043723126656526, "activatedTokens": {"F": 942, "S": 759, ".": 566, "=": 474, "[C@@]": 473, "[n+]": 459, "N": 330, "C": 305, "s": 247, ")": 243, "n": 159, "(": 143, "[nH]": 143, "1": 73, "Cl": 71, "others": 52, "[Cl-]": 31, "[N+]": 24, "[C@@H]": 22, "o": 18, "[S@]": 17, "[c-]": 16, "[Na+]": 14, "[O-]": 13, "I": 8, "[C-]": 7}}, "0.00": {"activatedMoleculePct": 0.025669512894444472, "activatedTokens": {")": 11973, "F": 9756, "N": 3490, "S": 2466, "=": 2335, "(": 2303, "[C@@]": 2244, "n": 2243, "s": 1778, "C": 1770, "[nH]": 1059, ".": 854, "[n+]": 718, "1": 521, "others": 367, "o": 208, "Cl": 125, "[C@@H]": 111}}}