{"0.20": {"activatedMoleculePct": 0.277163361365955, "activatedTokens": {"n": 231601, "[C@@H]": 135072, "[C@H]": 119323, "F": 62256, "o": 53141, "S": 43701, "[nH]": 36174, "Cl": 33498, "s": 33313, "-": 30812, "O": 25962, "[C@@]": 15242, "/": 14219, "Br": 12560, "[C@]": 12238, "=": 9834, "#": 7702, "others": 6707, "N": 6113, "[N+]": 5294, "[O-]": 5047}}, "0.00": {"activatedMoleculePct": 0.7066849856419173, "activatedTokens": {"n": 804132, "[C@@H]": 378218, "[C@H]": 357541, "O": 204403, "F": 199228, "S": 149899, "o": 125963, "=": 108053, "Cl": 95573, "[nH]": 91998, "-": 89935, "s": 84578, ")": 46822, "N": 44152, "Br": 37669, "#": 36200, "[C@@]": 34020, "/": 32221, "[C@]": 29715, "others": 22379, "[N+]": 19260, "[O-]": 16629, "C": 12363, "c": 9855}}}