{"0.20": {"activatedMoleculePct": 0.6998109757124663, "activatedTokens": {"1": 955583, "others": 5}}, "0.00": {"activatedMoleculePct": 0.8632250721932163, "activatedTokens": {"1": 1179409, "others": 238}}}