{"0.20": {"activatedMoleculePct": 0.9976556887082706, "activatedTokens": {")": 5748141, "others": 21}}, "0.00": {"activatedMoleculePct": 0.9981881205449114, "activatedTokens": {")": 6193619, "others": 1254}}}