{"0.20": {"activatedMoleculePct": 0.4473064588302758, "activatedTokens": {"1": 620350, "2": 165815, "3": 21169, "others": 2361}}, "0.00": {"activatedMoleculePct": 0.6101786026850091, "activatedTokens": {"1": 901814, "2": 324906, "3": 53036, "others": 9193}}}