{"0.20": {"activatedMoleculePct": 0.7023845183176326, "activatedTokens": {")": 1295034, "others": 331}}, "0.00": {"activatedMoleculePct": 0.8282112707104633, "activatedTokens": {")": 1844979, "others": 5954}}}