{"0.20": {"activatedMoleculePct": 0.09744674399988867, "activatedTokens": {"-": 145121, "others": 151}}, "0.00": {"activatedMoleculePct": 0.11737888274269041, "activatedTokens": {"-": 177792, "others": 562}}}