{"0.20": {"activatedMoleculePct": 0.312407858898972, "activatedTokens": {")": 580416, "others": 282}}, "0.00": {"activatedMoleculePct": 0.6031310214415501, "activatedTokens": {")": 1326215, "others": 4660}}}