{"0.20": {"activatedMoleculePct": 0.11455267303485414, "activatedTokens": {"c": 516010, "others": 5203, "n": 3433}}, "0.00": {"activatedMoleculePct": 0.2600728120676738, "activatedTokens": {"c": 1389874, "n": 32610, "C": 17206, "(": 16532, "others": 13673, "1": 6771, ")": 5745, "[nH]": 3883, "-": 3333, "3": 3301}}}