{"0.20": {"activatedMoleculePct": 0.977960104963041, "activatedTokens": {"(": 5289039, "others": 151}}, "0.00": {"activatedMoleculePct": 0.9945965858449298, "activatedTokens": {"(": 6128884, "others": 2968}}}