{"0.20": {"activatedMoleculePct": 0.09558726059792022, "activatedTokens": {"o": 135662, "others": 0}}, "0.00": {"activatedMoleculePct": 0.11806950615665507, "activatedTokens": {"o": 169004, "others": 21}}}