{"0.20": {"activatedMoleculePct": 0.04228182561868653, "activatedTokens": {"s": 15101, "[C@H]": 8723, "[C@]": 5548, "o": 3594, "[C@@H]": 3366, "[nH]": 3358, ".": 3029, "[N+]": 2543, "[C@@]": 1921, "n": 1390, "3": 1154, "[S@@]": 1040, "[Si]": 1023, "N": 986, "Br": 929, "Cl": 783, "I": 741, "[S@]": 675, "1": 670, "2": 629, "others": 530, "-": 507, "/": 390, "S": 385, "P": 317, "[n+]": 116}}, "0.00": {"activatedMoleculePct": 0.10577377286179548, "activatedTokens": {"[C@H]": 26400, "s": 24034, "[C@]": 13297, "[C@@H]": 11794, "o": 10275, "1": 8388, "[nH]": 6893, "N": 5860, "n": 5614, "[C@@]": 5250, "[N+]": 4984, ".": 4184, "3": 3763, "2": 3192, "Cl": 2869, "-": 2644, "Br": 2586, "/": 1952, "S": 1654, "[S@@]": 1631, "I": 1411, "others": 1259, "[Si]": 1233, "[S@]": 1171, "P": 599, "=": 401}}}