{"0.20": {"activatedMoleculePct": 0.5227272227930627, "activatedTokens": {"1": 717889, "others": 272}}, "0.00": {"activatedMoleculePct": 0.8216316728832539, "activatedTokens": {"1": 1140702, "others": 2564}}}