{"0.20": {"activatedMoleculePct": 0.17396752531980697, "activatedTokens": {"1": 238020, "others": 328}}, "0.00": {"activatedMoleculePct": 0.39952161695227817, "activatedTokens": {"1": 552026, "others": 3852}}}