{"0.20": {"activatedMoleculePct": 0.26206851599456, "activatedTokens": {"c": 1353330, "others": 835}}, "0.00": {"activatedMoleculePct": 0.49640297253691684, "activatedTokens": {"c": 3034564, "others": 8324}}}