{"0.20": {"activatedMoleculePct": 0.01222176408509242, "activatedTokens": {"F": 2527, "3": 2033, "[N+]": 1922, "1": 1895, "S": 1582, "s": 1469, "c": 1309, "[C@H]": 1154, "=": 1027, "C": 951, "2": 920, ")": 840, "4": 292, "(": 284, "-": 273, "5": 267, "Cl": 258, "others": 179, "8": 119, "9": 105, "6": 67, ".": 60, "7": 60}}, "0.00": {"activatedMoleculePct": 0.05023534658968987, "activatedTokens": {"F": 11613, "=": 11344, "c": 9667, "1": 7342, "C": 7111, "s": 6706, "S": 6586, "[N+]": 4703, "3": 4652, "[C@H]": 3922, "(": 3727, ")": 3304, "2": 3057, "-": 1401, "Cl": 897, "4": 734, "others": 720, "5": 450, "O": 205, "8": 201}}}