{"0.20": {"activatedMoleculePct": 0.030432104687670505, "activatedTokens": {"[C@@]": 41860, "others": 197}}, "0.00": {"activatedMoleculePct": 0.03885141196968288, "activatedTokens": {"[C@@]": 46947, "[C@]": 6568, "others": 318}}}