{"0.20": {"activatedMoleculePct": 0.00745917229186639, "activatedTokens": {"3": 6815, "C": 1687, "4": 1151, "2": 714, "[S@@]": 141, "others": 110, "I": 84, "o": 84, "S": 72, "[S@]": 55, "[N+]": 49, "[C@H]": 43, "Cl": 33, "P": 27, "n": 22, "[Si]": 18, "[S+]": 17, "[C@@]": 11, "F": 10, "Br": 10, "O": 9, "s": 8}}, "0.00": {"activatedMoleculePct": 0.03473916332767701, "activatedTokens": {"C": 25121, "3": 21478, "4": 4731, "2": 2645, "S": 812, "o": 684, "others": 539, "[S@@]": 324, "[C@H]": 269, "I": 244, "Cl": 226, "[S@]": 216, "[N+]": 147, "n": 136, "[C@@]": 113, "P": 90, ")": 73}}}