{"0.20": {"activatedMoleculePct": 0.37300695090861286, "activatedTokens": {"F": 387136, "Cl": 186877, "s": 163559, "Br": 31829, "others": 2720}}, "0.00": {"activatedMoleculePct": 0.4334544426566518, "activatedTokens": {"F": 564785, "Cl": 188492, "s": 163604, "Br": 63741, "[O-]": 21625, "others": 4753}}}