{"0.20": {"activatedMoleculePct": 0.9345496996190952, "activatedTokens": {"1": 1956560, "2": 1213075, "3": 542885, "4": 120705, "others": 19638}}, "0.00": {"activatedMoleculePct": 0.9911617779854449, "activatedTokens": {"1": 2899633, "2": 2097923, "3": 866356, "4": 182452, "others": 32496}}}