{"0.20": {"activatedMoleculePct": 0.6104517761032581, "activatedTokens": {"O": 1693564, "others": 0}}, "0.00": {"activatedMoleculePct": 0.9413900206015234, "activatedTokens": {"O": 3258153, "others": 171}}}