{"0.20": {"activatedMoleculePct": 0.6684612134026349, "activatedTokens": {"=": 1426853, "others": 17}}, "0.00": {"activatedMoleculePct": 0.8596613674929491, "activatedTokens": {"=": 2175862, "others": 1239}}}