{"0.20": {"activatedMoleculePct": 0.1393946096220027, "activatedTokens": {"S": 205386, "others": 3}}, "0.00": {"activatedMoleculePct": 0.15814763521901112, "activatedTokens": {"S": 232637, "others": 694}}}