{"0.20": {"activatedMoleculePct": 0.27082910695728024, "activatedTokens": {"c": 1269287, "others": 3740}}, "0.00": {"activatedMoleculePct": 0.7060932319637799, "activatedTokens": {"c": 5032396, "others": 35968}}}