{"0.20": {"activatedMoleculePct": 0.17635944055841626, "activatedTokens": {"F": 436153, "others": 236}}, "0.00": {"activatedMoleculePct": 0.21576891725921374, "activatedTokens": {"F": 551702, "others": 1927}}}