{"0.20": {"activatedMoleculePct": 0.6014326590905595, "activatedTokens": {"1": 821640, "others": 119}}, "0.00": {"activatedMoleculePct": 0.8298173546413482, "activatedTokens": {"1": 1146099, "others": 3289}}}