{"0.20": {"activatedMoleculePct": 0.4791447108719359, "activatedTokens": {"c": 2309506, "others": 404}}, "0.00": {"activatedMoleculePct": 0.8493899004931037, "activatedTokens": {"c": 6809575, "others": 4155}}}