{"0.20": {"activatedMoleculePct": 0.29444505882016914, "activatedTokens": {"1": 401677, "others": 1158}}, "0.00": {"activatedMoleculePct": 0.48782913551964835, "activatedTokens": {"1": 659633, "c": 36826, "[C@@H]": 5034, "others": 4939, "3": 4554}}}