{"0.20": {"activatedMoleculePct": 0.45718464399205233, "activatedTokens": {"O": 917260, "others": 1809}}, "0.00": {"activatedMoleculePct": 0.8102931451048861, "activatedTokens": {"O": 2187005, "others": 10860}}}