{"0.20": {"activatedMoleculePct": 0.007554380185626098, "activatedTokens": {"=": 1943, "S": 1663, "C": 1357, ")": 1204, "F": 1008, "[C@@H]": 722, "\\": 697, "O": 625, "2": 591, "Cl": 576, "N": 411, "4": 388, "8": 236, "6": 205, "-": 125, "others": 119, "%10": 106, ".": 70, "[Si]": 59, "[C@H]": 32}}, "0.00": {"activatedMoleculePct": 0.023364749497045992, "activatedTokens": {")": 7468, "C": 7067, "=": 5746, "S": 3158, "F": 2670, "[C@@H]": 2225, "Cl": 1822, "\\": 1582, "2": 1568, "O": 1516, "N": 1079, "4": 834, "-": 347, "6": 339, "8": 337, "others": 300, "(": 167, ".": 119, "%10": 118, "[Si]": 98}}}