{"0.20": {"activatedMoleculePct": 0.9518467768099936, "activatedTokens": {"C": 6853136, "others": 239}}, "0.00": {"activatedMoleculePct": 0.996420183194635, "activatedTokens": {"C": 11458819, "others": 13144}}}