{"0.20": {"activatedMoleculePct": 0.7084155722031034, "activatedTokens": {")": 1848440, "others": 2023}}, "0.00": {"activatedMoleculePct": 0.9330776391078874, "activatedTokens": {")": 3408604, "others": 8231}}}