{"0.20": {"activatedMoleculePct": 0.044700838488596656, "activatedTokens": {"2": 60887, "others": 153}}, "0.00": {"activatedMoleculePct": 0.06909822744872872, "activatedTokens": {"2": 93443, "others": 693, "3": 349}}}