{"0.20": {"activatedMoleculePct": 0.09854602898860654, "activatedTokens": {"[nH]": 142442, "others": 326}}, "0.00": {"activatedMoleculePct": 0.09907040477269848, "activatedTokens": {"[nH]": 142498, "others": 1416}}}