{"0.20": {"activatedMoleculePct": 0.13903721383619702, "activatedTokens": {"N": 203413, "n": 156049, "=": 17496, "others": 3701, "[N+]": 3611, "s": 2558, "(": 1339, "[N-]": 1208}}, "0.00": {"activatedMoleculePct": 0.39551775883547563, "activatedTokens": {"n": 619462, "N": 529188, "=": 140252, "(": 66605, "s": 28634, ")": 28046, "o": 16189, "2": 14995, "[N+]": 14991, "3": 14907, "O": 13998, "others": 13205, "Cl": 8921, "C": 4451, "[nH]": 3306}}}