{"0.20": {"activatedMoleculePct": 0.09225132247426274, "activatedTokens": {"2": 87758, "3": 39950, "4": 3606, "others": 1081, "5": 853}}, "0.00": {"activatedMoleculePct": 0.2789269045057502, "activatedTokens": {"2": 241337, "3": 118379, "(": 61393, "4": 16550, ")": 6664, "others": 3493, "#": 3084, "5": 2805, "=": 2364, "6": 1251}}}