{"0.20": {"activatedMoleculePct": 0.9952176342596085, "activatedTokens": {"(": 5800639, "others": 231}}, "0.00": {"activatedMoleculePct": 0.9979515655473392, "activatedTokens": {"(": 6196982, "others": 3230}}}