{"0.20": {"activatedMoleculePct": 0.053459964714489834, "activatedTokens": {"[C@@H]": 25053, "[C@H]": 22600, "2": 10868, "[C@]": 10187, "s": 6750, "n": 4541, "[N+]": 4488, "1": 2451, "O": 1332, "o": 1059, "others": 799, "3": 596, "4": 555, "[n+]": 451, ")": 380, "=": 330, "/": 236}}, "0.00": {"activatedMoleculePct": 0.22087718694362887, "activatedTokens": {"[C@@H]": 131250, "[C@H]": 107780, "2": 44677, "s": 31054, "[C@]": 28711, "n": 16515, "[N+]": 12722, ")": 8140, "1": 7376, "O": 4410, "o": 4192, "others": 4035, "3": 1928, "4": 1486, "=": 1473}}}