{"0.20": {"activatedMoleculePct": 0.20579772130891813, "activatedTokens": {"2": 280971, "others": 174}}, "0.00": {"activatedMoleculePct": 0.2648617691237871, "activatedTokens": {"2": 361306, "4": 2869, "others": 2278}}}