{"0.20": {"activatedMoleculePct": 0.8234208489175229, "activatedTokens": {"O": 2421900, "others": 139}}, "0.00": {"activatedMoleculePct": 0.9420286458581271, "activatedTokens": {"O": 3276981, "others": 3422}}}