{"0.20": {"activatedMoleculePct": 0.130069362612446, "activatedTokens": {"1": 177596, "others": 15}}, "0.00": {"activatedMoleculePct": 0.3209904843372029, "activatedTokens": {"1": 439709, "others": 864}}}