{"0.20": {"activatedMoleculePct": 0.002131924451803933, "activatedTokens": {"3": 428, "[N+]": 384, "1": 355, "I": 353, "(": 223, "4": 165, "[Na+]": 137, "[C-]": 123, "N": 121, "[Cl-]": 108, "[NH+]": 88, "F": 63, "[S@@]": 61, "C": 59, "[CH2-]": 58, "[S@]": 58, ")": 51, "[B]": 49, "=": 45, "[K+]": 39, "others": 34, "[C@H]": 33, "/": 32, "[n+]": 31, "[C@@H]": 28, ".": 27, "[O-2]": 26, "[CH]": 23, "[I-]": 21, "[Br-]": 18, "[Li+]": 14, "[NH3+]": 14, "%13": 13, "[O+]": 13, "s": 11, "[O-]": 10, "[NH2+]": 10, "[Pt+2]": 9, "[c-]": 8, "Cl": 8, "[Ir]": 6, "[CH-]": 6, "[Cr]": 6, "o": 5, "[Ni+2]": 5, "[Mg+2]": 5, "[P+]": 5, "%14": 5, "[C]": 5, "c": 5, "%16": 5, "[Na]": 4, "[Rb+]": 4, "%15": 4, "[Fe+2]": 4, "[CH2]": 4, "[Y]": 3, "[Zn+2]": 3, "[Ac]": 3, "[U]": 3, "[Pt]": 3, "[OH-]": 3, "%17": 3, "5": 2, "[U+2]": 2, "[OH2+]": 2, "[Cu+2]": 2, "[W]": 2, "[Fe]": 2, "[CH3-]": 2, "Br": 2}}, "0.00": {"activatedMoleculePct": 0.0298557307462175, "activatedTokens": {"(": 9976, "1": 6588, "3": 5414, "=": 3256, "c": 3153, "C": 3016, ")": 2736, "N": 2236, "4": 1688, "[C@H]": 1489, "[N+]": 1481, "F": 938, "I": 863, "[C@@H]": 739, "/": 520, "others": 449, "s": 215, "[S@]": 207, "[S@@]": 201, "[C-]": 184, "[Na+]": 151, "[NH+]": 144, "[Cl-]": 126, "o": 103, "[n+]": 81, "[CH2-]": 67, "[B]": 66, "Cl": 56, ".": 51, "[K+]": 49, "Br": 48, "[O-2]": 37, "[I-]": 36, "[O-]": 34}}}