{"0.20": {"activatedMoleculePct": 0.3845534713164249, "activatedTokens": {"S": 200297, "Cl": 158129, "s": 130822, "[nH]": 111209, "Br": 18268, "[N+]": 6053, "I": 5242, "others": 4138, "/": 4020}}, "0.00": {"activatedMoleculePct": 0.46327135787695184, "activatedTokens": {"S": 235029, "Cl": 183040, "s": 159799, "[nH]": 139295, "Br": 54411, "/": 27669, "[N+]": 24850, "others": 7244, "I": 6432, "[O-]": 4461, "\\": 3629, "[S@@]": 2906}}}