{"0.20": {"activatedMoleculePct": 0.7867570213990727, "activatedTokens": {"1": 1075752, "others": 3}}, "0.00": {"activatedMoleculePct": 0.9063029822774168, "activatedTokens": {"1": 1273364, "others": 1238}}}