{"0.20": {"activatedMoleculePct": 0.9969672623995465, "activatedTokens": {"(": 5644399, "others": 69}}, "0.00": {"activatedMoleculePct": 0.9981038981773547, "activatedTokens": {"(": 6151934, "others": 2473}}}