{"0.20": {"activatedMoleculePct": 0.001491834458373278, "activatedTokens": {"=": 1059, "3": 298, "n": 169, "o": 159, "C": 108, "2": 83, "(": 79, "\\": 78, "#": 57, "N": 39, "Br": 29, "Cl": 27, "others": 21, "s": 20}}, "0.00": {"activatedMoleculePct": 0.0035175654902144596, "activatedTokens": {"=": 2701, "3": 488, "(": 478, "C": 388, "n": 334, "o": 321, "\\": 140, "2": 135, "#": 121, "N": 104, "Br": 52, "others": 48, "Cl": 45, "s": 36}}}