{"0.20": {"activatedMoleculePct": 0.8915589413761056, "activatedTokens": {"N": 2267208, "others": 35}}, "0.00": {"activatedMoleculePct": 0.9499199155139798, "activatedTokens": {"N": 2657714, "others": 1212}}}