{"0.20": {"activatedMoleculePct": 0.8015816228258729, "activatedTokens": {"c": 5336431, "others": 18}}, "0.00": {"activatedMoleculePct": 0.903526573621701, "activatedTokens": {"c": 9831026, "others": 540}}}