{"0.20": {"activatedMoleculePct": 0.6171859036657236, "activatedTokens": {"C": 2673818, "others": 1111}}, "0.00": {"activatedMoleculePct": 0.8818887488437733, "activatedTokens": {"C": 5478394, "others": 10373}}}