{"0.20": {"activatedMoleculePct": 0.16183511018116598, "activatedTokens": {"1": 171139, "2": 150490, "others": 2454, "3": 2264}}, "0.00": {"activatedMoleculePct": 0.9161342958607269, "activatedTokens": {"1": 2602987, "2": 1467187, "3": 293964, "4": 50823, "others": 6136}}}