{"0.20": {"activatedMoleculePct": 0.4153861815262997, "activatedTokens": {"c": 1439776, "others": 13}}, "0.00": {"activatedMoleculePct": 0.5083793932034747, "activatedTokens": {"c": 2161234, "others": 2853}}}