{"0.20": {"activatedMoleculePct": 0.9878814998612162, "activatedTokens": {"O": 3396268, "n": 1695720, "others": 16}}, "0.00": {"activatedMoleculePct": 0.9892620143207319, "activatedTokens": {"O": 3455949, "n": 1698544, "others": 2466}}}