{"0.20": {"activatedMoleculePct": 0.9027356157350819, "activatedTokens": {"c": 9312693, "others": 3}}, "0.00": {"activatedMoleculePct": 0.9044112746652527, "activatedTokens": {"c": 10295900, "others": 1837}}}