{"0.20": {"activatedMoleculePct": 0.03603472305122258, "activatedTokens": {")": 86229, ".": 4363, "-": 1334, "others": 66}}, "0.00": {"activatedMoleculePct": 0.3576587060661343, "activatedTokens": {")": 815040, "-": 8893, ".": 6876, "others": 1599}}}