{"0.20": {"activatedMoleculePct": 0.0026108933942566204, "activatedTokens": {"c": 558, "o": 509, "[C@@H]": 361, "1": 339, "S": 247, "F": 227, "=": 216, "s": 187, ".": 185, "5": 176, "[C@H]": 172, "C": 165, ")": 152, "(": 121, "O": 90, "7": 78, "/": 62, "2": 58, "#": 39, "others": 37, "4": 29, "9": 25, "8": 21, "Cl": 18, "6": 14, "I": 8, "%10": 8, "P": 7}}, "0.00": {"activatedMoleculePct": 0.016445332725955795, "activatedTokens": {"c": 3985, "C": 2799, ")": 2669, "(": 2424, "o": 2378, "[C@@H]": 2029, "1": 1943, "[C@H]": 1400, "F": 1217, "s": 1196, "=": 750, "S": 734, "2": 714, "5": 390, "/": 354, "O": 337, ".": 261, "others": 245, "7": 182, "#": 176, "4": 96, "8": 51}}}