{"0.20": {"activatedMoleculePct": 0.8788128015069212, "activatedTokens": {"=": 2251006, "others": 14}}, "0.00": {"activatedMoleculePct": 0.8976815413132684, "activatedTokens": {"=": 2365632, "others": 882}}}