{"0.20": {"activatedMoleculePct": 0.12297710689576127, "activatedTokens": {"-": 180528, "others": 1855, ".": 1022, "4": 641, "1": 521, "#": 497, "5": 354, "3": 337, "2": 284, "Br": 274, "6": 167, "[CH]": 147, "o": 138, "O": 127, "[Cl-]": 120}}, "0.00": {"activatedMoleculePct": 0.17670878029167306, "activatedTokens": {"-": 182867, "1": 24662, "C": 12268, "#": 10628, ")": 7476, "c": 5354, "O": 4396, "o": 3673, "s": 3557, "Br": 3302, ".": 3002, "[C@@H]": 2985, "others": 2750, "2": 2410, "[C@H]": 2364, "4": 2093, "3": 1743, "=": 1680, "S": 1491, "5": 1308, "[nH]": 1271, "6": 938, "7": 429, "I": 415, "[N+]": 238, "[C-]": 192, "[CH]": 182}}}