{"0.20": {"activatedMoleculePct": 0.004667383899466323, "activatedTokens": {"[S@@]": 971, "[Si]": 760, "[S@]": 693, "1": 624, "c": 600, "S": 519, "F": 426, "2": 344, "4": 331, "N": 233, "3": 225, "s": 213, "C": 179, "/": 168, "[C@@H]": 143, "I": 130, ".": 130, "P": 107, "n": 96, "#": 85, "=": 84, "others": 77, "O": 69, "[C-]": 62, "[N+]": 35, "[C]": 28, "[B]": 26, "[SiH]": 22, "[O-]": 20, "5": 19, "[Sn]": 19, "[S+]": 18, "[CH2]": 16, "[CH]": 11, "[I-]": 11, "[N-]": 9, "[Pd+2]": 8, "[NH+]": 8, "[Cl-]": 8, "[SiH2]": 8, "[Se-2]": 8, "[SiH3]": 7, "[Ru]": 7, "[O]": 7, "[CH2-]": 7, "[CH-]": 6, "[Zn+2]": 6, "[OH2+]": 6, "B": 6, "[Ir+3]": 6, "[Ge]": 6, "[Re]": 6, "[V]": 6, "[Ni+2]": 5, "[NH-]": 5, "[Si-]": 5, "[Ti+2]": 5, "[NH4+]": 5, "[Se]": 4, "[Zr]": 4, "%18": 4, "[Na+]": 4, "[nH+]": 4, "[NH3+]": 4, "6": 4, "[H+]": 4, "[Pt+2]": 3, "[Co+2]": 3, "[O+]": 3, "[Rh]": 3, "[P+]": 3, "%17": 3, "[S-]": 3, "[Mn+2]": 3, "[P-]": 3, "[OH+]": 3, "[SH+]": 3, ")": 3, "[Sn+2]": 3, "[Mn]": 3, "[Ru+2]": 3, "[Mo]": 2, "[CH+]": 2, "[PH+]": 2, "%14": 2, "%15": 2, "%16": 2, "%19": 2, "%20": 2, "[C+]": 2, "[Se-]": 2, "[Eu+3]": 2, "[Zn]": 2}}, "0.00": {"activatedMoleculePct": 0.027143038142479346, "activatedTokens": {"C": 9611, "1": 8551, ")": 5424, "c": 4124, "S": 1937, "F": 1896, "s": 1880, "[S@@]": 1671, "4": 1603, "[C@@H]": 1426, "[S@]": 1403, "2": 1382, "O": 1041, "[Si]": 1015, "/": 990, "n": 892, "N": 871, "3": 860, "#": 751, "others": 488, "=": 433, ".": 334, "I": 315, "P": 189, "[C-]": 94, "[N+]": 87, "[B]": 37, "[O-]": 35, "[C]": 32, "[SiH]": 28, "5": 26, "[Sn]": 22, "[S+]": 22, "[I-]": 18, "[CH2]": 18}}}