{"0.20": {"activatedMoleculePct": 0.0002966092074821687, "activatedTokens": {"3": 163, "#": 140, "4": 55, "5": 28, "O": 14, "1": 8, "[nH]": 4, "others": 4, "F": 2, "N": 2, "[cH-]": 1}}, "0.00": {"activatedMoleculePct": 0.0006005420990996995, "activatedTokens": {"#": 377, "3": 212, "4": 82, "[nH]": 43, "1": 43, "5": 33, "O": 31, "C": 8, "others": 8, "F": 4, "N": 3, ")": 2}}}