{"0.20": {"activatedMoleculePct": 0.3384062052110942, "activatedTokens": {"3": 876632, "-": 72724, "5": 12029, "others": 1287}}, "0.00": {"activatedMoleculePct": 0.39375128622202626, "activatedTokens": {"3": 990785, "-": 169780, "5": 21560, "others": 2613}}}