{"0.20": {"activatedMoleculePct": 0.0944586808726609, "activatedTokens": {"n": 168405, "others": 1544}}, "0.00": {"activatedMoleculePct": 0.15448872262498417, "activatedTokens": {"n": 288521, "o": 13631, "others": 2426, "s": 2174}}}