{"0.20": {"activatedMoleculePct": 0.21105612651810818, "activatedTokens": {"o": 177093, "[C@@]": 50751, "[N+]": 33942, "[nH]": 23398, "[C@]": 19068, "[S@]": 4360, "others": 3056, "[n+]": 1709}}, "0.00": {"activatedMoleculePct": 0.2953378159162698, "activatedTokens": {"o": 177278, "[nH]": 127909, "[C@@]": 50751, "[C@]": 44879, "[N+]": 33942, "[S@]": 4360, "others": 4141, "s": 3077, "S": 2207, "[n+]": 1722, "[Si]": 1542, "[O-]": 1493, "I": 1257, "/": 1224, ")": 1167, "P": 1164, "C": 1153, "c": 894, "[S@@]": 734, "O": 618, "F": 539, "[NH+]": 526}}}