{"0.20": {"activatedMoleculePct": 0.9297512217736059, "activatedTokens": {")": 3036293, "others": 463}}, "0.00": {"activatedMoleculePct": 0.9722132100220223, "activatedTokens": {")": 3917616, "others": 5477}}}