{"0.20": {"activatedMoleculePct": 0.46317468524636507, "activatedTokens": {"[C@H]": 806681, "[C@@]": 36980, "\\": 12884, "others": 116}}, "0.00": {"activatedMoleculePct": 0.48130446532345417, "activatedTokens": {"[C@H]": 806851, "[C@@]": 50634, "[C@]": 22373, "\\": 12890, "others": 2505}}}