{"0.20": {"activatedMoleculePct": 0.525452365659831, "activatedTokens": {"C": 1143805, "[C@@H]": 31581, "F": 28153, "[C@H]": 27803, "N": 11503, "Cl": 10345, "others": 2451}}, "0.00": {"activatedMoleculePct": 0.7506439349276017, "activatedTokens": {"C": 2195769, "F": 148479, "c": 96844, "[C@@H]": 74315, "[C@H]": 63992, "Cl": 54731, "N": 31738, "others": 17477}}}