{"0.20": {"activatedMoleculePct": 0.19397290090396233, "activatedTokens": {"(": 309641, "others": 890}}, "0.00": {"activatedMoleculePct": 0.6269857254072517, "activatedTokens": {"(": 1285733, "others": 12182, "1": 8953}}}