{"0.20": {"activatedMoleculePct": 0.4875046963124518, "activatedTokens": {"N": 836278, "others": 204}}, "0.00": {"activatedMoleculePct": 0.8582500935600649, "activatedTokens": {"N": 1909042, "others": 3976}}}