{"0.20": {"activatedMoleculePct": 0.6401566389562872, "activatedTokens": {"N": 1173291, "(": 655840, "=": 307748, "S": 105247, "F": 47856, "-": 40948, "Cl": 31343, "others": 21295, "#": 8087}}, "0.00": {"activatedMoleculePct": 0.9918787666622969, "activatedTokens": {"(": 4074212, "N": 2418053, "=": 1628734, "F": 377997, "S": 218582, "-": 148246, "Cl": 124869, "others": 80493, "#": 58162, "Br": 34596}}}