{"0.20": {"activatedMoleculePct": 0.010382786998702976, "activatedTokens": {"O": 10136, "Br": 1384, "Cl": 847, "#": 601, "s": 433, "=": 389, "\\": 379, "4": 344, "1": 203, "I": 151, "others": 120, "8": 107, ")": 104, "6": 71, "[N-]": 68, "c": 52, "C": 39}}, "0.00": {"activatedMoleculePct": 0.03715597909234653, "activatedTokens": {"O": 38449, "Br": 3640, "s": 2421, "#": 2231, "Cl": 1637, "1": 1204, "\\": 1167, "=": 1092, ")": 1010, "C": 787, "4": 586, "c": 572, "others": 517, "I": 253, "8": 185, "-": 172, "6": 141}}}