{"0.20": {"activatedMoleculePct": 0.34246132911684424, "activatedTokens": {"3": 968041, "4": 172201, "5": 26424, "others": 2309}}, "0.00": {"activatedMoleculePct": 0.3436609485782166, "activatedTokens": {"3": 996990, "4": 193581, "5": 27006, "others": 5539}}}