{"0.20": {"activatedMoleculePct": 0.18714063597408295, "activatedTokens": {"c": 335986, "s": 8877, "[nH]": 3639, "others": 1101}}, "0.00": {"activatedMoleculePct": 0.5531476095861166, "activatedTokens": {"c": 1269419, "C": 88861, "=": 67921, "s": 38011, "N": 33169, "[nH]": 18864, "(": 12703, "F": 8513, "others": 7465}}}