{"0.20": {"activatedMoleculePct": 0.42271938645103785, "activatedTokens": {"n": 601208, "(": 346501, "others": 3494}}, "0.00": {"activatedMoleculePct": 0.7245379304586896, "activatedTokens": {"n": 1170129, "(": 869111, "others": 17573, "S": 14088, "o": 7770}}}