{"0.20": {"activatedMoleculePct": 0.4713698877938354, "activatedTokens": {"S": 169624, "Cl": 149041, "o": 126015, "[nH]": 107792, "s": 95204, "#": 75496, "Br": 47666, "[O-]": 19658, "[N+]": 16660, "/": 15579, "others": 7287, ".": 4475, "\\": 4396, "I": 2883}}, "0.00": {"activatedMoleculePct": 0.5794872395789468, "activatedTokens": {"S": 232178, "Cl": 180470, "o": 173219, "s": 154915, "[nH]": 140568, "#": 81409, "Br": 66905, "/": 39685, "[O-]": 30263, "[N+]": 30252, "others": 10265, "\\": 9896, ".": 7131, "I": 5481, "-": 2539, "P": 1973, "[S@@]": 1956, "[N-]": 1806}}}