{"0.20": {"activatedMoleculePct": 0.5519699611771504, "activatedTokens": {"C": 2266929, "others": 1463}}, "0.00": {"activatedMoleculePct": 0.9031398830993538, "activatedTokens": {"C": 6656276, "others": 17254}}}