{"0.20": {"activatedMoleculePct": 0.08511805412641997, "activatedTokens": {"2": 63995, "3": 58856, "4": 1180, "others": 1002}}, "0.00": {"activatedMoleculePct": 0.2290064763338809, "activatedTokens": {"2": 234581, "3": 121852, "1": 19405, "4": 4214, ")": 3624, "others": 2400}}}