{"0.20": {"activatedMoleculePct": 0.3332276281589796, "activatedTokens": {"C": 1062318, "others": 6321}}, "0.00": {"activatedMoleculePct": 0.6271885914578013, "activatedTokens": {"C": 2400657, "others": 22935, "-": 9536, "[nH]": 6683, "1": 6151}}}