{"0.20": {"activatedMoleculePct": 0.36766359096345264, "activatedTokens": {"[C@@H]": 639806, "others": 842}}, "0.00": {"activatedMoleculePct": 0.43142944399322414, "activatedTokens": {"[C@@H]": 764003, "/": 13675, "others": 2107}}}