{"0.20": {"activatedMoleculePct": 0.9872985346040414, "activatedTokens": {"(": 5944354, "others": 89}}, "0.00": {"activatedMoleculePct": 0.9961997403021605, "activatedTokens": {"(": 6201845, "others": 6146}}}