{"0.20": {"activatedMoleculePct": 0.29893447719514615, "activatedTokens": {"1": 432391, "2": 257623, "c": 19526, "C": 15622, "others": 2753}}, "0.00": {"activatedMoleculePct": 0.4391559307560312, "activatedTokens": {"1": 778079, "2": 425973, "C": 201161, "c": 126497, "others": 13946}}}