{"0.20": {"activatedMoleculePct": 0.9409637821848454, "activatedTokens": {"O": 3100988, "others": 54}}, "0.00": {"activatedMoleculePct": 0.958870189895806, "activatedTokens": {"O": 3413046, "others": 2956}}}