{"0.20": {"activatedMoleculePct": 0.5233724393653881, "activatedTokens": {"N": 1006011, "others": 1110}}, "0.00": {"activatedMoleculePct": 0.8449158618548109, "activatedTokens": {"N": 2024902, "others": 10246}}}