{"0.20": {"activatedMoleculePct": 0.5077319795259086, "activatedTokens": {"=": 812487, "-": 70848, "others": 601}}, "0.00": {"activatedMoleculePct": 0.8695703121280942, "activatedTokens": {"=": 2020486, "-": 138893, "others": 6080}}}