{"0.20": {"activatedMoleculePct": 0.3483056290568633, "activatedTokens": {"c": 1308982, "others": 1558}}, "0.00": {"activatedMoleculePct": 0.6627333600403682, "activatedTokens": {"c": 3598555, "others": 16267}}}