{"0.20": {"activatedMoleculePct": 0.008075826496063886, "activatedTokens": {"#": 2256, "2": 1461, "[C@@H]": 1386, "O": 1353, "n": 1305, "s": 1094, "[C@@]": 683, "3": 670, "[O-]": 390, "=": 373, "(": 363, "[nH]": 310, "1": 290, "o": 148, "others": 75}}, "0.00": {"activatedMoleculePct": 0.0365122272568482, "activatedTokens": {"n": 11746, "O": 6551, "#": 6312, "(": 6080, "[C@@H]": 5565, "s": 4720, "2": 3715, "1": 3663, "=": 3358, "[C@@]": 2416, "[O-]": 1809, "3": 1437, "[nH]": 1179, "o": 449, "others": 162}}}