{"0.20": {"activatedMoleculePct": 0.27815791767153714, "activatedTokens": {"F": 416985, "Cl": 140977, "Br": 43857, "[O-]": 13255, "others": 1706}}, "0.00": {"activatedMoleculePct": 0.3463663174978194, "activatedTokens": {"F": 545106, "Cl": 173294, "Br": 62967, "[O-]": 27024, "others": 7081}}}