{"0.20": {"activatedMoleculePct": 0.08905160487552301, "activatedTokens": {"[nH]": 128010, "others": 46}}, "0.00": {"activatedMoleculePct": 0.09567441243913102, "activatedTokens": {"[nH]": 137929, "others": 358}}}