{"0.20": {"activatedMoleculePct": 0.8918181997944974, "activatedTokens": {"c": 9225467, "others": 355}}, "0.00": {"activatedMoleculePct": 0.9039484178278978, "activatedTokens": {"c": 10224364, "others": 5577}}}