{"0.20": {"activatedMoleculePct": 0.6414023976277122, "activatedTokens": {"C": 2422486, "others": 1428}}, "0.00": {"activatedMoleculePct": 0.8719600302614628, "activatedTokens": {"C": 5110689, "others": 14563}}}