{"0.20": {"activatedMoleculePct": 0.3977133993392572, "activatedTokens": {"c": 1782917, "others": 1551}}, "0.00": {"activatedMoleculePct": 0.6951157618132856, "activatedTokens": {"c": 4130431, "others": 17448}}}