{"0.20": {"activatedMoleculePct": 0.08483535991879498, "activatedTokens": {"O": 53794, "C": 47906, "S": 46931, "c": 21294, "N": 16874, "(": 15407, "n": 11286, "[C@@H]": 6854, "Cl": 4678, "o": 2251, "[C@H]": 1881, "others": 1750, "2": 1555, ")": 1546, "-": 1367}}, "0.00": {"activatedMoleculePct": 0.1840983775842535, "activatedTokens": {"C": 206307, "c": 166636, "O": 158827, "(": 123389, "S": 69057, "N": 41894, "n": 41512, ")": 38860, "2": 21950, "[C@@H]": 19299, "1": 18683, "Cl": 10379, "[C@H]": 8948, "others": 7557, "-": 7119, "o": 6092, "3": 5918}}}