{"0.20": {"activatedMoleculePct": 0.5467071617574791, "activatedTokens": {"2": 599492, "1": 376273, "3": 139455, "/": 15206, "others": 4646}}, "0.00": {"activatedMoleculePct": 0.8287085488632544, "activatedTokens": {"2": 1145737, "1": 728434, "3": 345203, "/": 30947, "n": 28751, "others": 19668}}}