{"0.20": {"activatedMoleculePct": 0.6051384432630528, "activatedTokens": {"c": 2713865, "others": 548}}, "0.00": {"activatedMoleculePct": 0.753206492006565, "activatedTokens": {"c": 4784398, "others": 17639}}}