{"0.20": {"activatedMoleculePct": 0.40827927844134426, "activatedTokens": {"c": 1918987, "others": 1673}}, "0.00": {"activatedMoleculePct": 0.7062521559095174, "activatedTokens": {"c": 4696978, "others": 19000}}}