{"0.20": {"activatedMoleculePct": 0.0585953320302058, "activatedTokens": {"#": 81728, "[O-]": 1015, "others": 20}}, "0.00": {"activatedMoleculePct": 0.07390476134676692, "activatedTokens": {"#": 81728, "[O-]": 23097, "others": 333}}}