{"0.20": {"activatedMoleculePct": 0.9999787613160075, "activatedTokens": {"C": 13228891, "c": 9123133, "O": 3294381, "N": 2228917, "=": 1256306, "n": 1143311, ")": 708396, "[C@@H]": 679846, "[C@H]": 663761, "F": 568867, "others": 279869, "S": 178851, "Cl": 158053, "o": 132508, "[nH]": 116838, "s": 115472}}, "0.00": {"activatedMoleculePct": 0.9999816907896616, "activatedTokens": {"C": 13228891, "c": 10342709, ")": 6004357, "O": 3455600, "N": 2694870, "=": 2356069, "n": 1687666, "[C@H]": 800814, "[C@@H]": 786362, "F": 573515, "others": 388918, "S": 226806, "Cl": 186433, "o": 175912, "-": 170717, "s": 161548, "[nH]": 141985}}}