{"0.20": {"activatedMoleculePct": 0.08321682572487994, "activatedTokens": {"[nH]": 119473, "others": 6}}, "0.00": {"activatedMoleculePct": 0.09603473769859085, "activatedTokens": {"[nH]": 138010, "others": 867}}}