{"0.20": {"activatedMoleculePct": 0.6305655422126168, "activatedTokens": {"c": 1980957, "others": 333}}, "0.00": {"activatedMoleculePct": 0.8466977142049446, "activatedTokens": {"c": 4386853, "others": 8046}}}