{"0.20": {"activatedMoleculePct": 0.1164685488046649, "activatedTokens": {"c": 612672, "others": 5790, "n": 2769, "o": 2566}}, "0.00": {"activatedMoleculePct": 0.3266700013841763, "activatedTokens": {"c": 2268321, "n": 24574, "others": 22407, "O": 19125, "o": 16641, "C": 13152, "[nH]": 9182, "(": 7821}}}