{"0.20": {"activatedMoleculePct": 0.7116174869070837, "activatedTokens": {"C": 1579484, "others": 14256}}, "0.00": {"activatedMoleculePct": 0.9383074819489495, "activatedTokens": {"C": 3788741, "others": 37991, "(": 36061, "3": 15845}}}