{"0.20": {"activatedMoleculePct": 0.80374943332994, "activatedTokens": {"=": 1889241, "others": 10}}, "0.00": {"activatedMoleculePct": 0.896470936325693, "activatedTokens": {"=": 2359480, "others": 868}}}