{"0.20": {"activatedMoleculePct": 0.00144496287990696, "activatedTokens": {"C": 51531, "O": 5575, ".": 1687, "others": 600, "c": 475, "S": 384, "N": 243, "6": 205, "P": 192, "[O-]": 121}}, "0.00": {"activatedMoleculePct": 0.005746162572605173, "activatedTokens": {"C": 89937, "O": 10755, "c": 4275, ".": 2939, "/": 2866, "(": 1583, "S": 1043, "others": 1033, "=": 976, "N": 957, "6": 712, "[O-]": 389, "8": 345, "P": 306, ")": 257, "1": 255, "7": 213}}}