{"0.20": {"activatedMoleculePct": 0.8078016277620359, "activatedTokens": {"c": 5808570, "others": 11}}, "0.00": {"activatedMoleculePct": 0.8994677878738833, "activatedTokens": {"c": 9687717, "others": 619}}}