{"0.20": {"activatedMoleculePct": 0.0065532325643220864, "activatedTokens": {"Cl": 2822, "F": 1972, "4": 1513, "2": 1256, "6": 1183, "s": 1098, "1": 961, "3": 873, "5": 475, "7": 419, "[C@H]": 281, "8": 219, "[C@@H]": 148, "others": 48}}, "0.00": {"activatedMoleculePct": 0.020613241367390418, "activatedTokens": {"F": 8768, "Cl": 5885, "2": 5455, "1": 4389, "s": 3889, "4": 3620, "3": 1943, "6": 1697, "[C@H]": 1266, "5": 1000, "[C@@H]": 693, "7": 626, "8": 300, "others": 203}}}