{"0.20": {"activatedMoleculePct": 0.10872741467358706, "activatedTokens": {"o": 152342, "[O-]": 2723, "others": 25}}, "0.00": {"activatedMoleculePct": 0.13254842969226613, "activatedTokens": {"o": 172158, "[O-]": 17177, "others": 1505}}}