{"0.20": {"activatedMoleculePct": 0.2879555423078247, "activatedTokens": {"[C@H]": 253730, "[C@@H]": 230042, "[C@@]": 18570, "[C@]": 16228, "others": 1935}}, "0.00": {"activatedMoleculePct": 0.539424490253275, "activatedTokens": {"[C@H]": 527529, "[C@@H]": 475820, "[C@@]": 33032, "[C@]": 32755, "s": 10680, "others": 9925, "[nH]": 9921, "o": 2629}}}