{"0.20": {"activatedMoleculePct": 0.3323678276414881, "activatedTokens": {"C": 1315468, "others": 1847}}, "0.00": {"activatedMoleculePct": 0.6349165429574355, "activatedTokens": {"C": 2831447, "others": 16541, "c": 13246}}}