{"0.20": {"activatedMoleculePct": 0.006432391776088611, "activatedTokens": {"n": 1524, "O": 1455, "N": 1340, "6": 952, "[C@@]": 858, "=": 790, "\\": 710, "4": 509, "[C@]": 385, "Cl": 311, "[Si]": 249, "8": 238, "S": 150, "C": 137, "others": 84, "7": 52, "P": 34, "I": 25, "5": 24, "[N+]": 23}}, "0.00": {"activatedMoleculePct": 0.023440915812053757, "activatedTokens": {"n": 8559, "=": 7226, "O": 6096, "N": 4432, "4": 2558, "[C@@]": 2014, "\\": 1358, "6": 1185, "[C@]": 1054, "Cl": 1031, "C": 780, "S": 738, "[Si]": 335, "others": 315, "8": 284, "2": 239, "5": 100, "7": 88, "P": 73}}}