{"0.20": {"activatedMoleculePct": 0.5288110072043081, "activatedTokens": {"C": 2112958, "others": 2135}}, "0.00": {"activatedMoleculePct": 0.898238141307556, "activatedTokens": {"C": 5545432, "others": 17800}}}