{"0.20": {"activatedMoleculePct": 0.5712480949266643, "activatedTokens": {"O": 1260814, "others": 43}}, "0.00": {"activatedMoleculePct": 0.8809564438533417, "activatedTokens": {"O": 2476772, "others": 1474}}}