{"0.20": {"activatedMoleculePct": 0.026076709732370612, "activatedTokens": {"[C@@H]": 28328, "3": 5893, "c": 5595, "[C@H]": 4354, "4": 1165, "5": 877, ")": 756, "s": 456, "others": 439, "2": 343, "7": 282, ".": 263, "6": 245, "Cl": 151, "O": 147, "o": 101}}, "0.00": {"activatedMoleculePct": 0.12507314529530192, "activatedTokens": {"[C@@H]": 109331, "c": 91736, "[C@H]": 25741, "3": 23442, ")": 13967, "4": 10065, "5": 4262, "others": 2746, "s": 2431, "2": 2272, "o": 1598, "[O-]": 980, ".": 935, "6": 925}}}