{"0.20": {"activatedMoleculePct": 0.0035820139106056467, "activatedTokens": {"1": 1444, "2": 910, "3": 472, "4": 421, "N": 380, "[C@H]": 349, "C": 273, "=": 268, "O": 227, "[C@@H]": 222, "[O-]": 216, ")": 169, "Cl": 139, "Br": 129, "F": 113, "s": 84, "S": 72, "others": 56, "(": 34, "c": 31, "P": 27}}, "0.00": {"activatedMoleculePct": 0.04468912059398008, "activatedTokens": {"1": 21562, "2": 14047, ")": 7156, "C": 4299, "O": 4023, "(": 3787, "[C@H]": 2826, "F": 2531, "N": 2332, "[O-]": 1702, "=": 1583, "[C@@H]": 1442, "3": 1274, "c": 1109, "4": 795, "S": 776, "Cl": 627, "s": 615, "Br": 546, "others": 285}}}