{"0.20": {"activatedMoleculePct": 0.003529283384831039, "activatedTokens": {"Cl": 1501, "[S@]": 927, "1": 846, "5": 694, "3": 529, "F": 335, "2": 243, "7": 233, "[C@@H]": 208, "[S@@]": 203, ")": 107, "4": 67, "others": 61, "N": 60, "=": 21, "n": 21, "6": 15, "[C@H]": 14, "%18": 12, "[Pd+2]": 9, "[Ni]": 7, "[Zn+2]": 7, "[Co+2]": 6, "C": 6, "[Fe]": 5, "[o+]": 5, "[Co]": 5, "[OH-]": 4, "[Mn+2]": 4, "[Zr]": 4, "[nH]": 4, "%19": 4, "%20": 4, "/": 4, ".": 4, "p": 4, "[Hf+4]": 4, "8": 4, "[O-]": 3, "[Cu+]": 3, "[Rh]": 3, "[S+]": 3, "[Ir+3]": 3, "I": 2, "[H]": 2, "[Br-]": 2, "[Fe+3]": 2, "[Ru+6]": 2, "[O]": 2, "[Si-]": 2, "[Eu]": 2, "[BH2-]": 2, "[Ac]": 2, "[Al+3]": 2, "[H+]": 2, "[N@+]": 2, "[Zr+4]": 2, "[Sm+3]": 2, "[F-]": 2, "[Li]": 2, "9": 2, "[Cd]": 2}}, "0.00": {"activatedMoleculePct": 0.023235120287850082, "activatedTokens": {")": 10312, "Cl": 7360, "1": 7017, "F": 2972, "3": 1619, "[S@]": 1606, "[C@@H]": 1095, "5": 1082, "2": 653, "[S@@]": 592, "7": 392, "others": 330, "N": 310, "=": 224, "n": 211, "[C@H]": 141, "4": 133, "[nH]": 62, "6": 40, "/": 36}}}