{"0.20": {"activatedMoleculePct": 0.32286900931792334, "activatedTokens": {")": 405807, "n": 188203, "C": 113007, "-": 30727, "others": 5854, "[C@H]": 2610}}, "0.00": {"activatedMoleculePct": 0.7716416697120987, "activatedTokens": {")": 1613389, "C": 800239, "n": 489167, "-": 66761, "1": 50718, "(": 45415, "[C@H]": 31324, "others": 17354, "N": 16645}}}