{"0.20": {"activatedMoleculePct": 0.015025270372109068, "activatedTokens": {"c": 110792, "others": 955, "n": 454}}, "0.00": {"activatedMoleculePct": 0.17669120344974817, "activatedTokens": {"c": 804461, "others": 8112, "C": 5152, "n": 3906, "o": 979}}}