{"0.20": {"activatedMoleculePct": 0.6286115832853022, "activatedTokens": {"c": 3509200, "others": 3042}}, "0.00": {"activatedMoleculePct": 0.8651826929625986, "activatedTokens": {"c": 7659152, "others": 29682}}}