{"0.20": {"activatedMoleculePct": 0.9925437571817878, "activatedTokens": {")": 5166119, "others": 28}}, "0.00": {"activatedMoleculePct": 0.9979120176530082, "activatedTokens": {")": 6149079, "others": 692}}}