{"0.20": {"activatedMoleculePct": 0.6579048550899238, "activatedTokens": {"1": 898045, "others": 553}}, "0.00": {"activatedMoleculePct": 0.8135126366507913, "activatedTokens": {"1": 1110619, "others": 5525}}}