{"0.20": {"activatedMoleculePct": 0.10533288707684668, "activatedTokens": {"-": 156194, "others": 2}}, "0.00": {"activatedMoleculePct": 0.11785492221148895, "activatedTokens": {"-": 175876, "others": 378}}}