{"0.20": {"activatedMoleculePct": 0.0015365089315989872, "activatedTokens": {".": 530, "1": 406, "3": 307, "Cl": 259, "=": 149, "[N+]": 148, ")": 117, "n": 113, "O": 88, "[C@@]": 52, "N": 49, "F": 36, "2": 31, "(": 23, "others": 19, "5": 11}}, "0.00": {"activatedMoleculePct": 0.01143373567212745, "activatedTokens": {"=": 2999, "Cl": 2808, "1": 1897, "n": 1670, ")": 1364, "[N+]": 1283, "3": 1111, "F": 979, ".": 930, "O": 885, "N": 742, "[C@@]": 485, "(": 316, "others": 166, "2": 162, "[C@H]": 74}}}