{"0.20": {"activatedMoleculePct": 0.6556125419555555, "activatedTokens": {")": 932532, "S": 126693, "[N+]": 28566, "others": 3374}}, "0.00": {"activatedMoleculePct": 0.7961144926188249, "activatedTokens": {")": 1412058, "S": 193150, "[N+]": 31529, "others": 14490, "-": 6586, "/": 6416}}}