{"0.20": {"activatedMoleculePct": 0.21704690014083444, "activatedTokens": {"F": 456729, "Br": 68707, "[O-]": 5985, "others": 1975}}, "0.00": {"activatedMoleculePct": 0.27605894979834233, "activatedTokens": {"F": 556410, "Br": 69009, "#": 23844, "[O-]": 21107, "others": 4440}}}