{"0.20": {"activatedMoleculePct": 0.19770212086568875, "activatedTokens": {"C": 445240, "others": 1236}}, "0.00": {"activatedMoleculePct": 0.5154321010258285, "activatedTokens": {"C": 1628486, "others": 13418}}}