{"0.20": {"activatedMoleculePct": 0.19071605856896676, "activatedTokens": {"Cl": 155399, "#": 58544, "Br": 55451, "/": 29283, "[O-]": 8973, "others": 2388, "\\": 1982, "[N-]": 905}}, "0.00": {"activatedMoleculePct": 0.23776047598087932, "activatedTokens": {"Cl": 181307, "#": 76967, "Br": 65722, "/": 44276, "[O-]": 26087, "\\": 6833, "others": 3936, "[N+]": 2516, "I": 2036, "[N-]": 1408, "[S@@]": 957, "[C@@H]": 574, "S": 359, "1": 339}}}