{"0.20": {"activatedMoleculePct": 0.31250453152955876, "activatedTokens": {"(": 336101, "=": 182309, "F": 7300, "[C@H]": 7120, "n": 6576, "others": 3846}}, "0.00": {"activatedMoleculePct": 0.524683378825618, "activatedTokens": {"(": 706515, "=": 233862, "C": 57370, "[C@H]": 34945, "n": 29556, "F": 11181, "others": 9893, "[C@]": 7624, "/": 4257}}}