{"0.20": {"activatedMoleculePct": 0.3700606327809567, "activatedTokens": {"[C@H]": 676761, "others": 22}}, "0.00": {"activatedMoleculePct": 0.432296568194851, "activatedTokens": {"[C@H]": 790387, "others": 1415}}}