{"0.20": {"activatedMoleculePct": 0.8468925242029451, "activatedTokens": {"O": 2463660, "others": 52}}, "0.00": {"activatedMoleculePct": 0.9464638689705024, "activatedTokens": {"O": 3263357, "others": 1058}}}