{"0.20": {"activatedMoleculePct": 0.8895500548177757, "activatedTokens": {"c": 8628059, "others": 1}}, "0.00": {"activatedMoleculePct": 0.9040582730899283, "activatedTokens": {"c": 10245284, "others": 530}}}