{"0.20": {"activatedMoleculePct": 0.13663943965027944, "activatedTokens": {"S": 197967, "others": 30}}, "0.00": {"activatedMoleculePct": 0.15820695706050755, "activatedTokens": {"S": 231230, "others": 988}}}