{"0.20": {"activatedMoleculePct": 0.921079979757337, "activatedTokens": {"O": 2862329, "others": 0}}, "0.00": {"activatedMoleculePct": 0.9559194775576685, "activatedTokens": {"O": 3387488, "others": 1326}}}