{"0.20": {"activatedMoleculePct": 0.3703682275146419, "activatedTokens": {"o": 147199, "1": 127239, "[nH]": 107024, "Cl": 68730, "C": 56985, "[C@]": 50307, "=": 37514, "[O-]": 33200, "[N+]": 32886, ")": 22385, "[C@@H]": 15412, "Br": 13533, "[C@H]": 11328, "3": 7633, "others": 7403, "2": 6779, "F": 4865, "s": 3942, "I": 3803, "[S@@]": 3355, "N": 2036, "4": 1602, "[n+]": 1513, "O": 1439}}, "0.00": {"activatedMoleculePct": 0.8336571622335186, "activatedTokens": {")": 1220155, "1": 1038710, "C": 1008020, "=": 499071, "2": 200996, "(": 169582, "o": 166949, "Cl": 143871, "[nH]": 135899, "F": 127049, "3": 108730, "[C@@H]": 78802, "[C@H]": 63216, "others": 52408, "[C@]": 51042, "s": 48606, "O": 48284, "Br": 44412, "-": 36810, "[N+]": 33831, "[O-]": 33323, "4": 25704, "N": 24072, "S": 14560}}}