{"0.20": {"activatedMoleculePct": 0.10334523920250939, "activatedTokens": {"[C@@H]": 142087, "[C@H]": 141563, "others": 938}}, "0.00": {"activatedMoleculePct": 0.2251747247942594, "activatedTokens": {"[C@@H]": 292892, "[C@H]": 289791, "(": 15291, "F": 13909, "1": 9578, "=": 8639, "others": 4871, "N": 3729}}}