{"0.20": {"activatedMoleculePct": 6.444842039118726e-05, "activatedTokens": {".": 54, "[N-]": 14, "\\": 14, "[N+]": 4, "P": 4, "N": 1, "2": 1, "c": 1, "[P@]": 1, "4": 1, "[NH2+]": 1, "others": 0}}, "0.00": {"activatedMoleculePct": 0.0006159218357839601, "activatedTokens": {".": 272, "\\": 159, "[N-]": 111, "c": 106, ")": 65, "S": 52, "O": 34, "[nH]": 26, "P": 17, "[N+]": 14, "N": 9, "(": 7, "others": 7, "[P@]": 4, "=": 4, "2": 2}}}