{"0.20": {"activatedMoleculePct": 0.0015584799840050738, "activatedTokens": {"=": 772, ".": 452, "C": 221, "3": 178, "O": 145, "N": 115, "1": 109, ")": 62, "#": 50, "F": 50, "2": 38, "o": 35, "S": 33, "others": 21, "[nH]": 14, "s": 12, "[C@H]": 9, "[CH]": 6, "[Se]": 4}}, "0.00": {"activatedMoleculePct": 0.004480629954014588, "activatedTokens": {"=": 2050, "C": 1144, ".": 724, ")": 632, "1": 518, "O": 395, "3": 385, "N": 261, "2": 148, "#": 143, "o": 142, "F": 141, "[C@H]": 89, "s": 63, "[nH]": 53, "S": 52, "others": 47}}}