{"0.20": {"activatedMoleculePct": 0.10077169659734311, "activatedTokens": {"o": 111548, "[O-]": 33341, "others": 817}}, "0.00": {"activatedMoleculePct": 0.14553991297998511, "activatedTokens": {"o": 177093, "[O-]": 33341, "others": 1992, "[Na+]": 281, "[Cl-]": 249}}}