{"0.20": {"activatedMoleculePct": 0.9958958074105431, "activatedTokens": {"(": 5844908, "others": 197}}, "0.00": {"activatedMoleculePct": 0.9977684734439551, "activatedTokens": {"(": 6178856, "others": 3996}}}