{"0.20": {"activatedMoleculePct": 0.0030905947051228437, "activatedTokens": {"#": 645, "1": 627, "\\": 571, "4": 516, "2": 452, "O": 285, "-": 219, "N": 205, "[N-]": 202, "F": 196, ".": 188, "s": 183, "S": 177, "[C@@H]": 163, "/": 118, "n": 113, "C": 107, "Cl": 68, "others": 52, "c": 39, "[C@H]": 35, "(": 27, "[S@@]": 20, "[C@]": 15, "[NH2+]": 14, "[N+]": 12, "[NH2-]": 11, "[O+]": 10, "I": 8, "o": 8, "6": 7, "[S+]": 5, "[O]": 5, "[n+]": 5, "[Ag+]": 4, ")": 4, "P": 4, "[Cl-]": 3, "[C-]": 3, "[Cr]": 3, "[SiH3]": 3, "[W]": 2, "[ClH+]": 2, "[SH2+]": 2, "p": 2}}, "0.00": {"activatedMoleculePct": 0.034515058593134924, "activatedTokens": {"1": 5886, "O": 5769, "#": 5651, "2": 4570, "-": 4000, "C": 3973, "4": 3910, "n": 3340, "(": 3045, ")": 2679, "\\": 2529, "[C@@H]": 2342, "N": 2299, "F": 2252, "s": 1680, "c": 1613, "/": 1418, "[C@H]": 952, "others": 552, "S": 471, "[N-]": 460, ".": 457, "[C@]": 308, "Cl": 228, "o": 216}}}