{"0.20": {"activatedMoleculePct": 0.10566831181024627, "activatedTokens": {"c": 415441, "C": 294257, "(": 122530, "n": 39451, "[C@@H]": 14820, "-": 13382, "[C@H]": 10709, "others": 8412, "[Si]": 1246, "[N-]": 1147, "[C@@]": 1087}}, "0.00": {"activatedMoleculePct": 0.4496251372275315, "activatedTokens": {"c": 1228985, "C": 1187504, "(": 983118, "n": 170184, "[C@@H]": 83973, "[C@H]": 73782, "-": 69579, "others": 34979, "S": 21540, "Cl": 21290, "o": 14231, "/": 14090, "[C@@]": 13990, "[nH]": 12401, "1": 9803, "s": 8879, "F": 8652, "#": 6382}}}