{"0.20": {"activatedMoleculePct": 0.038031891714935845, "activatedTokens": {"[C@@H]": 41853, "[C@H]": 32528, "-": 788, "others": 598, "[C@]": 265}}, "0.00": {"activatedMoleculePct": 0.08501479018011136, "activatedTokens": {"[C@@H]": 90269, "[C@H]": 81442, "-": 6983, "c": 2618, "others": 1788, "[C@]": 1303, "N": 965, "[N-]": 902, "C": 861, "[nH]": 724, "S": 600, "s": 553, "Cl": 474, ".": 459, "[C@@]": 414}}}