{"0.20": {"activatedMoleculePct": 0.14730199138295325, "activatedTokens": {"Cl": 171131, "Br": 56440, "I": 1677, "others": 1588}}, "0.00": {"activatedMoleculePct": 0.16326981990328343, "activatedTokens": {"Cl": 182358, "Br": 66360, "\\": 6492, "I": 4049, "others": 1081}}}