{"0.20": {"activatedMoleculePct": 0.04338111060740439, "activatedTokens": {"=": 59207, "others": 538}}, "0.00": {"activatedMoleculePct": 0.07891342892694113, "activatedTokens": {"=": 105019, "F": 4201, "#": 1709, "others": 1047, "c": 296}}}