{"0.20": {"activatedMoleculePct": 0.0031652962833035383, "activatedTokens": {"[O-]": 1484, "N": 1452, "4": 960, "F": 526, "(": 116, "Cl": 101, "2": 91, "c": 60, "1": 59, "others": 40, "3": 39, "n": 31, "[N+]": 17}}, "0.00": {"activatedMoleculePct": 0.013085226444651623, "activatedTokens": {"N": 4072, "[O-]": 3907, "4": 3620, "F": 2608, "(": 2302, "c": 2274, "2": 901, "n": 598, "1": 389, "Cl": 268, "3": 205, "others": 114}}}