{"0.20": {"activatedMoleculePct": 0.11491666013638165, "activatedTokens": {"s": 163553, "others": 244}}, "0.00": {"activatedMoleculePct": 0.11531580092175889, "activatedTokens": {"s": 163607, "others": 896}}}