{"0.20": {"activatedMoleculePct": 0.4605813686940333, "activatedTokens": {"[C@H]": 435305, "[C@@H]": 408867, "[C@]": 22885, "[C@@]": 21041, "others": 1558}}, "0.00": {"activatedMoleculePct": 0.6391166758090657, "activatedTokens": {"[C@H]": 686207, "[C@@H]": 667296, "[C@]": 39909, "[C@@]": 38661, "others": 9479}}}