{"0.20": {"activatedMoleculePct": 0.9998322876333002, "activatedTokens": {"c": 9727887, "C": 9516119, "n": 1406756, "others": 471}}, "0.00": {"activatedMoleculePct": 0.9999670434213909, "activatedTokens": {"C": 12934134, "c": 10326036, "n": 1680651, "others": 7802}}}