{"0.20": {"activatedMoleculePct": 0.1663186696088347, "activatedTokens": {"F": 460306, "others": 23}}, "0.00": {"activatedMoleculePct": 0.2131272643915886, "activatedTokens": {"F": 557556, "others": 805}}}