{"0.20": {"activatedMoleculePct": 0.554661415096896, "activatedTokens": {"[C@H]": 659584, "[C@@H]": 655008, "[C@@]": 50732, "[C@]": 16997, "others": 3117}}, "0.00": {"activatedMoleculePct": 0.6796005369725208, "activatedTokens": {"[C@H]": 791134, "[C@@H]": 775494, "[C@@]": 50751, "[C@]": 45446, "others": 5610}}}