{"0.20": {"activatedMoleculePct": 0.6842247111355885, "activatedTokens": {"=": 1437462, "others": 18}}, "0.00": {"activatedMoleculePct": 0.8692107192370478, "activatedTokens": {"=": 2186665, "others": 1563}}}