{"0.20": {"activatedMoleculePct": 0.8695036666024624, "activatedTokens": {"1": 1187177, "others": 152}}, "0.00": {"activatedMoleculePct": 0.897914434468773, "activatedTokens": {"1": 1224143, "others": 7736}}}