{"0.20": {"activatedMoleculePct": 0.9066376746424029, "activatedTokens": {"O": 3171227, "others": 80}}, "0.00": {"activatedMoleculePct": 0.9525432591712666, "activatedTokens": {"O": 3422382, "others": 1502}}}