{"0.20": {"activatedMoleculePct": 0.41299866049817163, "activatedTokens": {"F": 439943, "S": 178844, "Cl": 102277, "Br": 58092, "s": 51218, "[N+]": 24887, "[O-]": 13360, "[nH]": 11894, "others": 7408, "o": 5509}}, "0.00": {"activatedMoleculePct": 0.5611838881878496, "activatedTokens": {"F": 560632, "S": 226662, "Cl": 169495, "s": 133581, "[nH]": 73474, "Br": 67327, "o": 35282, "[N+]": 31588, "[O-]": 27448, "others": 12519, "I": 4225, ".": 3626}}}