{"0.20": {"activatedMoleculePct": 0.20147455056381383, "activatedTokens": {"F": 501057, "others": 5}}, "0.00": {"activatedMoleculePct": 0.2187298827551407, "activatedTokens": {"F": 561223, "others": 647}}}