{"0.20": {"activatedMoleculePct": 0.8955759821243517, "activatedTokens": {"N": 2404394, "others": 10}}, "0.00": {"activatedMoleculePct": 0.9452268987200397, "activatedTokens": {"N": 2665592, "others": 405}}}