{"0.20": {"activatedMoleculePct": 0.9095305298758709, "activatedTokens": {"N": 2513929, "others": 2}}, "0.00": {"activatedMoleculePct": 0.9513560899729243, "activatedTokens": {"N": 2685064, "others": 684}}}