{"0.20": {"activatedMoleculePct": 0.37906656716221154, "activatedTokens": {"[C@H]": 645622, "others": 4}}, "0.00": {"activatedMoleculePct": 0.43212446161767, "activatedTokens": {"[C@H]": 774457, "others": 896}}}