{"0.20": {"activatedMoleculePct": 0.0394080119639704, "activatedTokens": {"O": 27493, "3": 11716, "4": 7131, "2": 6618, "1": 5071, "/": 2667, "5": 1917, "6": 1257, "others": 468, "C": 205}}, "0.00": {"activatedMoleculePct": 0.2891910478214603, "activatedTokens": {"O": 176431, "1": 139634, "2": 137628, "3": 91524, "4": 39502, "/": 11865, "others": 5648, "-": 5391, "5": 5034, "6": 2856}}}