{"0.20": {"activatedMoleculePct": 0.7495138904655153, "activatedTokens": {"2": 1929705, "3": 807828, "4": 133758, "others": 14223}}, "0.00": {"activatedMoleculePct": 0.799552229951964, "activatedTokens": {"2": 2575125, "3": 976006, "4": 190571, "others": 26150}}}