{"0.20": {"activatedMoleculePct": 0.7215864857521387, "activatedTokens": {"1": 986285, "others": 221}}, "0.00": {"activatedMoleculePct": 0.8720493792079143, "activatedTokens": {"1": 1202019, "others": 2821}}}