{"0.20": {"activatedMoleculePct": 0.14379394668211476, "activatedTokens": {"2": 218811, "others": 77}}, "0.00": {"activatedMoleculePct": 0.34015803045627285, "activatedTokens": {"2": 587656, "others": 4419}}}