{"0.20": {"activatedMoleculePct": 0.8647945377034245, "activatedTokens": {"N": 2201149, "others": 45}}, "0.00": {"activatedMoleculePct": 0.9443810132024054, "activatedTokens": {"N": 2624568, "others": 2229}}}