{"0.20": {"activatedMoleculePct": 0.11302275541897698, "activatedTokens": {"2": 141919, "3": 11215, "4": 3295, "others": 469}}, "0.00": {"activatedMoleculePct": 0.19658525903504603, "activatedTokens": {"2": 230026, "3": 36543, "4": 11624, "5": 1967, "others": 1597}}}