{"0.20": {"activatedMoleculePct": 0.7109803263873071, "activatedTokens": {"=": 1479274, "others": 51}}, "0.00": {"activatedMoleculePct": 0.8602106438031013, "activatedTokens": {"=": 2142479, "others": 837}}}