{"0.20": {"activatedMoleculePct": 0.9239742997276322, "activatedTokens": {"N": 2393791, "others": 78}}, "0.00": {"activatedMoleculePct": 0.9493142468359853, "activatedTokens": {"N": 2633659, "others": 1329}}}