{"0.20": {"activatedMoleculePct": 0.014538977745521018, "activatedTokens": {"Cl": 5921, "[C@]": 5125, "[C@@]": 3601, "S": 1984, "[C@H]": 1116, "=": 822, "I": 725, "N": 395, "[N-]": 244, "others": 208, "[S@]": 159, "1": 116, "[N+]": 100, "[S@@]": 84, "[CH2-]": 64, "o": 44, "[B]": 43, "3": 40, "[I-]": 37, "[Na+]": 33, "[K+]": 32, "[U+2]": 31, "[C@@H]": 29, "[CH]": 27, "[Y]": 18, "5": 17, "[Li+]": 16, "[Br-]": 16, "C": 15, "[CH3-]": 12, "7": 12, "[NH4+]": 12, "[C-]": 11}}, "0.00": {"activatedMoleculePct": 0.0966220971662469, "activatedTokens": {"Cl": 47563, "[C@]": 22988, "[C@H]": 21500, "[C@@]": 19641, "S": 14238, "=": 8807, "N": 3449, "o": 2522, "I": 2506, "others": 1425, "[C@@H]": 1002, "[S@]": 895, "1": 603, "[N-]": 458, "[S@@]": 440, "3": 353, "[N+]": 281, "C": 267, "Br": 149, "\\": 110}}}