{"0.20": {"activatedMoleculePct": 0.10856922309626324, "activatedTokens": {"1": 236818, "others": 52}}, "0.00": {"activatedMoleculePct": 0.20817059496877546, "activatedTokens": {"1": 489427, "others": 4636}}}