{"0.20": {"activatedMoleculePct": 0.07893173813727954, "activatedTokens": {"O": 131214, "others": 1119, "S": 550, "[N-]": 326}}, "0.00": {"activatedMoleculePct": 0.2396931962242014, "activatedTokens": {"O": 450456, "(": 19644, "S": 9887, "F": 7167, "others": 3886, "3": 2952, "2": 1688, "1": 1306, "N": 1230}}}