{"0.20": {"activatedMoleculePct": 0.04811147819043483, "activatedTokens": {"#": 66039, "\\": 1760, "others": 0}}, "0.00": {"activatedMoleculePct": 0.05972391175546512, "activatedTokens": {"#": 77907, "\\": 6226, "others": 341}}}