{"0.20": {"activatedMoleculePct": 0.041947133253700475, "activatedTokens": {"3": 65046, "4": 9876, "5": 2602, "6": 1532, "2": 756, "others": 596, "7": 457}}, "0.00": {"activatedMoleculePct": 0.1300019847184007, "activatedTokens": {"3": 203507, "4": 23075, "2": 9994, "5": 4984, "6": 2623, "1": 2432, "others": 1694}}}