{"0.20": {"activatedMoleculePct": 0.004663722057398642, "activatedTokens": {".": 1365, "1": 1067, "O": 1013, "s": 878, "=": 775, "n": 729, "N": 575, "[C@H]": 426, "[N-]": 423, "[Si]": 406, "F": 396, "2": 236, "c": 205, "-": 193, "(": 174, "3": 145, "[c-]": 105, "[N+]": 100, "others": 92, "C": 75}}, "0.00": {"activatedMoleculePct": 0.04230379667109261, "activatedTokens": {"1": 16400, "O": 9584, "s": 8234, "N": 7766, "c": 6956, "(": 5087, "2": 4053, "C": 3036, "=": 2957, "n": 2844, "F": 2704, ")": 2168, ".": 2036, "-": 1579, "[C@H]": 1514, "[N-]": 662, "[Si]": 576, "3": 569, "others": 556}}}