{"0.20": {"activatedMoleculePct": 0.7411788055510596, "activatedTokens": {"=": 1748080, "others": 1}}, "0.00": {"activatedMoleculePct": 0.8892988524519329, "activatedTokens": {"=": 2343818, "others": 308}}}