{"0.20": {"activatedMoleculePct": 0.1617062133403836, "activatedTokens": {"1": 222004, "others": 123}}, "0.00": {"activatedMoleculePct": 0.2774585058366101, "activatedTokens": {"1": 392403, "others": 3849, "c": 2346}}}