{"0.20": {"activatedMoleculePct": 0.5285832406276983, "activatedTokens": {"c": 2702183, "others": 3687}}, "0.00": {"activatedMoleculePct": 0.749697714937313, "activatedTokens": {"c": 5645420, "others": 35876}}}