{"0.20": {"activatedMoleculePct": 0.3174560743734771, "activatedTokens": {"n": 556385, "[nH]": 31725, "others": 342}}, "0.00": {"activatedMoleculePct": 0.4231024151313173, "activatedTokens": {"n": 830758, "[nH]": 69349, "others": 1752}}}