{"0.20": {"activatedMoleculePct": 0.39956409432026324, "activatedTokens": {"C": 1474641, "others": 12699}}, "0.00": {"activatedMoleculePct": 0.6998168346597746, "activatedTokens": {"C": 3872252, "others": 30823, "-": 26054, "[nH]": 16447, "[N+]": 15898, "S": 14481}}}