{"0.20": {"activatedMoleculePct": 0.6636407645047395, "activatedTokens": {"[C@H]": 722148, "[C@@H]": 693488, "[C@]": 11897, "others": 7305}}, "0.00": {"activatedMoleculePct": 0.6888752505615435, "activatedTokens": {"[C@H]": 794157, "[C@@H]": 776410, "[C@]": 34521, "[C@@]": 28706, "others": 2527}}}