{"0.20": {"activatedMoleculePct": 0.9474034976450694, "activatedTokens": {"(": 3177494, "others": 6}}, "0.00": {"activatedMoleculePct": 0.9964428866154545, "activatedTokens": {"(": 5647259, "others": 227}}}