{"0.20": {"activatedMoleculePct": 0.2975708072091417, "activatedTokens": {"n": 629794, "others": 80}}, "0.00": {"activatedMoleculePct": 0.46262833840986706, "activatedTokens": {"n": 1161384, "others": 3991}}}