{"0.20": {"activatedMoleculePct": 0.7474368936447267, "activatedTokens": {"1": 1591244, "others": 26}}, "0.00": {"activatedMoleculePct": 0.9536139817918565, "activatedTokens": {"1": 2272394, "others": 3308}}}