{"0.20": {"activatedMoleculePct": 0.2779653047787771, "activatedTokens": {")": 500668, "others": 88}}, "0.00": {"activatedMoleculePct": 0.7794055072639962, "activatedTokens": {")": 2231897, "others": 1877}}}