{"0.20": {"activatedMoleculePct": 0.08523157123051808, "activatedTokens": {"n": 196116, "others": 323}}, "0.00": {"activatedMoleculePct": 0.1843005112663895, "activatedTokens": {"n": 433620, "S": 4161, "others": 3759}}}