{"0.20": {"activatedMoleculePct": 0.3919899401874717, "activatedTokens": {"[C@@H]": 674984, "others": 9}}, "0.00": {"activatedMoleculePct": 0.43053888400236406, "activatedTokens": {"[C@@H]": 769783, "others": 429}}}