{"0.20": {"activatedMoleculePct": 0.39775221486517465, "activatedTokens": {"-": 183567, "S": 176086, "o": 92618, "[nH]": 92283, "Cl": 70651, "s": 67763, "[N+]": 32669, "Br": 14959, "\\": 11055, "/": 6754, "others": 6306, ".": 4302, "[O-]": 2317}}, "0.00": {"activatedMoleculePct": 0.5688730241615664, "activatedTokens": {"S": 232717, "-": 183567, "o": 170482, "Cl": 169463, "s": 152660, "[nH]": 141264, "Br": 58862, "/": 36137, "[N+]": 33822, "[O-]": 17907, "\\": 12847, "others": 10841, ".": 7831, "I": 4993, "[S@@]": 2527, "[C@@]": 2311, "[S@]": 2218}}}