{"0.20": {"activatedMoleculePct": 1.7576841924869254e-05, "activatedTokens": {".": 18, "5": 2, "3": 2, "S": 2, "4": 1, "2": 1, "others": 0}}, "0.00": {"activatedMoleculePct": 0.00046578631100903525, "activatedTokens": {".": 238, "3": 104, "S": 81, ")": 81, "C": 57, "I": 23, "2": 22, "4": 22, "Br": 17, "[C@@H]": 14, "5": 14, "1": 8, "others": 5}}}