{"0.20": {"activatedMoleculePct": 0.7852534690460828, "activatedTokens": {"2": 2331128, "3": 913815, "4": 181819, "others": 20871}}, "0.00": {"activatedMoleculePct": 0.8003263433650717, "activatedTokens": {"2": 2631836, "3": 993209, "4": 200312, "others": 32586}}}