{"0.20": {"activatedMoleculePct": 0.9575123788571098, "activatedTokens": {"O": 3387316, "others": 39}}, "0.00": {"activatedMoleculePct": 0.9596010935725151, "activatedTokens": {"O": 3442491, "others": 2259}}}