{"0.20": {"activatedMoleculePct": 0.6582739687703462, "activatedTokens": {"O": 1524570, "others": 359}}, "0.00": {"activatedMoleculePct": 0.893113759518043, "activatedTokens": {"O": 2763318, "others": 6880}}}