{"0.20": {"activatedMoleculePct": 0.9087556840943496, "activatedTokens": {"O": 3104099, "others": 55}}, "0.00": {"activatedMoleculePct": 0.9555899117715773, "activatedTokens": {"O": 3431947, "others": 2420}}}