{"0.20": {"activatedMoleculePct": 0.18673417150457033, "activatedTokens": {"c": 966172, "others": 2383}}, "0.00": {"activatedMoleculePct": 0.6241851485938893, "activatedTokens": {"c": 4044383, "others": 40544}}}