{"0.20": {"activatedMoleculePct": 0.002074799715548108, "activatedTokens": {"I": 1286, "o": 139, "[N-]": 130, "s": 125, "1": 116, "[O-]": 107, "2": 99, "[B]": 87, "[I-]": 85, "n": 83, "[CH]": 81, "=": 81, "c": 61, "N": 58, "[CH2-]": 55, "[C-]": 48, "[Na+]": 32, "others": 29, "[Br-]": 24, "[C@@H]": 24, "[S-]": 17, "[K+]": 16, "[CH-]": 15, "[c-]": 15, "[Cl-]": 15, "[V]": 15, "P": 14, "#": 14, "[Y]": 14, "C": 14, "[nH+]": 11, "[Li+]": 10, "[CH2]": 10, "[NH3+]": 8, "[U+2]": 8, ")": 8, "[C@@]": 8, "3": 7, "[CH3-]": 6, "[W]": 5, "[U]": 5, "[NH2+]": 5, "[cH-]": 4, "[Se]": 4, "[C]": 3, "[Si]": 3, "(": 3, "[NH-]": 3, "p": 3, "\\": 3, "[n-]": 3, "%17": 3, "[Fe+2]": 2, "[C+]": 2, "[SiH2]": 2, "%19": 2}}, "0.00": {"activatedMoleculePct": 0.016441670883888114, "activatedTokens": {"c": 7430, ")": 4621, "I": 2640, "=": 2243, "1": 1843, "C": 1810, "n": 1574, "o": 1360, "s": 1097, "N": 779, "[C@@H]": 456, "2": 312, "[N-]": 306, "#": 305, "others": 266, "[O-]": 195, "[CH]": 112, "(": 106, "[B]": 104, "[I-]": 98, "3": 68, "[C-]": 67, "[CH2-]": 67, "[Na+]": 55, "F": 36, "[Br-]": 34, "[C@@]": 28, "P": 26, "[K+]": 23, "[CH-]": 23, "[nH+]": 23, "[S-]": 22, "[c-]": 21, "\\": 21, "[Cl-]": 18}}}