{"0.20": {"activatedMoleculePct": 0.9775184868096787, "activatedTokens": {"c": 2467832, "=": 2386714, "2": 509923, "F": 312498, "1": 214429, "3": 192239, "S": 62331, "others": 41969, "[O-]": 33055}}, "0.00": {"activatedMoleculePct": 0.999515172110239, "activatedTokens": {"c": 9521036, "1": 2421421, "=": 2386920, "2": 2363675, "3": 853573, "F": 545323, "S": 206671, "4": 166624, "o": 152605, "others": 133184, "[nH]": 123633, "s": 117809, "Cl": 112306, "#": 64322}}}