{"0.20": {"activatedMoleculePct": 0.15756979654073103, "activatedTokens": {"S": 209550, "[N+]": 26980, "others": 1731}}, "0.00": {"activatedMoleculePct": 0.1780768444881587, "activatedTokens": {"S": 233408, "[N+]": 32365, "others": 2476, "P": 1947}}}