{"0.20": {"activatedMoleculePct": 0.863440388506796, "activatedTokens": {"=": 2165879, "others": 87}}, "0.00": {"activatedMoleculePct": 0.8975768126301327, "activatedTokens": {"=": 2369056, "others": 2103}}}