{"0.20": {"activatedMoleculePct": 0.7828974398597368, "activatedTokens": {"=": 1947967, "others": 6}}, "0.00": {"activatedMoleculePct": 0.8899147742877168, "activatedTokens": {"=": 2349416, "others": 147}}}