{"0.20": {"activatedMoleculePct": 0.20995684152939031, "activatedTokens": {"1": 351805, "3": 13543, "2": 12597, "4": 11871, "5": 3163, "others": 1088}}, "0.00": {"activatedMoleculePct": 0.46343321129634335, "activatedTokens": {"1": 786844, "3": 150218, "2": 86300, "4": 64764, "c": 10177, "5": 9675, "others": 4132}}}