{"0.20": {"activatedMoleculePct": 0.09619878822322296, "activatedTokens": {"s": 135752, "others": 1}}, "0.00": {"activatedMoleculePct": 0.11093916728246644, "activatedTokens": {"s": 156645, "others": 1099}}}