{"0.20": {"activatedMoleculePct": 0.13124847575823934, "activatedTokens": {"C": 653309, "N": 218003, "=": 129225, "n": 98107, "[C@H]": 40299, "S": 15384, "others": 8786, "[nH]": 8567, "o": 7895, "s": 6469}}, "0.00": {"activatedMoleculePct": 0.4204805362108577, "activatedTokens": {"C": 2543500, "N": 595446, "=": 579493, "n": 354443, "[C@H]": 128769, "S": 47352, "o": 38233, "[nH]": 36777, "others": 31259, "s": 28870, "#": 14047}}}