{"0.20": {"activatedMoleculePct": 0.05425897865365785, "activatedTokens": {"2": 80813, "3": 7625, "[C@H]": 3598, "=": 2747, "[C@@H]": 1212, "others": 867, "F": 544}}, "0.00": {"activatedMoleculePct": 0.17269686612232163, "activatedTokens": {"2": 223017, "=": 57163, "3": 27236, "[C@H]": 26137, "[C@@H]": 13440, "C": 12757, "F": 7527, "(": 4577, "others": 3761, "c": 3379, ")": 2823, "[nH]": 2806}}}