{"0.20": {"activatedMoleculePct": 0.6284350824976399, "activatedTokens": {"2": 1016979, "3": 154752, "4": 30992, "others": 747}}, "0.00": {"activatedMoleculePct": 0.7927360771271824, "activatedTokens": {"2": 2126762, "3": 674962, "4": 139537, "others": 10367}}}