{"0.20": {"activatedMoleculePct": 0.2976425793136683, "activatedTokens": {"c": 445721, "n": 43956, "others": 915}}, "0.00": {"activatedMoleculePct": 0.37993076189018427, "activatedTokens": {"c": 803089, "n": 114778, "others": 8435, "o": 2336}}}