{"0.20": {"activatedMoleculePct": 0.058048252825294244, "activatedTokens": {"#": 60815, "/": 26779, "\\": 703, "others": 238}}, "0.00": {"activatedMoleculePct": 0.07622197500719552, "activatedTokens": {"#": 76439, "/": 42557, "\\": 4427, "others": 1204, "O": 414, "S": 321, "[C@@H]": 276, "1": 251, "F": 217}}}