{"0.20": {"activatedMoleculePct": 0.14527552798269852, "activatedTokens": {"1": 103022, "2": 59560, "3": 41499, ")": 33431, "N": 11405, "-": 6556, "others": 2343, "O": 2304, "n": 1360}}, "0.00": {"activatedMoleculePct": 0.5822826898134145, "activatedTokens": {")": 653788, "1": 401242, "2": 296801, "3": 120779, "N": 115853, "-": 33942, "(": 25863, "=": 18412, "others": 16801, "n": 10743}}}