{"0.20": {"activatedMoleculePct": 0.2672507548887422, "activatedTokens": {"3": 499335, "4": 192903, "5": 19121, "others": 6659}}, "0.00": {"activatedMoleculePct": 0.3122833562686708, "activatedTokens": {"3": 662789, "4": 198496, "5": 21543, "6": 5035, "others": 4779}}}