{"0.20": {"activatedMoleculePct": 0.020459444000547812, "activatedTokens": {"/": 25805, "[C@]": 3627, "[C@@]": 3047, "N": 1351, "=": 1210, "\\": 455, "others": 360, "C": 358, "c": 182, "[Si]": 179, "S": 157, "[O-]": 132, "P": 120, "[C@H]": 68, "B": 60, "O": 40}}, "0.00": {"activatedMoleculePct": 0.04410249349473757, "activatedTokens": {"/": 40039, "[C@]": 10803, "[C@@]": 9728, "=": 8209, "c": 5647, "N": 4361, "\\": 1865, "C": 1149, "others": 801, "S": 602, "[C@H]": 344, "P": 296, "[Si]": 280, "[O-]": 255, "-": 176}}}