{"0.20": {"activatedMoleculePct": 0.25065308953277093, "activatedTokens": {"2": 342535, "others": 50}}, "0.00": {"activatedMoleculePct": 0.35628185344868624, "activatedTokens": {"2": 490431, "others": 3158}}}