{"0.20": {"activatedMoleculePct": 0.9288247757304826, "activatedTokens": {"1": 2000893, "others": 36}}, "0.00": {"activatedMoleculePct": 0.9888540851143923, "activatedTokens": {"1": 2593407, "others": 1111}}}