{"0.20": {"activatedMoleculePct": 0.3596778457822537, "activatedTokens": {"C": 1334933, "others": 1805}}, "0.00": {"activatedMoleculePct": 0.722775119687308, "activatedTokens": {"C": 3349146, "others": 18151}}}