{"0.20": {"activatedMoleculePct": 0.09498159191992576, "activatedTokens": {"=": 148575, "others": 16}}, "0.00": {"activatedMoleculePct": 0.2841091433999325, "activatedTokens": {"=": 479471, "others": 1815}}}