{"0.20": {"activatedMoleculePct": 0.21634162935859907, "activatedTokens": {"O": 338135, "others": 137}}, "0.00": {"activatedMoleculePct": 0.35145408086665547, "activatedTokens": {"O": 613644, "others": 4186}}}