{"0.20": {"activatedMoleculePct": 0.9983162850172802, "activatedTokens": {")": 6205681, "others": 4278}}, "0.00": {"activatedMoleculePct": 0.9985176863310027, "activatedTokens": {")": 6223950, "others": 16092}}}