{"0.20": {"activatedMoleculePct": 0.28332990340792996, "activatedTokens": {"S": 183013, "-": 144385, "Cl": 85413, "Br": 35920, "[N+]": 11165, "#": 7542, "others": 4170, ".": 3086, "I": 2606}}, "0.00": {"activatedMoleculePct": 0.3858050889351583, "activatedTokens": {"S": 229482, "-": 174407, "Cl": 153255, "Br": 57892, "#": 34665, "[N+]": 24506, "/": 13109, "others": 6894, ".": 4821, "I": 4509, "\\": 4191, "s": 2279, "[S@@]": 1261}}}