{"0.20": {"activatedMoleculePct": 0.008989822276157087, "activatedTokens": {"1": 8919, "=": 4477, "O": 3677, "[Si]": 1511, ".": 1429, "(": 543, "N": 448, "[n+]": 250, "others": 219, "P": 189, "[N+]": 176, "#": 107, "S": 87, "[C@]": 86, "[C@@H]": 81, ")": 79, "[NH+]": 73, "C": 64, "[P+]": 62, "[O-]": 55, "2": 55, "-": 44, "B": 38, "[SiH]": 32, "4": 25, "[C@H]": 23, "o": 22, "[Sn]": 21, "Cl": 20, "[N-]": 20, "[nH]": 20}}, "0.00": {"activatedMoleculePct": 0.041885614306963435, "activatedTokens": {"1": 51007, "=": 10761, "O": 7116, ".": 3692, "(": 2363, "[Si]": 1789, "N": 1294, "[C@@H]": 1106, "C": 1047, "[C@]": 943, "others": 787, "[n+]": 703, ")": 499, "-": 451, "2": 393, "P": 378, "[C@H]": 378, "S": 310, "n": 290, "[N+]": 269, "o": 240, "#": 228, "[NH+]": 190, "[nH]": 175, "/": 158, "c": 119, "4": 114, "B": 109}}}