{"0.20": {"activatedMoleculePct": 0.986421157244625, "activatedTokens": {"C": 11821204, "others": 3}}, "0.00": {"activatedMoleculePct": 0.9972016202918781, "activatedTokens": {"C": 13155088, "others": 1490}}}