{"0.20": {"activatedMoleculePct": 0.3630928796945731, "activatedTokens": {"N": 484237, "C": 203835, "[C@H]": 85058, "[C@@H]": 78494, "o": 33894, "c": 32861, "=": 23012, "others": 9349, "s": 5569, "-": 3923}}, "0.00": {"activatedMoleculePct": 0.6099713424239783, "activatedTokens": {"N": 954071, "C": 883525, "c": 410196, "[C@H]": 188408, "[C@@H]": 170919, "=": 140594, "o": 69880, "(": 68162, "s": 27561, "others": 26399, "-": 11638, "1": 11270, "[nH]": 7295, "Cl": 7080}}}