{"0.20": {"activatedMoleculePct": 0.4040688924319245, "activatedTokens": {"[C@H]": 747243, "others": 26}}, "0.00": {"activatedMoleculePct": 0.43572112289654635, "activatedTokens": {"[C@H]": 797820, "others": 1271}}}