{"0.20": {"activatedMoleculePct": 0.6480625559804106, "activatedTokens": {"2": 1250475, "others": 811}}, "0.00": {"activatedMoleculePct": 0.7462863428670612, "activatedTokens": {"2": 1829033, "others": 7229}}}