{"0.20": {"activatedMoleculePct": 0.8956353039658482, "activatedTokens": {"c": 8750334, "others": 125}}, "0.00": {"activatedMoleculePct": 0.9048426396608256, "activatedTokens": {"c": 10252009, "others": 7656}}}