{"0.20": {"activatedMoleculePct": 0.8561569846341783, "activatedTokens": {"C": 2853328, "others": 610}}, "0.00": {"activatedMoleculePct": 0.957294133069876, "activatedTokens": {"C": 4051666, "others": 10549}}}