{"0.20": {"activatedMoleculePct": 0.8521941391485338, "activatedTokens": {"N": 2233593, "others": 0}}, "0.00": {"activatedMoleculePct": 0.9438851997864414, "activatedTokens": {"N": 2658830, "others": 458}}}