{"0.20": {"activatedMoleculePct": 0.005378513629009991, "activatedTokens": {"1": 1670, "2": 1276, ")": 1269, "3": 1150, "4": 657, "C": 515, "Cl": 498, "[S@@]": 462, "=": 319, "#": 302, "S": 302, "/": 208, "N": 187, "[C@@H]": 140, "s": 139, "[S@]": 118, "[Si]": 117, "5": 115, "others": 106, "6": 94, "I": 77, "P": 62, "[C@]": 59, "c": 56, "[Na+]": 52, "(": 43, "[C@@]": 41, "8": 33, "[NH4+]": 31, "[W]": 28, "[CH2-]": 24, "[CH]": 24, "[S-]": 23, "[NH3+]": 19, "7": 18, "[C@H]": 17, "Br": 17, "[Cl-]": 17, "[I-]": 15, "n": 15, "[OH-]": 14, "[Sn]": 13, "[Cl+3]": 12, "[SiH2]": 12, "[V]": 11, "[K+]": 10, "[SiH]": 10, "[CH3-]": 10, "[Se]": 10, "[Ti]": 10, "[Cr]": 8, "[NH-]": 8, "[Fe]": 8, "[B]": 8, "[CH2]": 8, "[Ba+2]": 7, "9": 7, "[SiH3]": 7, "[Br-]": 7, "[Na]": 6, "[Ni+2]": 6, "[H+]": 6, "[Cu+2]": 6, "[Zn+2]": 6, "[Ti+4]": 5, "[Ac]": 5, "[Al]": 5, "%10": 5, "[As]": 5, "[Mg+2]": 5, "[Mn]": 5, "[Cs+]": 5, "[O-2]": 4, "[C-]": 4, "[CH-]": 4, "[Zn]": 4, "[Ca+2]": 4, "[H-]": 4, "[cH-]": 4, ".": 4, "[NH2+]": 4, "[Sr]": 4, "[La+3]": 3, "[Cu]": 3, "[W+2]": 3, "[Te]": 3, "[Co+2]": 3, "[Zr+2]": 3, "[Pb]": 3, "[Fe+3]": 3, "[K]": 3, "[HH]": 3, "[P-]": 3, "[Li+]": 3, "[Rf]": 3, "[Li]": 3, "[Bi]": 3, "[Pt]": 3, "[Y]": 3, "[Sb]": 2, "[Nd+3]": 2, "[Sr+2]": 2, "[OH2+]": 2, "[Ru+6]": 2, "[Fe+2]": 2, "[Hg+2]": 2, "[S+]": 2}}, "0.00": {"activatedMoleculePct": 0.033859588863020006, "activatedTokens": {")": 16262, "1": 11854, "C": 10886, "2": 6624, "=": 4060, "3": 3168, "s": 3004, "Cl": 2630, "S": 2049, "N": 1425, "n": 1346, "4": 1242, "[S@@]": 1082, "c": 922, "/": 889, "#": 762, "others": 703, "[C@@H]": 594, "(": 433, "[S@]": 347, "[Si]": 224, "I": 212, "[C@]": 202, "6": 197, "5": 156, "P": 147, "[C@H]": 115, "[C@@]": 83, "[Na+]": 63, "8": 50, "Br": 41, "[NH4+]": 37, "[S-]": 32, "[W]": 31, "[CH2-]": 30, "[CH]": 30, "7": 28, "[NH3+]": 26, "[OH-]": 23, "[SiH2]": 23}}}