{"0.20": {"activatedMoleculePct": 0.40012875036709966, "activatedTokens": {"[C@H]": 676006, "others": 3695}}, "0.00": {"activatedMoleculePct": 0.47206270831304065, "activatedTokens": {"[C@H]": 781184, "-": 69597, "others": 3356}}}