{"0.20": {"activatedMoleculePct": 0.08957378355437433, "activatedTokens": {"C": 372994, "c": 113451, "O": 74378, "1": 44635, "2": 43049, "/": 42371, "=": 34946, "F": 31854, "#": 10961, "-": 9350, "others": 7948, "(": 5913, "3": 4905, "n": 2905}}, "0.00": {"activatedMoleculePct": 0.3669290254446758, "activatedTokens": {"C": 2232645, "c": 1304558, "1": 471915, "2": 382925, "O": 266076, "=": 246290, "(": 160146, "F": 139863, "n": 76227, "3": 65019, ")": 53011, "/": 49989, "-": 48147, "others": 39592, "#": 34624, "N": 25192}}}