{"0.20": {"activatedMoleculePct": 0.0029997810218443527, "activatedTokens": {"5": 1307, "(": 985, "O": 902, "6": 723, "4": 686, "7": 680, "1": 433, "3": 180, "[C@@H]": 103, ".": 69, "others": 63, "[Si]": 51, "=": 48, "n": 48, "[CH2-]": 29, "Cl": 19, "8": 15, ")": 11, "[Y]": 8, "[Sn]": 7, "[OH-]": 7, "[Ir]": 6, "[c-]": 6, "[B]": 6, "B": 6, "[V]": 5, "[Cr]": 5, "[U+2]": 4, "[Ni]": 4, "[C@]": 4, "[K+]": 4, "[W]": 3, "[H-]": 3, "N": 3, "[C@H]": 3, "[Ge]": 3, "[Cs+]": 3, "[Pt+2]": 2}}, "0.00": {"activatedMoleculePct": 0.07018432980600293, "activatedTokens": {"(": 66136, "1": 24757, "O": 16525, "5": 3907, "4": 3421, "3": 2722, "[C@@H]": 1896, "6": 1556, "7": 1159, "others": 1021, "[C@H]": 283, "=": 264}}}