{"0.20": {"activatedMoleculePct": 0.3366792804919758, "activatedTokens": {"[C@H]": 579776, "others": 18}}, "0.00": {"activatedMoleculePct": 0.4277793198201596, "activatedTokens": {"[C@H]": 770450, "others": 386}}}