{"0.20": {"activatedMoleculePct": 0.3302410297685789, "activatedTokens": {"F": 573551, "Cl": 156087, "Br": 32616, "[O-]": 16334, "others": 122}}, "0.00": {"activatedMoleculePct": 0.3646403741523751, "activatedTokens": {"F": 573551, "Cl": 186316, "Br": 65766, "[O-]": 32917, "others": 7807, "C": 7145, "[N+]": 3740}}}