{"0.20": {"activatedMoleculePct": 0.5909802970925706, "activatedTokens": {"C": 2696158, "others": 681}}, "0.00": {"activatedMoleculePct": 0.7637005990041255, "activatedTokens": {"C": 4380432, "others": 9094}}}