{"0.20": {"activatedMoleculePct": 0.48684483237185566, "activatedTokens": {"c": 2915266, "others": 1333}}, "0.00": {"activatedMoleculePct": 0.7834240127490694, "activatedTokens": {"c": 6006181, "others": 15896}}}