{"0.20": {"activatedMoleculePct": 0.9020347391633277, "activatedTokens": {"c": 9502946, "others": 94}}, "0.00": {"activatedMoleculePct": 0.9044918351907417, "activatedTokens": {"c": 10312965, "others": 4364}}}