{"0.20": {"activatedMoleculePct": 0.41315465497025483, "activatedTokens": {")": 810687, "others": 3461}}, "0.00": {"activatedMoleculePct": 0.6880242384650144, "activatedTokens": {")": 1532386, "C": 43096, "(": 24707, "others": 12841}}}