{"0.20": {"activatedMoleculePct": 0.06907039744901435, "activatedTokens": {"=": 70496, "S": 29035, "3": 11367, "(": 5673, "I": 5548, "2": 4779, "others": 1273, "[n+]": 925, "1": 675, "N": 582, "4": 505, "P": 474, ")": 288, "[CH]": 236, "[NH+]": 213, "#": 194, "O": 192, "[NH2+]": 173, "[I-]": 160, "s": 155}}, "0.00": {"activatedMoleculePct": 0.3275378579542167, "activatedTokens": {"=": 241349, "(": 198744, "2": 180431, "3": 69098, "S": 67696, ")": 35576, "1": 22993, "N": 9631, "others": 8248, "I": 6560, "n": 6494, "O": 6091, "s": 4665, "4": 3282, "#": 2272}}}