{"0.20": {"activatedMoleculePct": 0.005702952836206537, "activatedTokens": {".": 3865, "1": 2791, "4": 2084, "3": 1591, "[C@@H]": 673, "others": 105, "[cH-]": 81, "[S@@]": 77, "[S@]": 23, "[Si]": 19}}, "0.00": {"activatedMoleculePct": 0.020927427416797456, "activatedTokens": {"1": 19303, ".": 5887, "4": 5103, "3": 4334, "[C@@H]": 3064, "others": 375, "[S@@]": 249, "[C@@]": 123}}}