{"0.20": {"activatedMoleculePct": 0.9920149871872146, "activatedTokens": {"1": 3986927, "others": 197}}, "0.00": {"activatedMoleculePct": 0.9929758545457741, "activatedTokens": {"1": 4079030, "others": 7846}}}