{"0.20": {"activatedMoleculePct": 0.9031435449414215, "activatedTokens": {"c": 9752811, "others": 45}}, "0.00": {"activatedMoleculePct": 0.9042347738775904, "activatedTokens": {"c": 10314838, "others": 708}}}