{"0.20": {"activatedMoleculePct": 0.31138034601478065, "activatedTokens": {"3": 738532, "others": 188}}, "0.00": {"activatedMoleculePct": 0.36275818732958703, "activatedTokens": {"3": 896951, "Cl": 24698, "[O-]": 11331, "[N+]": 11016, "others": 5086}}}