{"0.20": {"activatedMoleculePct": 0.4345185739615199, "activatedTokens": {"N": 875453, "others": 3886}}, "0.00": {"activatedMoleculePct": 0.7992673386390984, "activatedTokens": {"N": 1971310, "others": 12448}}}