{"0.20": {"activatedMoleculePct": 0.03332862176320625, "activatedTokens": {"[O-]": 27741, "S": 19600, "others": 453}}, "0.00": {"activatedMoleculePct": 0.06825746850998914, "activatedTokens": {"S": 63487, "[O-]": 32966, "[C@]": 1559, "others": 874, "1": 372}}}