{"0.20": {"activatedMoleculePct": 0.06276763488212164, "activatedTokens": {"4": 162766, "6": 5100, "others": 857}}, "0.00": {"activatedMoleculePct": 0.07032421217298834, "activatedTokens": {"4": 196849, "6": 5100, "others": 1156}}}