{"0.20": {"activatedMoleculePct": 0.6293498106461467, "activatedTokens": {"1": 886970, "others": 5}}, "0.00": {"activatedMoleculePct": 0.8224057862963616, "activatedTokens": {"1": 1325236, "others": 379}}}