{"0.20": {"activatedMoleculePct": 0.6892194637159055, "activatedTokens": {"1": 1069500, "(": 586621, "[C@H]": 163392, "[nH]": 110534, "o": 99175, "O": 94195, "2": 80652, "s": 62966, "Cl": 61647, "Br": 49766, "#": 42165, "3": 36895, "S": 35315, "=": 35076, "[N+]": 32388, "[C@]": 21953, "others": 18300, "4": 17116, "n": 14264, "-": 13684, "F": 13536, "[O-]": 12175, "/": 11864, "5": 9529}}, "0.00": {"activatedMoleculePct": 0.994154235323154, "activatedTokens": {"(": 3593176, "1": 2593183, "[C@H]": 728850, "O": 677070, "2": 433282, "3": 344252, "=": 292770, "n": 213600, "Cl": 183315, "S": 177294, "o": 172722, "s": 152788, "[nH]": 141466, "F": 129368, "[C@@H]": 107870, "4": 104758, "#": 79560, "others": 79140, "Br": 68018, "[C@]": 49579, "/": 43348, "-": 34094, "[N+]": 33901, "[O-]": 30514}}}