{"0.20": {"activatedMoleculePct": 0.9979281297581061, "activatedTokens": {"C": 13205753, "others": 676}}, "0.00": {"activatedMoleculePct": 0.9980877860722569, "activatedTokens": {"C": 13228802, "others": 16910}}}