{"0.20": {"activatedMoleculePct": 0.9478055679041008, "activatedTokens": {")": 5884904, "others": 16}}, "0.00": {"activatedMoleculePct": 0.9886900345897601, "activatedTokens": {")": 6185213, "others": 731}}}