{"0.20": {"activatedMoleculePct": 0.25537979527373367, "activatedTokens": {"(": 490146, "others": 187}}, "0.00": {"activatedMoleculePct": 0.6958737631212956, "activatedTokens": {"(": 1811622, "others": 2131}}}