{"0.20": {"activatedMoleculePct": 0.6043430911659525, "activatedTokens": {"n": 1698504, "[nH]": 142410, "o": 117476, "s": 97209, "others": 10}}, "0.00": {"activatedMoleculePct": 0.6284365472344671, "activatedTokens": {"n": 1698546, "o": 173600, "s": 159918, "[nH]": 142495, "others": 4208}}}