{"0.20": {"activatedMoleculePct": 0.9029758325747217, "activatedTokens": {"c": 9508729, "others": 36}}, "0.00": {"activatedMoleculePct": 0.9054710117596396, "activatedTokens": {"c": 10285917, "others": 11586}}}