{"0.20": {"activatedMoleculePct": 0.018550891914872424, "activatedTokens": {"/": 16228, "1": 8529, "S": 4774, "[O-]": 1157, "others": 259, "5": 102}}, "0.00": {"activatedMoleculePct": 0.11112079464902343, "activatedTokens": {"1": 110107, "/": 38857, "S": 37922, "(": 27917, "[O-]": 8644, "Br": 3231, "O": 1873, "C": 1811, "others": 1746, "5": 1669}}}