{"0.20": {"activatedMoleculePct": 0.9711900913483122, "activatedTokens": {"O": 3456455, "F": 573551, "Cl": 80262, "others": 15687}}, "0.00": {"activatedMoleculePct": 0.9797858994179868, "activatedTokens": {"O": 3456455, "F": 573551, "S": 220121, "Cl": 187599, "#": 57525, "others": 3469}}}