{"0.20": {"activatedMoleculePct": 0.1700932964122004, "activatedTokens": {"n": 423143, "others": 134}}, "0.00": {"activatedMoleculePct": 0.36365460626775536, "activatedTokens": {"n": 958406, "others": 4237}}}