{"0.20": {"activatedMoleculePct": 0.8906053977016815, "activatedTokens": {"c": 9927935, "others": 834}}, "0.00": {"activatedMoleculePct": 0.9044903704539147, "activatedTokens": {"c": 10300997, "others": 14746}}}