{"0.20": {"activatedMoleculePct": 0.0008041405180627684, "activatedTokens": {"[Si]": 660, ".": 270, "[N+]": 203, "P": 133, "C": 102, "[SiH]": 53, "-": 31, "[O-]": 17, "S": 17, "others": 14, "[SiH3]": 12, "[P+]": 10, "[S@]": 8, "N": 7, "1": 6, "=": 6, "#": 6, "[Sn]": 5, "[NH+]": 5, "[As]": 5, "[C]": 4, "B": 4, "[B]": 4, "[CH2-]": 4, "c": 3, "[S-]": 2}}, "0.00": {"activatedMoleculePct": 0.007361034924452536, "activatedTokens": {"1": 4626, "c": 1983, "[Si]": 1050, "[N+]": 910, "C": 765, ".": 761, "N": 732, "[C@H]": 659, "-": 549, "P": 439, "=": 357, "[O-]": 138, "others": 133, "[C@]": 122, "S": 87, "o": 68, "[SiH]": 56, "2": 53, "[C@@]": 53, "F": 31, "[S@]": 23}}}