{"0.20": {"activatedMoleculePct": 0.18168156181958398, "activatedTokens": {"s": 111162, "[nH]": 68671, "[C@]": 49194, "[C@@]": 48312, "others": 79}}, "0.00": {"activatedMoleculePct": 0.25021952743195747, "activatedTokens": {"s": 154735, "[nH]": 128609, "[C@]": 50740, "[C@@]": 50324, "others": 561}}}