{"0.20": {"activatedMoleculePct": 5.1265788947535324e-05, "activatedTokens": {"[HH]": 92, "others": 0}}, "0.00": {"activatedMoleculePct": 5.1265788947535324e-05, "activatedTokens": {"[HH]": 92, "others": 0}}}