{"0.20": {"activatedMoleculePct": 0.0003617899962868921, "activatedTokens": {"[S@@]": 448, "[S@]": 12, "[Si]": 12, "[OH-]": 9, "[n+]": 7, "[Br-]": 5, "others": 5, "[NH+]": 3, "[Mn+3]": 3}}, "0.00": {"activatedMoleculePct": 0.004847546529196233, "activatedTokens": {"[S@@]": 3544, "[S@]": 1998, "O": 313, "[Si]": 140, "[n+]": 134, "C": 106, "1": 91, "others": 59, "o": 54, "3": 53, "4": 49, "Br": 42, "S": 38, "2": 19, "Cl": 17, "[C@@H]": 16, "-": 15, "(": 14, "[NH+]": 13, "[C@H]": 13, "s": 12, "[C@]": 9}}}