{"0.20": {"activatedMoleculePct": 0.8375709390354561, "activatedTokens": {"=": 2076963, "others": 176}}, "0.00": {"activatedMoleculePct": 0.8946912810808, "activatedTokens": {"=": 2363645, "others": 2057}}}