{"0.20": {"activatedMoleculePct": 0.6364940645201925, "activatedTokens": {"2": 1715895, "others": 141}}, "0.00": {"activatedMoleculePct": 0.7831222769626924, "activatedTokens": {"2": 2478343, "others": 1531}}}