{"0.20": {"activatedMoleculePct": 0.3324212905356762, "activatedTokens": {"[C@H]": 577901, "others": 10}}, "0.00": {"activatedMoleculePct": 0.3664888720281405, "activatedTokens": {"[C@H]": 644616, "others": 1184}}}