{"0.20": {"activatedMoleculePct": 0.904143960194312, "activatedTokens": {"c": 10350234, "others": 135}}, "0.00": {"activatedMoleculePct": 0.9059836696491149, "activatedTokens": {"c": 10350234, "others": 12957}}}