{"0.20": {"activatedMoleculePct": 0.9960737729350323, "activatedTokens": {"C": 11530323, "others": 173}}, "0.00": {"activatedMoleculePct": 0.9978944408110834, "activatedTokens": {"C": 13140188, "others": 8859}}}