{"0.20": {"activatedMoleculePct": 0.32391483141245303, "activatedTokens": {"3": 813999, "others": 19}}, "0.00": {"activatedMoleculePct": 0.3433020880555838, "activatedTokens": {"3": 983777, "others": 557}}}