{"0.20": {"activatedMoleculePct": 0.3146137525605431, "activatedTokens": {"1": 446248, "others": 218}}, "0.00": {"activatedMoleculePct": 0.5396442007773359, "activatedTokens": {"1": 801632, "others": 752}}}