{"0.20": {"activatedMoleculePct": 0.0026614268147906197, "activatedTokens": {"O": 1453, "[O-]": 1020, "5": 338, "(": 312, "[C@H]": 233, "s": 179, "3": 158, "[N+]": 156, "2": 73, "others": 36, "[Na+]": 21, "S": 17, "[P+]": 14}}, "0.00": {"activatedMoleculePct": 0.024239197382808237, "activatedTokens": {"(": 13355, "O": 7587, "[C@H]": 4675, "3": 3797, "[O-]": 2606, "s": 1884, "2": 660, "5": 610, "[N+]": 484, "Cl": 427, "[C@@H]": 320, "others": 190}}}