{"0.20": {"activatedMoleculePct": 0.20741112892393843, "activatedTokens": {"F": 514827, "[O-]": 33341, "others": 308}}, "0.00": {"activatedMoleculePct": 0.23721266440755423, "activatedTokens": {"F": 567070, "[O-]": 33341, "others": 2314}}}