{"0.20": {"activatedMoleculePct": 0.16393700752801493, "activatedTokens": {"1": 364338, "others": 3302}}, "0.00": {"activatedMoleculePct": 0.4013649882491488, "activatedTokens": {"1": 893588, "2": 141823, "Cl": 53323, "others": 9663, "(": 5313, "F": 3106}}}