{"0.20": {"activatedMoleculePct": 0.33207561264448715, "activatedTokens": {"3": 907044, "others": 153}}, "0.00": {"activatedMoleculePct": 0.3430691949000793, "activatedTokens": {"3": 976835, "others": 5694}}}