{"0.20": {"activatedMoleculePct": 0.44305066597921683, "activatedTokens": {"c": 3671117, "1": 267390, "3": 35897, "others": 32137}}, "0.00": {"activatedMoleculePct": 0.7449651502490419, "activatedTokens": {"c": 7528585, "1": 902651, "3": 207750, "-": 114960, "others": 34492}}}