{"0.20": {"activatedMoleculePct": 0.19305890512386914, "activatedTokens": {"[C@H]": 149574, "[C@@H]": 143595, "2": 25789, "-": 20859, "#": 20231, "s": 16395, "=": 3487, "others": 514}}, "0.00": {"activatedMoleculePct": 0.4481896951370005, "activatedTokens": {"[C@@H]": 292183, "[C@H]": 278121, "2": 191990, "s": 68393, "=": 59939, "#": 52420, "-": 48631, "(": 22614, "others": 9792, "n": 3750}}}