{"0.20": {"activatedMoleculePct": 0.9634914345852195, "activatedTokens": {"N": 2704419, "S": 238514, "others": 1243}}, "0.00": {"activatedMoleculePct": 0.9637345808985135, "activatedTokens": {"N": 2704423, "S": 238515, "others": 4773}}}