{"0.20": {"activatedMoleculePct": 0.9927349053377207, "activatedTokens": {"1": 4081412, "others": 144}}, "0.00": {"activatedMoleculePct": 0.9927371024429613, "activatedTokens": {"1": 4081412, "others": 2585}}}