{"0.20": {"activatedMoleculePct": 0.32198357590595805, "activatedTokens": {"3": 812838, "others": 80}}, "0.00": {"activatedMoleculePct": 0.34129466623408106, "activatedTokens": {"3": 976702, "others": 472}}}