{"0.20": {"activatedMoleculePct": 0.21595200936259779, "activatedTokens": {"s": 163606, "Br": 69066, "#": 64017, "/": 50041, "others": 1380}}, "0.00": {"activatedMoleculePct": 0.24211074435728447, "activatedTokens": {"s": 163607, "#": 80369, "Br": 69162, "/": 50041, "[O-]": 25866, "others": 3328, "[N-]": 1258}}}