{"0.20": {"activatedMoleculePct": 0.12261604926788791, "activatedTokens": {"o": 175856, "others": 19}}, "0.00": {"activatedMoleculePct": 0.1238735258339296, "activatedTokens": {"o": 177189, "others": 843}}}