{"0.20": {"activatedMoleculePct": 0.9696418645220967, "activatedTokens": {")": 4315473, "others": 93}}, "0.00": {"activatedMoleculePct": 0.9959609881993478, "activatedTokens": {")": 6035579, "others": 3234}}}