{"0.20": {"activatedMoleculePct": 0.004521642585172615, "activatedTokens": {"-": 3575, "3": 2787, "(": 2403, ")": 514, "N": 390, "O": 371, "=": 301, "[Si]": 249, "C": 210, "others": 103, "[Cl+3]": 45, "[Zr+2]": 23, "[N+]": 18, "[OH2+]": 15, "[Ti+4]": 9, "%18": 9, "o": 8}}, "0.00": {"activatedMoleculePct": 0.07574373843315636, "activatedTokens": {"(": 89712, "3": 27781, "-": 18139, ")": 5345, "O": 4941, "N": 4371, "=": 2029, "others": 1029, "[C@]": 1006, "C": 617}}}