{"0.20": {"activatedMoleculePct": 0.837578995088005, "activatedTokens": {"=": 2010829, "others": 17}}, "0.00": {"activatedMoleculePct": 0.8987691084073697, "activatedTokens": {"=": 2368180, "others": 958}}}