{"0.20": {"activatedMoleculePct": 0.005741768362123956, "activatedTokens": {"[Si]": 1933, ".": 1561, "P": 861, "[n+]": 683, "[NH+]": 524, "3": 515, "[N-]": 383, "7": 352, "[C@]": 302, "[N+]": 283, "2": 265, "[c-]": 257, "O": 187, "4": 178, "[P+]": 167, "[C@@]": 147, "N": 146, "-": 136, "[NH2+]": 107, "=": 101, "others": 94, "o": 83, "6": 78, ")": 73, "1": 70, "[nH+]": 61, "[SiH]": 58, "(": 54, "[C]": 52, "5": 47, "[O+]": 46, "B": 45, "[SiH2]": 45, "[CH-]": 40, "[Se]": 40, "[CH]": 40, "/": 35, "[B-]": 32, "S": 27, "s": 26, "[Cl-]": 24, "[S-]": 24, "[C@H]": 18, "[nH]": 18, "[NH-]": 18, "[Al]": 18, "[B]": 14, "[Cl+3]": 14, "[I-]": 11, "\\": 11}}, "0.00": {"activatedMoleculePct": 0.05338892497837682, "activatedTokens": {"(": 17570, "-": 8316, ")": 7126, "[C@]": 5152, "[C@H]": 4798, "[nH]": 4714, ".": 4601, "[C@@]": 3707, "3": 3629, "c": 3419, "2": 3202, "N": 2629, "/": 2446, "s": 2155, "1": 2074, "[Si]": 2026, "S": 2019, "[N+]": 1574, "P": 1572, "[n+]": 1365, "O": 1349, "4": 1310, "=": 1239, "[N-]": 1218, "others": 851, "\\": 704, "o": 648, "7": 551, "[NH+]": 525, "6": 407, "[c-]": 295, "Cl": 240, "5": 234, "[P+]": 192, "[NH2+]": 154, "B": 116}}}