{"0.20": {"activatedMoleculePct": 0.8945206392404461, "activatedTokens": {"=": 2361678, "others": 946}}, "0.00": {"activatedMoleculePct": 0.9003473623385402, "activatedTokens": {"=": 2379105, "others": 13623}}}