{"0.20": {"activatedMoleculePct": 0.07135685163607441, "activatedTokens": {"[C@H]": 80147, "[C@]": 28667, "[S@@]": 3776, "others": 26}}, "0.00": {"activatedMoleculePct": 0.1724229603356591, "activatedTokens": {"[C@H]": 232318, "[C@]": 46205, "[S@@]": 3955, "others": 1564}}}