{"0.20": {"activatedMoleculePct": 0.26200187046892814, "activatedTokens": {"c": 879189, "=": 182114, ")": 143670, "C": 119526, "O": 115396, "[C@H]": 75672, "N": 66655, "(": 38637, "1": 28964, "S": 15422, "others": 4969}}, "0.00": {"activatedMoleculePct": 0.49398688914066086, "activatedTokens": {"c": 1996654, "C": 640229, ")": 450720, "=": 434351, "O": 309443, "(": 282461, "N": 218882, "[C@H]": 169192, "1": 118340, "S": 36207, "others": 24706}}}