{"0.20": {"activatedMoleculePct": 0.5038533564078208, "activatedTokens": {"n": 1479271, "others": 107}}, "0.00": {"activatedMoleculePct": 0.5591757339979333, "activatedTokens": {"n": 1673998, "others": 2991}}}