{"0.20": {"activatedMoleculePct": 0.9598295925175384, "activatedTokens": {"O": 3456442, "others": 1744}}, "0.00": {"activatedMoleculePct": 0.9604953154054429, "activatedTokens": {"O": 3456449, "others": 8975}}}