{"0.20": {"activatedMoleculePct": 0.9745025936827365, "activatedTokens": {"1": 3920636, "2": 2309288, "3": 913967, "4": 163751, "others": 1}}, "0.00": {"activatedMoleculePct": 0.9914759640348519, "activatedTokens": {"1": 4072400, "2": 2646867, "3": 999182, "4": 200990, "others": 633}}}