{"0.20": {"activatedMoleculePct": 0.6298383003779754, "activatedTokens": {"[C@@H]": 703600, "[C@H]": 647884, "others": 62}}, "0.00": {"activatedMoleculePct": 0.665449714486174, "activatedTokens": {"[C@H]": 798178, "[C@@H]": 781709, "others": 1007}}}