{"0.20": {"activatedMoleculePct": 0.03093304468252928, "activatedTokens": {"C": 62239, "others": 637, "[NH+]": 260, "[NH2+]": 217, "[I-]": 167, ")": 167, "O": 165, "#": 164, "[B]": 130}}, "0.00": {"activatedMoleculePct": 0.7455056381382316, "activatedTokens": {"C": 2929101, "others": 6857}}}