{"0.20": {"activatedMoleculePct": 0.008317508072530838, "activatedTokens": {"#": 5460, "n": 4038, "(": 2766, "4": 787, "6": 724, "2": 610, "[N-]": 501, "N": 397, "C": 295, "others": 150, "[V]": 26, "[H+]": 18, "[S+]": 12, "[As]": 10}}, "0.00": {"activatedMoleculePct": 0.04121183536651011, "activatedTokens": {"n": 30667, "#": 17474, "(": 12440, "N": 7398, "4": 2764, "6": 2150, "2": 1934, "C": 1008, "[N-]": 946, "others": 316}}}