{"0.20": {"activatedMoleculePct": 0.0012435615661844997, "activatedTokens": {"N": 525, "[C@]": 302, "2": 264, "C": 229, "S": 161, "c": 116, "[C@@]": 96, "I": 79, "O": 78, "o": 33, "n": 32, "others": 20, "[Al]": 16, "[Cr]": 10, "B": 9, "=": 7, "P": 6, "[B]": 6, "[Pb]": 5, "[Bi]": 5, "[Cs+]": 5, "[C]": 5, "[CH2]": 5, "[C@H]": 4, "[Si-]": 4, "[W]": 4, "[Cl+3]": 4, "[Te]": 3, "[Al+3]": 3, "%19": 2, "[Se-]": 2, "[Ti+4]": 2, "[Be+2]": 2, "[H-]": 2, "[NH2-]": 2, "[Mg]": 2, "[SnH3]": 2, "[C@@H]": 2, "[F-]": 2, "[I+2]": 2}}, "0.00": {"activatedMoleculePct": 0.01595098404681885, "activatedTokens": {"N": 7159, "c": 4358, "2": 3972, "O": 3949, "[C@]": 2374, "C": 2015, "[C@@]": 1664, "o": 905, "[C@H]": 709, "S": 475, "I": 323, "=": 304, "others": 258, "n": 148, "[C@@H]": 72}}}