{"0.20": {"activatedMoleculePct": 0.08571566675186552, "activatedTokens": {"o": 122109, "others": 7}}, "0.00": {"activatedMoleculePct": 0.12011354639883466, "activatedTokens": {"o": 172053, "others": 127}}}