{"0.20": {"activatedMoleculePct": 9.227842010556358e-05, "activatedTokens": {"4": 115, "c": 31, "S": 29, "=": 12, "5": 12, "C": 8, "n": 7, "F": 5, "2": 4, "%20": 4, "3": 4, "[S+]": 2, "[Ce+3]": 2, "[Sb]": 2, "others": 2, "[La]": 1, ")": 1, "[Mn+2]": 1, "[se]": 1, "[Sr+2]": 1, "[Ga]": 1}}, "0.00": {"activatedMoleculePct": 0.00015379736684260597, "activatedTokens": {"4": 159, "c": 131, "S": 30, "C": 28, "=": 26, "n": 13, "5": 13, "3": 10, "F": 7, "2": 4, "%20": 4, "others": 4, ")": 2, "[S+]": 2, "[Ce+3]": 2, "[Sb]": 2, "[La]": 1, "[Mn+2]": 1, "[se]": 1}}}