{"0.20": {"activatedMoleculePct": 0.47831859930146703, "activatedTokens": {"n": 1254291, "[O-]": 33341, "others": 1933}}, "0.00": {"activatedMoleculePct": 0.5754958317251744, "activatedTokens": {"n": 1667655, "[O-]": 33341, "others": 4730}}}