{"0.20": {"activatedMoleculePct": 0.005012329422241882, "activatedTokens": {"P": 2443, "[n+]": 1722, "I": 1488, "[NH+]": 512, "[CH]": 269, "[NH2+]": 227, "[B]": 192, "[I-]": 180, "[C]": 142, "[nH+]": 120, "[CH2-]": 120, "[S-]": 115, "[NH3+]": 104, "[B-]": 93, "[Si]": 82, "others": 81, "[CH-]": 78, "[SiH]": 67, "[Se]": 61, "[SiH2]": 59, "[Sn]": 58, "[NH-]": 45, "%13": 43, "[Cl+3]": 43, "[Al]": 36, "[CH2]": 35, "[Ge]": 31, "[PH+]": 30, "[C+]": 28, "[OH2+]": 28, "[P-]": 21, "[OH+]": 20, "%15": 20, "[As]": 16, "[Ni+2]": 16, "[Zr]": 16, "[Pt]": 15, "[Zr+2]": 15, "%14": 12, "[W]": 12, "[Fe+2]": 11, "[U]": 10}}, "0.00": {"activatedMoleculePct": 0.00811757149563545, "activatedTokens": {"I": 5429, "P": 2443, "[n+]": 1722, "[Si]": 649, "[NH+]": 521, "[CH]": 269, "[NH2+]": 227, "[B]": 192, "[I-]": 183, "[C]": 142, "others": 130, "[CH2-]": 122, "[nH+]": 120, "[S-]": 115, "[NH3+]": 104, "[B-]": 96, "[SiH]": 81, "[CH-]": 79, "[Se]": 71, "[Sn]": 62, "[SiH2]": 59, "[NH-]": 50, "%13": 43, "[Cl+3]": 43, "[Al]": 36, "[CH2]": 35, "[Ge]": 31, "[PH+]": 30, "[OH2+]": 29, "[C+]": 28, "[W]": 24, "[P-]": 21, "[OH+]": 20, "%15": 20, "[Ni+2]": 17, "[As]": 16, "[Zr]": 16, "[Pt]": 15, "[Zr+2]": 15, "[Fe+2]": 12, "%14": 12}}}