{"0.20": {"activatedMoleculePct": 0.5843897137391582, "activatedTokens": {"(": 714989, "O": 207317, "=": 190153, "[C@@H]": 127781, "#": 16661, "o": 9299, "others": 8931, "S": 5634}}, "0.00": {"activatedMoleculePct": 0.939369416148577, "activatedTokens": {"(": 2013541, "O": 663632, "=": 654947, "[C@@H]": 269290, "S": 65344, "o": 39320, "#": 34293, "others": 30964, "[C@]": 17445, "s": 14392, "C": 9027}}}