{"0.20": {"activatedMoleculePct": 0.21933042485424037, "activatedTokens": {"C": 246079, "n": 186629, "c": 127248, "N": 92417, ")": 76070, "[C@H]": 40178, "-": 36664, "[C@@H]": 19260, "1": 17682, "O": 14447, "=": 13375, "others": 7473, "2": 4296, "[C@@]": 4055, "4": 3034, "o": 2566, "3": 2065, "S": 1991, "s": 1860, "6": 1682}}, "0.00": {"activatedMoleculePct": 0.5802240022029642, "activatedTokens": {"C": 1027626, "c": 749411, "n": 497193, ")": 417395, "N": 289150, "[C@H]": 177338, "=": 119111, "[C@@H]": 94098, "1": 91905, "-": 77636, "O": 46152, "others": 32344, "[C@@]": 20886, "2": 19377, "3": 14691, "s": 11981, "S": 9497, "4": 8098, "F": 7232}}}