{"0.20": {"activatedMoleculePct": 0.04141323668023257, "activatedTokens": {"(": 75109, "others": 697, "=": 350, "C": 289}}, "0.00": {"activatedMoleculePct": 0.26236951941252334, "activatedTokens": {"(": 507173, "o": 4558, "others": 3300, "=": 2548, "C": 2049}}}