{"0.20": {"activatedMoleculePct": 0.008560654385824863, "activatedTokens": {"(": 18923, "C": 3849, ")": 2975, "=": 2487, "c": 2043, "o": 1114, "N": 738, "-": 658, "n": 511, "2": 481, "3": 375, "s": 302, "others": 258, "[C@H]": 202, "[C@@H]": 136, "1": 107}}, "0.00": {"activatedMoleculePct": 0.03334619860513112, "activatedTokens": {"(": 81382, "C": 33438, ")": 14601, "=": 14492, "c": 13217, "N": 4501, "o": 3590, "2": 2345, "-": 2043, "n": 1603, "3": 1563, "[C@H]": 1259, "others": 1148, "1": 997, "s": 734, "[C@@H]": 664}}}