{"0.20": {"activatedMoleculePct": 0.12831534026202676, "activatedTokens": {"1": 175287, "c": 55078, "2": 5981, "others": 1005}}, "0.00": {"activatedMoleculePct": 0.3377565944282876, "activatedTokens": {"c": 523712, "1": 451677, "2": 25714, "others": 4048}}}