{"0.20": {"activatedMoleculePct": 0.0015072141950575385, "activatedTokens": {"6": 5100, "7": 1968, "8": 826, "9": 314, "5": 211, "%10": 96, "others": 10}}, "0.00": {"activatedMoleculePct": 0.010861023572742127, "activatedTokens": {"5": 19412, "6": 5100, "7": 1968, "4": 909, "8": 826, "O": 738, "[nH]": 679, "[O-]": 519, ".": 474, "9": 314, "o": 275, "C": 274, "others": 270, "[C@H]": 201}}}