{"0.20": {"activatedMoleculePct": 0.7210738278626634, "activatedTokens": {")": 2029400, "others": 211}}, "0.00": {"activatedMoleculePct": 0.9767560912911875, "activatedTokens": {")": 5216491, "others": 3163}}}