{"0.20": {"activatedMoleculePct": 0.0039123120651104815, "activatedTokens": {"P": 2448, "[Si]": 1777, "[NH+]": 338, "[N+]": 306, "[C@@]": 266, "1": 253, "2": 242, "3": 205, "[P+]": 125, "O": 90, "5": 83, "S": 67, "others": 65, "Br": 57, "=": 54, "Cl": 45, "[C@]": 43, ")": 36, "[C@H]": 30, "-": 29, "[S@@]": 28, "[nH]": 19, "[B]": 16, "[SiH]": 16, "/": 13, "I": 11, "[n+]": 9, "B": 8}}, "0.00": {"activatedMoleculePct": 0.04018725195597294, "activatedTokens": {"[C@@]": 5898, "3": 5293, "S": 4395, ")": 4293, "Br": 4196, "1": 3790, "Cl": 3725, "[C@H]": 3569, "2": 3508, "[C@]": 3029, "(": 2781, "P": 2452, "[nH]": 2429, "=": 2107, "O": 2047, "[N+]": 1921, "[Si]": 1918, "-": 1805, "5": 960, "/": 604, "N": 540, "F": 481, "others": 475, "[S@@]": 448, "[NH+]": 427, "\\": 263, "[C@@H]": 209, "[P+]": 164}}}