{"0.20": {"activatedMoleculePct": 0.06703441325938365, "activatedTokens": {"3": 72894, "[C@@]": 43268, "others": 9}}, "0.00": {"activatedMoleculePct": 0.10711986600587506, "activatedTokens": {"3": 149200, "[C@@]": 48562, "[C@H]": 2379, "C": 2240, "others": 1784, "(": 1358}}}