{"0.20": {"activatedMoleculePct": 0.032939734135618515, "activatedTokens": {"1": 57442, "O": 1747, "others": 169}}, "0.00": {"activatedMoleculePct": 0.07947662023695047, "activatedTokens": {"1": 144202, "O": 17420, "others": 1369, "(": 1305, ")": 1055, "n": 909, "N": 640}}}