{"0.20": {"activatedMoleculePct": 0.3947780667378041, "activatedTokens": {"(": 758655, "others": 56}}, "0.00": {"activatedMoleculePct": 0.7888479332197186, "activatedTokens": {"(": 2513497, "others": 977}}}