{"0.20": {"activatedMoleculePct": 0.27797116372608544, "activatedTokens": {"n": 390915, "-": 159272, "[C@@H]": 137350, "1": 4627, "others": 3638}}, "0.00": {"activatedMoleculePct": 0.5431112328470163, "activatedTokens": {"n": 701106, "[C@@H]": 448331, "-": 177546, "=": 93682, "1": 75207, ")": 49657, "(": 32440, "others": 9031, "2": 8177}}}