{"0.20": {"activatedMoleculePct": 2.9294736541448757e-05, "activatedTokens": {"[Cl-]": 16, "[CH2-]": 13, ".": 11, "[c-]": 8, "%11": 2, "[C-]": 1, "F": 1, "[O-]": 1, "others": 0}}, "0.00": {"activatedMoleculePct": 0.0003105242073393568, "activatedTokens": {"C": 202, "=": 135, "c": 65, "[N+]": 52, "F": 46, "[O-]": 44, ".": 33, "[c-]": 28, "[Cl-]": 18, "[CH2-]": 13, "n": 13, "[C-]": 10, "2": 6, "others": 5, ")": 3}}}