{"0.20": {"activatedMoleculePct": 0.0030349347056940913, "activatedTokens": {"4": 1888, ".": 1486, "[n+]": 861, "S": 431, "[N+]": 107, "2": 104, "Cl": 71, "=": 66, "others": 51, "I": 50, "[NH+]": 36, "5": 33, "[S-]": 26, "[I-]": 12, "[Zr+2]": 11, "6": 9, "1": 8, "[S@@]": 8}}, "0.00": {"activatedMoleculePct": 0.010262678578883036, "activatedTokens": {"4": 8640, "S": 2796, ".": 2470, "[n+]": 1061, "2": 714, "[N+]": 494, "Cl": 258, "=": 206, "others": 158, "5": 150, "I": 95, "6": 72, "[NH+]": 60, "N": 52, "[C@@H]": 38, "c": 32, "[S@@]": 32, "[S-]": 26}}}