{"0.20": {"activatedMoleculePct": 0.3201065156620647, "activatedTokens": {"F": 535854, "s": 139768, "Br": 63602, "others": 1394}}, "0.00": {"activatedMoleculePct": 0.3443186154135721, "activatedTokens": {"F": 567379, "s": 156042, "Br": 67895, "others": 4672}}}