{"0.20": {"activatedMoleculePct": 0.16866151616373706, "activatedTokens": {"C": 209100, "N": 97776, "F": 57061, "=": 31043, "[C@H]": 21192, "(": 7427, "others": 732}}, "0.00": {"activatedMoleculePct": 0.6006731930457225, "activatedTokens": {"C": 1054726, "N": 549494, "[C@H]": 212259, "=": 197241, "F": 158217, "(": 136916, "others": 6276}}}