{"0.20": {"activatedMoleculePct": 0.019355032432935192, "activatedTokens": {"[nH]": 13060, "o": 12912, "s": 835, "others": 196}}, "0.00": {"activatedMoleculePct": 0.04787345845603556, "activatedTokens": {"[nH]": 31724, "o": 25815, "s": 4904, "[N+]": 1572, "Cl": 992, "Br": 718, "1": 639, "others": 589, "[O-]": 324, "[C@@H]": 314, "N": 287, "C": 283, "2": 281, "F": 252, "(": 238, "n": 215, "3": 199, "[C@H]": 196, "c": 168}}}