{"0.20": {"activatedMoleculePct": 0.10606672022720998, "activatedTokens": {"-": 160626, "others": 5}}, "0.00": {"activatedMoleculePct": 0.11851991273097984, "activatedTokens": {"-": 178968, "others": 1487, "(": 500}}}