{"0.20": {"activatedMoleculePct": 0.5649460647281851, "activatedTokens": {"n": 1698554, "others": 151}}, "0.00": {"activatedMoleculePct": 0.5746484814707129, "activatedTokens": {"n": 1698554, "/": 35210, "others": 3435}}}