{"0.20": {"activatedMoleculePct": 0.09832851556978629, "activatedTokens": {"c": 533111, "others": 1241}}, "0.00": {"activatedMoleculePct": 0.16280916017116914, "activatedTokens": {"c": 955999, "2": 15714, "others": 6451}}}