{"0.20": {"activatedMoleculePct": 0.06752510009645292, "activatedTokens": {"#": 75023, "\\": 12892, "I": 6582, "others": 927, "[NH+]": 526, "[NH2+]": 227, "[P+]": 210}}, "0.00": {"activatedMoleculePct": 0.07263776399134926, "activatedTokens": {"#": 81711, "\\": 12892, "I": 6804, "others": 973, "[NH+]": 526, "O": 316, "[NH2+]": 227, "[P+]": 215, "[C@]": 204, "[I-]": 193}}}