{"0.20": {"activatedMoleculePct": 0.022031106615996537, "activatedTokens": {"/": 31009, "\\": 12892, "[S@]": 4360, "others": 0}}, "0.00": {"activatedMoleculePct": 0.02580939526142989, "activatedTokens": {"/": 49305, "\\": 12892, "[S@]": 4360, "others": 103}}}