{"0.20": {"activatedMoleculePct": 0.3837207684302342, "activatedTokens": {"C": 324495, "O": 280572, "=": 166364, "#": 61616, "N": 52447, ")": 40866, "[C@H]": 21258, "[C@]": 17326, "others": 9020, "3": 8982, "Cl": 8261, "[C@@H]": 8187, "n": 7021, "S": 4473, "-": 2744, "(": 2102}}, "0.00": {"activatedMoleculePct": 0.8934491842514426, "activatedTokens": {"C": 2059232, "O": 930478, ")": 669330, "=": 572220, "N": 286671, "[C@H]": 143170, "n": 102980, "(": 81548, "#": 79656, "[C@@H]": 76119, "Cl": 68324, "S": 54921, "3": 48541, "[C@]": 46919, "others": 45944, "-": 22639, "[O-]": 12600}}}