{"0.20": {"activatedMoleculePct": 0.11279279173712661, "activatedTokens": {"c": 466965, "others": 505}}, "0.00": {"activatedMoleculePct": 0.341830027544376, "activatedTokens": {"c": 1910983, "others": 15835}}}