{"0.20": {"activatedMoleculePct": 0.016604256671693154, "activatedTokens": {"[N+]": 22935, "[N-]": 1414, "others": 59}}, "0.00": {"activatedMoleculePct": 0.02272026529313412, "activatedTokens": {"[N+]": 31310, "[N-]": 1809, "others": 334, "N": 91}}}