{"0.20": {"activatedMoleculePct": 0.49899482435242154, "activatedTokens": {")": 1073908, "(": 255081, "F": 47902, "=": 17925, "others": 10200}}, "0.00": {"activatedMoleculePct": 0.8132182245485498, "activatedTokens": {")": 2149544, "(": 948899, "F": 186998, "=": 175600, "s": 37329, "others": 34766, "S": 26265, "Cl": 21255}}}