{"0.20": {"activatedMoleculePct": 0.002367747080962596, "activatedTokens": {"c": 1753, "(": 869, "[N-]": 770, "C": 752, "7": 722, "4": 568, "#": 526, ")": 204, "8": 152, "[Cl-]": 72, "others": 66, "9": 60, "3": 56, "Br": 49, "[CH3-]": 49, "2": 45, "F": 44, "=": 37, "1": 19, "\\": 16, "%12": 11, "6": 8, "[Br-]": 7, ".": 7, "[Zr+4]": 5, "[U+2]": 5, "%10": 5, "%11": 5, "%14": 4, "[U]": 4, "[W+2]": 3, "[C@H]": 3}}, "0.00": {"activatedMoleculePct": 0.007454045712971636, "activatedTokens": {"c": 9315, "C": 5548, "#": 1978, "(": 1559, "4": 1297, "[N-]": 1055, "7": 873, ")": 409, "F": 316, "Br": 274, "=": 231, "others": 222, "2": 200, "8": 152, "3": 129, "1": 124, "[Cl-]": 81, "9": 60, "\\": 56, "[CH3-]": 49}}}