{"0.20": {"activatedMoleculePct": 0.5575469466462287, "activatedTokens": {"2": 1499727, "others": 150}}, "0.00": {"activatedMoleculePct": 0.7923882021307527, "activatedTokens": {"2": 2443255, "others": 3998}}}