{"0.20": {"activatedMoleculePct": 0.47001280912355275, "activatedTokens": {"1": 1104808, "others": 1128}}, "0.00": {"activatedMoleculePct": 0.9094206746138405, "activatedTokens": {"1": 3056930, "others": 18351}}}