{"0.20": {"activatedMoleculePct": 0.22447751006457292, "activatedTokens": {")": 532561, "others": 213}}, "0.00": {"activatedMoleculePct": 0.5699334936243667, "activatedTokens": {")": 1526077, "others": 2495}}}