{"0.20": {"activatedMoleculePct": 0.5078066811040893, "activatedTokens": {"3": 863375, "2": 368071, "4": 141854, "others": 445}}, "0.00": {"activatedMoleculePct": 0.7475987470641181, "activatedTokens": {"2": 1074720, "3": 986211, "4": 194333, "others": 4471}}}