{"0.20": {"activatedMoleculePct": 0.21410424385524593, "activatedTokens": {"(": 369958, "others": 815}}, "0.00": {"activatedMoleculePct": 0.9832727054348328, "activatedTokens": {"(": 5598737, "others": 1602}}}