{"0.20": {"activatedMoleculePct": 0.002856236812791254, "activatedTokens": {"[N-]": 2389, "7": 1906, "[C-]": 474, "[c-]": 321, "[Cl-]": 246, "N": 140, "[CH2-]": 122, "[S-]": 85, "6": 70, "others": 58, "[n-]": 47, "[NH-]": 45, "[Y]": 36, "[O+]": 31, "[CH-]": 21, "[N+]": 20, "[cH-]": 12, "[Na+]": 9}}, "0.00": {"activatedMoleculePct": 0.16707960039049885, "activatedTokens": {"N": 300686, "Cl": 17579, "6": 5068, "[N+]": 3258, "others": 2887, "S": 2806, "[N-]": 2389, "2": 1956, "7": 1914, "[C@H]": 1910, "1": 1843, "(": 987}}}