{"0.20": {"activatedMoleculePct": 0.2662730430566714, "activatedTokens": {"[C@@H]": 446354, "others": 0}}, "0.00": {"activatedMoleculePct": 0.41864009438764116, "activatedTokens": {"[C@@H]": 742005, "others": 616}}}