{"0.20": {"activatedMoleculePct": 0.0820633454735604, "activatedTokens": {"[C@H]": 122023, "others": 31}}, "0.00": {"activatedMoleculePct": 0.1834634141697176, "activatedTokens": {"[C@H]": 293831, "others": 1056}}}