{"0.20": {"activatedMoleculePct": 0.09295732562491166, "activatedTokens": {"(": 194461, "others": 354}}, "0.00": {"activatedMoleculePct": 0.25860587813536073, "activatedTokens": {"(": 585382, "others": 3132}}}