{"0.20": {"activatedMoleculePct": 0.27270397009593295, "activatedTokens": {"C": 545260, "1": 348928, "2": 193307, "3": 9997, "others": 6403}}, "0.00": {"activatedMoleculePct": 0.6265411777802353, "activatedTokens": {"C": 1865038, "1": 703766, "2": 596523, "4": 81730, "3": 56798, "others": 18217}}}