{"0.20": {"activatedMoleculePct": 0.4262281635202899, "activatedTokens": {")": 854344, "others": 340}}, "0.00": {"activatedMoleculePct": 0.7169960005360937, "activatedTokens": {")": 1778243, "others": 4945}}}