{"0.20": {"activatedMoleculePct": 0.2143180954319985, "activatedTokens": {"1": 344133, "others": 1208}}, "0.00": {"activatedMoleculePct": 0.5941485228495283, "activatedTokens": {"1": 1026862, "others": 8787}}}