{"0.20": {"activatedMoleculePct": 0.4407773944236004, "activatedTokens": {"[C@H]": 806851, "others": 12}}, "0.00": {"activatedMoleculePct": 0.44244865914329007, "activatedTokens": {"[C@H]": 806851, "others": 2954}}}