{"0.20": {"activatedMoleculePct": 0.013388426967855619, "activatedTokens": {"2": 13540, "\\": 4010, "=": 1893, "#": 758, ".": 631, "/": 556, "[C@]": 544, "5": 543, "4": 515, "I": 225, "others": 222, ")": 146, "[P+]": 110, "-": 105, "B": 80, "P": 74, "Cl": 32, "3": 29, "Br": 25, "[N+]": 22}}, "0.00": {"activatedMoleculePct": 0.07586384685297631, "activatedTokens": {"2": 82067, "=": 23951, "/": 9046, "[C@]": 8977, "\\": 8134, "5": 4529, "#": 3874, "4": 1438, ".": 1281, "others": 1165, "I": 760, "-": 517, ")": 373, "3": 366}}}