{"0.20": {"activatedMoleculePct": 0.5137571744640711, "activatedTokens": {"(": 993868, "c": 857645, ")": 346179, "=": 98736, "O": 46317, "S": 31339, "others": 13927, "[nH]": 10861}}, "0.00": {"activatedMoleculePct": 0.7578855938006479, "activatedTokens": {"c": 2288952, "(": 1860398, ")": 752187, "=": 411070, "O": 284177, "S": 78887, "others": 52752, "[nH]": 26916, "C": 18430, "o": 15820}}}