{"0.20": {"activatedMoleculePct": 0.9981939794922197, "activatedTokens": {")": 6223945, "others": 14478}}, "0.00": {"activatedMoleculePct": 0.9981961765974603, "activatedTokens": {")": 6223950, "others": 24007}}}