{"0.20": {"activatedMoleculePct": 0.33170210475358364, "activatedTokens": {")": 637552, "others": 345}}, "0.00": {"activatedMoleculePct": 0.8229711747116116, "activatedTokens": {")": 2766818, "others": 1440}}}