{"0.20": {"activatedMoleculePct": 0.6582087879815414, "activatedTokens": {"C": 4407671, "c": 1802138, "others": 51484}}, "0.00": {"activatedMoleculePct": 0.9990559771149519, "activatedTokens": {"C": 12890475, "c": 9753936, "others": 171182}}}