{"0.20": {"activatedMoleculePct": 0.7127284897904181, "activatedTokens": {"1": 1302385, "others": 170}}, "0.00": {"activatedMoleculePct": 0.9681302561165579, "activatedTokens": {"1": 2224114, "others": 3221}}}