{"0.20": {"activatedMoleculePct": 0.022765672134773363, "activatedTokens": {"/": 50041, "others": 152}}, "0.00": {"activatedMoleculePct": 0.02277812239780348, "activatedTokens": {"/": 50041, "others": 172}}}