{"0.20": {"activatedMoleculePct": 0.8255168873170635, "activatedTokens": {"N": 2362720, "others": 0}}, "0.00": {"activatedMoleculePct": 0.9431374516362209, "activatedTokens": {"N": 2683503, "others": 452}}}