{"0.20": {"activatedMoleculePct": 0.4245964466949312, "activatedTokens": {"[C@@H]": 702389, "[C@@]": 49124, "others": 3}}, "0.00": {"activatedMoleculePct": 0.4592367402867808, "activatedTokens": {"[C@@H]": 785365, "[C@@]": 50743, "others": 417}}}