{"0.20": {"activatedMoleculePct": 0.9979347210738279, "activatedTokens": {"C": 13072110, "others": 46}}, "0.00": {"activatedMoleculePct": 0.9981676142293324, "activatedTokens": {"C": 13228194, "others": 25337}}}