{"0.20": {"activatedMoleculePct": 0.00577985151962784, "activatedTokens": {"5": 16012, "7": 1968, "6": 1699, "9": 261, "others": 23}}, "0.00": {"activatedMoleculePct": 0.008420772018839446, "activatedTokens": {"5": 25015, "6": 3933, "7": 1968, "9": 261, "others": 132}}}