{"0.20": {"activatedMoleculePct": 0.7521496843858322, "activatedTokens": {"=": 1912456, "others": 26}}, "0.00": {"activatedMoleculePct": 0.8876605443108523, "activatedTokens": {"=": 2354618, "others": 1277}}}