{"0.20": {"activatedMoleculePct": 6.884263087240457e-05, "activatedTokens": {")": 65, ".": 17, "%13": 11, "[C@H]": 8, "3": 8, "(": 7, "[N+]": 3, "s": 3, "4": 3, "1": 2, "[NH3+]": 2, "I": 1, "%14": 1, "[Mg+2]": 1, "N": 1, "[S@@]": 1, "others": 1}}, "0.00": {"activatedMoleculePct": 0.0008341676230177533, "activatedTokens": {")": 644, "C": 209, "2": 175, ".": 138, "c": 108, "4": 92, "[N+]": 34, "[C@H]": 34, "3": 32, "[nH]": 30, "=": 22, "s": 20, "[S@@]": 18, "N": 14, "others": 13, "%13": 11, "o": 8, "(": 7, "1": 5}}}