{"0.20": {"activatedMoleculePct": 0.10237851289664157, "activatedTokens": {"1": 192216, "2": 64089, "C": 49913, "N": 24566, "(": 23562, ")": 20531, "3": 17300, "n": 7899, "=": 7624, "[C@@H]": 4237, "others": 4044, "F": 3941, "S": 2592, "[C@H]": 2376, "4": 2091, ".": 1057, "[N+]": 1024, "#": 973, "o": 865, "s": 796}}, "0.00": {"activatedMoleculePct": 0.9377062074814363, "activatedTokens": {"C": 4851510, "(": 3482874, "1": 2574602, "2": 1435170, "N": 1400845, "=": 1140623, ")": 989037, "n": 672073, "3": 640448, "[C@@H]": 275012, "F": 274686, "[C@H]": 173660, "others": 147508, "S": 132027, "Cl": 104787, "4": 97192, "s": 73909, "[nH]": 64180, "o": 59190}}}