{"0.20": {"activatedMoleculePct": 0.0023142841867744516, "activatedTokens": {"C": 5930, "O": 1602, "n": 346, "=": 103, "F": 98, "others": 45}}, "0.00": {"activatedMoleculePct": 0.133132859686268, "activatedTokens": {"C": 332073, "O": 112877, "F": 34946, "=": 33134, "N": 27059, ")": 26511, "n": 21421, "o": 13764, "-": 9223, "c": 8339, "3": 8078, "1": 6996, "others": 5316, "/": 2058}}}