{"0.20": {"activatedMoleculePct": 0.867716687673434, "activatedTokens": {")": 3092556, "others": 80}}, "0.00": {"activatedMoleculePct": 0.9932292540168577, "activatedTokens": {")": 5933588, "others": 173}}}