{"0.20": {"activatedMoleculePct": 0.08162831863591989, "activatedTokens": {"Br": 65839, "[C@]": 45188, "I": 5292, "others": 11}}, "0.00": {"activatedMoleculePct": 0.0877128354155788, "activatedTokens": {"Br": 68419, "[C@]": 50008, "I": 6066, "others": 899}}}