{"0.20": {"activatedMoleculePct": 0.9665578611326956, "activatedTokens": {"N": 2704311, "F": 573551, "others": 4377}}, "0.00": {"activatedMoleculePct": 0.9666926169207863, "activatedTokens": {"N": 2704420, "F": 573551, "others": 8488}}}