{"0.20": {"activatedMoleculePct": 0.0006005420990996995, "activatedTokens": {"(": 1354, "5": 510, "4": 391, "6": 269, "-": 188, "O": 157, "others": 29, "7": 11, "%18": 10, "[Pt+2]": 9, "[s+]": 6, "%14": 6, "[Ir+3]": 6, "[Hf+4]": 5, "=": 4, "[Zr]": 4, "[CH+]": 4, "%20": 4, "[se]": 4, "[Co+2]": 3, "C": 3, "[Ru]": 3, "2": 3, "[Ni]": 3, "[Ni+2]": 3, "[U]": 3, "[C]": 2, "[SH+]": 2, "[Li+]": 2, "[Sm+3]": 2, "%19": 2, "[Te+]": 2, "[Zr+4]": 2, "[Cu+]": 2, "[Mo+4]": 2, "%17": 2}}, "0.00": {"activatedMoleculePct": 0.008494008860193067, "activatedTokens": {"O": 9253, "(": 8815, "4": 2770, "5": 2102, "6": 1204, "-": 988, "=": 737, "others": 230, "2": 81}}}