{"0.20": {"activatedMoleculePct": 0.07387766371546609, "activatedTokens": {"4": 174879, "5": 5397, "Br": 4767, "I": 4200, ".": 3550, "others": 1733, "[n+]": 1339, "-": 856, "/": 617, "[O-]": 561, "s": 532, "3": 440, "[N-]": 320, "[C@H]": 319, "O": 295, "n": 279}}, "0.00": {"activatedMoleculePct": 0.2374038125634872, "activatedTokens": {"4": 195463, "(": 52050, "Br": 45575, "n": 41074, "C": 33636, "[C@H]": 30495, "1": 25482, "s": 23332, "O": 20704, "[O-]": 16929, "3": 16339, "=": 15271, "N": 14979, "5": 13800, "2": 13545, "-": 11540, ")": 10649, "/": 10032, "S": 9430, "[C@@H]": 9131, ".": 6554, "I": 5806, "others": 4782, "Cl": 2980}}}