{"0.20": {"activatedMoleculePct": 0.028049710238437185, "activatedTokens": {"Br": 39364, "others": 3}}, "0.00": {"activatedMoleculePct": 0.04516955427325984, "activatedTokens": {"Br": 63756, "others": 90}}}