{"0.20": {"activatedMoleculePct": 0.986645261979167, "activatedTokens": {"(": 4620359, "others": 728}}, "0.00": {"activatedMoleculePct": 0.9971210597663891, "activatedTokens": {"(": 6174167, "others": 2371}}}