{"0.20": {"activatedMoleculePct": 0.027184050773637374, "activatedTokens": {"/": 50041, "[S@@]": 3971, "[n+]": 1722, "8": 826, "[C-]": 474, "others": 424, "9": 328, "%10": 160}}, "0.00": {"activatedMoleculePct": 0.03014794574321845, "activatedTokens": {"/": 50041, "[S@]": 4135, "[S@@]": 3971, "[n+]": 1722, "8": 826, "others": 606, "[C-]": 474, "9": 328}}}