{"0.20": {"activatedMoleculePct": 0.7980193828624327, "activatedTokens": {"2": 2430232, "others": 72}}, "0.00": {"activatedMoleculePct": 0.8010748238837058, "activatedTokens": {"2": 2640890, "others": 1943}}}