{"0.20": {"activatedMoleculePct": 0.06762470220069385, "activatedTokens": {")": 73943, "O": 58818, "(": 43333, "5": 19187, "1": 16725, "N": 10270, "2": 6618, "[C@@H]": 6423, "=": 6312, "C": 6286, "/": 5919, "F": 5455, "6": 4615, "[C@@]": 3163, "[C@H]": 2663, "others": 2208, "7": 1878, "[C@]": 830, "4": 604, "[Si]": 599}}, "0.00": {"activatedMoleculePct": 0.38305943975281104, "activatedTokens": {"(": 895438, ")": 533314, "O": 374736, "N": 110470, "1": 98931, "[C@@H]": 65877, "=": 54446, "2": 40874, "F": 32464, "[C@H]": 29997, "/": 29293, "[C@@]": 25565, "5": 24236, "others": 20004, "C": 15260, "[C@]": 9434, "4": 6748, "-": 6240}}}