{"0.20": {"activatedMoleculePct": 0.027366410508607893, "activatedTokens": {"[N+]": 33942, "P": 2320, "[Si]": 2116, "[n+]": 1417, "others": 221}}, "0.00": {"activatedMoleculePct": 0.027583191559014612, "activatedTokens": {"[N+]": 33942, "P": 2417, "[Si]": 2117, "[n+]": 1690, "others": 239}}}