{"0.20": {"activatedMoleculePct": 0.8263891380975852, "activatedTokens": {")": 2486099, "others": 789}}, "0.00": {"activatedMoleculePct": 0.9664553295548005, "activatedTokens": {")": 5032269, "others": 28945}}}