{"0.20": {"activatedMoleculePct": 0.48320276425134007, "activatedTokens": {"n": 1135365, "[nH]": 142144, "others": 28}}, "0.00": {"activatedMoleculePct": 0.574002532529974, "activatedTokens": {"n": 1627611, "[nH]": 142496, "others": 2421}}}