{"0.20": {"activatedMoleculePct": 0.35132445165745957, "activatedTokens": {"c": 1257514, ")": 10614, "others": 7588}}, "0.00": {"activatedMoleculePct": 0.5612043945034286, "activatedTokens": {"c": 2596941, ")": 126823, "others": 25793, "[C@@H]": 25214}}}