{"0.20": {"activatedMoleculePct": 0.08807023120138446, "activatedTokens": {"C": 179629, "N": 65525, "n": 44724, "=": 37248, "[C@H]": 32759, "(": 20165, "O": 13705, "c": 7419, "F": 6064, "[C@@H]": 4553, ")": 3366, "others": 3054, "[nH]": 1706}}, "0.00": {"activatedMoleculePct": 0.3628241004868053, "activatedTokens": {"C": 921188, "(": 425575, "=": 330090, "N": 294789, "c": 204651, "[C@H]": 202417, "n": 198977, "O": 102113, "[C@@H]": 78608, ")": 50385, "F": 31445, "others": 27504, "[nH]": 14932, "o": 6793}}}