{"0.20": {"activatedMoleculePct": 0.512977202103655, "activatedTokens": {"n": 1509945, "others": 206}}, "0.00": {"activatedMoleculePct": 0.5623864371228761, "activatedTokens": {"n": 1686124, "others": 6199}}}