{"0.20": {"activatedMoleculePct": 0.99639015608968, "activatedTokens": {"C": 13114418, "others": 200}}, "0.00": {"activatedMoleculePct": 0.9976154084455261, "activatedTokens": {"C": 13212855, "others": 12112}}}