{"0.20": {"activatedMoleculePct": 0.0658260053770489, "activatedTokens": {"#": 70666, "/": 26585, "[S@]": 4267, "others": 9}}, "0.00": {"activatedMoleculePct": 0.07998781338959876, "activatedTokens": {"#": 79456, "/": 46332, "[S@]": 4344, "others": 201}}}