{"0.20": {"activatedMoleculePct": 0.1863972820343437, "activatedTokens": {"n": 248848, "=": 28356, "[C@@H]": 18047, "O": 17856, "(": 10424, "\\": 3304, "C": 3170, "1": 2600, "others": 2451, "[Si]": 2109, "[N+]": 2026, "[N-]": 1297}}, "0.00": {"activatedMoleculePct": 0.5175449838988804, "activatedTokens": {"n": 411336, "(": 308840, "C": 204642, "=": 202093, "O": 116060, "1": 83970, "[C@@H]": 81443, "c": 66592, "others": 13628, "[N+]": 12427, "\\": 8500, "[C@]": 7265, "#": 5399, "3": 3922, "Cl": 2202, "[C@H]": 2191}}}