{"0.20": {"activatedMoleculePct": 0.08887730119310139, "activatedTokens": {"C": 370314, "O": 71120, "(": 6068, "[C@H]": 5773, "n": 3909, "others": 2934, ".": 2455, "2": 2452, "Cl": 1783}}, "0.00": {"activatedMoleculePct": 0.4383283544487353, "activatedTokens": {"C": 2640740, "O": 589074, "(": 253808, "[C@H]": 90298, "n": 46027, "Cl": 39178, "2": 30917, "others": 28606, "1": 20386, "[nH]": 15699}}}