{"0.20": {"activatedMoleculePct": 0.3018112203235164, "activatedTokens": {"c": 1323343, "others": 3009}}, "0.00": {"activatedMoleculePct": 0.532793626637118, "activatedTokens": {"c": 3025357, "others": 24505}}}