{"0.20": {"activatedMoleculePct": 0.09067965985881402, "activatedTokens": {"Br": 54080, "[C@]": 42582, "[N+]": 30303, "[O-]": 12836, "others": 1058}}, "0.00": {"activatedMoleculePct": 0.10770649310511757, "activatedTokens": {"Br": 67562, "[C@]": 49646, "[N+]": 33719, "[O-]": 28375, "[S@@]": 1702, "others": 1202}}}