{"0.20": {"activatedMoleculePct": 5.932184149643373e-05, "activatedTokens": {"P": 70, ".": 7, "S": 3, "2": 2, "C": 2, "others": 0}}, "0.00": {"activatedMoleculePct": 0.0003742402593170079, "activatedTokens": {"2": 208, "P": 159, "C": 108, ".": 40, "S": 31, "O": 5, ")": 5, "others": 1}}}