{"0.20": {"activatedMoleculePct": 0.041798462465752625, "activatedTokens": {"[C@@]": 50751, "[S@]": 4360, "[Si]": 2120, "P": 1140, "others": 407}}, "0.00": {"activatedMoleculePct": 0.04256378745789797, "activatedTokens": {"[C@@]": 50751, "[S@]": 4360, "P": 2322, "[Si]": 2120, "B": 482, "others": 147}}}