{"0.20": {"activatedMoleculePct": 0.0799643776003656, "activatedTokens": {"2": 139932, "3": 3305, "others": 117}}, "0.00": {"activatedMoleculePct": 0.22570569189407316, "activatedTokens": {"2": 436068, "3": 43771, "N": 3385, "others": 1740}}}