{"0.20": {"activatedMoleculePct": 0.5163951654896286, "activatedTokens": {"=": 1250893, "n": 125475, "5": 23401, ")": 13463, "others": 11907, "(": 5598, "N": 3192}}, "0.00": {"activatedMoleculePct": 0.7717859462895653, "activatedTokens": {"=": 1941654, "n": 422802, ")": 281166, "(": 245786, "C": 231991, "O": 49329, "[C@H]": 38815, "N": 37659, "others": 26645, "5": 25704, "F": 24021, "c": 22307, "[C@@H]": 17877, "2": 13523, "3": 9026}}}