{"0.20": {"activatedMoleculePct": 0.6903202134414504, "activatedTokens": {"1": 2084244, "others": 16}}, "0.00": {"activatedMoleculePct": 0.9824297493908526, "activatedTokens": {"1": 3852340, "others": 3011}}}