{"0.20": {"activatedMoleculePct": 0.5328734547941935, "activatedTokens": {"n": 1546541, "others": 5}}, "0.00": {"activatedMoleculePct": 0.5635120873744812, "activatedTokens": {"n": 1688436, "others": 297}}}