{"0.20": {"activatedMoleculePct": 0.955432452562667, "activatedTokens": {"N": 2704418, "others": 1236}}, "0.00": {"activatedMoleculePct": 0.9562270722913537, "activatedTokens": {"N": 2704423, "others": 5913}}}