{"0.20": {"activatedMoleculePct": 0.555732137717486, "activatedTokens": {"n": 1458464, "#": 81720, "others": 138}}, "0.00": {"activatedMoleculePct": 0.5929122849674792, "activatedTokens": {"n": 1687360, "#": 81726, "others": 1572}}}