{"0.20": {"activatedMoleculePct": 0.06761957562179909, "activatedTokens": {"4": 180430, "5": 18574, "6": 5100, "7": 1968, "others": 850}}, "0.00": {"activatedMoleculePct": 0.07073873269504985, "activatedTokens": {"4": 192634, "5": 21714, "6": 5100, "7": 1968, "others": 1688}}}