{"0.20": {"activatedMoleculePct": 0.9981954442290467, "activatedTokens": {"(": 6223950, "others": 248}}, "0.00": {"activatedMoleculePct": 0.9982152181762123, "activatedTokens": {"(": 6223950, "others": 23031}}}