{"0.20": {"activatedMoleculePct": 0.30488716766036855, "activatedTokens": {")": 510979, "O": 455712, "1": 298784, "(": 244758, "n": 163684, "=": 161330, "F": 130291, "2": 31674, "[nH]": 21821, "others": 18688, "[C@@H]": 17586, "o": 7149, "Br": 6770}}, "0.00": {"activatedMoleculePct": 0.607396335081985, "activatedTokens": {"(": 1748398, ")": 1620544, "O": 1173674, "=": 767579, "1": 746033, "n": 466054, "F": 252419, "2": 179139, "[C@@H]": 129969, "others": 64011, "[nH]": 57819, "o": 34537, "S": 23867, "4": 20403, "Br": 20237}}}