{"0.20": {"activatedMoleculePct": 0.30992659471391126, "activatedTokens": {"2": 516891, "others": 26}}, "0.00": {"activatedMoleculePct": 0.38666635418947687, "activatedTokens": {"2": 753972, "others": 4463}}}