{"0.20": {"activatedMoleculePct": 0.5032352374667962, "activatedTokens": {"1": 833900, "others": 170}}, "0.00": {"activatedMoleculePct": 0.842652843456984, "activatedTokens": {"1": 1614745, "others": 3310}}}