{"0.20": {"activatedMoleculePct": 0.30900820472333684, "activatedTokens": {"2": 440050, "3": 69952, "4": 12638, "others": 3566}}, "0.00": {"activatedMoleculePct": 0.5505396456655142, "activatedTokens": {"2": 994230, "3": 291952, "4": 88059, "-": 21721, "others": 11795}}}