{"0.20": {"activatedMoleculePct": 0.7394028121482343, "activatedTokens": {"=": 1819122, "others": 19}}, "0.00": {"activatedMoleculePct": 0.8891208869274435, "activatedTokens": {"=": 2360869, "others": 384}}}