{"0.20": {"activatedMoleculePct": 0.3414880114952546, "activatedTokens": {"3": 985800, "others": 1386}}, "0.00": {"activatedMoleculePct": 0.35448462136186837, "activatedTokens": {"3": 998654, "[C@@]": 40922, "others": 509}}}