{"0.20": {"activatedMoleculePct": 0.9008270636494065, "activatedTokens": {"=": 2386907, "others": 10}}, "0.00": {"activatedMoleculePct": 0.9013792694332128, "activatedTokens": {"=": 2386926, "others": 2490}}}