{"0.20": {"activatedMoleculePct": 0.8975270115780123, "activatedTokens": {"O": 2807386, "others": 7606}}, "0.00": {"activatedMoleculePct": 0.9581781017450142, "activatedTokens": {"O": 3429276, "others": 34024}}}