{"0.20": {"activatedMoleculePct": 0.19731176850127397, "activatedTokens": {"F": 512935, "[O-]": 18105, "others": 62}}, "0.00": {"activatedMoleculePct": 0.23666851467629682, "activatedTokens": {"F": 568393, "[O-]": 31407, "others": 1299}}}