{"0.20": {"activatedMoleculePct": 0.9981939794922197, "activatedTokens": {"(": 6223950, "others": 348}}, "0.00": {"activatedMoleculePct": 0.9982027679131821, "activatedTokens": {"(": 6223950, "others": 22429}}}