{"0.20": {"activatedMoleculePct": 0.1409311185536017, "activatedTokens": {"c": 1077169, "others": 329}}, "0.00": {"activatedMoleculePct": 0.16857802616459394, "activatedTokens": {"c": 1431224, "others": 4181}}}