{"0.20": {"activatedMoleculePct": 0.2436604359203271, "activatedTokens": {"3": 635155, "#": 33739, "/": 18135, "others": 5672, "[N-]": 1999}}, "0.00": {"activatedMoleculePct": 0.4086608423847966, "activatedTokens": {"3": 949356, "4": 108225, "#": 81235, "/": 50027, "[C@]": 48013, "c": 42414, "[C@@]": 19754, "(": 15785, "1": 13776, "others": 13710, "[C@@H]": 12042, "2": 11353, "[O-]": 9475, ")": 8683, "[N+]": 7356, "O": 5132, "C": 3730, "[C@H]": 3123, "o": 2648, "N": 2524}}}