{"0.20": {"activatedMoleculePct": 0.44431033965049915, "activatedTokens": {"n": 1360778, "others": 6}}, "0.00": {"activatedMoleculePct": 0.5587480308444281, "activatedTokens": {"n": 1680340, "others": 847}}}