{"0.20": {"activatedMoleculePct": 0.34338557805472697, "activatedTokens": {"3": 1003190, "others": 31}}, "0.00": {"activatedMoleculePct": 0.34474631856707727, "activatedTokens": {"3": 1003296, "others": 2380}}}