{"0.20": {"activatedMoleculePct": 0.07359204003418696, "activatedTokens": {"1": 117922, "5": 17965, "c": 9991, ")": 3501, "(": 3109, "C": 2375, "3": 2076, "S": 1695, "others": 1481, "O": 1301, "[C@@H]": 827, "[C@H]": 510, "=": 357, "4": 267, "-": 263, "s": 203, "N": 197, "#": 167}}, "0.00": {"activatedMoleculePct": 0.1532986239529878, "activatedTokens": {"1": 309903, "c": 81634, "C": 55905, "(": 42810, ")": 27212, "5": 26916, "S": 18985, "O": 12076, "[C@@H]": 12019, "3": 11780, "[C@H]": 6567, "others": 5931, "=": 5859, "N": 2663, "s": 2648, "[O-]": 1733, "[C@]": 1553, "4": 1113}}}