{"0.20": {"activatedMoleculePct": 0.05024267027382523, "activatedTokens": {"-": 76149, "others": 108}}, "0.00": {"activatedMoleculePct": 0.11164809990676951, "activatedTokens": {"-": 168045, "others": 1504}}}