{"0.20": {"activatedMoleculePct": 0.1657547459304118, "activatedTokens": {"O": 287235, "F": 49975, "n": 40417, "[O-]": 33126, "others": 4128, "-": 2967}}, "0.00": {"activatedMoleculePct": 0.47873458456035556, "activatedTokens": {"O": 1100231, "n": 454571, "F": 317625, "[C@@H]": 66463, "[O-]": 33289, "others": 17955, "[C@H]": 14859, "C": 11269, "[C@@]": 7646, "=": 7117, "-": 5537, "#": 5147}}}