{"0.20": {"activatedMoleculePct": 0.5706446233539104, "activatedTokens": {"[C@H]": 796232, "[C@@H]": 417811, "others": 165}}, "0.00": {"activatedMoleculePct": 0.660009681910427, "activatedTokens": {"[C@H]": 806722, "[C@@H]": 756052, "others": 2055}}}