{"0.20": {"activatedMoleculePct": 0.8735866205079268, "activatedTokens": {"N": 2191882, "others": 77}}, "0.00": {"activatedMoleculePct": 0.9497954128836786, "activatedTokens": {"N": 2644167, "others": 2619}}}