{"0.20": {"activatedMoleculePct": 0.27413208850232856, "activatedTokens": {"=": 436659, "/": 50041, "others": 1357}}, "0.00": {"activatedMoleculePct": 0.8765746836351546, "activatedTokens": {"=": 2252257, "/": 50041, "others": 5233}}}