{"0.20": {"activatedMoleculePct": 0.4555719687454456, "activatedTokens": {"O": 758964, "others": 116}}, "0.00": {"activatedMoleculePct": 0.7094372261399864, "activatedTokens": {"O": 1443467, "others": 6162}}}