{"0.20": {"activatedMoleculePct": 0.13904380515191883, "activatedTokens": {"C": 197895, "[C@H]": 39153, "N": 16612, "O": 14022, "[C@@H]": 8930, ")": 7300, "2": 3444, "=": 3010, "(": 2834, "others": 2315, "1": 1789, "F": 782, "[O-]": 781}}, "0.00": {"activatedMoleculePct": 0.5019308893222882, "activatedTokens": {"C": 1003700, "[C@H]": 130514, "(": 112761, ")": 97168, "O": 83261, "N": 78498, "[C@@H]": 68997, "1": 38740, "=": 30911, "2": 25178, "c": 16024, "others": 13890, "S": 8678, "[O-]": 7286, "F": 6779}}}