{"0.20": {"activatedMoleculePct": 0.7053081330244692, "activatedTokens": {"=": 1594060, "others": 83}}, "0.00": {"activatedMoleculePct": 0.8908976126986824, "activatedTokens": {"=": 2335159, "others": 1022}}}