{"0.20": {"activatedMoleculePct": 0.5458891062395592, "activatedTokens": {"c": 1706062, "n": 52415, "(": 19901, "others": 16627}}, "0.00": {"activatedMoleculePct": 0.7818523501336206, "activatedTokens": {"c": 2837089, "C": 282560, "(": 220755, "n": 190746, "[C@@H]": 36800, "others": 20008}}}