{"0.20": {"activatedMoleculePct": 0.23754369493047262, "activatedTokens": {"O": 282758, ")": 68159, "N": 38451, "[C@H]": 30272, "c": 25467, "3": 24140, "F": 23924, "[C@@H]": 17074, "4": 11913, "2": 5701, "[nH]": 5639, "others": 4741, "[C@@]": 3794}}, "0.00": {"activatedMoleculePct": 0.5760897825085523, "activatedTokens": {"O": 878043, ")": 433215, "c": 154607, "[C@H]": 141415, "N": 129297, "[C@@H]": 102942, "3": 82855, "F": 79671, "2": 30971, "4": 28029, "[nH]": 22343, "others": 19731, "[C@@]": 13284, "1": 12845, "[C@]": 3111}}}