{"0.20": {"activatedMoleculePct": 0.08174915942415337, "activatedTokens": {"S": 90153, "#": 28104, "others": 93}}, "0.00": {"activatedMoleculePct": 0.12910629814864588, "activatedTokens": {"S": 140812, "#": 46936, "[O-]": 2052, "others": 1252}}}