{"0.20": {"activatedMoleculePct": 0.23277304708469768, "activatedTokens": {"2": 460685, "others": 309}}, "0.00": {"activatedMoleculePct": 0.45383405850012415, "activatedTokens": {"2": 1112556, "others": 1127}}}