{"0.20": {"activatedMoleculePct": 0.36973253173169246, "activatedTokens": {"[C@H]": 640549, "others": 42}}, "0.00": {"activatedMoleculePct": 0.43301502160853006, "activatedTokens": {"[C@H]": 785974, "others": 206}}}