{"0.20": {"activatedMoleculePct": 0.2535503389767202, "activatedTokens": {"O": 235775, "[C@@H]": 71744, "[N+]": 33934, "o": 15254, "N": 3917, "others": 2972}}, "0.00": {"activatedMoleculePct": 0.6254997498961867, "activatedTokens": {"[C@@H]": 454514, "O": 450229, "o": 138576, "N": 80518, "[N+]": 33941, "others": 11551, "(": 4367, "=": 2814, "2": 2173}}}