{"0.20": {"activatedMoleculePct": 0.026803951567012076, "activatedTokens": {"S": 26375, "5": 2570, "[S@]": 1906, "[N+]": 1421, ".": 1186, "7": 847, "[n+]": 819, "#": 698, "(": 696, "\\": 544, "others": 383, "Cl": 361, "[S@@]": 256, "1": 250, "[c-]": 210, "[NH2+]": 203, "3": 176, "2": 148, "4": 131, "[B]": 107, "-": 104, "[P+]": 98, "[Si]": 82, "[nH+]": 77, "P": 75, "[CH]": 73, ")": 57, "[Se]": 55, "[C@@]": 49, "Br": 46, "O": 45, "6": 41, "[NH+]": 35, "[C]": 35, "[N-]": 34}}, "0.00": {"activatedMoleculePct": 0.18150359629509466, "activatedTokens": {"S": 137089, "(": 19856, ")": 18640, "5": 15077, "-": 15009, "[N+]": 13314, "2": 12260, "1": 9805, "=": 8780, "Cl": 7798, "n": 7545, "3": 6179, "\\": 4495, "s": 4270, "[C@@]": 4021, "#": 3513, "[S@]": 3209, ".": 3098, "others": 2461, "O": 1826, "[S@@]": 1610, "4": 1526, "[n+]": 1418, "Br": 1337, "7": 1142, "[nH]": 928, "6": 679}}}