{"0.20": {"activatedMoleculePct": 0.1048802833972813, "activatedTokens": {"s": 149051, "others": 3}}, "0.00": {"activatedMoleculePct": 0.11264119147552461, "activatedTokens": {"s": 160007, "others": 311}}}