{"0.20": {"activatedMoleculePct": 0.25055348742853, "activatedTokens": {"(": 389464, "others": 43}}, "0.00": {"activatedMoleculePct": 0.36968639252163965, "activatedTokens": {"(": 630593, "others": 465}}}