{"0.20": {"activatedMoleculePct": 0.137004891488634, "activatedTokens": {"s": 118954, "[nH]": 76925, "[S@@]": 3971, "others": 221}}, "0.00": {"activatedMoleculePct": 0.2002910432075393, "activatedTokens": {"s": 160476, "[nH]": 133145, "[S@@]": 3971, "others": 1686}}}