{"0.20": {"activatedMoleculePct": 0.5262865332828487, "activatedTokens": {"O": 801879, "n": 132389, "s": 81694, "Cl": 68797, "o": 57561, "[C@@H]": 53041, "[nH]": 37167, "[C@H]": 25078, "=": 12222, "[C@]": 8302, "others": 8023}}, "0.00": {"activatedMoleculePct": 0.906883750429351, "activatedTokens": {"O": 1932587, "n": 506457, "[C@H]": 298702, "=": 294983, "[C@@H]": 290356, "s": 157493, "Cl": 155489, "o": 152967, "[nH]": 117549, "[C@]": 32266, "others": 30972, "[C@@]": 29880}}}