{"0.20": {"activatedMoleculePct": 0.7772962862330118, "activatedTokens": {"O": 2190502, "others": 120}}, "0.00": {"activatedMoleculePct": 0.9473002336987607, "activatedTokens": {"O": 3340220, "others": 1469}}}