{"0.20": {"activatedMoleculePct": 0.95171348575873, "activatedTokens": {"c": 7831134, "C": 1613829, "n": 251756, ")": 206185, "others": 65663, "N": 53190, "[C@@H]": 38227}}, "0.00": {"activatedMoleculePct": 0.9897981079994405, "activatedTokens": {"c": 9794084, "C": 3969170, ")": 1292363, "n": 554105, "N": 226330, "=": 150334, "others": 117648, "O": 114002, "F": 107330, "[C@@H]": 103884, "o": 92083}}}