{"0.20": {"activatedMoleculePct": 0.27499481849347424, "activatedTokens": {"c": 1050145, "others": 671}}, "0.00": {"activatedMoleculePct": 0.6429293857699353, "activatedTokens": {"c": 3416661, "others": 5183}}}