{"0.20": {"activatedMoleculePct": 0.026743897357102107, "activatedTokens": {"4": 63952, "5": 3860, "n": 3838, "C": 3211, "6": 2555, "(": 2065, "-": 861, "others": 797, ")": 725, "o": 268, "c": 257, "=": 217, "[C@@H]": 182, "N": 174, "s": 125}}, "0.00": {"activatedMoleculePct": 0.06868883350556197, "activatedTokens": {"4": 181246, "C": 118583, "n": 27270, "(": 18085, "5": 11756, "[C@@H]": 10220, "N": 5845, "c": 5582, "=": 5297, "[C@H]": 5086, "others": 3790, "O": 3648, "6": 3470, ")": 3081, "-": 2843, "[C@@]": 1983, "o": 1774, "[C@]": 1480, "S": 1047, "F": 725}}}