{"0.20": {"activatedMoleculePct": 0.003999463906321291, "activatedTokens": {"(": 2445, "C": 1716, "[N+]": 1071, ")": 717, "=": 705, "O": 544, "[n+]": 425, "#": 366, "6": 246, "N": 240, "1": 239, "[NH2+]": 142, "[N-]": 138, "[C@@H]": 135, "5": 124, "others": 97, "[C]": 89, "[NH3+]": 82, "[CH2-]": 70, "[K+]": 68, "2": 46, "[Li+]": 46, "[O-]": 43, "[S+]": 37, "4": 27, "[Ni+2]": 18, "[NH+]": 14, "[OH2+]": 11, "8": 11, "\\": 11, "[Sb]": 9, "[CH-]": 9, "I": 9, "[I-]": 8, "Cl": 8, "[Pt]": 7}}, "0.00": {"activatedMoleculePct": 0.045402447428764356, "activatedTokens": {"(": 31808, "1": 12068, "O": 11803, "C": 10832, "c": 7889, "[N+]": 5918, ")": 5109, "=": 4202, "[C@@H]": 3953, "#": 2727, "N": 2727, "5": 1888, "6": 1566, "[O-]": 1205, "others": 904, "[n+]": 760, "2": 737, "4": 655, "[N-]": 511, "Cl": 344}}}