{"0.20": {"activatedMoleculePct": 0.924345610513295, "activatedTokens": {"c": 10350234, "[C@H]": 108595, "others": 103311}}, "0.00": {"activatedMoleculePct": 0.9950638368927659, "activatedTokens": {"c": 10350234, "(": 5009724, "[C@H]": 806775, "[C@@H]": 634763, "2": 455273, "F": 403287, "1": 360754, "S": 233244, "o": 176418, "others": 173926, "s": 155998, "[nH]": 141857, "#": 59878, "Br": 52091}}}