{"0.20": {"activatedMoleculePct": 0.09513465691835483, "activatedTokens": {"4": 164100, "[C@@]": 44748, "others": 25}}, "0.00": {"activatedMoleculePct": 0.10422847550923407, "activatedTokens": {"4": 191960, "[C@@]": 49710, "3": 3944, "others": 1467, "[C@]": 1116, "o": 1065}}}