{"0.20": {"activatedMoleculePct": 0.32066311565635225, "activatedTokens": {")": 594123, "others": 6009, "-": 4398, "O": 4373, "N": 4197}}, "0.00": {"activatedMoleculePct": 0.5428556362706921, "activatedTokens": {")": 1144437, "O": 32431, "N": 27637, "[C@@H]": 25667, "[C@H]": 14478, "-": 12871, "others": 9119}}}