{"0.20": {"activatedMoleculePct": 0.004116642852487086, "activatedTokens": {".": 8330, "others": 68, "[Cl-]": 25, "[HH]": 21}}, "0.00": {"activatedMoleculePct": 0.006575935985141709, "activatedTokens": {".": 9675, "\\": 1047, "Br": 457, "#": 396, "Cl": 196, "N": 176, "3": 130, "others": 114, ")": 49, "O": 35, "[HH]": 33}}}