{"0.20": {"activatedMoleculePct": 0.2417247862033509, "activatedTokens": {"C": 485873, "[O-]": 32662, "[C@]": 30469, "others": 1453}}, "0.00": {"activatedMoleculePct": 0.9252002844518918, "activatedTokens": {"C": 6589178, "[C@]": 41828, "others": 38353, "[O-]": 33099}}}