{"0.20": {"activatedMoleculePct": 0.0574103599371042, "activatedTokens": {"[C@]": 51020, "/": 9529, ".": 8012, "\\": 6916, "[S@@]": 3959, "[N-]": 2389, "7": 1791, "5": 1300, "[Si]": 1276, "others": 897, "8": 693, "[n+]": 603, "[S@]": 588, "[NH+]": 428, "9": 328, "[N+]": 299, "[c-]": 278, "#": 189, "%10": 149, "P": 119}}, "0.00": {"activatedMoleculePct": 0.18938900700363914, "activatedTokens": {"[C@]": 51040, "/": 43580, "S": 33511, "#": 21977, "[nH]": 18196, "[C@@]": 13530, "Br": 12787, "\\": 12446, "5": 10875, ")": 10107, ".": 9686, "=": 8668, "[C@H]": 7521, "F": 7333, "(": 7151, "o": 6659, "[N+]": 6530, "O": 6300, "1": 6171, "N": 5335, "[C@@H]": 5013, "3": 4630, "[S@@]": 3971, "Cl": 3753, "s": 3680, "others": 3233, "2": 2998, "4": 2764, "[S@]": 2744, "-": 2679, "[N-]": 2389, "[O-]": 1859, "7": 1844, "[Si]": 1707, "[n+]": 1229, "8": 696}}}