{"0.20": {"activatedMoleculePct": 0.006055954411530994, "activatedTokens": {"1": 11960, "2": 5655, "3": 1129, "(": 246, "others": 196, "4": 162, "[nH]": 159, "S": 124, "-": 92, "=": 62, "5": 45, "c": 25}}, "0.00": {"activatedMoleculePct": 0.038584097498742156, "activatedTokens": {"1": 59152, "2": 18342, "[nH]": 3351, "3": 3120, "(": 1592, "4": 1104, "=": 907, "others": 863, "[C@H]": 857, "-": 695, "S": 684, "c": 605, "5": 493, "n": 184}}}