{"0.20": {"activatedMoleculePct": 0.9546766483598975, "activatedTokens": {"N": 2703750, "others": 464}}, "0.00": {"activatedMoleculePct": 0.9553987636156442, "activatedTokens": {"N": 2704418, "others": 7166}}}