{"0.20": {"activatedMoleculePct": 0.5351730916126972, "activatedTokens": {"n": 1607363, "others": 1}}, "0.00": {"activatedMoleculePct": 0.5625395021213051, "activatedTokens": {"n": 1689950, "others": 372}}}