{"0.20": {"activatedMoleculePct": 0.0012413644609438911, "activatedTokens": {"c": 1260, "#": 601, ".": 496, "Br": 349, "P": 345, "C": 148, "3": 126, "o": 37, "others": 29, "Cl": 14, "[I-]": 12, "4": 11, "[Cl-]": 6}}, "0.00": {"activatedMoleculePct": 0.0032605041770632464, "activatedTokens": {"c": 4984, "#": 1842, "Br": 919, ".": 766, "P": 459, "C": 326, "3": 310, "o": 232, "others": 93, "Cl": 81, "[O-]": 33, "n": 33}}}