{"0.20": {"activatedMoleculePct": 0.3013659403280864, "activatedTokens": {"O": 601211, "others": 463}}, "0.00": {"activatedMoleculePct": 0.8781038688826182, "activatedTokens": {"O": 2859046, "others": 3599}}}