{"0.20": {"activatedMoleculePct": 0.006195104410102876, "activatedTokens": {"\\": 8517, "others": 0}}, "0.00": {"activatedMoleculePct": 0.00849547359702014, "activatedTokens": {"\\": 11654, "others": 40}}}