{"0.20": {"activatedMoleculePct": 0.9041373688785902, "activatedTokens": {"c": 10350234, "others": 157}}, "0.00": {"activatedMoleculePct": 0.9061799443839427, "activatedTokens": {"c": 10350234, "others": 25154}}}