{"0.20": {"activatedMoleculePct": 0.5607517908238632, "activatedTokens": {"n": 1626533, "others": 216}}, "0.00": {"activatedMoleculePct": 0.5655751691954127, "activatedTokens": {"n": 1690006, "others": 2558}}}