{"0.20": {"activatedMoleculePct": 0.9895293287916727, "activatedTokens": {"(": 5691406, "others": 64}}, "0.00": {"activatedMoleculePct": 0.997036105030419, "activatedTokens": {"(": 6192370, "others": 12144}}}