{"0.20": {"activatedMoleculePct": 0.20096628688481968, "activatedTokens": {"1": 438338, "3": 36851, "N": 25197, "others": 262}}, "0.00": {"activatedMoleculePct": 0.43061505031737185, "activatedTokens": {"1": 1360314, "N": 178085, "3": 70837, "others": 1640}}}