{"0.20": {"activatedMoleculePct": 0.2085067520705886, "activatedTokens": {"F": 544018, "others": 0}}, "0.00": {"activatedMoleculePct": 0.22088524299617776, "activatedTokens": {"F": 571545, "others": 293}}}