{"0.20": {"activatedMoleculePct": 0.0023560291863460162, "activatedTokens": {"C": 1249, "[S@]": 577, "3": 559, "[S@@]": 542, "[N+]": 533, "[nH]": 194, "[N-]": 178, "4": 85, "s": 48, "o": 41, "others": 39, "2": 33, "c": 18, "[P+]": 15, "(": 13, "S": 10}}, "0.00": {"activatedMoleculePct": 0.007661305974002386, "activatedTokens": {"C": 3660, "[N+]": 1820, "[nH]": 1395, "3": 1338, "[S@]": 1122, "[S@@]": 922, "o": 748, "c": 550, "s": 447, "[N-]": 401, "4": 246, "(": 190, "S": 119, "others": 109, "2": 106, "=": 58, "N": 45}}}