{"0.20": {"activatedMoleculePct": 0.9855232735696295, "activatedTokens": {"1": 2431448, "others": 0}}, "0.00": {"activatedMoleculePct": 0.992598684812803, "activatedTokens": {"1": 4042067, "others": 245}}}