{"0.20": {"activatedMoleculePct": 0.49381624730030693, "activatedTokens": {"C": 541186, "c": 385736, "=": 300270, "1": 208270, ")": 166857, "o": 112197, "2": 92608, "n": 61463, "3": 42330, "[C@@H]": 30242, "[nH]": 28087, "N": 21540, "others": 17470, "Cl": 13503}}, "0.00": {"activatedMoleculePct": 0.960052964883667, "activatedTokens": {"C": 3562468, "c": 2255458, "=": 1350197, "1": 1085984, ")": 982955, "2": 419482, "N": 313881, "[C@@H]": 278192, "n": 227844, "3": 222888, "o": 160476, "Cl": 122866, "others": 102649, "[nH]": 81914, "O": 66989, "s": 29492}}}