{"0.20": {"activatedMoleculePct": 0.18410423653156177, "activatedTokens": {"2": 356915, "1": 77711, "C": 36491, "others": 4035, "n": 3048, "4": 1895, "N": 1873, "(": 1724, "[O-]": 1522}}, "0.00": {"activatedMoleculePct": 0.479561428499238, "activatedTokens": {"2": 976898, "1": 347911, "C": 253489, "(": 27418, "S": 22733, "N": 17242, "n": 15932, "others": 15031, "[O-]": 11701, "O": 11204, "4": 7180, "c": 4649, "5": 3930}}}