{"0.20": {"activatedMoleculePct": 0.06924763060509011, "activatedTokens": {"4": 192777, "5": 22974, "others": 1968}}, "0.00": {"activatedMoleculePct": 0.07059299138075614, "activatedTokens": {"4": 200139, "5": 26104, "6": 3178, "others": 270}}}