{"0.20": {"activatedMoleculePct": 0.1827010186512264, "activatedTokens": {"s": 163606, "o": 44895, "#": 32428, "[O-]": 11345, ".": 10908, "I": 5865, "P": 2452, "others": 2221, "[n+]": 1722, "Br": 994}}, "0.00": {"activatedMoleculePct": 0.32005305276787654, "activatedTokens": {"s": 163607, "o": 155375, "#": 77673, "Br": 58858, "[O-]": 29214, ".": 10914, "I": 6636, ")": 5448, "others": 4334, "P": 2452, "=": 1940, "[n+]": 1722, "C": 1547, "Cl": 997, "O": 964, "(": 902}}}