{"0.20": {"activatedMoleculePct": 0.01847472559986466, "activatedTokens": {"[N+]": 25713, "others": 93}}, "0.00": {"activatedMoleculePct": 0.023930137912295955, "activatedTokens": {"[N+]": 30842, ")": 1378, "=": 434, "[C@H]": 355, "others": 295, "C": 158, "3": 140, "2": 135, "1": 116, "c": 92}}}