{"0.20": {"activatedMoleculePct": 0.14581381876664765, "activatedTokens": {"C": 446020, "others": 1326}}, "0.00": {"activatedMoleculePct": 0.30394241240690684, "activatedTokens": {"C": 1199942, "others": 11366, "S": 3521, "2": 2956}}}