{"0.20": {"activatedMoleculePct": 0.45705574715126995, "activatedTokens": {"n": 1165155, "others": 45}}, "0.00": {"activatedMoleculePct": 0.555561495877132, "activatedTokens": {"n": 1623253, "others": 3914}}}