{"0.20": {"activatedMoleculePct": 0.4496075603856066, "activatedTokens": {"n": 1126294, "others": 55}}, "0.00": {"activatedMoleculePct": 0.559796782412612, "activatedTokens": {"n": 1590808, "others": 13566}}}