{"0.20": {"activatedMoleculePct": 0.06941607534020344, "activatedTokens": {"O": 249466, "others": 18}}, "0.00": {"activatedMoleculePct": 0.7876571021793087, "activatedTokens": {"O": 2195778, "others": 181}}}