{"0.20": {"activatedMoleculePct": 0.9824392701802286, "activatedTokens": {")": 5278414, "others": 273}}, "0.00": {"activatedMoleculePct": 0.9951297500499842, "activatedTokens": {")": 6132478, "others": 6652}}}