{"0.20": {"activatedMoleculePct": 0.12694874080236818, "activatedTokens": {"S": 185716, "others": 0}}, "0.00": {"activatedMoleculePct": 0.15690553838965368, "activatedTokens": {"S": 230691, "others": 46}}}