{"0.20": {"activatedMoleculePct": 0.000782901834070218, "activatedTokens": {"\\": 442, "4": 182, "O": 128, "c": 89, "1": 67, "2": 58, "[S@]": 46, "S": 42, "=": 42, "[C@H]": 23, "N": 18, "n": 14, ")": 13, "others": 11, "[Cr]": 3, "[NH]": 2, "[Mg]": 2, "[Mn]": 2, "[Zn+2]": 1, "[Ti+3]": 1}}, "0.00": {"activatedMoleculePct": 0.009908212266731506, "activatedTokens": {"4": 2917, "O": 2389, "c": 2084, "\\": 2009, "=": 1579, ")": 1472, "N": 1278, "n": 1212, "1": 1015, "[C@H]": 404, "S": 351, "2": 323, "C": 179, "others": 151}}}