{"0.20": {"activatedMoleculePct": 0.7864435677180792, "activatedTokens": {"2": 2384038, "others": 35}}, "0.00": {"activatedMoleculePct": 0.8004083686273878, "activatedTokens": {"2": 2635571, "others": 2678}}}