{"0.20": {"activatedMoleculePct": 0.9045526217690651, "activatedTokens": {"(": 3792626, "others": 368}}, "0.00": {"activatedMoleculePct": 0.9864101717184219, "activatedTokens": {"(": 5806351, "others": 6498}}}