{"0.20": {"activatedMoleculePct": 0.3610810636625891, "activatedTokens": {"[C@H]": 641858, "others": 202}}, "0.00": {"activatedMoleculePct": 0.42702131851214964, "activatedTokens": {"[C@H]": 774638, "others": 2796}}}