{"0.20": {"activatedMoleculePct": 0.8945850876608372, "activatedTokens": {"1": 1839501, "others": 3}}, "0.00": {"activatedMoleculePct": 0.9878617259140507, "activatedTokens": {"1": 2834519, "others": 410}}}