{"0.20": {"activatedMoleculePct": 0.9095166148760137, "activatedTokens": {"(": 4234013, "others": 10}}, "0.00": {"activatedMoleculePct": 0.9958936103053024, "activatedTokens": {"(": 6104101, "others": 166}}}