{"0.20": {"activatedMoleculePct": 0.3049208566073912, "activatedTokens": {"O": 580222, "others": 1600}}, "0.00": {"activatedMoleculePct": 0.7813060032971226, "activatedTokens": {"O": 2261250, "others": 18887}}}