{"0.20": {"activatedMoleculePct": 0.003469229174921069, "activatedTokens": {"[N+]": 904, "7": 520, "#": 519, "C": 513, "(": 398, ")": 360, "O": 325, "=": 318, "1": 306, "9": 256, "N": 236, "[c-]": 220, "S": 212, "Cl": 203, "[Cl-]": 183, "n": 182, "[C@]": 180, "[n+]": 174, "2": 161, "[C@@]": 138, "[NH+]": 111, "%10": 107, "4": 98, "[C-]": 92, "[S-]": 91, "[Na+]": 90, "others": 86, "[Br-]": 85, "[O-]": 80, "3": 79, "/": 77, "%11": 77, "c": 77, "[I-]": 67, "[K+]": 62, "[CH2-]": 62, "[O-2]": 50, "[CH]": 50, "%12": 45, "[V]": 41, "[NH2+]": 35, "[S+]": 34, "[n-]": 32, "[CH3-]": 28, "%13": 28, "[Li+]": 28, "[O+]": 28, "[CH-]": 27, "F": 27, "[W]": 25, "[Pt+2]": 24, "[Y]": 20, "[Pt]": 20, "[NH3+]": 19, "%14": 18, "[NH2-]": 17, "[Se]": 16, "%15": 16, "[Zn+2]": 15, "[nH+]": 15, "[OH-]": 14, "P": 12, "[NH4+]": 12, "[U+2]": 12, "s": 12, "[Ru]": 12, "%16": 12, "[Zr+2]": 11, "[Ni+2]": 11, "[Mn]": 10, "[F-]": 10, "%17": 10, "Br": 9, "[Mo]": 9, "[Mg+2]": 9, "[Zn]": 9, "[Li]": 8, "[Co+2]": 8, "[HH]": 8, "p": 8, "[Fe+2]": 8, "[SH+]": 8, "[Cu]": 8, "[Rh]": 7, "[NH-]": 7, "[Cu+2]": 7, "[U]": 7, "[Ru+2]": 7, "[Ni]": 6, "5": 6, "[Na]": 6, "[Ti]": 6, "[Si-]": 6, "%18": 6, "[Re]": 5, "[Ir]": 5, "[Mn+2]": 5, "[c]": 5, "[Ca]": 5, "[Si]": 5, "[Al]": 5, "[Ir+3]": 5, "[Cu+]": 5, "[H+]": 5, "[Sr]": 5, "[Fe]": 4, "[W+2]": 4, "[AlH2]": 4, "[S@]": 4, "[Pd+2]": 4, "[se]": 4, "[P-]": 4, "[CH2]": 4, "[Ag+]": 4, "[S@@]": 4, "[OH+]": 3, "[CH2+]": 3, "[C+]": 3, ".": 3, "[Eu]": 3, "[OH2+]": 3, "[H-]": 3, "[Y+3]": 3, "[O]": 3, "[ClH+]": 3, "[S-2]": 3, "[Rf]": 3, "[Pm]": 3, "[GaH3]": 3, "[Bi]": 3, "[La]": 2, "[Cr+2]": 2, "[H]": 2, "[Hg+2]": 2, "[Te+]": 2, "[Ca+2]": 2, "[Hf+4]": 2, "[Ti+]": 2, "[Al+]": 2, "[Au+3]": 2, "[PH]": 2, "[Ag]": 2, "[Cd+2]": 2, "[Zr+4]": 2}}, "0.00": {"activatedMoleculePct": 0.04286186140220721, "activatedTokens": {"C": 8951, "c": 8863, ")": 8533, "2": 6608, "/": 6298, "O": 6033, "Cl": 5544, "n": 5514, "1": 4571, "3": 4535, "#": 4365, "[C@]": 3324, "[C@@]": 3302, "[N+]": 3210, "(": 2433, "=": 2015, "S": 1700, "4": 1560, "others": 932, "7": 727, "[O-]": 643, "N": 553, "[n+]": 312, "9": 256, "[c-]": 241, "F": 232, "s": 210, "[NH+]": 200, "[Cl-]": 196, "5": 177, "[C-]": 134, "%10": 107, "[Na+]": 101, "[S-]": 93, "[Br-]": 89, "%11": 77, "[S@]": 76, "[S@@]": 72, "[I-]": 68, "[CH]": 66, "[K+]": 62, "[CH2-]": 62, "[O-2]": 50, "[NH2+]": 47, "%12": 45, "[V]": 41, "Br": 40, "[n-]": 38, "[S+]": 34}}}