{"0.20": {"activatedMoleculePct": 0.9008819912804217, "activatedTokens": {"=": 2386923, "others": 216}}, "0.00": {"activatedMoleculePct": 0.9015784736416946, "activatedTokens": {"=": 2386926, "others": 9003}}}