{"0.20": {"activatedMoleculePct": 0.1384989230522479, "activatedTokens": {"=": 209498, "others": 576}}, "0.00": {"activatedMoleculePct": 0.24999835217106955, "activatedTokens": {"=": 403141, "others": 3206, "Cl": 2555, "/": 1592}}}