{"0.20": {"activatedMoleculePct": 0.17775020817572154, "activatedTokens": {"c": 545535, "others": 754}}, "0.00": {"activatedMoleculePct": 0.6740206220297884, "activatedTokens": {"c": 4083275, "others": 7320}}}