{"0.20": {"activatedMoleculePct": 0.9092969043519529, "activatedTokens": {"=": 2386925, "#": 81721, "others": 1267}}, "0.00": {"activatedMoleculePct": 0.9100300051339025, "activatedTokens": {"=": 2386926, "#": 81726, "others": 12960}}}