{"0.20": {"activatedMoleculePct": 0.08101825574744421, "activatedTokens": {"c": 419286, "C": 9090, "3": 2713, "others": 2630, "n": 1785}}, "0.00": {"activatedMoleculePct": 0.199456143216108, "activatedTokens": {"c": 984005, "C": 82450, "others": 10379, "n": 10298, "3": 8878, ")": 6010, "1": 4720}}}