{"0.20": {"activatedMoleculePct": 0.5458436993979199, "activatedTokens": {"1": 892140, "others": 50}}, "0.00": {"activatedMoleculePct": 0.8331503632913515, "activatedTokens": {"1": 1868052, "others": 1050}}}