{"0.20": {"activatedMoleculePct": 0.0034882707536730106, "activatedTokens": {")": 2623, "[N+]": 1789, "(": 1479, "2": 1352, "1": 684, "P": 547, ".": 478, "C": 343, "[P+]": 146, "[Si]": 98, "others": 92, "[B]": 89, "N": 55, "[Sn]": 41, "[O+]": 29, "%12": 26, "[U+2]": 19, "[CH-]": 15, "[K+]": 11, "[Ni+2]": 10, "[Ni]": 8}}, "0.00": {"activatedMoleculePct": 0.026272252098784782, "activatedTokens": {"(": 18636, "C": 8787, "[N+]": 7578, ")": 7517, "N": 6227, "1": 4185, "2": 2712, "[C@@H]": 1898, ".": 1408, "P": 854, "=": 595, "others": 527, "[Si]": 178}}}