{"0.20": {"activatedMoleculePct": 0.5501756585639866, "activatedTokens": {"N": 973875, "others": 108}}, "0.00": {"activatedMoleculePct": 0.7210533215470843, "activatedTokens": {"N": 1475891, "others": 563}}}