{"0.20": {"activatedMoleculePct": 0.004732564688271047, "activatedTokens": {"6": 2502, "[Si]": 2115, "P": 1705, "8": 826, ".": 815, "7": 682, "B": 156, "\\": 154, "[S@@]": 145, "[c-]": 122, "5": 115, "[N+]": 103, "[C]": 98, "others": 98, "[B]": 93, "/": 80, "[C@]": 66, "[CH]": 61, "N": 58, "4": 57, "[SiH2]": 35, "[P+]": 34, "[U+2]": 28, "[SiH]": 27, "Br": 26, "[C@@]": 25, "%10": 25, "[S@]": 24, "=": 19, "[OH2+]": 18, "9": 17, "[C-]": 15}}, "0.00": {"activatedMoleculePct": 0.05756562204077388, "activatedTokens": {"/": 11826, "[C@]": 10183, "[N+]": 7385, "[C@@H]": 6225, "=": 6182, "5": 5829, "[nH]": 5540, "Br": 5260, "c": 4343, "N": 4205, ".": 3722, "[C@@]": 3698, "\\": 3507, "6": 3178, "[Si]": 2116, ")": 2096, "P": 2043, "n": 2035, "3": 1643, "-": 1391, "[C@H]": 1189, "[S@@]": 1076, "7": 928, "8": 826, "others": 805, "4": 418, "C": 399, "(": 394, "B": 346, "O": 269, "[S@]": 261, "[c-]": 194}}}