{"0.20": {"activatedMoleculePct": 0.7771212501821766, "activatedTokens": {"2": 2450024, "4": 165746, "others": 12}}, "0.00": {"activatedMoleculePct": 0.7987707928547209, "activatedTokens": {"2": 2638902, "4": 199906, "others": 706}}}