{"0.20": {"activatedMoleculePct": 0.9845316467377015, "activatedTokens": {"(": 5918445, "others": 53}}, "0.00": {"activatedMoleculePct": 0.994864632684284, "activatedTokens": {"(": 6191079, "others": 5395}}}