{"0.20": {"activatedMoleculePct": 0.830408375951072, "activatedTokens": {"2": 2660440, "3": 1003273, "4": 203506, "F": 42747, "others": 31554, "5": 26824}}, "0.00": {"activatedMoleculePct": 0.9865361390855502, "activatedTokens": {"2": 2660440, "3": 1003295, "1": 726249, "F": 541757, "4": 203551, "-": 106729, "Br": 60727, "others": 47569, "[N+]": 33881, "[C@]": 30404, "5": 27101, "[nH]": 16410}}}