{"0.20": {"activatedMoleculePct": 0.00200083050578095, "activatedTokens": {"3": 632, "4": 464, "S": 435, "5": 407, "N": 300, "-": 268, "C": 251, "(": 172, "c": 170, "[C@@]": 152, "s": 133, "=": 105, "2": 83, "n": 59, "[C@H]": 45, "[V]": 44, "1": 41, "others": 40, ")": 37, "Cl": 28, "o": 26, "[Zn+2]": 24, "[NH2-]": 14, "[Cl-]": 12, "[OH-]": 11, "[Ti]": 8, "[Br-]": 6, "[Co]": 5, "[F-]": 5, "[Cu+2]": 5, "[Cr]": 5, "[Cs+]": 5, "[Sr]": 5, "[Ag+]": 4, "[Ca]": 4, "[Ti+4]": 4, "[Cu]": 4, "#": 3, "[Co+2]": 3, "[Pb]": 3, "[Ti+]": 3, "[p+]": 3, "[Sn+2]": 3, "[GaH3]": 3, "[Mn]": 3, "[H+]": 3, "[Bi]": 3, "[Nd+3]": 2, "[K+]": 2, "[Zr+4]": 2, "[IH+]": 2, "[Be+2]": 2, "[Fe]": 2, "[Tm]": 2, "[Mo+4]": 2, "[Ga+3]": 2, "[Tl]": 2, "[Hg]": 2, "[Re]": 2, "[Mn+3]": 2, "[Cr+3]": 2, "[I+2]": 2, "[Ni+2]": 2, "[Cd]": 2, "[PH-]": 1, "[La+3]": 1, "[Mo]": 1, "[Mo+3]": 1, "[Pt]": 1}}, "0.00": {"activatedMoleculePct": 0.09538585928419777, "activatedTokens": {"c": 25864, "(": 22699, ")": 20462, "3": 20170, "[C@H]": 16338, "1": 13720, "=": 11002, "2": 9367, "n": 7625, "s": 7346, "N": 7114, "[C@@]": 6430, "4": 5561, "o": 4464, "-": 1921, "5": 1360, "S": 1267, "Cl": 1265, "others": 885}}}