{"0.20": {"activatedMoleculePct": 0.8264440657286004, "activatedTokens": {"O": 2516433, "others": 112}}, "0.00": {"activatedMoleculePct": 0.9358064438167233, "activatedTokens": {"O": 3262590, "others": 1971}}}