{"0.20": {"activatedMoleculePct": 0.026666266305267267, "activatedTokens": {"[C@@]": 36880, "others": 6}}, "0.00": {"activatedMoleculePct": 0.035324325690092445, "activatedTokens": {"[C@@]": 47957, "[C@]": 755, "others": 403}}}