{"0.20": {"activatedMoleculePct": 0.016822502458926948, "activatedTokens": {"C": 28231, "N": 15011, "n": 7086, "(": 4315, ")": 4015, "c": 3992, "-": 3881, "[C@@H]": 3641, "F": 3609, "[C@H]": 2685, "Br": 2596, "O": 1930, "1": 1349, "S": 1117, "s": 924, "=": 867, "others": 843, "[nH]": 530, "o": 418, "[C@]": 408, ".": 376, "2": 368, "#": 357, "I": 313, "[S@@]": 165}}, "0.00": {"activatedMoleculePct": 0.06346704671704873, "activatedTokens": {"C": 135983, "(": 64399, "N": 49683, "c": 25154, "n": 22778, ")": 19427, "F": 16852, "[C@@H]": 14816, "[C@H]": 11687, "Br": 10702, "-": 9023, "O": 8844, "=": 5460, "1": 5447, "S": 4745, "s": 4191, "others": 3721, "o": 2512, "[nH]": 2477, "[C@]": 2457, "2": 2065, "#": 1449, "I": 920, "6": 913, "[N+]": 701}}}