{"0.20": {"activatedMoleculePct": 0.4262120514151921, "activatedTokens": {"(": 1767822, "others": 1476}}, "0.00": {"activatedMoleculePct": 0.8454460965862111, "activatedTokens": {"(": 4467656, "others": 15636}}}