{"0.20": {"activatedMoleculePct": 0.1822081347089165, "activatedTokens": {"o": 142528, "[nH]": 128909, "others": 1}}, "0.00": {"activatedMoleculePct": 0.2103369407360156, "activatedTokens": {"o": 174129, "[nH]": 141109, "others": 468}}}