{"0.20": {"activatedMoleculePct": 0.0014911020899597417, "activatedTokens": {"6": 5099, "7": 1968, "8": 826, "[CH2-]": 123, "others": 39}}, "0.00": {"activatedMoleculePct": 0.0014932991952003505, "activatedTokens": {"6": 5100, "7": 1968, "8": 826, "[CH2-]": 123, "others": 48}}}