{"0.20": {"activatedMoleculePct": 0.9977318550232783, "activatedTokens": {"C": 13202383, "others": 205}}, "0.00": {"activatedMoleculePct": 0.9981046305457683, "activatedTokens": {"C": 13228226, "others": 13315}}}