{"0.20": {"activatedMoleculePct": 0.69248436210345, "activatedTokens": {"1": 724849, "O": 639104, "2": 553195, ")": 150330, "N": 86578, "F": 82887, "others": 14631}}, "0.00": {"activatedMoleculePct": 0.9995693673728407, "activatedTokens": {")": 5570963, "1": 3687230, "O": 3322891, "2": 2524509, "N": 2425900, "3": 880514, "F": 564931, "[C@H]": 378552, "S": 194362, "others": 148378, "Cl": 133880, "4": 123057}}}