{"0.20": {"activatedMoleculePct": 0.0016917710352686657, "activatedTokens": {"P": 2452, "B": 479, "others": 6}}, "0.00": {"activatedMoleculePct": 0.0017591489293139978, "activatedTokens": {"P": 2452, "B": 500, "[P+]": 84, "others": 16}}}