{"0.20": {"activatedMoleculePct": 0.1844506467911644, "activatedTokens": {"n": 92887, "1": 92610, "2": 66481, "N": 61656, "[C@@H]": 34773, ")": 34283, "F": 22355, "[C@H]": 16664, "3": 15452, "-": 9726, "others": 4014, "[C@]": 2763}}, "0.00": {"activatedMoleculePct": 0.42908879454356236, "activatedTokens": {"1": 291200, "n": 217409, ")": 168580, "N": 165481, "2": 164773, "[C@@H]": 103119, "F": 79681, "[C@H]": 72596, "3": 45861, "-": 20891, "others": 12930, "S": 10733, "[C@]": 9074, "s": 6796}}}