{"0.20": {"activatedMoleculePct": 0.40872016422629304, "activatedTokens": {"n": 954126, "others": 206}}, "0.00": {"activatedMoleculePct": 0.5370611373827936, "activatedTokens": {"n": 1506350, "others": 2322}}}