{"0.20": {"activatedMoleculePct": 0.12397532504341113, "activatedTokens": {"o": 177278, "7": 1968, "others": 289}}, "0.00": {"activatedMoleculePct": 0.12408151846337388, "activatedTokens": {"o": 177278, "7": 1968, "others": 470}}}