{"0.20": {"activatedMoleculePct": 0.9007347852293008, "activatedTokens": {"=": 2386485, "others": 76}}, "0.00": {"activatedMoleculePct": 0.9015206165370252, "activatedTokens": {"=": 2386915, "others": 4525}}}