{"0.20": {"activatedMoleculePct": 0.07509632475559035, "activatedTokens": {"n": 130857, "others": 1313, "[n+]": 931, "P": 302, "[CH]": 254, "[C-]": 194, "[I-]": 184, "7": 156, "[Si]": 153}}, "0.00": {"activatedMoleculePct": 0.25048391242924406, "activatedTokens": {"n": 514480, "others": 4941, "[S@@]": 1745, "[n+]": 1302, "P": 1089}}}