{"0.20": {"activatedMoleculePct": 0.20847892207087423, "activatedTokens": {"S": 218163, "[C@]": 47833, "[C@@]": 45168, "others": 2537}}, "0.00": {"activatedMoleculePct": 0.22692288819737036, "activatedTokens": {"S": 235098, "[C@]": 50615, "[C@@]": 50137, "I": 4299, "others": 2369}}}