{"0.20": {"activatedMoleculePct": 0.3253517382398111, "activatedTokens": {"Cl": 111529, "S": 110814, "s": 88613, "#": 60395, "[C@]": 47719, "/": 46941, "Br": 32661, "[N+]": 20068, "[C@@]": 18419, "[O-]": 16869, "\\": 12599, "I": 5354, "others": 4350}}, "0.00": {"activatedMoleculePct": 0.48098075848467114, "activatedTokens": {"S": 224544, "Cl": 183989, "s": 158443, "#": 79851, "Br": 64754, "[C@]": 50911, "/": 49942, "[C@@]": 47866, "[N+]": 31781, "[O-]": 31385, "\\": 12874, "others": 9095, "I": 6547}}}