{"0.20": {"activatedMoleculePct": 1.4647368270724378e-06, "activatedTokens": {"[C-]": 1, "[Mn+3]": 1, "others": 0}}, "0.00": {"activatedMoleculePct": 0.0005763739414530042, "activatedTokens": {"3": 185, "Cl": 170, "[C@@]": 116, "4": 93, "c": 79, "5": 48, ")": 26, "[C@@H]": 17, "[N+]": 16, "2": 15, "=": 12, "#": 11, "[C@]": 10, "[Si]": 10, "[C-]": 9, "others": 8, "O": 6, "(": 5, "[n+]": 5, "1": 4}}}