{"0.20": {"activatedMoleculePct": 0.8928317976788316, "activatedTokens": {"N": 2433272, "others": 46}}, "0.00": {"activatedMoleculePct": 0.9511993631324276, "activatedTokens": {"N": 2696986, "others": 3403}}}