{"0.20": {"activatedMoleculePct": 0.9589368354214377, "activatedTokens": {"O": 3434844, "[nH]": 142498, "others": 34155}}, "0.00": {"activatedMoleculePct": 0.9638070853714535, "activatedTokens": {"O": 3456015, "[nH]": 142498, "[O-]": 33341, "others": 9930}}}