{"0.20": {"activatedMoleculePct": 0.00010692578837628796, "activatedTokens": {"[C-]": 100, "%13": 31, "4": 22, "%14": 18, "%12": 17, "[Cl-]": 17, "(": 15, "C": 13, "I": 11, "%16": 9, "S": 8, "Br": 5, "F": 4, "[Br-]": 4, "[CH2]": 3, "[Li+]": 2, "[Sn+2]": 2, "%17": 2, "others": 2, "[B-]": 1, "[Ge]": 1}}, "0.00": {"activatedMoleculePct": 0.0005536705206333815, "activatedTokens": {"4": 243, "[N+]": 231, "C": 149, "S": 131, "[C-]": 126, "Br": 85, "(": 42, "%13": 31, "I": 30, "[Cl-]": 22, "F": 22, "%14": 18, "%12": 17, "others": 11, "%16": 9, "6": 6, "[Br-]": 5, "[B-]": 4, "[CH2]": 3, "[Ge]": 2}}}