{"0.20": {"activatedMoleculePct": 0.17438351057869556, "activatedTokens": {"c": 262642, "C": 205171, "1": 97815, "n": 42252, ")": 27087, "F": 24198, "=": 23826, "2": 22255, "N": 18807, "[nH]": 15118, "O": 13384, "(": 11194, "[C@@H]": 8079, "-": 7972, "others": 7897, "[C@H]": 5820, "[C@]": 5122, "o": 3431}}, "0.00": {"activatedMoleculePct": 0.5741006698973878, "activatedTokens": {"C": 1157433, "c": 1091454, "1": 384709, "(": 228114, ")": 170336, "=": 169511, "n": 136169, "F": 109264, "2": 105919, "N": 99050, "O": 78490, "[C@@H]": 66150, "[nH]": 55645, "[C@H]": 53580, "others": 37644, "3": 31873, "-": 25754, "o": 22412, "[C@]": 19053}}}