{"0.20": {"activatedMoleculePct": 0.7403050900337109, "activatedTokens": {"[C@H]": 806851, "[C@@H]": 789426, "-": 124620, "[C@]": 50988, "[C@@]": 33994, "others": 8071}}, "0.00": {"activatedMoleculePct": 0.7774581396524033, "activatedTokens": {"[C@H]": 806851, "[C@@H]": 789600, "-": 177728, "[C@]": 51042, "[C@@]": 50709, "Br": 50476, "others": 15928, "[N+]": 8467}}}