{"0.20": {"activatedMoleculePct": 0.4245796022214199, "activatedTokens": {"[C@H]": 771173, "others": 22}}, "0.00": {"activatedMoleculePct": 0.44057599310987794, "activatedTokens": {"[C@H]": 804718, "others": 1648}}}