{"0.20": {"activatedMoleculePct": 0.22507292558477787, "activatedTokens": {"S": 238504, "(": 78979, "1": 71961, "C": 69952, ")": 54752, "[C@@H]": 21000, "O": 20943, "=": 17374, "F": 10895, "#": 5955, "N": 4219, "others": 3607, "[C@H]": 3280, "P": 2437}}, "0.00": {"activatedMoleculePct": 0.7580254761676333, "activatedTokens": {"(": 2844718, "C": 2773314, ")": 1247272, "1": 1207523, "=": 943438, "O": 784446, "N": 429008, "[C@@H]": 418278, "F": 260473, "[C@H]": 258989, "S": 238513, "others": 86245, "Cl": 48107, "#": 38469}}}