{"0.20": {"activatedMoleculePct": 0.6570633637827707, "activatedTokens": {"[C@@H]": 717104, "Cl": 181741, "o": 167355, "[nH]": 138804, "s": 107679, "[C@@]": 41584, "[C@]": 37778, "others": 379}}, "0.00": {"activatedMoleculePct": 0.6995583086097963, "activatedTokens": {"[C@@H]": 782910, "Cl": 187878, "o": 175583, "s": 156742, "[nH]": 142345, "[C@@]": 49636, "[C@]": 48812, "others": 4207}}}