{"0.20": {"activatedMoleculePct": 0.3367049133864496, "activatedTokens": {"3": 929108, "4": 167596, "others": 55}}, "0.00": {"activatedMoleculePct": 0.34302598516368066, "activatedTokens": {"3": 994236, "4": 197101, "others": 10662}}}