{"0.20": {"activatedMoleculePct": 0.2035786450159034, "activatedTokens": {"F": 479743, "[N+]": 7962, "others": 71}}, "0.00": {"activatedMoleculePct": 0.23244055182495224, "activatedTokens": {"F": 562357, "[N+]": 22320, "others": 788}}}