{"0.20": {"activatedMoleculePct": 0.6205247712630353, "activatedTokens": {"n": 1675426, "s": 163568, "o": 157869, "[nH]": 141807, "others": 63}}, "0.00": {"activatedMoleculePct": 0.6292216461737778, "activatedTokens": {"n": 1694881, "o": 176315, "s": 163595, "[nH]": 142437, "others": 1026}}}