{"0.20": {"activatedMoleculePct": 0.8853550485450403, "activatedTokens": {"c": 9023642, "others": 42}}, "0.00": {"activatedMoleculePct": 0.9036217815154607, "activatedTokens": {"c": 10270853, "others": 2736}}}