{"0.20": {"activatedMoleculePct": 0.08692700410785444, "activatedTokens": {")": 211805, "3": 11142, "\\": 3766, "others": 2254, "O": 1557, "o": 1037, "(": 575, "4": 533, "[NH+]": 524, "n": 427, "[nH]": 350}}, "0.00": {"activatedMoleculePct": 0.2791026729249989, "activatedTokens": {")": 663627, "3": 55628, "O": 32669, "\\": 10659, "others": 6986, "N": 6628, "C": 6212, "o": 6179, "n": 4925, "[C@@H]": 3761, "(": 2927, "[N+]": 2766, "[C@H]": 2498, "[nH]": 2420}}}