{"0.20": {"activatedMoleculePct": 0.834675154328334, "activatedTokens": {"c": 6352124, "others": 944}}, "0.00": {"activatedMoleculePct": 0.8972897242120265, "activatedTokens": {"c": 9138568, "others": 14468}}}