{"0.20": {"activatedMoleculePct": 0.22072119247154565, "activatedTokens": {"F": 569390, "others": 729}}, "0.00": {"activatedMoleculePct": 0.2238161813871497, "activatedTokens": {"F": 573303, "others": 4856, "(": 1163}}}