{"0.20": {"activatedMoleculePct": 0.133890860994278, "activatedTokens": {"2": 184627, "others": 12}}, "0.00": {"activatedMoleculePct": 0.24208218198915654, "activatedTokens": {"2": 349205, "others": 582}}}