{"0.20": {"activatedMoleculePct": 0.15559093708735616, "activatedTokens": {"Cl": 177376, "Br": 56638, "[O-]": 7199, "[N-]": 2375, "I": 2047, "others": 538}}, "0.00": {"activatedMoleculePct": 0.18073753893453579, "activatedTokens": {"Cl": 188350, "Br": 67716, "[O-]": 28355, "I": 4189, "[N-]": 2382, "others": 1219}}}