{"0.20": {"activatedMoleculePct": 0.5955224459933223, "activatedTokens": {"O": 1193083, "5": 27023, "others": 2206}}, "0.00": {"activatedMoleculePct": 0.9184947192575542, "activatedTokens": {"O": 2986694, "5": 27099, "others": 6433}}}