{"0.20": {"activatedMoleculePct": 0.06527599669848319, "activatedTokens": {"4": 109492, "[nH]": 20815, "others": 39}}, "0.00": {"activatedMoleculePct": 0.09766279268188187, "activatedTokens": {"4": 163274, "[nH]": 49557, "others": 1745}}}