{"0.20": {"activatedMoleculePct": 0.23743750151050985, "activatedTokens": {"F": 570388, "[O-]": 30811, "others": 11}}, "0.00": {"activatedMoleculePct": 0.240221233850361, "activatedTokens": {"F": 573428, "[O-]": 32976, "others": 1297}}}