{"0.20": {"activatedMoleculePct": 0.06927619297321802, "activatedTokens": {"4": 186914, "5": 27014, "others": 1793}}, "0.00": {"activatedMoleculePct": 0.07095990795593779, "activatedTokens": {"4": 202459, "5": 27101, "6": 2784, "others": 151}}}