{"0.20": {"activatedMoleculePct": 1.7576841924869254e-05, "activatedTokens": {"[Cl-]": 16, ".": 16, "4": 3, "(": 3, "[N-]": 2, "1": 1, "[nH]": 1, "I": 1, "[O-2]": 1, "others": 0}}, "0.00": {"activatedMoleculePct": 0.0009323049904316066, "activatedTokens": {"Cl": 303, "[O-]": 271, "Br": 243, "2": 195, "[N-]": 64, "[nH]": 63, "4": 60, "O": 39, ")": 36, "(": 35, "1": 22, "[Cl-]": 20, ".": 18, "others": 12}}}