{"0.20": {"activatedMoleculePct": 0.9979852544943618, "activatedTokens": {"C": 13206769, "others": 3018}}, "0.00": {"activatedMoleculePct": 0.9982774694913629, "activatedTokens": {"C": 13225910, "others": 15121}}}