{"0.20": {"activatedMoleculePct": 0.9843236541082573, "activatedTokens": {"(": 6073093, "others": 361}}, "0.00": {"activatedMoleculePct": 0.996249541354281, "activatedTokens": {"(": 6208603, "others": 20022}}}