{"0.20": {"activatedMoleculePct": 0.3423675859599116, "activatedTokens": {"3": 853583, "4": 203532, "5": 27126, "others": 5218}}, "0.00": {"activatedMoleculePct": 0.3460821585533673, "activatedTokens": {"3": 995892, "4": 203552, "5": 27126, "others": 9578}}}