{"0.20": {"activatedMoleculePct": 0.1459910519227234, "activatedTokens": {"o": 177278, "[O-]": 33339, "[n+]": 1721, "others": 1626}}, "0.00": {"activatedMoleculePct": 0.14628106981448374, "activatedTokens": {"o": 177278, "[O-]": 33341, "others": 1792, "[n+]": 1722, "B": 506}}}