{"0.20": {"activatedMoleculePct": 0.04881235476218899, "activatedTokens": {"2": 51063, "1": 37495, "#": 7892, "N": 2038, "others": 908, "n": 643, "[N-]": 581, "[nH]": 267, "3": 159}}, "0.00": {"activatedMoleculePct": 0.4472171098838244, "activatedTokens": {"1": 630713, "2": 374476, "N": 103892, "#": 38281, "n": 22062, "[nH]": 8336, "others": 7027, "3": 6513}}}