{"0.20": {"activatedMoleculePct": 0.49961221092503255, "activatedTokens": {"[C@H]": 526250, "[C@@H]": 435676, "others": 673}}, "0.00": {"activatedMoleculePct": 0.6510308451604729, "activatedTokens": {"[C@H]": 766203, "[C@@H]": 722615, "others": 9883}}}