{"0.20": {"activatedMoleculePct": 0.7624548403327003, "activatedTokens": {"2": 2024577, "others": 923}}, "0.00": {"activatedMoleculePct": 0.8029255188647118, "activatedTokens": {"2": 2553890, "others": 10618}}}