{"0.20": {"activatedMoleculePct": 0.07674854789652806, "activatedTokens": {"#": 51294, "[N+]": 28066, "/": 17701, "\\": 12593, ".": 7540, "[N-]": 1859, "[Si]": 1303, "others": 583}}, "0.00": {"activatedMoleculePct": 0.09286944141528732, "activatedTokens": {"#": 61541, "/": 41485, "[N+]": 32595, "\\": 12848, ".": 8063, "[N-]": 2205, "[Si]": 1670, "others": 883, "P": 866}}}