{"0.20": {"activatedMoleculePct": 0.19072191751627507, "activatedTokens": {"F": 433297, "others": 15}}, "0.00": {"activatedMoleculePct": 0.22083617431247085, "activatedTokens": {"F": 560929, "others": 481}}}