{"0.20": {"activatedMoleculePct": 0.31492647387312306, "activatedTokens": {"Cl": 188533, "s": 163607, "Br": 68858, "[nH]": 45604, "5": 27126, "[N+]": 26637, "\\": 12892, "2": 10619, "others": 5278, "6": 3882, "[N-]": 2389}}, "0.00": {"activatedMoleculePct": 0.44842258829250503, "activatedTokens": {"2": 296115, "Cl": 188533, "s": 163607, "[nH]": 129814, "Br": 69159, "[N+]": 33868, "5": 27126, "\\": 12892, "others": 5943, "I": 5261, "6": 5078}}}