{"0.20": {"activatedMoleculePct": 0.8095095109024024, "activatedTokens": {"C": 5609657, "others": 2754}}, "0.00": {"activatedMoleculePct": 0.9752459476224759, "activatedTokens": {"C": 11068524, "others": 20715}}}