{"0.20": {"activatedMoleculePct": 0.20537587710272126, "activatedTokens": {"O": 178066, "(": 165639, "2": 146985, "n": 40298, "c": 17287, "C": 13516, "F": 12605, ")": 12380, "N": 11943, "Cl": 6442, "others": 6250, "4": 3291, "Br": 2840, "-": 2781, "#": 2274, "s": 1968, "[C@H]": 1958, "/": 1936, "S": 1732}}, "0.00": {"activatedMoleculePct": 0.7964960565622773, "activatedTokens": {"(": 1872264, "O": 818555, "2": 744756, "c": 573475, "n": 378070, ")": 265054, "N": 110702, "F": 86934, "Cl": 60492, "C": 44748, "others": 35721, "s": 31147, "[C@H]": 30029, "4": 26026, "o": 25077, "-": 21683, "Br": 20650, "#": 20523, "S": 18828}}}