{"0.20": {"activatedMoleculePct": 0.1530576747449344, "activatedTokens": {"O": 114535, "=": 112685, "N": 90089, "[C@H]": 25459, "5": 3614, "others": 2152}}, "0.00": {"activatedMoleculePct": 0.29041337070365225, "activatedTokens": {"N": 229290, "O": 163194, "=": 153972, "[C@H]": 72583, "5": 13132, "others": 5005, "[C@@H]": 3820, "1": 3170, "3": 2781, "2": 2242}}}