{"0.20": {"activatedMoleculePct": 0.18490764468121101, "activatedTokens": {"1": 198069, "C": 117580, "F": 58786, "N": 40115, "#": 27385, "n": 23994, "[C@H]": 21442, "[C@@H]": 20224, "=": 14081, "-": 11467, "S": 9866, "Cl": 9577, "Br": 9547, "I": 6789, "O": 6521, "[nH]": 6191, "others": 5118, "(": 4888}}, "0.00": {"activatedMoleculePct": 0.9709872252977627, "activatedTokens": {"C": 4233413, "(": 2677966, "1": 1901693, "N": 1473341, "=": 1109845, "n": 629825, "[C@H]": 490743, "F": 479362, "[C@@H]": 355428, "O": 242025, ")": 206954, "3": 190927, "Cl": 157797, "S": 157503, "[nH]": 103605, "-": 101230, "others": 97504, "s": 77441, "#": 76515, "Br": 58998}}}