{"0.20": {"activatedMoleculePct": 0.006818349930022198, "activatedTokens": {"[O-]": 4731, "[N+]": 2663, "I": 2154, "[N-]": 805, "[Cl-]": 181, "2": 138, "O": 138, "others": 109}}, "0.00": {"activatedMoleculePct": 0.018487175862894775, "activatedTokens": {"[O-]": 17611, "[N+]": 11354, "I": 3510, "[N-]": 1501, "O": 859, "others": 322, "2": 300, "1": 202, "[Cl-]": 191}}}