{"0.20": {"activatedMoleculePct": 0.2124110080831502, "activatedTokens": {"2": 349837, "others": 157}}, "0.00": {"activatedMoleculePct": 0.7190898418303937, "activatedTokens": {"2": 1882763, "others": 8230}}}