{"0.20": {"activatedMoleculePct": 0.5830113963848831, "activatedTokens": {"[C@H]": 536244, "[C@@H]": 487026, "-": 166139, "[C@]": 37885, "[C@@]": 17484, "others": 2263}}, "0.00": {"activatedMoleculePct": 0.7501905988796228, "activatedTokens": {"[C@H]": 793945, "[C@@H]": 771934, "-": 181284, "[C@]": 50414, "[C@@]": 47583, "others": 3448}}}