{"0.20": {"activatedMoleculePct": 0.006742183615014431, "activatedTokens": {"c": 3083, ".": 3000, "2": 1595, "(": 1051, ")": 958, "[nH]": 869, "N": 741, "Br": 664, "3": 662, "O": 608, "1": 608, "I": 482, "=": 398, "[C@H]": 369, "C": 307, "\\": 252, "[C@@]": 231, "P": 179, "-": 154, "others": 100, "Cl": 91}}, "0.00": {"activatedMoleculePct": 0.07455656923481416, "activatedTokens": {"(": 31688, ")": 22158, "C": 14687, "N": 14626, "c": 13810, "[C@H]": 12540, "=": 7474, "O": 7055, "[nH]": 5200, "2": 5180, ".": 4190, "1": 4131, "Br": 4102, "3": 2743, "[C@@]": 2595, "Cl": 1471, "others": 1333, "\\": 1323, "I": 923}}}