{"0.20": {"activatedMoleculePct": 0.008962724644856247, "activatedTokens": {"5": 27126, "others": 116}}, "0.00": {"activatedMoleculePct": 0.057242647570404405, "activatedTokens": {"O": 63434, "5": 27126, "(": 3666, "[C@@H]": 1831, "n": 1111, "N": 1086, "C": 1080, "others": 894, "[C@H]": 800, "Br": 398, "S": 362, "4": 271}}}