{"0.20": {"activatedMoleculePct": 0.1271713808000832, "activatedTokens": {")": 272809, "others": 935}}, "0.00": {"activatedMoleculePct": 0.2508164076889895, "activatedTokens": {")": 670763, "others": 6309}}}