{"0.20": {"activatedMoleculePct": 0.010294170420665093, "activatedTokens": {"n": 5842, "N": 5269, ")": 2779, "=": 2401, "[nH]": 2360, "O": 1894, "-": 1655, "4": 1558, "o": 1420, "1": 1084, "[Si]": 881, "8": 649, "[N-]": 496, "[S@]": 479, "\\": 294, "others": 277, "(": 275, "[C]": 140, "[S@@]": 125, "[c-]": 121, "[CH]": 83, "[n-]": 59, "6": 57, "2": 56, "[n+]": 54, "[nH+]": 47}}, "0.00": {"activatedMoleculePct": 0.05327980208475993, "activatedTokens": {"n": 33282, "N": 19186, "O": 13044, ")": 12259, "o": 10895, "=": 9920, "[nH]": 9047, "1": 6646, "-": 3354, "4": 2932, "\\": 1433, "c": 1416, "[Si]": 1302, "[S@]": 1167, "others": 1086, "(": 865, "[N-]": 849, "8": 655, "[S@@]": 576, "2": 310}}}