{"0.20": {"activatedMoleculePct": 0.9965556713511392, "activatedTokens": {"C": 13201073, "others": 38}}, "0.00": {"activatedMoleculePct": 0.9977142781813535, "activatedTokens": {"C": 13222895, "others": 42369}}}