{"0.20": {"activatedMoleculePct": 0.5346355331971616, "activatedTokens": {"1": 1224635, ")": 721765, "others": 11}}, "0.00": {"activatedMoleculePct": 0.9964824345097856, "activatedTokens": {")": 5655900, "1": 3961469, "others": 439}}}