{"0.20": {"activatedMoleculePct": 0.03562313200281522, "activatedTokens": {"[C@]": 40923, "I": 6801, "P": 2397, "others": 5}}, "0.00": {"activatedMoleculePct": 0.04116862563011148, "activatedTokens": {"[C@]": 48529, "I": 6803, "P": 2430, "others": 101}}}