{"0.20": {"activatedMoleculePct": 0.0005053342053399911, "activatedTokens": {"N": 566, "C": 371, ".": 37, "(": 13, "others": 8, "[Ni]": 4, "[Bi]": 4, ")": 3}}, "0.00": {"activatedMoleculePct": 0.0032905312820182314, "activatedTokens": {"N": 3077, "C": 2660, "(": 1069, "c": 329, ".": 128, ")": 106, "[C@]": 77, "others": 54, "1": 53, "=": 48}}}