{"0.20": {"activatedMoleculePct": 0.5640049713167911, "activatedTokens": {"n": 1607797, "[nH]": 68635, "others": 179}}, "0.00": {"activatedMoleculePct": 0.5855373350431694, "activatedTokens": {"n": 1685401, "[nH]": 133919, "others": 13811}}}