{"0.20": {"activatedMoleculePct": 0.18719702834192523, "activatedTokens": {"F": 502824, "others": 76}}, "0.00": {"activatedMoleculePct": 0.2182897293386054, "activatedTokens": {"F": 564548, "others": 3762}}}