{"0.20": {"activatedMoleculePct": 0.18543568230737062, "activatedTokens": {"F": 475193, "others": 42}}, "0.00": {"activatedMoleculePct": 0.21960579537773, "activatedTokens": {"F": 568701, "others": 123}}}