{"0.20": {"activatedMoleculePct": 0.10518201918365823, "activatedTokens": {"Cl": 168454, "others": 429}}, "0.00": {"activatedMoleculePct": 0.11608991433486666, "activatedTokens": {"Cl": 186279, "others": 572}}}