{"0.20": {"activatedMoleculePct": 0.04696458925483711, "activatedTokens": {"Br": 60975, "[S@@]": 1420, "[Si]": 1189, "-": 745, "others": 666, "\\": 393, "[N-]": 232, "#": 232, "3": 184, "(": 180, "[CH]": 141, "[C-]": 132, "[S-]": 100, "4": 97, "[B]": 96, "[CH2-]": 88, "2": 71, "[HH]": 63, "[I-]": 61, "[SiH2]": 56, "[S+]": 53, "I": 47, "[SiH]": 46, "[NH3+]": 45, "[W]": 40, "[CH3-]": 38, "N": 35, "[Y]": 32, "[CH2]": 30, "c": 29, "[Sn]": 28, "%12": 27, "[OH2+]": 27, "[cH-]": 26, "[NH-]": 26, "[Na]": 25, "[SiH3]": 23, "[U+2]": 23, "[U]": 22, "1": 21, "[Pt]": 21, "[Ni]": 20, "[NH4+]": 20, "%14": 19, "[C+]": 18, "[O]": 17}}, "0.00": {"activatedMoleculePct": 0.0966806866393298, "activatedTokens": {"Br": 68636, ")": 17695, "c": 15741, "=": 12973, "(": 11648, "1": 10762, "C": 7012, "N": 5490, "\\": 4744, "2": 4351, "#": 3769, "-": 3355, "[S@@]": 2876, "O": 2862, "F": 2848, "3": 2321, "S": 1910, "others": 1843, "[Si]": 1684, "I": 818, "[N-]": 765, "[C-]": 220, "4": 208, "Cl": 187, "[CH]": 174, "[S-]": 104}}}