{"0.20": {"activatedMoleculePct": 0.1499297292507212, "activatedTokens": {"F": 459429, "others": 206}}, "0.00": {"activatedMoleculePct": 0.21710329250867674, "activatedTokens": {"F": 566647, "others": 715}}}