{"0.20": {"activatedMoleculePct": 0.44263175124667414, "activatedTokens": {"[C@H]": 806851, "others": 3996}}, "0.00": {"activatedMoleculePct": 0.44335166939718024, "activatedTokens": {"[C@H]": 806851, "others": 5489}}}