{"0.20": {"activatedMoleculePct": 0.10101264580539653, "activatedTokens": {"o": 139814, "[S@]": 4360, "others": 7}}, "0.00": {"activatedMoleculePct": 0.12390135583364398, "activatedTokens": {"o": 173516, "[S@]": 4360, "others": 125}}}