{"0.20": {"activatedMoleculePct": 0.3000835632359845, "activatedTokens": {"1": 349322, "3": 75902, "n": 69041, "-": 61932, "[C@H]": 39966, "Cl": 20253, "S": 17782, "2": 12374, "[C@@H]": 9468, "others": 6069, "F": 2955, "C": 2231, "=": 1502, "7": 1255}}, "0.00": {"activatedMoleculePct": 0.9264899852281291, "activatedTokens": {"1": 2029772, "C": 749808, "3": 697524, "n": 674060, "[C@H]": 443781, "2": 404911, "=": 322799, "[C@@H]": 273754, "N": 153747, "-": 148516, "Cl": 141683, "S": 138941, "(": 87253, "F": 85565, "c": 64742, "others": 31563}}}