{"0.20": {"activatedMoleculePct": 0.6226508367675309, "activatedTokens": {"c": 2999794, "others": 80}}, "0.00": {"activatedMoleculePct": 0.7025368509476481, "activatedTokens": {"c": 3762829, "others": 3886}}}