{"0.20": {"activatedMoleculePct": 0.017326371927439868, "activatedTokens": {"/": 29519, "\\": 8264, "others": 130}}, "0.00": {"activatedMoleculePct": 0.024199649488477283, "activatedTokens": {"/": 43612, "\\": 11934, "O": 1448, ")": 1333, "C": 1286, "[O-]": 772, "others": 597, "N": 271, "Br": 241, "#": 177}}}