{"0.20": {"activatedMoleculePct": 0.20343217133319613, "activatedTokens": {"F": 493296, "others": 10}}, "0.00": {"activatedMoleculePct": 0.22102219588950905, "activatedTokens": {"F": 564741, "others": 1985}}}