{"0.20": {"activatedMoleculePct": 0.043368660344374275, "activatedTokens": {"2": 68832, "others": 165}}, "0.00": {"activatedMoleculePct": 0.133718754417097, "activatedTokens": {"2": 227747, "=": 3195, "[C@H]": 1565, "others": 1410}}}