{"0.20": {"activatedMoleculePct": 0.005217392578032024, "activatedTokens": {"2": 5235, "1": 3516, "O": 1952, "3": 1663, "(": 1340, "[O-]": 1326, ")": 1193, "-": 1044, "6": 786, "Br": 745, "o": 451, "[S@@]": 326, "\\": 215, "others": 209, "n": 174, "N": 116, ".": 91, "F": 88, "[B]": 81, "[CH]": 66, "#": 58, "Cl": 58, "%12": 53, "%13": 48, "C": 37, "/": 29, "[O-2]": 29, "%14": 28, "[CH2-]": 24, "[HH]": 21, "[U]": 18, "[c-]": 18, "I": 17}}, "0.00": {"activatedMoleculePct": 0.020066894530892398, "activatedTokens": {"2": 16115, "1": 10542, "O": 9611, "[O-]": 6348, ")": 5808, "o": 4003, "(": 3701, "3": 3633, "-": 2572, "Br": 1883, "6": 1624, "N": 1254, "[S@@]": 837, "\\": 806, "n": 761, "others": 674, "/": 532, "#": 341, "Cl": 337, "F": 322, "C": 215, ".": 183}}}