{"0.20": {"activatedMoleculePct": 0.002443181027556826, "activatedTokens": {"(": 1294, "[N+]": 910, "O": 513, "[O-]": 480, "/": 244, "n": 197, "C": 125, "#": 106, ")": 88, "4": 67, "=": 59, "2": 31, "others": 28, "1": 24, "\\": 23}}, "0.00": {"activatedMoleculePct": 0.0062185401993360345, "activatedTokens": {"(": 4459, "[N+]": 1796, "O": 1159, "[O-]": 990, "/": 566, "n": 535, "#": 274, ")": 268, "C": 249, "4": 119, "others": 102, "2": 86, "=": 81, "1": 59}}}