{"0.20": {"activatedMoleculePct": 0.0034780175958835035, "activatedTokens": {"[S@@]": 1633, "7": 1381, "(": 871, "8": 826, "#": 292, "9": 241, "[C-]": 222, "3": 198, "[nH]": 190, "I": 175, "%10": 148, "S": 147, "1": 114, "6": 112, ")": 111, "C": 109, "[S@]": 94, "others": 83, "%11": 82, "[CH]": 79, "O": 75, "Br": 72, "4": 53, "2": 52, "[S-]": 47, "o": 46, "%13": 44, "%12": 42, "[Zn+2]": 40, "[I-]": 40, "=": 34, "[O+]": 32, "N": 32, "[CH3-]": 32, "%14": 27, "[B]": 21, "[SiH2]": 21, "[N-]": 20, "[NH3+]": 18, "[C@H]": 18, "[CH2-]": 18, "%15": 18, "[CH2]": 17, "[cH-]": 16, "[W]": 15, "[Zr+2]": 14, "[Ti]": 14, "[NH4+]": 13, "%16": 13, "[C+]": 12, "[NH-]": 12, "[Cl-]": 11, "[Na]": 11, "[Ir]": 10, "[S+]": 10, "[HH]": 9, "P": 9, "[Co]": 9, "F": 9, "[F-]": 8, "[CH-]": 8, "[Li]": 7, "[Si-]": 7, "[Zr]": 7, "[c]": 7, "[Sn]": 7, "[Ni]": 7, "[Bi]": 7, "[SiH3]": 6, "[Rh]": 6, "[Zn]": 6, "s": 6, "[OH+]": 6, "[Hf+4]": 6, "%17": 6, "[O-]": 5, "[C@]": 5, "[Pt]": 5, "[As]": 5, "[CH+]": 5, "[Sr]": 5, "[Ru+2]": 5, "[Cu+]": 4, "[Mo]": 4, "[Co+2]": 4, "[Re]": 4, "[Fe+2]": 4, "p": 4, "[Al]": 4, "[Pt+2]": 4, "[Zn+]": 4, "%18": 4, "[Sn+2]": 4, "[PH2+]": 3, "[Hg+2]": 3, "[U+2]": 3, "[Ti+]": 3, "[Ac]": 3, "[H-]": 3, "[Mg+2]": 3, "[U]": 3, "[Pm]": 3, "[Se]": 3, "[GaH3]": 3, "[NH2-]": 3, "[Mn]": 2, "[Au]": 2, "[Nd+3]": 2, "[Si]": 2, "[Cr+2]": 2, "[Mn+2]": 2, "[Br-]": 2, "[Ag+]": 2, "[Ca]": 2, "[Ti+3]": 2, "[Eu]": 2, "[AlH]": 2, "[BH2-]": 2, "[IH+]": 2, "[Te]": 2, "c": 2, "[Ta]": 2}}, "0.00": {"activatedMoleculePct": 0.09170936984824594, "activatedTokens": {"(": 39807, "C": 24155, ")": 19342, "c": 12096, "[C@H]": 11480, "N": 10201, "O": 9709, "=": 9233, "2": 9166, "[nH]": 8000, "1": 6627, "F": 4893, "3": 4625, "o": 4055, "4": 3963, "[S@@]": 3255, "S": 2288, "6": 2040, "s": 2012, "#": 1890, "[C@]": 1840, "others": 1709, "7": 1674, "8": 826, "I": 781, "[S@]": 769, "Br": 588, "-": 471, "[C-]": 297}}}