{"0.20": {"activatedMoleculePct": 0.9316260849122586, "activatedTokens": {"O": 2913496, "others": 34}}, "0.00": {"activatedMoleculePct": 0.9561164846609098, "activatedTokens": {"O": 3375625, "others": 4117}}}