{"0.20": {"activatedMoleculePct": 0.3811538171407898, "activatedTokens": {"[C@H]": 569154, "[C@@]": 50740, "[C@]": 50718, "others": 68}}, "0.00": {"activatedMoleculePct": 0.4806922053297379, "activatedTokens": {"[C@H]": 787198, "[C@]": 51045, "[C@@]": 50751, "others": 1180}}}