{"0.20": {"activatedMoleculePct": 0.8601183653829957, "activatedTokens": {"1": 3138743, "others": 13}}, "0.00": {"activatedMoleculePct": 0.9909120403564291, "activatedTokens": {"1": 4050222, "others": 934}}}