{"0.20": {"activatedMoleculePct": 0.023300301076654806, "activatedTokens": {"[O-]": 33341, "[Na+]": 285, "others": 206}}, "0.00": {"activatedMoleculePct": 0.023369876075940745, "activatedTokens": {"[O-]": 33341, "[Na+]": 285, "others": 260, "[n+]": 206}}}