{"0.20": {"activatedMoleculePct": 0.002330396291872249, "activatedTokens": {"P": 1258, "(": 828, ")": 477, ".": 317, "B": 261, "[Si]": 259, "=": 222, "[C@H]": 220, "2": 215, "[P+]": 176, "N": 107, "1": 105, "[I-]": 96, "others": 47, "[SiH]": 43, "[Sn]": 19, "Cl": 14, "[B]": 11, "S": 11, "[Ge]": 9, "[C]": 9, "[Te]": 8, "[CH+]": 8, "[NH3+]": 7}}, "0.00": {"activatedMoleculePct": 0.01979152400740278, "activatedTokens": {")": 5429, "1": 5304, "(": 5231, "[C@H]": 5210, "2": 4381, "P": 1756, "N": 1659, "=": 1461, ".": 1227, "Cl": 758, "[Si]": 532, "B": 368, "others": 278, "[P+]": 203, "[C@@H]": 152, "[I-]": 96}}}