{"0.20": {"activatedMoleculePct": 0.3421515372779184, "activatedTokens": {"c": 3955459, "(": 1945916, "[C@H]": 174560, "[C@@H]": 150178, "-": 96907, "others": 13248}}, "0.00": {"activatedMoleculePct": 0.38035040899114053, "activatedTokens": {"c": 4242845, "(": 2255117, "[C@H]": 291072, "[C@@H]": 287716, "-": 104716, "others": 52517}}}