{"0.20": {"activatedMoleculePct": 0.3795491979467319, "activatedTokens": {"[C@@H]": 577208, "[C@]": 41574, "[C@@]": 27255, "others": 53}}, "0.00": {"activatedMoleculePct": 0.47575970406457146, "activatedTokens": {"[C@@H]": 767874, "[C@]": 49554, "[C@@]": 46161, "others": 1788}}}