{"0.20": {"activatedMoleculePct": 0.011257967252878757, "activatedTokens": {")": 36719, "C": 20765, "(": 15673, ".": 10689, "P": 2317, "O": 1911, "2": 1870, "=": 1694, "3": 1101, "N": 1069, "others": 962, "1": 738, "-": 597, "#": 322}}, "0.00": {"activatedMoleculePct": 0.09583260401645485, "activatedTokens": {"C": 238123, ")": 98585, "(": 47551, "O": 14162, ".": 10835, "=": 10299, "N": 10214, "2": 7554, "3": 4892, "1": 4324, "others": 4200, "-": 2952, "[nH]": 2667, "P": 2393, "F": 2160, "Br": 1768, "4": 1566}}}