{"0.20": {"activatedMoleculePct": 0.23642610073141634, "activatedTokens": {"o": 177278, "[nH]": 142498, "[N+]": 33942, "[S@]": 4360, "others": 1261}}, "0.00": {"activatedMoleculePct": 0.23751586493075824, "activatedTokens": {"o": 177278, "[nH]": 142498, "[N+]": 33942, "[S@]": 4360, "others": 2219, "[N-]": 1943}}}