{"0.20": {"activatedMoleculePct": 0.992598684812803, "activatedTokens": {"1": 4077798, "others": 13}}, "0.00": {"activatedMoleculePct": 0.9927290463904124, "activatedTokens": {"1": 4081257, "others": 21242}}}