{"0.20": {"activatedMoleculePct": 0.39814476433483004, "activatedTokens": {"[C@H]": 698645, "others": 14}}, "0.00": {"activatedMoleculePct": 0.4361356434186079, "activatedTokens": {"[C@H]": 791515, "others": 1417}}}