{"0.20": {"activatedMoleculePct": 0.0954027037577091, "activatedTokens": {"s": 134918, "others": 105}}, "0.00": {"activatedMoleculePct": 0.11221934726932775, "activatedTokens": {"s": 159331, "others": 470}}}