{"0.20": {"activatedMoleculePct": 0.9982437805443402, "activatedTokens": {"(": 6223950, "F": 573507, "others": 13187}}, "0.00": {"activatedMoleculePct": 0.9982760047545357, "activatedTokens": {"(": 6223950, "C": 832308, "F": 573551, ")": 512575, "c": 456413, "1": 247911, "=": 149627, "S": 90889, "others": 85994, "2": 78194, "n": 21221, "[C@@H]": 19547}}}