{"0.20": {"activatedMoleculePct": 0.702990186995627, "activatedTokens": {"[C@H]": 806851, "[C@@H]": 789612, "[C@]": 51046, "[C@@]": 50751, "-": 12121, "others": 5504}}, "0.00": {"activatedMoleculePct": 0.7570587498617655, "activatedTokens": {"[C@H]": 806851, "[C@@H]": 789613, "-": 170595, "[C@]": 51046, "[C@@]": 50751, "others": 13104}}}