{"0.20": {"activatedMoleculePct": 0.982672163335733, "activatedTokens": {"(": 6086958, "others": 405}}, "0.00": {"activatedMoleculePct": 0.9957105182019184, "activatedTokens": {"(": 6218103, "others": 4667}}}