{"0.20": {"activatedMoleculePct": 0.01993287111121527, "activatedTokens": {"/": 39254, "\\": 11569, "others": 0}}, "0.00": {"activatedMoleculePct": 0.022260337929433376, "activatedTokens": {"/": 47995, "\\": 12345, "others": 211}}}