{"0.20": {"activatedMoleculePct": 0.9693496495250957, "activatedTokens": {"N": 2610679, "-": 183566, "others": 42}}, "0.00": {"activatedMoleculePct": 0.9711688526643196, "activatedTokens": {"N": 2701226, "-": 183567, "others": 1269}}}