{"0.20": {"activatedMoleculePct": 0.20588560551854246, "activatedTokens": {"c": 715968, "others": 205}}, "0.00": {"activatedMoleculePct": 0.45235613904160804, "activatedTokens": {"c": 2166865, "others": 10464}}}