{"0.20": {"activatedMoleculePct": 0.42462207958940495, "activatedTokens": {"[C@@H]": 695304, "[C@@]": 50115, "others": 5093}}, "0.00": {"activatedMoleculePct": 0.4598739008065573, "activatedTokens": {"[C@@H]": 780850, "[C@@]": 50750, "others": 7036}}}