{"0.20": {"activatedMoleculePct": 0.652770952511035, "activatedTokens": {"N": 1525946, "others": 2388}}, "0.00": {"activatedMoleculePct": 0.9405514587680245, "activatedTokens": {"N": 2654286, "others": 3026}}}