{"0.20": {"activatedMoleculePct": 0.3111093697017723, "activatedTokens": {"2": 561373, "3": 127646, "others": 3605}}, "0.00": {"activatedMoleculePct": 0.4857330971201077, "activatedTokens": {"2": 916525, "3": 336005, "4": 17512, "others": 12876, "c": 10018, ")": 2628}}}