{"0.20": {"activatedMoleculePct": 0.11556187670870706, "activatedTokens": {"o": 165180, "others": 5}}, "0.00": {"activatedMoleculePct": 0.12197302980080311, "activatedTokens": {"o": 174659, "others": 129}}}