{"0.20": {"activatedMoleculePct": 0.028746924968123665, "activatedTokens": {"1": 36741, "5": 26427, "n": 4487, "F": 3601, "6": 3591, "N": 3314, "(": 3196, ")": 1840, "O": 1205, "Br": 898, "others": 719, "7": 662, "=": 579, "o": 423, "-": 334, "C": 321, "2": 318}}, "0.00": {"activatedMoleculePct": 0.32687579690838, "activatedTokens": {"1": 461042, "(": 342398, "C": 290880, "N": 284908, ")": 194854, "O": 139621, "F": 98950, "n": 84047, "=": 77453, "2": 49861, "[C@@H]": 40493, "[C@H]": 39606, "5": 26962, "Br": 22040, "others": 19132, "o": 15468, "-": 14548, "[nH]": 8274, "#": 8019, "Cl": 6611, "6": 4662}}}