{"0.20": {"activatedMoleculePct": 0.9981837263344302, "activatedTokens": {"(": 6223950, "others": 809}}, "0.00": {"activatedMoleculePct": 0.9981859234396708, "activatedTokens": {"(": 6223950, "others": 5763}}}