{"0.20": {"activatedMoleculePct": 0.14711743454274212, "activatedTokens": {"=": 167690, "2": 72052, "3": 40856, "[C@@]": 13893, "-": 2899, "others": 1300}}, "0.00": {"activatedMoleculePct": 0.28977767492070283, "activatedTokens": {"=": 393071, "2": 154753, "3": 71316, "[C@@]": 23167, "N": 12632, "-": 11870, "others": 5149, "c": 4614, "[C@@H]": 4015, ")": 3651, "n": 3625, "S": 1934}}}