{"0.20": {"activatedMoleculePct": 0.28170843974036075, "activatedTokens": {"O": 632995, "others": 125}}, "0.00": {"activatedMoleculePct": 0.8141754300650417, "activatedTokens": {"O": 2586161, "others": 1937}}}