{"0.20": {"activatedMoleculePct": 0.2982372624654597, "activatedTokens": {"C": 573929, "[C@H]": 4346, "others": 3947}}, "0.00": {"activatedMoleculePct": 0.48685874737171286, "activatedTokens": {"C": 1308598, "2": 24152, "[C@H]": 23887, "=": 14051, "others": 12361, "3": 6000, "(": 5583}}}