{"0.20": {"activatedMoleculePct": 0.89430605529528, "activatedTokens": {"N": 2351097, "others": 207}}, "0.00": {"activatedMoleculePct": 0.9450130471432872, "activatedTokens": {"N": 2648245, "others": 5517}}}