{"0.20": {"activatedMoleculePct": 0.011681276195902692, "activatedTokens": {"c": 13123, "C": 8667, "(": 2734, "[Si]": 1253, ")": 1223, "2": 614, "O": 565, "=": 555, "5": 384, "others": 292, "4": 198, "n": 164, "/": 155, "3": 150, "S": 120, "1": 102, "N": 74}}, "0.00": {"activatedMoleculePct": 0.06407125065821612, "activatedTokens": {"c": 100698, "C": 63807, "(": 5443, ")": 4309, "O": 2589, "=": 2374, "others": 1624, "2": 1580, "[Si]": 1482, "5": 1261, "/": 1196, "n": 618, "4": 615, "3": 525}}}