{"0.20": {"activatedMoleculePct": 0.049180736074197706, "activatedTokens": {"o": 58135, "[N+]": 8909, "[O-]": 3856, "others": 351}}, "0.00": {"activatedMoleculePct": 0.13925838909708496, "activatedTokens": {"o": 169474, "[O-]": 27348, "[N+]": 25802, "others": 513}}}