{"0.20": {"activatedMoleculePct": 0.975956344983606, "activatedTokens": {"(": 5094313, "others": 330}}, "0.00": {"activatedMoleculePct": 0.996034957409115, "activatedTokens": {"(": 6111397, "others": 7639}}}