{"0.20": {"activatedMoleculePct": 0.12472600266728576, "activatedTokens": {"-": 183554, "6": 5100, "[Si]": 2009, "others": 1992, "4": 1410, "#": 898, "7": 871, "8": 826, "P": 562, "B": 494, "[C-]": 461, ".": 434, "[c-]": 296, "[CH]": 231, "[B]": 183, "C": 172, "9": 158, "[Na+]": 157, "%10": 155, "[CH2-]": 119, "[S-]": 112, "[Br-]": 105, ")": 100}}, "0.00": {"activatedMoleculePct": 0.17049756377647238, "activatedTokens": {"-": 183567, "#": 23662, "[C@@]": 12917, "4": 10913, "/": 6856, "3": 5360, "6": 5100, "=": 4729, "1": 3802, ".": 3105, "[C@H]": 3056, "others": 2719, ")": 2698, "[N+]": 2616, "[Si]": 2062, "s": 1517, "P": 1511, "7": 1323, "C": 1219, "2": 1218, "N": 1150, "(": 1040, "o": 929, "8": 826, "5": 772, "S": 741, "F": 726, "[S@]": 655, "Cl": 506, "B": 504, "[C-]": 467, "[C@@H]": 366, "[c-]": 305, "[CH]": 234, "[B]": 183}}}