{"0.20": {"activatedMoleculePct": 0.23638435573184477, "activatedTokens": {"1": 288698, "(": 70460, "C": 41277, "3": 33756, "=": 14976, ")": 4637, "N": 4581, "others": 4532, "O": 1619, "5": 1076, "Cl": 628, "Br": 537, ".": 534}}, "0.00": {"activatedMoleculePct": 0.6849709945489819, "activatedTokens": {"1": 817661, "(": 502963, "C": 400520, "3": 154893, "=": 132871, "N": 87486, ")": 37024, "n": 21122, "others": 20983, "[C@H]": 20834, "c": 17056, "[C@@H]": 9452, "O": 8577, "Br": 5256}}}