{"0.20": {"activatedMoleculePct": 0.0007074678874759875, "activatedTokens": {".": 1081, "P": 82, "[B]": 23, "[SiH2]": 22, "others": 8, "[CH2-]": 7}}, "0.00": {"activatedMoleculePct": 0.0032927283872588404, "activatedTokens": {".": 3903, "P": 752, "[C@H]": 376, "(": 264, "C": 184, "1": 126, "O": 95, ")": 71, "F": 60, "others": 57, "[SiH2]": 40, "[B]": 24, "2": 24}}}