{"0.20": {"activatedMoleculePct": 0.1037560978825032, "activatedTokens": {"Cl": 106587, "[C@@]": 50747, "others": 1}}, "0.00": {"activatedMoleculePct": 0.14729832954088556, "activatedTokens": {"Cl": 183291, "[C@@]": 50751, "others": 77}}}