{"0.20": {"activatedMoleculePct": 0.8677093639892987, "activatedTokens": {"O": 2757250, "others": 1053}}, "0.00": {"activatedMoleculePct": 0.9512330520794503, "activatedTokens": {"O": 3354614, "others": 11918}}}