{"0.20": {"activatedMoleculePct": 0.153140432375664, "activatedTokens": {"Cl": 188533, "[C@@]": 50751, "[S@]": 4360, "others": 873}}, "0.00": {"activatedMoleculePct": 0.15410056736580996, "activatedTokens": {"Cl": 188533, "[C@@]": 50751, "[S@]": 4360, "others": 2410}}}