{"0.20": {"activatedMoleculePct": 0.3380136557414388, "activatedTokens": {"(": 810331, "others": 163}}, "0.00": {"activatedMoleculePct": 0.8629628843011704, "activatedTokens": {"(": 4368625, "others": 2044}}}