{"0.20": {"activatedMoleculePct": 0.0021714723461348892, "activatedTokens": {"1": 2396, "(": 1348, "[N-]": 296, "Cl": 245, "=": 179, "I": 131, "[Si]": 98, "others": 50, "/": 42, "[S+]": 41, "[HH]": 35, "[S@]": 33, "2": 21, "[O]": 17, "[CH3-]": 16, "[Ir]": 16, "[Zn]": 16, "4": 12, "Br": 11, "[Sb]": 11, "[Ni]": 11, "[Pt]": 10, "[Rh]": 10, "[U]": 10, "[NH4+]": 9, "[AlH2]": 8, "[W+2]": 6, "[s+]": 6, "[CH2]": 6, "[Cu]": 5, "[SH+]": 5, "[Ru]": 4, "[BH2-]": 4, "[Pd+2]": 4, "[Zr+3]": 3, "[Au]": 3, "[C@@]": 3, "[Rf]": 3}}, "0.00": {"activatedMoleculePct": 0.013202405390817419, "activatedTokens": {"1": 16889, "(": 6188, "=": 2920, "Cl": 1564, "/": 591, "[N-]": 585, "I": 317, "others": 284, "[Si]": 175, "N": 153, "2": 93, "Br": 75, "[S@]": 70, "4": 58, "[C@@]": 43, "[S+]": 41}}}