{"0.20": {"activatedMoleculePct": 0.8007101044137647, "activatedTokens": {"2": 2657722, "others": 37}}, "0.00": {"activatedMoleculePct": 0.8018811615070092, "activatedTokens": {"2": 2660426, "others": 4850}}}