{"0.20": {"activatedMoleculePct": 0.977757971280905, "activatedTokens": {"(": 2410166, "O": 771486, "N": 472741, "=": 447859, "n": 278482, "[C@H]": 159029, "[C@@H]": 153129, "1": 107900, "-": 51724, "3": 43267, "others": 39535, "S": 34972, "F": 25338, "o": 23101, "[nH]": 19884, "s": 13545}}, "0.00": {"activatedMoleculePct": 0.9986707513294317, "activatedTokens": {"(": 3680206, "O": 1458744, "N": 1125795, "=": 867996, "1": 722984, "n": 486197, "[C@H]": 286833, "[C@@H]": 266580, "3": 174925, "2": 113954, "others": 91849, "S": 85250, "-": 80085, "F": 71417, "o": 42365, "s": 30423, "[nH]": 28821, "#": 26083, "/": 21020}}}