{"0.20": {"activatedMoleculePct": 0.9391511703613432, "activatedTokens": {"(": 5177000, "others": 749}}, "0.00": {"activatedMoleculePct": 0.98842491722406, "activatedTokens": {"(": 6066220, "others": 12487}}}