{"0.20": {"activatedMoleculePct": 0.029036210491470472, "activatedTokens": {"[N+]": 33704, ".": 10916, "others": 0}}, "0.00": {"activatedMoleculePct": 0.029222964436922207, "activatedTokens": {"[N+]": 33914, ".": 10916, "others": 91}}}