{"0.20": {"activatedMoleculePct": 0.8858472001189366, "activatedTokens": {"1": 2514681, "C": 51367, ")": 36887, "(": 29478, "O": 27259, "others": 21713, "N": 10427}}, "0.00": {"activatedMoleculePct": 0.9571249559663492, "activatedTokens": {"1": 3265988, ")": 646649, "O": 583757, "(": 237496, "[C@H]": 183175, "C": 93945, "others": 46490, "[C@@H]": 38796, "=": 17358, "N": 16106, "[C@@]": 12754}}}