{"0.20": {"activatedMoleculePct": 0.5830626621738306, "activatedTokens": {"=": 1250103, "others": 1954}}, "0.00": {"activatedMoleculePct": 0.8657964176931421, "activatedTokens": {"=": 2205244, "others": 3829}}}