{"0.20": {"activatedMoleculePct": 0.9946061066343057, "activatedTokens": {")": 5307996, "others": 52}}, "0.00": {"activatedMoleculePct": 0.9980789976512945, "activatedTokens": {")": 6180559, "others": 2168}}}