{"0.20": {"activatedMoleculePct": 0.04412373217873012, "activatedTokens": {"Br": 62434, "others": 0}}, "0.00": {"activatedMoleculePct": 0.04825502239948793, "activatedTokens": {"Br": 68396, "others": 38}}}