{"0.20": {"activatedMoleculePct": 0.3423661212230845, "activatedTokens": {"[C@H]": 426584, "s": 131771, "/": 35536, "\\": 12687, "others": 31}}, "0.00": {"activatedMoleculePct": 0.48582391080338616, "activatedTokens": {"[C@H]": 715117, "s": 159497, "/": 47745, "\\": 12890, "others": 1978}}}