{"0.20": {"activatedMoleculePct": 0.45006529064406675, "activatedTokens": {"C": 1324079, "others": 180}}, "0.00": {"activatedMoleculePct": 0.7187412344655505, "activatedTokens": {"C": 2597888, "others": 5778}}}