{"0.20": {"activatedMoleculePct": 0.13454266888232524, "activatedTokens": {"s": 143235, "[C@]": 51040, "others": 0}}, "0.00": {"activatedMoleculePct": 0.14730199138295325, "activatedTokens": {"s": 161342, "[C@]": 51046, "others": 575}}}