{"0.20": {"activatedMoleculePct": 0.0005771063098665405, "activatedTokens": {"/": 270, "[C@@]": 217, "Cl": 202, "Br": 75, "n": 49, ")": 35, "[C@H]": 33, "F": 18, "1": 12, "9": 9, "others": 8, "C": 7}}, "0.00": {"activatedMoleculePct": 0.002161951556758918, "activatedTokens": {"[C@@]": 1027, "/": 687, "Cl": 672, "Br": 336, "n": 190, ")": 180, "[C@H]": 136, "F": 85, "1": 77, "C": 29, "c": 20, "others": 20}}}