{"0.20": {"activatedMoleculePct": 0.2775712905722946, "activatedTokens": {"3": 666366, "others": 77}}, "0.00": {"activatedMoleculePct": 0.33996541756351284, "activatedTokens": {"3": 952062, "others": 879}}}