{"0.20": {"activatedMoleculePct": 0.04059957537279383, "activatedTokens": {"C": 42342, "S": 21493, "=": 12632, "O": 11022, "N": 10634, "[C@@H]": 5378, "/": 2901, "[C@H]": 1422, "1": 1393, "n": 1072, "others": 1017, "[N+]": 813, ".": 795, "s": 748, "o": 392, "[N-]": 276}}, "0.00": {"activatedMoleculePct": 0.9169545484838876, "activatedTokens": {"C": 3520437, "=": 1584007, "N": 1339036, "c": 950017, "O": 818794, "[C@@H]": 397829, "[C@H]": 248896, "S": 212705, "n": 144231, "1": 137680, "(": 118142, "s": 85460, "o": 72198, "others": 71193, "/": 38328, "2": 28811}}}