{"0.20": {"activatedMoleculePct": 0.6247051301675, "activatedTokens": {"=": 1325512, "others": 172}}, "0.00": {"activatedMoleculePct": 0.8852649672301753, "activatedTokens": {"=": 2320236, "others": 2076}}}