{"0.20": {"activatedMoleculePct": 0.5649167699916436, "activatedTokens": {"n": 1698513, "others": 66}}, "0.00": {"activatedMoleculePct": 0.5677686125939537, "activatedTokens": {"n": 1698553, "others": 7991}}}