{"0.20": {"activatedMoleculePct": 0.1641772243676548, "activatedTokens": {"2": 262626, "others": 272}}, "0.00": {"activatedMoleculePct": 0.3376577246924602, "activatedTokens": {"2": 593830, "others": 5480, "=": 4559, "3": 3765}}}