{"0.20": {"activatedMoleculePct": 0.9804574812531995, "activatedTokens": {")": 5775241, "others": 26}}, "0.00": {"activatedMoleculePct": 0.9935346516453023, "activatedTokens": {")": 6181223, "others": 2180}}}