{"0.20": {"activatedMoleculePct": 0.3013835171700113, "activatedTokens": {")": 516174, "(": 7777, "c": 4936, "others": 3892}}, "0.00": {"activatedMoleculePct": 0.6075926098168127, "activatedTokens": {")": 1269048, "c": 111921, "(": 83252, "O": 23899, "others": 14539, "1": 9917, "2": 5003}}}