{"0.20": {"activatedMoleculePct": 0.1859629875651167, "activatedTokens": {"C": 660880, "others": 1338}}, "0.00": {"activatedMoleculePct": 0.6175491583988376, "activatedTokens": {"C": 3216772, "others": 32737, "[C@H]": 25619}}}