{"0.20": {"activatedMoleculePct": 0.6255803104216757, "activatedTokens": {"(": 2194920, "others": 51}}, "0.00": {"activatedMoleculePct": 0.9266642889105507, "activatedTokens": {"(": 4788703, "others": 1803}}}