{"0.20": {"activatedMoleculePct": 0.006979470981000166, "activatedTokens": {"[C@H]": 1791, ")": 1662, "(": 1507, "[C@@H]": 1183, "1": 1078, "N": 1042, "2": 947, "[nH]": 941, "O": 822, "3": 556, "C": 319, "4": 298, "-": 243, "n": 192, "others": 48}}, "0.00": {"activatedMoleculePct": 0.030785106262994962, "activatedTokens": {")": 10268, "(": 8547, "1": 7703, "[C@H]": 6988, "C": 6062, "[C@@H]": 5228, "O": 5218, "N": 5000, "[nH]": 3629, "2": 3360, "3": 1931, "4": 1087, "n": 947, "-": 723, "others": 488}}}