{"0.20": {"activatedMoleculePct": 0.005089228105663185, "activatedTokens": {"[N+]": 4573, "3": 1945, "I": 745, "[N-]": 508, "4": 497, "o": 338, "P": 254, "Br": 242, "[C-]": 174, "others": 91, "[Cl-]": 53, "Cl": 46, "[c-]": 34, "[nH]": 31, "s": 15, "F": 13}}, "0.00": {"activatedMoleculePct": 0.017226769823198942, "activatedTokens": {"[N+]": 14896, "3": 3076, "o": 2713, "Br": 1818, "I": 1568, "Cl": 1403, "[N-]": 944, "4": 856, "P": 404, "others": 247, "[C-]": 202, "[nH]": 147, "C": 146, "s": 98, "[Cl-]": 58}}}