{"0.20": {"activatedMoleculePct": 0.05550839916715064, "activatedTokens": {"[C@]": 51046, "[C@@]": 24750, "[S@]": 1524, "others": 0}}, "0.00": {"activatedMoleculePct": 0.07522302449113212, "activatedTokens": {"[C@]": 51046, "[C@@]": 49914, "[S@]": 4349, "others": 137}}}