{"0.20": {"activatedMoleculePct": 0.16491398699167223, "activatedTokens": {"(": 208007, "O": 140805, "N": 56228, "C": 43345, ")": 26875, "2": 17014, "F": 4884, "others": 4076, "n": 3027, "=": 1714, "o": 1282, "1": 1232, "[C@@H]": 1065}}, "0.00": {"activatedMoleculePct": 0.5575440171725745, "activatedTokens": {"(": 1411534, "O": 706002, "C": 413628, "N": 350458, ")": 334265, "2": 135128, "=": 67704, "n": 39475, "F": 38690, "[C@@H]": 31471, "[C@H]": 29657, "others": 25754, "o": 24230, "1": 14718, "3": 14682}}}