{"0.20": {"activatedMoleculePct": 0.15979253467581345, "activatedTokens": {"=": 226737, "/": 8937, "others": 28}}, "0.00": {"activatedMoleculePct": 0.33723588048626335, "activatedTokens": {"=": 534822, "/": 32208, "others": 914}}}