{"0.20": {"activatedMoleculePct": 0.9008468375965719, "activatedTokens": {"=": 2386901, "others": 63}}, "0.00": {"activatedMoleculePct": 0.9023694315283137, "activatedTokens": {"=": 2386922, "others": 7443}}}