{"0.20": {"activatedMoleculePct": 0.18280940917642974, "activatedTokens": {"2": 303681, "others": 1205}}, "0.00": {"activatedMoleculePct": 0.3747053132596034, "activatedTokens": {"2": 700344, "-": 11667, "others": 7132, "(": 1604}}}