{"0.20": {"activatedMoleculePct": 0.006647708089668259, "activatedTokens": {"I": 6200, "P": 2388, "8": 826, "9": 328, "[CH]": 269, "[I-]": 193, "[B]": 192, "%10": 160, "[S-]": 113, "[Br-]": 106, "others": 102, "%11": 100, "[CH2-]": 97, "[HH]": 89, "[K+]": 86, "[CH-]": 74, "[Se]": 66, "%12": 58, "%13": 48, "[U+2]": 35, "[Li+]": 35, "[CH2]": 34, "[Y]": 32, "[O-2]": 32, "[NH-]": 23, "[Ir]": 20, "%15": 20, "[Fe]": 19}}, "0.00": {"activatedMoleculePct": 0.007370555713828508, "activatedTokens": {"I": 6775, "P": 2436, "8": 826, "B": 418, "9": 328, "[CH]": 269, "[B]": 193, "[I-]": 193, "%10": 160, "others": 120, "[S-]": 115, "[Br-]": 106, "[CH2-]": 100, "%11": 100, "[HH]": 90, "[K+]": 86, "[CH-]": 77, "[Se]": 73, "%12": 58, "%13": 48, "[NH-]": 40, "[O-2]": 40, "[Y]": 37, "[U+2]": 35, "[Li+]": 35, "[CH2]": 35, "[Ir]": 21, "[Fe]": 20, "%15": 20}}}