{"0.20": {"activatedMoleculePct": 0.21916564196119473, "activatedTokens": {"S": 238516, "#": 81728, "\\": 12544, "others": 346}}, "0.00": {"activatedMoleculePct": 0.21948788406315067, "activatedTokens": {"S": 238516, "#": 81728, "\\": 12892, "others": 584}}}