{"0.20": {"activatedMoleculePct": 0.8657400253252997, "activatedTokens": {"N": 2243273, "others": 0}}, "0.00": {"activatedMoleculePct": 0.948820630525262, "activatedTokens": {"N": 2686086, "others": 82}}}