{"0.20": {"activatedMoleculePct": 0.05932696807532849, "activatedTokens": {"c": 118320, ")": 46884, "2": 45966, "C": 41541, "(": 37618, "n": 14704, "1": 14293, "[C@@H]": 8014, "N": 7504, "=": 3302, "others": 3198, "s": 2998, "F": 2955, "-": 2735, "S": 2222, "o": 2143, "[C@H]": 1765, "Cl": 1341, "[nH]": 1121, "I": 1119}}, "0.00": {"activatedMoleculePct": 0.2524408008302128, "activatedTokens": {"c": 587153, "(": 249306, ")": 244639, "2": 202444, "C": 154539, "n": 61916, "[C@@H]": 61289, "1": 54185, "=": 25890, "N": 22414, "others": 17135, "F": 16504, "-": 15655, "o": 15118, "[C@H]": 13785, "Cl": 13625, "s": 13249, "[nH]": 12598, "S": 10650, "Br": 5144}}}