{"0.20": {"activatedMoleculePct": 0.00012669973554176587, "activatedTokens": {"[S@@]": 44, "P": 33, "[Si]": 29, "4": 20, "S": 15, "I": 11, "[S@]": 9, "[N-]": 7, "1": 5, "O": 4, "[N+]": 2, "C": 2, "[CH-]": 1, "others": 1}}, "0.00": {"activatedMoleculePct": 0.0012845741973425279, "activatedTokens": {"(": 483, "[S@@]": 321, "4": 178, "S": 138, "C": 130, "[C@H]": 124, "3": 96, "I": 82, "[Si]": 72, "O": 66, "[S@]": 64, "P": 64, "1": 52, "Cl": 50, "[C@@]": 31, "[N-]": 23, "others": 19, "/": 11, "[nH]": 10}}}