{"0.20": {"activatedMoleculePct": 0.9980738710723998, "activatedTokens": {"C": 13226628, "others": 1784}}, "0.00": {"activatedMoleculePct": 0.9983126231752125, "activatedTokens": {"C": 13228891, "others": 10149}}}