{"0.20": {"activatedMoleculePct": 0.053175073401624244, "activatedTokens": {"Br": 67790, "[O-]": 7492, "others": 49}}, "0.00": {"activatedMoleculePct": 0.06810367114314653, "activatedTokens": {"Br": 68931, "[O-]": 28967, "others": 267}}}