{"0.20": {"activatedMoleculePct": 0.06965043323253503, "activatedTokens": {"[C@@]": 50751, "[N+]": 33940, "\\": 5389, "[S@]": 4356, "[Si]": 2120, "[n+]": 1722, "others": 584, "[NH+]": 448}}, "0.00": {"activatedMoleculePct": 0.07488174081042424, "activatedTokens": {"[C@@]": 50751, "[N+]": 33942, "\\": 12837, "[S@]": 4360, "[Si]": 2120, "[n+]": 1722, "others": 763, "[NH+]": 526}}}