{"0.20": {"activatedMoleculePct": 0.07789323972688517, "activatedTokens": {"#": 81395, "[O-]": 29846, "[N+]": 22538, "others": 7}}, "0.00": {"activatedMoleculePct": 0.08082271338103005, "activatedTokens": {"#": 81679, "[O-]": 32915, "[N+]": 30607, "others": 233}}}