{"0.20": {"activatedMoleculePct": 0.500532065652434, "activatedTokens": {"3": 959654, "F": 573497, "others": 39}}, "0.00": {"activatedMoleculePct": 0.5048083648190721, "activatedTokens": {"3": 999568, "F": 573551, "others": 4583}}}