{"0.20": {"activatedMoleculePct": 0.00013475578809066428, "activatedTokens": {"P": 245, "%13": 5, "others": 2}}, "0.00": {"activatedMoleculePct": 0.0023172136604285966, "activatedTokens": {"[N+]": 1016, "P": 1003, "\\": 346, "S": 205, ".": 199, "C": 112, "#": 95, "2": 85, "s": 73, "[S@@]": 67, "o": 62, "[C@@H]": 46, "3": 45, "others": 35, "1": 34, "[Si]": 23, "[C@H]": 22, "O": 21, "4": 16, "[C@]": 12}}}