{"0.20": {"activatedMoleculePct": 0.1343317467792268, "activatedTokens": {"c": 665953, "others": 2027}}, "0.00": {"activatedMoleculePct": 0.391814171768223, "activatedTokens": {"c": 2078556, "C": 71517, "others": 20684, "F": 6762}}}