{"0.20": {"activatedMoleculePct": 0.0006701170983856403, "activatedTokens": {"c": 4522, "/": 582, "C": 116, "%10": 105, "8": 88, "others": 55, "s": 35, ".": 29, "1": 27, "B": 16, "[o+]": 8}}, "0.00": {"activatedMoleculePct": 0.005750556783086391, "activatedTokens": {"c": 16488, "/": 8883, "C": 1028, "others": 243, "1": 144, "%10": 105, "8": 89, ".": 79, "O": 64}}}