{"0.20": {"activatedMoleculePct": 0.24985920217249766, "activatedTokens": {"Cl": 188533, "-": 155221, "Br": 67634, "I": 6722, "others": 3825, "s": 3545, "1": 1544, "C": 1520, ")": 1140}}, "0.00": {"activatedMoleculePct": 0.40542011215489887, "activatedTokens": {"Cl": 188533, "-": 183321, "s": 127879, "C": 109942, ")": 89277, "=": 86919, "1": 81532, "Br": 69159, "(": 61967, "2": 26492, "O": 25791, "N": 25216, "[C@H]": 21519, "3": 14869, "[C@@H]": 11090, "others": 10839, "I": 6797, "F": 6728, "S": 5890}}}