{"0.20": {"activatedMoleculePct": 0.9655464603536021, "activatedTokens": {"O": 3456455, "S": 238515, "[O-]": 33277, "others": 5073}}, "0.00": {"activatedMoleculePct": 0.969890869782699, "activatedTokens": {"O": 3456455, "S": 238516, "#": 67116, "[C@H]": 66723, "4": 43029, "[O-]": 33336, "others": 32921, "Br": 8739, "\\": 8594}}}