{"0.20": {"activatedMoleculePct": 0.272058021155194, "activatedTokens": {"N": 465138, "n": 8188, "others": 760}}, "0.00": {"activatedMoleculePct": 0.5986840804345581, "activatedTokens": {"N": 1146898, "n": 71193, "(": 18540, "others": 8838}}}