{"0.20": {"activatedMoleculePct": 0.04678296188828013, "activatedTokens": {"#": 65646, "others": 11}}, "0.00": {"activatedMoleculePct": 0.056502955472732826, "activatedTokens": {"#": 79520, "others": 142}}}