{"0.20": {"activatedMoleculePct": 0.28308236288415467, "activatedTokens": {"(": 481087, "others": 1163}}, "0.00": {"activatedMoleculePct": 0.5111103950175512, "activatedTokens": {"(": 970088, "#": 16499, "others": 3641}}}