{"0.20": {"activatedMoleculePct": 0.10966777571656756, "activatedTokens": {"S": 101826, "/": 50009, "[N+]": 19075, "\\": 12150, "[S@@]": 3731, "[O-]": 3503, "others": 1846, "[NH+]": 526}}, "0.00": {"activatedMoleculePct": 0.20136396293336986, "activatedTokens": {"S": 232756, "/": 50041, "[N+]": 32192, "[O-]": 31660, "\\": 12876, "[S@@]": 3971, "others": 3648}}}