{"0.20": {"activatedMoleculePct": 0.6285258961809185, "activatedTokens": {"O": 362148, "1": 321772, "S": 234656, "Cl": 187902, "N": 164945, "s": 163574, "n": 95069, "2": 81443, "C": 71835, "#": 70680, "Br": 68962, "[N+]": 33811, ")": 31472, "[O-]": 27462, "[C@]": 20623, "others": 18595, "\\": 12087, "o": 8573, ".": 8198, "I": 6456, "(": 3210}}, "0.00": {"activatedMoleculePct": 0.9510946344492919, "activatedTokens": {"C": 4175234, "1": 2257216, ")": 1625179, "O": 1547004, "2": 981888, "(": 929852, "N": 868273, "n": 836776, "S": 238039, "[C@H]": 227433, "Cl": 188462, "s": 163598, "[C@@H]": 162560, "others": 130132, "F": 101206, "3": 100409, "#": 80642, "o": 76256, "Br": 69113, "[C@]": 47716, "[N+]": 33892, "[O-]": 32811}}}