{"0.20": {"activatedMoleculePct": 0.185412978886551, "activatedTokens": {")": 259777, "C": 226152, "c": 211127, "S": 90172, "(": 81764, "N": 56502, "1": 31200, "2": 27245, "3": 24286, "[C@H]": 17948, "O": 15101, "[C@@H]": 14422, "Cl": 13007, "=": 12434, "4": 12315, "o": 7438, "others": 7134, "-": 5185}}, "0.00": {"activatedMoleculePct": 0.5466419809686744, "activatedTokens": {"C": 1713710, "c": 1422617, ")": 1342920, "(": 772493, "=": 270422, "2": 264417, "1": 264003, "N": 240932, "S": 165405, "[C@H]": 151897, "3": 144976, "O": 135980, "[C@@H]": 116761, "Cl": 57503, "others": 43986, "4": 39607, "-": 34124, "o": 28551}}}