{"0.20": {"activatedMoleculePct": 0.0021626839251724546, "activatedTokens": {")": 3391, "(": 3386, "=": 2084, "#": 593, "[N+]": 404, "8": 278, "n": 186, "1": 136, "others": 111, "[CH2-]": 99, "%10": 99, "S": 93, "Cl": 80, "%13": 48, "[CH3-]": 44, "%12": 38, "Br": 28, "%14": 20, "%15": 19, "%11": 16, "4": 15, "[Ge]": 14, "[Pt]": 14, "[Ru]": 14, "6": 11, "[Mo]": 9, "%18": 9, "[AlH2]": 9, "[Ca+2]": 8, "[Li+]": 8, "[CH-]": 8}}, "0.00": {"activatedMoleculePct": 0.013550280387247123, "activatedTokens": {")": 13759, "=": 11546, "(": 5728, "[N+]": 4456, "Cl": 4222, "#": 2152, "n": 903, "1": 837, "Br": 830, "others": 430, "S": 328, "8": 280, "2": 260, "6": 137, "[CH2-]": 99, "%10": 99, "N": 94, "4": 79, "%13": 48}}}