{"0.20": {"activatedMoleculePct": 0.9940333945349205, "activatedTokens": {"C": 12672122, "others": 3289}}, "0.00": {"activatedMoleculePct": 0.9978988350215646, "activatedTokens": {"C": 13156157, "others": 24393}}}