{"0.20": {"activatedMoleculePct": 0.003134536809935017, "activatedTokens": {"[N+]": 3872, ")": 153, "3": 91, "C": 52, "N": 47, "[S@]": 45, "others": 44, "1": 36, "2": 24, "S": 22, "4": 20, ".": 20, "=": 10, "[NH+]": 7, "[S+]": 7, "[nH]": 6, "[C@H]": 4, "[Ru]": 4}}, "0.00": {"activatedMoleculePct": 0.008743014120795381, "activatedTokens": {"[N+]": 9203, ")": 1225, "C": 523, "3": 327, "1": 259, "[C@H]": 209, "2": 195, "=": 171, "[C@@]": 133, "N": 129, "others": 122, "[S@]": 119, "[nH]": 78, "S": 75, "[C@]": 40, ".": 39, "O": 38, "4": 37}}}