{"0.20": {"activatedMoleculePct": 0.28891860677162484, "activatedTokens": {"C": 1049131, "others": 387}}, "0.00": {"activatedMoleculePct": 0.9614949982899198, "activatedTokens": {"C": 9534009, "others": 7340}}}