{"0.20": {"activatedMoleculePct": 0.0013299810389817736, "activatedTokens": {")": 923, "(": 396, "4": 252, "1": 144, "s": 104, "2": 103, "C": 87, "[N-]": 64, "[c-]": 60, "c": 54, "Br": 52, "[nH+]": 51, "8": 50, "N": 48, "/": 42, "%13": 31, "others": 27, "n": 24, "%14": 24, "%11": 23, "[n-]": 23, "%15": 16, "%12": 13, "[CH]": 11, "%10": 11, "%16": 11, "[nH]": 10, "%17": 10, "[Na+]": 8, "[cH-]": 7, "[H+]": 7, "[CH2-]": 6, "[Li]": 5, "[CH3-]": 5, "[Ca+2]": 5, "[C@H]": 5, "[S+]": 5, "[Li+]": 5, "[Mg+2]": 4, "[U+2]": 4, "[SH+]": 3, "[O+]": 3, "[c]": 3, "[NH3+]": 3, "%18": 3, "[CH-]": 3, "[Cl-]": 2, "[Y]": 2, "[As]": 2, "\\": 2, "[Br-]": 2, "[O]": 2, "[I-]": 2, "[HH]": 2, "[PH3+]": 2, "[Pd+2]": 2, "[SiH]": 1, "[Nd+3]": 1, "[Pt]": 1, "[Mn+2]": 1, "[C+]": 1, "[Ga]": 1, "[Ir]": 1, "[BH2-]": 1, "[Al+]": 1}}, "0.00": {"activatedMoleculePct": 0.004657863110090353, "activatedTokens": {")": 3699, "4": 875, "s": 750, "(": 673, "1": 572, "C": 560, "2": 256, "c": 228, "Br": 209, "N": 185, "n": 148, "[N-]": 91, "others": 86, "/": 84, "[c-]": 71, "[nH+]": 52, "8": 50, "[C@H]": 34, "%13": 31, "[nH]": 29, "[n-]": 27, "%14": 24, "%11": 23, "%15": 16, "[CH]": 15, "%12": 13, "%10": 11, "%16": 11, "%17": 10, "[Na+]": 8, "[cH-]": 8, "\\": 7, "[H+]": 7, "[CH2-]": 6, "[Li]": 5, "[CH3-]": 5, "[Ca+2]": 5, "[S+]": 5, "[Li+]": 5}}}