{"0.20": {"activatedMoleculePct": 0.08030273180741933, "activatedTokens": {"2": 115779, "1": 33185, "4": 3367, "N": 2985, "C": 2717, "F": 2139, "others": 1434, "=": 1353, "O": 1233, "3": 1178, ")": 1171, "P": 820, "c": 809, "(": 516, "[Si]": 452, "o": 354}}, "0.00": {"activatedMoleculePct": 0.23883046623305573, "activatedTokens": {"2": 381579, "1": 245223, "N": 72342, "C": 55261, "c": 31251, "=": 24717, "4": 20665, "O": 16308, "o": 11075, "F": 8913, "others": 8794, "3": 6483, ")": 5759, "Cl": 5226, "(": 3935, "n": 3425, "[N+]": 2097, "S": 1726}}}