{"0.20": {"activatedMoleculePct": 0.010436982261304656, "activatedTokens": {"n": 11280, "[O-]": 3723, "c": 2413, ")": 591, "[N+]": 332, "N": 294, "Br": 254, "others": 184, "2": 124, "F": 74, "#": 67, "/": 59, "[I-]": 55, "O": 51}}, "0.00": {"activatedMoleculePct": 0.03921320196596977, "activatedTokens": {"n": 40011, "c": 22575, "[O-]": 10517, ")": 2765, "[N+]": 1647, "N": 1377, "others": 801, "Br": 781, "F": 438, "/": 403, "2": 347, "=": 344}}}