{"0.20": {"activatedMoleculePct": 0.7224345683750136, "activatedTokens": {"1": 2165279, "others": 0}}, "0.00": {"activatedMoleculePct": 0.9562827322907825, "activatedTokens": {"1": 2896557, "others": 6692}}}