{"0.20": {"activatedMoleculePct": 0.9648529074659833, "activatedTokens": {"(": 5674167, "others": 42}}, "0.00": {"activatedMoleculePct": 0.9913763619306111, "activatedTokens": {"(": 6185603, "others": 2944}}}