{"0.20": {"activatedMoleculePct": 0.09949078424206827, "activatedTokens": {"s": 140910, "others": 6}}, "0.00": {"activatedMoleculePct": 0.1099636525556362, "activatedTokens": {"s": 156324, "others": 68}}}