{"0.20": {"activatedMoleculePct": 0.8289626807027515, "activatedTokens": {"O": 2853120, "others": 13129}}, "0.00": {"activatedMoleculePct": 0.9523982502253864, "activatedTokens": {"O": 3425695, "Br": 30063, "others": 13368}}}