{"0.20": {"activatedMoleculePct": 0.12451727766942794, "activatedTokens": {")": 174389, "3": 142357, "C": 79125, "c": 72466, "(": 66651, "1": 38296, "[C@H]": 17712, "O": 13863, "[C@@]": 12455, "-": 11590, "2": 9650, "[C@@H]": 9122, "N": 7286, "n": 7276, "=": 5807, "others": 5156, "[C@]": 4417, "[nH]": 2397, "o": 2012, "4": 1758}}, "0.00": {"activatedMoleculePct": 0.4527838421951132, "activatedTokens": {")": 1115932, "c": 1092754, "C": 919998, "(": 852763, "3": 500375, "1": 236742, "[C@H]": 140037, "O": 128881, "[C@@H]": 95728, "2": 87306, "=": 81106, "n": 76361, "N": 65211, "-": 51034, "others": 47874, "[C@@]": 34833, "o": 24316, "[nH]": 23402, "[C@]": 18886, "s": 15360}}}