{"0.20": {"activatedMoleculePct": 0.013114521181193071, "activatedTokens": {"c": 52543, "1": 6752, "C": 2325, "others": 575}}, "0.00": {"activatedMoleculePct": 0.0694819884974217, "activatedTokens": {"c": 313407, "1": 52580, "C": 8844, "others": 2593, "(": 1820}}}