{"0.20": {"activatedMoleculePct": 0.12664041370026943, "activatedTokens": {"1": 47057, "N": 41694, "[C@H]": 39635, "C": 37592, "(": 31495, ")": 20264, "c": 19645, "=": 5914, "2": 5341, "O": 4186, "S": 3925, "F": 3521, "#": 3236, "[C@@H]": 2982, "others": 2709, "P": 2372, "[N+]": 1303, "/": 1225, "[Si]": 786, "\\": 772, "Cl": 751, "n": 560, "3": 550, "I": 445}}, "0.00": {"activatedMoleculePct": 0.8896562482377385, "activatedTokens": {"(": 650429, "c": 568130, "1": 420084, "C": 340414, ")": 322269, "N": 179214, "[C@H]": 122256, "O": 89863, "n": 85795, "[C@@H]": 81285, "=": 78222, "S": 47390, "2": 35141, "others": 30862, "#": 22160, "F": 18349, "s": 12430, "3": 7458, "4": 6807}}}