{"0.20": {"activatedMoleculePct": 0.5546460353602117, "activatedTokens": {"n": 1628428, "others": 262}}, "0.00": {"activatedMoleculePct": 0.5679736757497439, "activatedTokens": {"n": 1684382, "others": 14228}}}