{"0.20": {"activatedMoleculePct": 0.003198252861912668, "activatedTokens": {"#": 2926, "[Si]": 1540, "C": 208, "4": 149, "3": 100, ")": 73, "2": 58, "Cl": 55, "others": 52, "[N+]": 40, "1": 24}}, "0.00": {"activatedMoleculePct": 0.013076438023689189, "activatedTokens": {"#": 9095, "C": 6414, "[Si]": 1693, "/": 1042, "Cl": 1036, "n": 942, "[N+]": 854, "1": 664, "4": 517, ")": 515, "2": 436, "3": 356, "others": 223}}}