{"0.20": {"activatedMoleculePct": 0.9980255347571063, "activatedTokens": {"C": 13227894, "others": 57}}, "0.00": {"activatedMoleculePct": 0.9983536358063706, "activatedTokens": {"C": 13228486, "others": 14509}}}