{"0.20": {"activatedMoleculePct": 0.16708399460098006, "activatedTokens": {"F": 438339, "others": 197}}, "0.00": {"activatedMoleculePct": 0.21316900939116018, "activatedTokens": {"F": 551243, "others": 1347}}}