{"0.20": {"activatedMoleculePct": 0.9347657483010884, "activatedTokens": {"=": 2384872, "[C@@H]": 789613, "others": 142}}, "0.00": {"activatedMoleculePct": 0.935900186973656, "activatedTokens": {"=": 2386659, "[C@@H]": 789613, "others": 3284}}}