{"0.20": {"activatedMoleculePct": 0.007619560974430822, "activatedTokens": {"5": 1469, "3": 1436, "Br": 1394, "[N+]": 1192, ".": 1061, "2": 1046, "o": 879, "P": 859, "C": 695, "[S@@]": 613, "1": 599, "c": 556, "Cl": 489, "[C@H]": 333, "=": 314, "S": 287, "4": 221, "[Si]": 156, "others": 102, "O": 96, "[O-]": 85, "[S@]": 82}}, "0.00": {"activatedMoleculePct": 0.10088081949096, "activatedTokens": {"c": 29448, "Cl": 26169, "2": 18528, "1": 15968, "Br": 12781, "[C@H]": 12481, ")": 12262, "3": 12184, "o": 12111, "=": 10630, "C": 9621, "[N+]": 6891, "5": 5842, "S": 4489, "O": 4201, "4": 3149, ".": 2087, "F": 1881, "N": 1769, "others": 1477, "[S@@]": 1324, "P": 1117}}}