{"0.20": {"activatedMoleculePct": 0.11642973327874748, "activatedTokens": {"O": 201230, "o": 13174, "others": 731}}, "0.00": {"activatedMoleculePct": 0.281562698426067, "activatedTokens": {"O": 524680, "o": 44831, "=": 6752, "others": 5440, "[nH]": 4300, ")": 2234}}}