{"0.20": {"activatedMoleculePct": 0.18635993124525332, "activatedTokens": {"N": 287361, "others": 2358}}, "0.00": {"activatedMoleculePct": 0.3737254043222919, "activatedTokens": {"N": 621412, "others": 4360, ".": 4067}}}