{"0.20": {"activatedMoleculePct": 0.00011937605140640369, "activatedTokens": {"5": 131, "4": 48, "S": 14, "3": 13, ")": 8, "Br": 5, "6": 3, "N": 3, "others": 2}}, "0.00": {"activatedMoleculePct": 0.0015797186679976241, "activatedTokens": {")": 989, "S": 358, "5": 315, "Br": 239, "3": 218, "N": 174, "4": 101, "c": 25, "others": 17}}}