{"0.20": {"activatedMoleculePct": 0.921967610274543, "activatedTokens": {"N": 2610427, "others": 51}}, "0.00": {"activatedMoleculePct": 0.9466674673894655, "activatedTokens": {"N": 2685241, "others": 7573}}}