{"0.20": {"activatedMoleculePct": 0.0702465811211535, "activatedTokens": {"4": 196768, "5": 14927, "6": 5040, "7": 1865, "others": 796}}, "0.00": {"activatedMoleculePct": 0.09066135064847561, "activatedTokens": {"4": 201691, "5": 23955, "(": 7567, "3": 6256, "C": 5821, "\\": 5431, "=": 5391, "6": 5090, "/": 4895, "2": 2826, "O": 2429, "others": 2040, "-": 1893, "7": 1889}}}