{"0.20": {"activatedMoleculePct": 0.0007697192026265661, "activatedTokens": {"=": 455, "/": 272, "7": 226, ".": 128, "I": 124, "1": 101, "[CH]": 89, "%11": 79, "5": 72, "%10": 68, ")": 54, "[B]": 27, "8": 27, "N": 24, "others": 18, "%13": 16, "%12": 15, "[Br-]": 15, "[NH4+]": 13, "9": 12, "S": 11, "[U]": 11, "3": 10, "[nH+]": 9, "[Pt]": 8, "[HH]": 8, "[Zn]": 8, "[CH3-]": 8, "[s+]": 6, "[O]": 5, "Br": 5, "%14": 4, "%17": 4, "[N@+]": 4, "[Cl-]": 4, "[Se]": 4, "[SH+]": 3, "%18": 3}}, "0.00": {"activatedMoleculePct": 0.011320218568029335, "activatedTokens": {"=": 7329, "/": 5517, "1": 2632, "c": 1393, "N": 868, ")": 660, ".": 503, "I": 350, "Br": 259, "7": 236, "others": 196, "S": 184, "5": 135, "[nH]": 113, "[CH]": 95, "F": 89, "%11": 79, "%10": 68, "3": 32, "[B]": 28, "8": 27}}}