{"0.20": {"activatedMoleculePct": 0.992641162180788, "activatedTokens": {"1": 3377891, "others": 65}}, "0.00": {"activatedMoleculePct": 0.9927085400748334, "activatedTokens": {"1": 3985421, "others": 2387}}}