{"0.20": {"activatedMoleculePct": 0.20435275842901116, "activatedTokens": {"n": 540265, "others": 64}}, "0.00": {"activatedMoleculePct": 0.4472581225149824, "activatedTokens": {"n": 1269545, "others": 3331}}}