{"0.20": {"activatedMoleculePct": 0.46599723311213365, "activatedTokens": {"n": 1162609, "others": 267}}, "0.00": {"activatedMoleculePct": 0.5425216762741196, "activatedTokens": {"n": 1527458, "others": 3875}}}