{"0.20": {"activatedMoleculePct": 0.0028203507605279792, "activatedTokens": {"n": 1738, "C": 1060, "1": 848, "[C@@H]": 838, ")": 372, "2": 285, "[N+]": 155, "/": 148, "[C-]": 105, "4": 94, "others": 62, "(": 49, "[C@H]": 47, "[Sn]": 37, "[S+]": 36, "[Zn+2]": 31, "[V]": 24, "[o+]": 19, "[Ge]": 16, "[Mn]": 15, "[H+]": 14, "[Cl-]": 14, "[F-]": 13, "[Re]": 13, "-": 12, "[Ni+2]": 11, "[c]": 10, "[CH+]": 10, "[N-]": 9, "[Na+]": 9, "[Ti+4]": 9, "[Tl]": 9, "[Fe]": 8, "[Sb]": 8, "[Zr+4]": 7, "[Ir+3]": 7, "[Li]": 6, "[W]": 6, "[Te]": 6, "[ClH+]": 6, "=": 5, "O": 5, "[Zr]": 5, "[Mn+2]": 5, "[I+]": 5, "[SH+]": 5, "[N]": 5, "[U+2]": 4, "[Ti]": 4, "p": 4, "[Si]": 4, "N": 4, "[CH3-]": 4, "[Cu+]": 3, "[SiH3]": 3, "[Hf+2]": 3, "[Pt+2]": 3, "[Zn+]": 3, "[Ag+]": 3, "%19": 3}}, "0.00": {"activatedMoleculePct": 0.08036351838574284, "activatedTokens": {"C": 140961, "[C@@H]": 18949, ")": 14133, "n": 12898, "2": 8824, "(": 7840, "1": 7549, "/": 5942, "[C@H]": 2112, "[N+]": 1401, "others": 1381, "4": 1257}}}