{"0.20": {"activatedMoleculePct": 0.05792741203706077, "activatedTokens": {"[nH]": 82683, "others": 4}}, "0.00": {"activatedMoleculePct": 0.07569320501262237, "activatedTokens": {"[nH]": 107397, "others": 827, "(": 325, "=": 325}}}