{"0.20": {"activatedMoleculePct": 4.028026274449204e-05, "activatedTokens": {"n": 12, "1": 11, "o": 8, "S": 8, "\\": 6, ")": 4, "[N+]": 3, "O": 3, "-": 2, "4": 2, "Cl": 1, "[N-]": 1, "[C@@H]": 1, "(": 1, "[S@]": 1, "[O-]": 1, "others": 0}}, "0.00": {"activatedMoleculePct": 0.0014830460374108433, "activatedTokens": {"S": 313, "o": 281, "O": 247, "n": 216, "[C@H]": 209, ")": 175, "c": 168, "1": 163, "[C@@H]": 158, "[N+]": 152, "-": 94, "=": 79, "(": 76, "\\": 68, "C": 51, "4": 50, "[nH]": 33, "[O-]": 28, "others": 20, "Cl": 15}}}