{"0.20": {"activatedMoleculePct": 0.0023245373445639587, "activatedTokens": {"7": 1968, "6": 1643, "P": 1599, "8": 780, "(": 457, "9": 317, ".": 188, "B": 146, "others": 66, "%10": 61, "2": 52, ")": 41, "=": 40}}, "0.00": {"activatedMoleculePct": 0.014365406431512934, "activatedTokens": {"=": 5061, "2": 4640, "(": 4552, "6": 2861, "S": 2224, "7": 1968, "P": 1952, ".": 1530, "3": 1498, "N": 1109, "8": 782, "O": 447, "9": 317, "B": 246, "[C@@H]": 233, ")": 231, "others": 191, "[O-]": 187, "5": 175}}}