{"0.20": {"activatedMoleculePct": 0.09708934821408301, "activatedTokens": {"-": 143616, "others": 15}}, "0.00": {"activatedMoleculePct": 0.11667214722362797, "activatedTokens": {"-": 175096, "others": 410}}}