{"0.20": {"activatedMoleculePct": 0.9561574972920678, "activatedTokens": {"(": 2626097, "others": 23410}}, "0.00": {"activatedMoleculePct": 0.98815979985836, "activatedTokens": {"(": 3616745, "-": 60654, "others": 2340}}}