{"0.20": {"activatedMoleculePct": 0.4064139360920675, "activatedTokens": {"[C@H]": 725044, "others": 35}}, "0.00": {"activatedMoleculePct": 0.43895819128437646, "activatedTokens": {"[C@H]": 798870, "others": 2506}}}