{"0.20": {"activatedMoleculePct": 0.09764375110312992, "activatedTokens": {")": 212823, "[C@@H]": 28648, "O": 21753, "(": 12593, "[C@@]": 8115, "1": 3011, "others": 2139, "=": 1580, "2": 1001}}, "0.00": {"activatedMoleculePct": 0.21320343070659636, "activatedTokens": {")": 521445, "(": 96363, "[C@@H]": 83267, "O": 73607, "[C@@]": 18184, "=": 17538, "1": 10603, "2": 8546, "others": 5554, "3": 5337, "n": 3064}}}