{"0.20": {"activatedMoleculePct": 0.0032172944406646097, "activatedTokens": {"Br": 4074, ")": 100, "1": 83, "others": 42, "#": 40, "N": 29, "=": 19, "C": 19, "n": 14, "(": 9, "[Si]": 7, "F": 7, "P": 6, "[Cu]": 6, "[o+]": 5, "[CH+]": 5, "[Co]": 4, "[Ce+3]": 4, "[N]": 4, "[Zn]": 3, "[Ag+]": 3, "[Pt]": 3, "[C+]": 3}}, "0.00": {"activatedMoleculePct": 0.012771040395244586, "activatedTokens": {"Br": 13622, "C": 1350, ")": 1309, "(": 1155, "1": 625, "n": 332, "N": 193, "others": 159, "=": 157, "F": 124, "2": 119, "#": 107, "O": 49}}}