{"0.20": {"activatedMoleculePct": 0.44092606521154826, "activatedTokens": {"[C@H]": 806847, "others": 437}}, "0.00": {"activatedMoleculePct": 0.44283754677087783, "activatedTokens": {"[C@H]": 806851, "others": 4494}}}