{"0.20": {"activatedMoleculePct": 0.329424438987486, "activatedTokens": {"n": 653588, "S": 22891, "others": 97}}, "0.00": {"activatedMoleculePct": 0.46030453343371663, "activatedTokens": {"n": 806619, "S": 175855, "others": 3255}}}