{"0.20": {"activatedMoleculePct": 0.11201501648195114, "activatedTokens": {"-": 155814, "c": 51236, "C": 5819, "others": 2098, "n": 1786, "(": 492}}, "0.00": {"activatedMoleculePct": 0.2695342796021482, "activatedTokens": {"c": 827680, "C": 410902, "-": 180581, "(": 89166, "n": 39055, "[C@@H]": 31071, "O": 21345, "[C@H]": 17771, "=": 17512, "others": 15277, "1": 9008, "N": 7968}}}