{"0.20": {"activatedMoleculePct": 0.9983690155430548, "activatedTokens": {"C": 13228550, "others": 28006}}, "0.00": {"activatedMoleculePct": 0.9984583644895063, "activatedTokens": {"C": 13228778, "others": 59025}}}