{"0.20": {"activatedMoleculePct": 0.15547156103594978, "activatedTokens": {"-": 163023, "[C@]": 50916, "/": 18437, "[S@@]": 3822, "others": 36}}, "0.00": {"activatedMoleculePct": 0.17499796767765244, "activatedTokens": {"-": 178699, "[C@]": 51041, "/": 45255, "[S@@]": 3948, "others": 639}}}