{"0.20": {"activatedMoleculePct": 0.994691061370276, "activatedTokens": {"C": 12961147, "others": 403}}, "0.00": {"activatedMoleculePct": 0.997320263974871, "activatedTokens": {"C": 13187730, "others": 25244}}}