{"0.20": {"activatedMoleculePct": 0.0011849720931016022, "activatedTokens": {")": 2535, ".": 552, "=": 182, "2": 179, "6": 105, "1": 73, "others": 34, "4": 20, "[C]": 15, "[As]": 12, "[S@@]": 10, "[C@@H]": 6, "%19": 6, "[CH+]": 5, "\\": 5, "[Sn+2]": 4}}, "0.00": {"activatedMoleculePct": 0.00907624174895436, "activatedTokens": {")": 10985, "2": 5000, "=": 1957, "1": 1638, ".": 1313, "6": 844, "[C@@H]": 175, "others": 139, "4": 131, "\\": 120, "[S@@]": 94}}}