{"0.20": {"activatedMoleculePct": 0.9814652201902254, "activatedTokens": {"(": 5774272, "others": 223}}, "0.00": {"activatedMoleculePct": 0.9958240353060165, "activatedTokens": {"(": 6155320, "others": 9014}}}