{"0.20": {"activatedMoleculePct": 0.26683769910350785, "activatedTokens": {"c": 1038934, "others": 210}}, "0.00": {"activatedMoleculePct": 0.5187131115184707, "activatedTokens": {"c": 2441733, "others": 7299}}}