{"0.20": {"activatedMoleculePct": 0.007764569920310993, "activatedTokens": {"I": 5085, "-": 4363, "P": 1205, "[N-]": 220, "others": 89, "[B]": 65, "[SiH2]": 57, "[HH]": 26}}, "0.00": {"activatedMoleculePct": 0.046082817684939506, "activatedTokens": {"-": 55671, "I": 6238, "P": 1703, "[N-]": 620, "others": 594, "S": 358, "(": 256, "Br": 164, "1": 143, "O": 100}}}