{"0.20": {"activatedMoleculePct": 0.4089274244873238, "activatedTokens": {"[C@H]": 733843, "others": 4}}, "0.00": {"activatedMoleculePct": 0.43567205421283944, "activatedTokens": {"[C@H]": 793480, "others": 560}}}