{"0.20": {"activatedMoleculePct": 0.1507712205578743, "activatedTokens": {"s": 162708, "Br": 57351, "others": 1806}}, "0.00": {"activatedMoleculePct": 0.15964606099310621, "activatedTokens": {"s": 163566, "Br": 67613, "I": 4117, "others": 842}}}