{"0.20": {"activatedMoleculePct": 0.5059179029655794, "activatedTokens": {"n": 1517702, "others": 40}}, "0.00": {"activatedMoleculePct": 0.5605167005631181, "activatedTokens": {"n": 1685074, "others": 492}}}