{"0.20": {"activatedMoleculePct": 0.9974074158160818, "activatedTokens": {")": 6221382, "others": 50}}, "0.00": {"activatedMoleculePct": 0.9981844587028437, "activatedTokens": {")": 6223949, "others": 7973}}}