{"0.20": {"activatedMoleculePct": 0.002397774185917581, "activatedTokens": {"=": 1837, "N": 700, "c": 674, "B": 283, "P": 273, "C": 180, "[Si]": 142, "o": 113, "-": 82, "[C@]": 80, "others": 44, "[HH]": 36, "[I-]": 17, "1": 16, "[Br-]": 12, "[Sn]": 10, "[Ir]": 6, "[Rh]": 6, "[As]": 5, "[CH3-]": 5, "[C@H]": 5}}, "0.00": {"activatedMoleculePct": 0.02125406372923461, "activatedTokens": {"=": 15718, "N": 10949, "C": 8025, "c": 6311, "[C@]": 2311, "o": 1209, "P": 595, "-": 532, "others": 403, "B": 351, "[Si]": 301, ")": 200, "1": 175}}}