{"0.20": {"activatedMoleculePct": 0.16856630826997737, "activatedTokens": {"c": 530842, "others": 1442}}, "0.00": {"activatedMoleculePct": 0.36061381261475295, "activatedTokens": {"c": 1315947, "others": 12008, "(": 9803}}}