{"0.20": {"activatedMoleculePct": 0.9595534896256352, "activatedTokens": {"O": 3456437, "others": 324}}, "0.00": {"activatedMoleculePct": 0.9601620877772838, "activatedTokens": {"O": 3456453, "others": 9803}}}