{"0.20": {"activatedMoleculePct": 0.5655553952482473, "activatedTokens": {"n": 1698554, "others": 1770}}, "0.00": {"activatedMoleculePct": 0.5659149881392935, "activatedTokens": {"n": 1698554, "others": 3000}}}