{"0.20": {"activatedMoleculePct": 0.05517736864423227, "activatedTokens": {"[C@@]": 50751, "[C@]": 12965, ")": 6116, "-": 4336, "[Si]": 2110, "2": 1993, "o": 1958, "others": 781, "1": 630, "B": 504, "3": 276, "=": 263, "[P+]": 173, "C": 127, "n": 121, "s": 120, "O": 101, "[B-]": 91, "[nH]": 85, "[SiH]": 82}}, "0.00": {"activatedMoleculePct": 0.4026598156042808, "activatedTokens": {")": 945006, "1": 195506, "C": 152995, "O": 152551, "2": 149442, "=": 137294, "3": 85899, "c": 79752, "n": 70537, "o": 60739, "-": 51939, "[C@@]": 50751, "[C@]": 44913, "Cl": 38206, "s": 32721, "N": 24509, "others": 17058, "[nH]": 11568, "Br": 7523}}}