{"0.20": {"activatedMoleculePct": 0.7814400267167997, "activatedTokens": {"N": 1723004, "others": 301}}, "0.00": {"activatedMoleculePct": 0.9181373234717485, "activatedTokens": {"N": 2451115, "others": 5461}}}