{"0.20": {"activatedMoleculePct": 0.4450881149056746, "activatedTokens": {"N": 739132, "[nH]": 142072, "[N+]": 33940, "others": 7470, "[S@]": 4350, "[S@@]": 3853}}, "0.00": {"activatedMoleculePct": 0.9074667156865258, "activatedTokens": {"N": 2546852, "[nH]": 142495, "[N+]": 33940, "others": 18748}}}