{"0.20": {"activatedMoleculePct": 0.12038452271184305, "activatedTokens": {"-": 183559, "others": 37}}, "0.00": {"activatedMoleculePct": 0.12209094111538245, "activatedTokens": {"-": 183567, "others": 1523, "Cl": 793, "N": 691, "I": 437, "S": 384}}}