{"0.20": {"activatedMoleculePct": 0.7781487630663679, "activatedTokens": {"N": 1606880, "others": 4}}, "0.00": {"activatedMoleculePct": 0.9498510728831074, "activatedTokens": {"N": 2658575, "others": 134}}}