{"0.20": {"activatedMoleculePct": 0.2755389682247316, "activatedTokens": {")": 327536, "-": 118155, "[N+]": 7810, "I": 6535, "[O-]": 5385, "others": 3665, "[n+]": 1155}}, "0.00": {"activatedMoleculePct": 0.6532484567166605, "activatedTokens": {")": 1399314, "-": 165447, "/": 26485, "[O-]": 23765, "[N+]": 22468, "others": 16268, "I": 6784}}}