{"0.20": {"activatedMoleculePct": 0.905337720708376, "activatedTokens": {"O": 3068578, "others": 7}}, "0.00": {"activatedMoleculePct": 0.9571469270187553, "activatedTokens": {"O": 3439913, "others": 402}}}