{"0.20": {"activatedMoleculePct": 0.9253723910290729, "activatedTokens": {"O": 3109690, "-": 183566, "others": 0}}, "0.00": {"activatedMoleculePct": 0.9688047674254248, "activatedTokens": {"O": 3435527, "-": 183567, "others": 1757}}}