{"0.20": {"activatedMoleculePct": 0.7811690504037914, "activatedTokens": {"O": 1983811, "others": 26}}, "0.00": {"activatedMoleculePct": 0.936081814340213, "activatedTokens": {"O": 3286199, "others": 540}}}