{"0.20": {"activatedMoleculePct": 0.0062514967779451645, "activatedTokens": {"3": 8979, ")": 2063, "5": 1708, "2": 916, "7": 234, "[O-]": 208, "c": 190, "[Cl-]": 170, "[Na+]": 161, "others": 149, "O": 83, "4": 71, "[N-]": 71, "[S-]": 46, "[C@@H]": 32, "1": 29, "[Li+]": 27, "[K+]": 25, "[nH+]": 19}}, "0.00": {"activatedMoleculePct": 0.12315873426231826, "activatedTokens": {"3": 129299, ")": 83449, "c": 19302, "2": 15854, "1": 7647, "5": 3394, "[O-]": 2578, "others": 2324, "[N-]": 568, "O": 538}}}