{"0.20": {"activatedMoleculePct": 0.6833949377230519, "activatedTokens": {"(": 3249328, "others": 107}}, "0.00": {"activatedMoleculePct": 0.958781573317768, "activatedTokens": {"(": 5862936, "others": 2659}}}