{"0.20": {"activatedMoleculePct": 0.17505289530866766, "activatedTokens": {"S": 153201, "#": 60738, "Br": 37059, "[S@@]": 3938, "I": 3037, "others": 2221}}, "0.00": {"activatedMoleculePct": 0.2502795816418675, "activatedTokens": {"S": 231536, "#": 77781, "Br": 64997, "I": 5476, "[S@@]": 3969, "others": 3415, "[Si]": 2063}}}