{"0.20": {"activatedMoleculePct": 0.05631253968521341, "activatedTokens": {"/": 50040, "[N+]": 29993, "[S@]": 4360, "[S@@]": 3971, ".": 2598, "P": 2110, "[Si]": 2073, "\\": 1817, "-": 1166, "others": 1042, "o": 535, "B": 491, "[C-]": 467, "F": 359, "4": 340, "#": 340, "9": 328, "[c-]": 305, ")": 288, "3": 213, "%10": 160, "=": 150, "[C@@]": 139, "S": 131, "5": 130, "[B]": 129, "[P+]": 116, "[C]": 113, "2": 106, "%11": 98, "[O+]": 82, "[S-]": 81, "O": 76, "[B-]": 73, "[SiH]": 73, "N": 73, "[Se]": 67, "n": 66, "C": 63, "[CH2-]": 52, "[NH+]": 49, "[U+2]": 49, "[CH-]": 48, "%12": 48, "(": 46, "[N-]": 46}}, "0.00": {"activatedMoleculePct": 0.3223160711657035, "activatedTokens": {"-": 93143, "O": 63038, "/": 50041, "o": 45169, "C": 44430, "[C@@H]": 40926, "S": 40226, "c": 37897, "F": 35679, "[N+]": 33318, "=": 28712, "[C@@]": 26731, ")": 24350, "#": 19543, "3": 19401, "N": 18619, "2": 18427, "4": 17913, "(": 14819, "[C@]": 11550, "\\": 10142, ".": 7547, "others": 6914, "[S@]": 4360, "[S@@]": 3971, "n": 3174, "5": 2969, "[O-]": 2770, "P": 2173}}}