{"0.20": {"activatedMoleculePct": 0.04896761686585867, "activatedTokens": {"2": 113940, "s": 4387, "=": 3747, "others": 627}}, "0.00": {"activatedMoleculePct": 0.17203846691855257, "activatedTokens": {"2": 323054, "=": 121507, "s": 40715, "S": 10112, "others": 912}}}