{"0.20": {"activatedMoleculePct": 0.5845735382109558, "activatedTokens": {"(": 1753522, "others": 2209}}, "0.00": {"activatedMoleculePct": 0.9130634751027696, "activatedTokens": {"(": 4505604, "others": 10240}}}