{"0.20": {"activatedMoleculePct": 0.0677733729886417, "activatedTokens": {"4": 172808, ".": 2334, "others": 18}}, "0.00": {"activatedMoleculePct": 0.07332033135276501, "activatedTokens": {"4": 195999, ".": 4485, "others": 1739, "\\": 558, "c": 473}}}