{"0.20": {"activatedMoleculePct": 0.9932446337535419, "activatedTokens": {"C": 11432579, "others": 1359}}, "0.00": {"activatedMoleculePct": 0.9970163310832535, "activatedTokens": {"C": 13019296, "others": 27503}}}