{"0.20": {"activatedMoleculePct": 0.034346613858021596, "activatedTokens": {"[C@]": 35354, "6": 2615, ".": 2316, "5": 1872, "[n+]": 1598, "#": 1459, "7": 1203, "[N-]": 1116, "8": 813, ")": 749, "3": 672, "s": 603, "others": 519, "P": 424, "O": 360, "9": 281, "I": 271, "4": 215, "[nH]": 185, "[c-]": 181, "%10": 152, "2": 148, "Cl": 136, "\\": 130, "(": 121, "[NH2+]": 112, "-": 89, "S": 68, "/": 66, "%11": 56, "[S-]": 56, "1": 53, "N": 51, "[Br-]": 50}}, "0.00": {"activatedMoleculePct": 0.13708252254046885, "activatedTokens": {"[C@]": 44982, ")": 21590, "Cl": 18753, "3": 17980, "5": 15660, "s": 13517, "#": 13005, "4": 11607, "c": 10434, "[C@H]": 10240, "/": 9700, "2": 9148, "O": 8288, "(": 8127, "[nH]": 6798, "n": 5355, "o": 4270, ".": 4218, "-": 3934, "S": 3831, "6": 3813, "1": 3659, "=": 3349, "Br": 2585, "N": 2095, "others": 2081, "[N-]": 1672, "[n+]": 1647, "\\": 1487, "7": 1387, "I": 1338, "P": 900, "8": 814, "[C@@]": 623}}}