{"0.20": {"activatedMoleculePct": 0.4905396310181459, "activatedTokens": {"n": 1183777, "-": 183567, "others": 1638}}, "0.00": {"activatedMoleculePct": 0.5710620733496261, "activatedTokens": {"n": 1666074, "-": 183567, "others": 2311}}}