{"0.20": {"activatedMoleculePct": 0.024795797377095762, "activatedTokens": {"1": 23004, "#": 4985, "[N+]": 1920, "[C@@H]": 1536, "=": 1293, "[S@]": 974, "-": 792, "F": 678, "(": 362, "others": 361, "P": 315}}, "0.00": {"activatedMoleculePct": 0.08675270042543282, "activatedTokens": {"1": 89355, "#": 12864, "=": 7480, "[C@@H]": 6022, "[N+]": 4357, "-": 2439, "F": 2283, "(": 2015, "[S@]": 1381, "others": 1058}}}