{"0.20": {"activatedMoleculePct": 0.9981785997555355, "activatedTokens": {")": 6223950, "others": 0}}, "0.00": {"activatedMoleculePct": 0.9981983737027009, "activatedTokens": {")": 6223950, "others": 5393}}}