{"0.20": {"activatedMoleculePct": 0.3042932168769907, "activatedTokens": {"C": 730793, "others": 2238}}, "0.00": {"activatedMoleculePct": 0.5587758608441424, "activatedTokens": {"C": 1675478, "others": 16144}}}