{"0.20": {"activatedMoleculePct": 0.8830700590948073, "activatedTokens": {"(": 4665254, "others": 72}}, "0.00": {"activatedMoleculePct": 0.9866416001370993, "activatedTokens": {"(": 6160115, "others": 1684}}}