{"0.20": {"activatedMoleculePct": 0.7325288022187834, "activatedTokens": {"O": 1931704, "Cl": 63541, "others": 5}}, "0.00": {"activatedMoleculePct": 0.9437306700511853, "activatedTokens": {"O": 3320269, "Cl": 165679, "others": 760}}}