{"0.20": {"activatedMoleculePct": 0.9981793321239489, "activatedTokens": {")": 6223950, "others": 378}}, "0.00": {"activatedMoleculePct": 0.9982064297552498, "activatedTokens": {")": 6223950, "others": 18329}}}