{"0.20": {"activatedMoleculePct": 0.00359885838411698, "activatedTokens": {"n": 2161, "1": 1625, "N": 898, "c": 480, "=": 287, "[C@]": 102, "%10": 66, "others": 37}}, "0.00": {"activatedMoleculePct": 0.021027761889451917, "activatedTokens": {"1": 12839, "n": 9812, "c": 6095, "N": 3811, "=": 2851, "[C@]": 591, "others": 147}}}