{"0.20": {"activatedMoleculePct": 0.11435200408954523, "activatedTokens": {"-": 168525, "others": 227}}, "0.00": {"activatedMoleculePct": 0.11939362824832855, "activatedTokens": {"-": 178552, "others": 398}}}