{"0.20": {"activatedMoleculePct": 0.012139006454362828, "activatedTokens": {"Cl": 6463, "I": 2980, ")": 2217, "[N-]": 2200, "[n+]": 1720, "Br": 619, "[C@]": 444, "[N+]": 379, "\\": 354, "[c-]": 284, "2": 272, "C": 255, "[nH]": 233, "O": 228, "[Si]": 199, "others": 192, "[B]": 139, "(": 119, "=": 103, "-": 97, "1": 95, "9": 95, "S": 85, "[S-]": 75, "[NH3+]": 58, "N": 42, "%11": 41, "3": 41, "[I-]": 38, "[C-]": 29, "%13": 26, "[NH2+]": 26, "%12": 24, "n": 21, "%14": 21}}, "0.00": {"activatedMoleculePct": 0.16358327358427693, "activatedTokens": {"Cl": 124139, ")": 28311, "O": 17627, "2": 15994, "1": 15123, "(": 14634, "C": 14248, "[nH]": 9882, "=": 8591, "[C@]": 7745, "3": 6660, "[N+]": 6196, "S": 5780, "-": 5695, "I": 5655, "c": 4578, "n": 4230, "Br": 3610, "\\": 3480, "F": 3009, "others": 2503, "[N-]": 2347, "N": 2155, "[n+]": 1722}}}