{"0.20": {"activatedMoleculePct": 0.04443425638606947, "activatedTokens": {"c": 249068, "others": 573}}, "0.00": {"activatedMoleculePct": 0.10629595154064682, "activatedTokens": {"c": 652137, "others": 3078}}}