{"0.20": {"activatedMoleculePct": 0.9365893456507935, "activatedTokens": {"O": 3329016, "others": 6}}, "0.00": {"activatedMoleculePct": 0.9560373888722479, "activatedTokens": {"O": 3442132, "others": 1662}}}