{"0.20": {"activatedMoleculePct": 0.019989263479057558, "activatedTokens": {"/": 41784, "others": 14}}, "0.00": {"activatedMoleculePct": 0.022676323188321947, "activatedTokens": {"/": 48696, "others": 327, ")": 271}}}