{"0.20": {"activatedMoleculePct": 0.2966729235341463, "activatedTokens": {"1": 410538, "O": 224664, "N": 224644, "F": 48350, "Br": 10848, "others": 7528, "=": 6210}}, "0.00": {"activatedMoleculePct": 0.6644654113383813, "activatedTokens": {"1": 1032540, "O": 917646, "N": 769387, "F": 234050, ")": 125420, "=": 109760, "Br": 37016, "others": 31812, "Cl": 24080, "s": 13778, "o": 9862, "[O-]": 8686}}}