{"0.20": {"activatedMoleculePct": 0.06706151089068449, "activatedTokens": {")": 230236, "others": 2}}, "0.00": {"activatedMoleculePct": 0.27197379878763733, "activatedTokens": {")": 736500, "others": 863}}}