{"0.20": {"activatedMoleculePct": 0.09417964850710361, "activatedTokens": {"1": 258250, "C": 250533, ")": 20828, "4": 8657, "others": 4664}}, "0.00": {"activatedMoleculePct": 0.2828904823598082, "activatedTokens": {"C": 1226942, "1": 692440, ")": 255860, "c": 31843, "others": 19442, "N": 12738, "4": 11571, "-": 7251, "(": 6543, "F": 4296}}}