{"0.20": {"activatedMoleculePct": 0.12771186868927292, "activatedTokens": {"F": 223329, "[nH]": 25193, "[O-]": 9430, "others": 18}}, "0.00": {"activatedMoleculePct": 0.2508039574259594, "activatedTokens": {"F": 431356, "[nH]": 75692, "[O-]": 30562, "others": 4916}}}