{"0.20": {"activatedMoleculePct": 0.6207342286293066, "activatedTokens": {"[C@H]": 715536, "[C@@H]": 703888, "others": 82}}, "0.00": {"activatedMoleculePct": 0.6618647711019142, "activatedTokens": {"[C@H]": 791544, "[C@@H]": 775820, "others": 4526}}}