{"0.20": {"activatedMoleculePct": 0.8001959817874623, "activatedTokens": {"2": 2589094, "3": 1003131, "others": 80}}, "0.00": {"activatedMoleculePct": 0.8020312970317841, "activatedTokens": {"2": 2647358, "3": 1003237, "others": 5463}}}