{"0.20": {"activatedMoleculePct": 0.0032443920719654497, "activatedTokens": {"/": 1521, "[S@@]": 1424, ".": 1107, "#": 425, "S": 239, "others": 48, ")": 27, "[nH]": 18, "[Co+2]": 11, "[C@]": 9, "[Se-2]": 7, "[P+]": 6, "[C@H]": 6, "[IH+]": 5, "[s+]": 5, "[O]": 4, "%20": 4, "(": 4, "-": 4}}, "0.00": {"activatedMoleculePct": 0.013143083549320984, "activatedTokens": {"/": 6299, "S": 4472, "#": 2869, "[S@@]": 2352, ".": 2130, "C": 533, "[nH]": 504, "others": 195, "[C@H]": 189, "[C@]": 173, ")": 90}}}