{"0.20": {"activatedMoleculePct": 0.03981740590713715, "activatedTokens": {"Br": 56022, "others": 16}}, "0.00": {"activatedMoleculePct": 0.04810561924312654, "activatedTokens": {"Br": 67894, "others": 222}}}