{"0.20": {"activatedMoleculePct": 0.11054661781281103, "activatedTokens": {"o": 93706, "/": 23651, "[C@@]": 18371, "[N+]": 12563, ".": 8710, "[S@]": 4350, "\\": 3770, "others": 1524, "I": 1432, "[n+]": 1109, "[NH+]": 526, "[Si]": 420, "P": 325, "[Cl-]": 221, "[P+]": 213, "[I-]": 193}}, "0.00": {"activatedMoleculePct": 0.19320904064864405, "activatedTokens": {"o": 162991, "[C@@]": 46396, "/": 45382, "[N+]": 26995, "\\": 11602, ".": 10225, "[S@]": 4360, "I": 3359, "others": 3080, "[n+]": 1680, "[Si]": 1085, "P": 907, "[S@@]": 702, "[NH+]": 526}}}