{"0.20": {"activatedMoleculePct": 0.07683862921139302, "activatedTokens": {"c": 335197, "n": 85909, "2": 32820, "C": 7735, "others": 3843, "1": 2664, "F": 1459, "=": 890}}, "0.00": {"activatedMoleculePct": 0.18489446204976737, "activatedTokens": {"c": 775465, "n": 235888, "2": 103456, "C": 99310, "1": 24714, "=": 13758, "others": 12311, "(": 6559, "[C@@H]": 5862, "F": 4085, "[C@H]": 3874}}}