{"0.20": {"activatedMoleculePct": 0.11509242855563034, "activatedTokens": {"S": 166449, "others": 15}}, "0.00": {"activatedMoleculePct": 0.1552884689325657, "activatedTokens": {"S": 227710, "others": 547}}}