{"0.20": {"activatedMoleculePct": 0.9977604173914062, "activatedTokens": {")": 6222313, "others": 94}}, "0.00": {"activatedMoleculePct": 0.9981793321239489, "activatedTokens": {")": 6223948, "others": 9499}}}