{"0.20": {"activatedMoleculePct": 0.7902306447844749, "activatedTokens": {"=": 1997917, "#": 54653, "others": 632}}, "0.00": {"activatedMoleculePct": 0.9022009867932004, "activatedTokens": {"=": 2367688, "#": 76112, "others": 3148}}}