{"0.20": {"activatedMoleculePct": 0.09481534429005305, "activatedTokens": {"N": 152547, "others": 667}}, "0.00": {"activatedMoleculePct": 0.3761942182443225, "activatedTokens": {"N": 636033, "others": 4454, "[N+]": 3632}}}