{"0.20": {"activatedMoleculePct": 0.9008695410173916, "activatedTokens": {"=": 2386926, "others": 180}}, "0.00": {"activatedMoleculePct": 0.9016414573252587, "activatedTokens": {"=": 2386926, "others": 6075}}}