{"0.20": {"activatedMoleculePct": 0.005623857047544625, "activatedTokens": {"C": 2539, "3": 1212, ")": 1169, "=": 1150, "/": 1030, "[C@H]": 1005, "(": 666, "[C@@H]": 421, "O": 339, "[S@@]": 281, "N": 193, "F": 193, "\\": 70, "others": 66}}, "0.00": {"activatedMoleculePct": 0.026482441833469678, "activatedTokens": {"C": 15930, "[C@H]": 7965, "(": 7276, "=": 6474, ")": 6085, "3": 5506, "[C@@H]": 3700, "/": 2277, "N": 1840, "O": 1778, "F": 596, "[S@@]": 395, "others": 256}}}