{"0.20": {"activatedMoleculePct": 0.04359056797367575, "activatedTokens": {"s": 60663, "others": 26}}, "0.00": {"activatedMoleculePct": 0.06962040612758004, "activatedTokens": {"s": 97183, "others": 630}}}