{"0.20": {"activatedMoleculePct": 0.2936687483018207, "activatedTokens": {"1": 477860, "others": 50}}, "0.00": {"activatedMoleculePct": 0.6075450058699329, "activatedTokens": {"1": 1083887, "others": 727}}}