{"0.20": {"activatedMoleculePct": 0.1719095700777702, "activatedTokens": {"F": 201176, "-": 48674, "/": 45350, "others": 108}}, "0.00": {"activatedMoleculePct": 0.2793311718700222, "activatedTokens": {"F": 336030, "-": 152729, "/": 49897, "others": 3434}}}