{"0.20": {"activatedMoleculePct": 0.4723615146257634, "activatedTokens": {"[C@@H]": 750408, "[C@]": 50392, "[C@@]": 41036, "others": 56}}, "0.00": {"activatedMoleculePct": 0.484232474240772, "activatedTokens": {"[C@@H]": 786166, "[C@]": 51010, "[C@@]": 49845, "others": 1719}}}