{"0.20": {"activatedMoleculePct": 0.0002797647339708356, "activatedTokens": {"3": 92, "[nH]": 59, "-": 58, "O": 53, "/": 26, "2": 25, "I": 12, "[O+]": 11, "c": 10, "(": 9, "[S@]": 4, "[s+]": 3, "[Si-]": 3, "[I+]": 3, "[N+]": 3, "others": 3, "[Mo]": 2, "[Zr+2]": 2, "[Pd+2]": 2, "[Tl]": 2, "[B-]": 2, "[te]": 2, "1": 2, "[Bi+3]": 2, "[CH2+]": 1, "[Mn+2]": 1, "[Hf+2]": 1, "4": 1, "[Cl-]": 1, "[Br-]": 1, "[P+]": 1, "%12": 1}}, "0.00": {"activatedMoleculePct": 0.011381005146352843, "activatedTokens": {"2": 3735, "(": 3715, "O": 3514, "c": 3357, "3": 2924, "-": 1493, "/": 1441, "[nH]": 338, "others": 182, "[S@]": 83, "1": 59}}}