{"0.20": {"activatedMoleculePct": 0.1398574664593576, "activatedTokens": {"[C@@H]": 130425, "[C@H]": 81056, "[C@]": 22301, "[nH]": 5510, "o": 5436, "O": 3499, "others": 2122, "N": 2113, "[C@@]": 1080}}, "0.00": {"activatedMoleculePct": 0.38765212207409666, "activatedTokens": {"[C@@H]": 348724, "[C@H]": 277396, "N": 72014, "[C@]": 41205, "O": 38580, "o": 34881, "[nH]": 29890, "=": 18117, "[C@@]": 11907, "others": 7484, "-": 6847, "2": 6124}}}