{"0.20": {"activatedMoleculePct": 0.9926916956013221, "activatedTokens": {"1": 4081245, "others": 80}}, "0.00": {"activatedMoleculePct": 0.992729778758826, "activatedTokens": {"1": 4081386, "others": 15823}}}