{"0.20": {"activatedMoleculePct": 0.22586241873456991, "activatedTokens": {"C": 896193, "c": 14926, "n": 11654, "others": 9089, "[C@@H]": 2881}}, "0.00": {"activatedMoleculePct": 0.43591007394723874, "activatedTokens": {"C": 2111119, "c": 154033, "n": 44367, "[C@@H]": 37850, "N": 36064, "2": 22739, "[C@H]": 22537, "others": 21350, "=": 20949, "3": 14802, "[nH]": 11953, "O": 6917}}}