{"0.20": {"activatedMoleculePct": 0.9980101550204221, "activatedTokens": {"(": 6218404, "others": 226}}, "0.00": {"activatedMoleculePct": 0.998180796860776, "activatedTokens": {"(": 6223299, "others": 6738}}}