{"0.20": {"activatedMoleculePct": 0.003707981277733876, "activatedTokens": {"(": 2473, "3": 908, "[C@@]": 673, ".": 647, "-": 458, "c": 440, "4": 413, "2": 381, "[N+]": 225, "[C@]": 152, "C": 131, "[C-]": 119, "%10": 100, "1": 78, "others": 68, ")": 59, "8": 59, "[Si]": 54, "%11": 52, "[nH]": 15, "[CH2-]": 11, "[c-]": 10}}, "0.00": {"activatedMoleculePct": 0.02081391031269934, "activatedTokens": {"c": 10070, "3": 8282, "(": 7482, "4": 3056, "2": 2927, "[C@@]": 1958, ".": 1244, "-": 1079, "C": 504, "[N+]": 388, "[C@]": 342, "others": 315, ")": 276, "1": 221, "[C-]": 146, "%10": 100, "[nH]": 99}}}