{"0.20": {"activatedMoleculePct": 0.7876761437580606, "activatedTokens": {"2": 2526088, "4": 149595, "others": 157}}, "0.00": {"activatedMoleculePct": 0.8004259454693127, "activatedTokens": {"2": 2647662, "4": 194068, "others": 7101}}}