{"0.20": {"activatedMoleculePct": 0.47147608121379814, "activatedTokens": {"n": 1417692, "others": 0}}, "0.00": {"activatedMoleculePct": 0.5556728158759895, "activatedTokens": {"n": 1669177, "others": 416}}}