{"0.20": {"activatedMoleculePct": 0.2838147312976909, "activatedTokens": {"N": 480470, "1": 156838, "others": 75}}, "0.00": {"activatedMoleculePct": 0.6309683448400617, "activatedTokens": {"N": 1293795, "1": 521158, "others": 4070}}}