{"0.20": {"activatedMoleculePct": 0.41401592022457345, "activatedTokens": {"1": 733456, "others": 703}}, "0.00": {"activatedMoleculePct": 0.6807298490661936, "activatedTokens": {"1": 1406116, "others": 5071}}}