{"0.20": {"activatedMoleculePct": 0.9981873881764979, "activatedTokens": {")": 6223950, "others": 13083}}, "0.00": {"activatedMoleculePct": 0.9981888529133249, "activatedTokens": {")": 6223950, "others": 60709}}}