{"0.20": {"activatedMoleculePct": 0.845049885274488, "activatedTokens": {"=": 2198433, "others": 21}}, "0.00": {"activatedMoleculePct": 0.8976053749982607, "activatedTokens": {"=": 2374100, "others": 387}}}