{"0.20": {"activatedMoleculePct": 0.7557902877695207, "activatedTokens": {"2": 2385327, "others": 5}}, "0.00": {"activatedMoleculePct": 0.7991464978508649, "activatedTokens": {"2": 2630498, "others": 309}}}