{"0.20": {"activatedMoleculePct": 0.08015186391423088, "activatedTokens": {"/": 50041, "[C@@]": 49069, "#": 31280, "\\": 9501, "[Si]": 2115, "others": 1041}}, "0.00": {"activatedMoleculePct": 0.11201428411353762, "activatedTokens": {"#": 77626, "[C@@]": 50744, "/": 50041, "\\": 12681, "[Si]": 2116, "others": 1314}}}