{"0.20": {"activatedMoleculePct": 0.7408184802915998, "activatedTokens": {"2": 2146028, "others": 13}}, "0.00": {"activatedMoleculePct": 0.7993471667961738, "activatedTokens": {"2": 2632715, "others": 685}}}