{"0.20": {"activatedMoleculePct": 0.10926131124705496, "activatedTokens": {"n": 117886, "(": 43396, ")": 23897, "s": 12516, "c": 11429, "-": 10729, "2": 5573, "C": 3734, "others": 2346, "[C@@]": 1654, "[n+]": 1381, "O": 1114, "1": 954, "[nH]": 922, "3": 656, "=": 611}}, "0.00": {"activatedMoleculePct": 0.4196749309559678, "activatedTokens": {"(": 609281, "n": 360741, "c": 239933, ")": 149190, "C": 125886, "2": 48363, "s": 46549, "-": 37675, "=": 22733, "others": 15349, "[C@@H]": 12897, "O": 11219, "[C@@]": 9362, "[nH]": 9030, "1": 7792, "[C@H]": 5972, "Cl": 4637}}}