{"0.20": {"activatedMoleculePct": 0.26797653198655663, "activatedTokens": {"3": 616059, "4": 49302, "others": 29}}, "0.00": {"activatedMoleculePct": 0.341869575438707, "activatedTokens": {"3": 967816, "4": 174633, "others": 944}}}