{"0.20": {"activatedMoleculePct": 0.022972200027390578, "activatedTokens": {"[N+]": 29901, "[n+]": 1722, "[C-]": 471, "[c-]": 321, "others": 252, "[P+]": 210, "[C]": 113}}, "0.00": {"activatedMoleculePct": 0.025602867368812676, "activatedTokens": {"[N+]": 33189, "[n+]": 1722, "[C-]": 473, "[S@]": 324, "[c-]": 321, "others": 310, "[S@@]": 232, "[P+]": 212, "[C]": 114}}}