{"0.20": {"activatedMoleculePct": 0.0021751341882025703, "activatedTokens": {")": 2607, "8": 753, "4": 465, "[C@@H]": 209, ".": 166, "%11": 92, "=": 65, "%10": 51, "2": 50, "others": 40, "[B]": 36, "O": 33, "%12": 28, "[U+2]": 26, "[OH2+]": 16, "#": 15, "[Ir]": 13, "[Se]": 12, "[CH2]": 12, "%16": 11}}, "0.00": {"activatedMoleculePct": 0.06302103435320518, "activatedTokens": {")": 119021, "[C@@H]": 5086, "4": 2445, "others": 1101, ".": 822, "=": 762, "8": 755, "2": 474}}}