{"0.20": {"activatedMoleculePct": 0.7595202400996607, "activatedTokens": {"n": 1505122, "3": 715930, "F": 380185, "4": 148631, "#": 34462, "5": 27125, "Cl": 20363, "others": 8881}}, "0.00": {"activatedMoleculePct": 0.8145240374298849, "activatedTokens": {"n": 1685854, "3": 988468, "F": 568020, "4": 199209, "Cl": 157118, "#": 76321, "others": 36345, "/": 35392, "5": 27126}}}