{"0.20": {"activatedMoleculePct": 0.9091526277744862, "activatedTokens": {"=": 2386926, "#": 81728, "others": 1}}, "0.00": {"activatedMoleculePct": 0.9107550498633035, "activatedTokens": {"=": 2386926, "#": 81728, "[C@@]": 28320, "others": 8141}}}