{"0.20": {"activatedMoleculePct": 0.9595674046254924, "activatedTokens": {"O": 3456455, "others": 279}}, "0.00": {"activatedMoleculePct": 0.9799301759954535, "activatedTokens": {"O": 3456455, "Cl": 187327, "o": 135902, "c": 88861, "(": 66488, "n": 46131, "C": 36593, "others": 35034, "Br": 16455}}}