{"0.20": {"activatedMoleculePct": 0.44062652653041195, "activatedTokens": {"F": 485744, "Cl": 173077, "[nH]": 66950, "#": 61653, "[C@@]": 50751, "Br": 48018, "[C@]": 44526, "o": 18094, "others": 84}}, "0.00": {"activatedMoleculePct": 0.5579424255895382, "activatedTokens": {"F": 569111, "Cl": 188161, "o": 148179, "[nH]": 138230, "#": 81050, "Br": 68797, "[C@@]": 50751, "[C@]": 50658, "others": 2502}}}