{"0.20": {"activatedMoleculePct": 0.0006342310461223655, "activatedTokens": {"C": 803, "7": 197, "%10": 50, "#": 31, "8": 30, "%11": 29, "N": 26, "[Y]": 24, "(": 16, "9": 16, ".": 13, "others": 12, "/": 11, "[SiH3]": 6, "1": 6, "F": 4, "%15": 4, "[Cu+]": 3, "O": 3, "=": 2, "n": 2, "[Cs+]": 2, "[O+]": 1, "[NH-]": 1, "[NH]": 1, "[U+2]": 1}}, "0.00": {"activatedMoleculePct": 0.002706101288016329, "activatedTokens": {"C": 3397, "n": 325, "7": 266, "c": 178, "F": 138, "N": 105, "(": 99, "#": 73, "%10": 50, "/": 48, "others": 43, "=": 35, "8": 30, "%11": 29, "[Y]": 28, "1": 27, ".": 24, "9": 16, "O": 9, "[SiH3]": 8}}}