{"0.20": {"activatedMoleculePct": 0.952793729168696, "activatedTokens": {"O": 3378897, "others": 57}}, "0.00": {"activatedMoleculePct": 0.9584805698998047, "activatedTokens": {"O": 3445472, "others": 2528}}}