{"0.20": {"activatedMoleculePct": 0.007135465453083381, "activatedTokens": {")": 7976, "C": 3243, "c": 453, "others": 118, "1": 81, "8": 62, "2": 47, "4": 28, "%10": 26, "[Br-]": 23, "[NH4+]": 19, "[O]": 19, "[Zn]": 18, "S": 17, "[AlH2]": 10, "[SH+]": 9, "%15": 9, "[Ac]": 9, "[N]": 8, "[Se-2]": 8, "[Zr]": 7, "[Zn+2]": 7, "[I-]": 7, "%14": 6, "[Ni]": 6, "[Ca+2]": 6, "[se]": 6, "[s+]": 5, "[Sb]": 5, "[o+]": 5, "%18": 5}}, "0.00": {"activatedMoleculePct": 0.09593586796276346, "activatedTokens": {")": 135960, "C": 42095, "c": 7676, "others": 1587, "2": 792}}}