{"0.20": {"activatedMoleculePct": 0.9996931376347283, "activatedTokens": {"C": 12338724, "(": 3330037, "O": 2954078, "N": 2402921, "=": 1856577, "n": 1473095, "[C@H]": 805588, "[C@@H]": 788389, "F": 466301, "others": 255678, "Cl": 178988, "S": 172584, "s": 145336, "-": 138273, "[nH]": 126861, "o": 125918, "Br": 63065}}, "0.00": {"activatedMoleculePct": 0.9999516636847066, "activatedTokens": {"C": 13211749, "(": 6192996, "O": 3449163, "N": 2696537, "=": 2379168, "n": 1691202, "[C@H]": 806612, "[C@@H]": 789347, "F": 569108, "others": 276280, "S": 236039, "Cl": 188067, "-": 180347, "o": 172261, "s": 163077, "[nH]": 141876, "#": 80246, "Br": 68865}}}