{"0.20": {"activatedMoleculePct": 0.07763178420325274, "activatedTokens": {"s": 107953, "[n+]": 846, "others": 396}}, "0.00": {"activatedMoleculePct": 0.11147892280324263, "activatedTokens": {"s": 156799, "[n+]": 1454, "others": 463}}}