{"0.20": {"activatedMoleculePct": 0.9042816454560568, "activatedTokens": {"c": 10350035, "others": 1014}}, "0.00": {"activatedMoleculePct": 0.9059829372807015, "activatedTokens": {"c": 10350224, "others": 15087}}}