{"0.20": {"activatedMoleculePct": 0.9955552560982487, "activatedTokens": {")": 4900648, "others": 11}}, "0.00": {"activatedMoleculePct": 0.997969142389264, "activatedTokens": {")": 6155284, "others": 1856}}}