{"0.20": {"activatedMoleculePct": 0.9962026697758147, "activatedTokens": {")": 6207687, "others": 137}}, "0.00": {"activatedMoleculePct": 0.9981346576507233, "activatedTokens": {")": 6223492, "others": 6446}}}