{"0.20": {"activatedMoleculePct": 0.0001398823669854178, "activatedTokens": {"1": 81, "%10": 42, "%12": 41, "[C-]": 26, "(": 21, "%14": 21, "%13": 19, ")": 15, "[B]": 6, "[Rh]": 5, "[S+]": 5, "C": 4, "P": 4, "[Mo]": 4, "others": 3, "[Pd+2]": 2, "[CH+]": 2, "N": 2, "[Mo+2]": 2, "[K]": 1, "[SH+]": 1}}, "0.00": {"activatedMoleculePct": 0.0019041578751941692, "activatedTokens": {"1": 1876, "C": 370, ")": 223, "2": 71, "(": 67, "N": 60, "%10": 42, "%12": 41, "[C-]": 37, "[nH]": 34, "others": 26, "%14": 21, "%13": 19, "s": 13, "[B]": 6, "[Rh]": 5, "P": 5}}}