{"0.20": {"activatedMoleculePct": 0.24553236958532568, "activatedTokens": {"C": 299114, "(": 249018, "N": 81464, "[C@H]": 43849, "[C@@H]": 39107, "n": 22739, "c": 20643, "O": 12284, "[N+]": 10090, "others": 7959, "=": 6097, "[C@]": 4333, "F": 3427}}, "0.00": {"activatedMoleculePct": 0.5874004802872056, "activatedTokens": {"C": 1141902, "(": 1139813, "N": 345761, "[C@H]": 173707, "[C@@H]": 161655, "c": 115211, "O": 103453, "n": 66335, "=": 58465, "others": 33112, "F": 25583, "[N+]": 20262, "S": 20156, "-": 17132, "[C@]": 13670}}}