{"0.20": {"activatedMoleculePct": 0.003452384701409736, "activatedTokens": {"P": 2442, "[Si]": 2120, "B": 508, "[C-]": 474, "[B]": 195, "[SiH]": 83, "[C]": 72, "[Se]": 68, "[SiH2]": 55, "[P+]": 55, "[Sn]": 54, "others": 54, "[Cl+3]": 46, "[Al]": 37, "[CH2]": 35, "[PH+]": 34, "[Ge]": 27}}, "0.00": {"activatedMoleculePct": 0.003556381016131879, "activatedTokens": {"P": 2442, "[Si]": 2120, "B": 508, "[C-]": 474, "[B]": 195, "[P+]": 167, "[C]": 84, "[SiH]": 83, "[Se]": 70, "others": 60, "[Sn]": 58, "[SiH2]": 58, "[Cl+3]": 46, "c": 42, "[Al]": 38, "[CH2]": 35, "[PH+]": 34, "[SiH3]": 29, "[Ge]": 27}}}