{"0.20": {"activatedMoleculePct": 0.3155467899193882, "activatedTokens": {"F": 573551, "-": 183567, "others": 6974}}, "0.00": {"activatedMoleculePct": 0.3173484162166873, "activatedTokens": {"F": 573551, "-": 183567, "I": 6804, "others": 4502}}}