{"0.20": {"activatedMoleculePct": 0.16357961174220925, "activatedTokens": {")": 416158, "others": 768}}, "0.00": {"activatedMoleculePct": 0.4339788184407437, "activatedTokens": {")": 1308641, "C": 23637, "others": 3619}}}