{"0.20": {"activatedMoleculePct": 0.36484324020292463, "activatedTokens": {"1": 427621, "c": 425279, "C": 338821, "2": 169977, "n": 44909, "(": 19995, "others": 1728}}, "0.00": {"activatedMoleculePct": 0.7466115144426713, "activatedTokens": {"C": 2807165, "c": 2569530, "1": 1043723, "(": 646335, "2": 534963, "n": 293484, "others": 36951}}}