{"0.20": {"activatedMoleculePct": 0.21815277644527414, "activatedTokens": {"=": 228811, "N": 150233, "others": 2723}}, "0.00": {"activatedMoleculePct": 0.3842077934252358, "activatedTokens": {"=": 448573, "N": 273631, "[nH]": 19119, "others": 4610, "o": 4045}}}