{"0.20": {"activatedMoleculePct": 5.1265788947535324e-05, "activatedTokens": {"1": 77, "[OH-]": 4, "c": 3, "[Zr]": 2, "%19": 2, "[C@@H]": 1, "%12": 1, "%10": 1, "others": 0}}, "0.00": {"activatedMoleculePct": 0.0007191857820925669, "activatedTokens": {"1": 729, "c": 295, ")": 257, "n": 94, "[C@@H]": 65, "3": 41, "O": 28, "=": 27, "others": 15, "6": 10, "2": 10, "/": 5, "C": 4}}}