{"0.20": {"activatedMoleculePct": 0.20987408389866072, "activatedTokens": {"F": 453387, "Cl": 71249, "[O-]": 22605, "others": 842}}, "0.00": {"activatedMoleculePct": 0.3251854906099384, "activatedTokens": {"F": 565765, "Cl": 183279, "[O-]": 33003, "others": 5625}}}