{"0.20": {"activatedMoleculePct": 0.10053367686294384, "activatedTokens": {"[nH]": 109890, "s": 33852, "[n+]": 1643, "others": 1450}}, "0.00": {"activatedMoleculePct": 0.19772409191809484, "activatedTokens": {"s": 151448, "[nH]": 140977, "[n+]": 1716, "others": 1610}}}