{"0.20": {"activatedMoleculePct": 0.1069184646921526, "activatedTokens": {"3": 147416, "4": 24656, "O": 3802, "Cl": 1382, "others": 633}}, "0.00": {"activatedMoleculePct": 0.21402807754023814, "activatedTokens": {"3": 273237, "O": 63396, "4": 54662, "Cl": 18935, "others": 3431, "5": 1971, "[C@@]": 1789, "N": 906}}}