{"0.20": {"activatedMoleculePct": 0.9981793321239489, "activatedTokens": {"(": 6223948, "others": 320}}, "0.00": {"activatedMoleculePct": 0.998191782386979, "activatedTokens": {"(": 6223950, "others": 7365}}}