{"0.20": {"activatedMoleculePct": 0.0014647368270724378, "activatedTokens": {"6": 5079, "8": 215, "7": 136, "others": 36, "N": 32, "(": 29}}, "0.00": {"activatedMoleculePct": 0.002405830238466479, "activatedTokens": {"6": 5091, ")": 1171, "(": 496, "N": 454, "7": 325, "8": 233, "n": 80, "others": 61, "c": 37, "1": 35, "-": 26}}}