{"0.20": {"activatedMoleculePct": 0.19511905747114652, "activatedTokens": {"O": 351460, "others": 3397}}, "0.00": {"activatedMoleculePct": 0.4199839904264801, "activatedTokens": {"O": 847016, "[C@H]": 60315, "C": 5508, "others": 4633}}}