{"0.20": {"activatedMoleculePct": 0.998049702914753, "activatedTokens": {"C": 13228812, "others": 159}}, "0.00": {"activatedMoleculePct": 0.9983067642279042, "activatedTokens": {"C": 13228849, "others": 6732}}}