{"0.20": {"activatedMoleculePct": 0.46770291914725953, "activatedTokens": {"n": 1170284, "others": 46}}, "0.00": {"activatedMoleculePct": 0.5436334115258676, "activatedTokens": {"n": 1543386, "others": 212}}}