{"0.20": {"activatedMoleculePct": 0.7224067383752992, "activatedTokens": {"1": 1097171, "others": 1171}}, "0.00": {"activatedMoleculePct": 0.8612000735297887, "activatedTokens": {"1": 1420150, "others": 8920}}}