{"0.20": {"activatedMoleculePct": 0.9926894984960815, "activatedTokens": {"C": 11811403, "S": 159785, "others": 304}}, "0.00": {"activatedMoleculePct": 0.9973949655530516, "activatedTokens": {"C": 13150437, "S": 232280, "others": 5191}}}