{"0.20": {"activatedMoleculePct": 0.9039645299329956, "activatedTokens": {"c": 10346874, "others": 59}}, "0.00": {"activatedMoleculePct": 0.9047371786092763, "activatedTokens": {"c": 10350232, "others": 10407}}}