{"0.20": {"activatedMoleculePct": 0.800735004939825, "activatedTokens": {"2": 2660424, "3": 1003212, "4": 195118, "others": 30}}, "0.00": {"activatedMoleculePct": 0.8010975273045253, "activatedTokens": {"2": 2660438, "3": 1003296, "4": 203139, "others": 4669}}}