{"0.20": {"activatedMoleculePct": 0.2574707070943796, "activatedTokens": {"(": 432285, "others": 237}}, "0.00": {"activatedMoleculePct": 0.6344273208571933, "activatedTokens": {"(": 1595092, "others": 2760}}}