{"0.20": {"activatedMoleculePct": 0.3427777122714919, "activatedTokens": {"3": 995730, "others": 80}}, "0.00": {"activatedMoleculePct": 0.34358185278955466, "activatedTokens": {"3": 1003256, "others": 1689}}}