{"0.20": {"activatedMoleculePct": 0.9927136666537282, "activatedTokens": {"1": 4081221, "others": 116}}, "0.00": {"activatedMoleculePct": 0.99273270823248, "activatedTokens": {"1": 4081404, "others": 21165}}}