{"0.20": {"activatedMoleculePct": 0.47066534938001353, "activatedTokens": {"n": 1323056, "others": 1}}, "0.00": {"activatedMoleculePct": 0.5541941640490599, "activatedTokens": {"n": 1656476, "others": 65}}}