{"0.20": {"activatedMoleculePct": 0.28904896834923427, "activatedTokens": {"C": 526577, "others": 563}}, "0.00": {"activatedMoleculePct": 0.7445286586745743, "activatedTokens": {"C": 1848084, "others": 6076}}}