{"0.20": {"activatedMoleculePct": 0.17210145060211668, "activatedTokens": {"s": 163607, "[C@]": 51046, "[O-]": 33341, "[N-]": 2346, "others": 2059, "[n+]": 1722, "[NH+]": 523}}, "0.00": {"activatedMoleculePct": 0.1722596421794405, "activatedTokens": {"s": 163607, "[C@]": 51046, "[O-]": 33341, "[N-]": 2384, "others": 2378, "[n+]": 1722, "[NH+]": 526}}}