{"0.20": {"activatedMoleculePct": 0.0008759126225893178, "activatedTokens": {"7": 1845, "8": 453, "9": 328, "[c-]": 321, "[B]": 192, "%10": 125, "[cH-]": 112, "%11": 100, "[CH-]": 68, "[n-]": 68, "[CH2-]": 63, "%13": 46, "%12": 39, "others": 34, "%14": 22, "%15": 17, "[Al]": 15, "[Y]": 11}}, "0.00": {"activatedMoleculePct": 0.00088323630672468, "activatedTokens": {"7": 1845, "8": 471, "9": 328, "[c-]": 321, "[B]": 194, "%10": 125, "[cH-]": 112, "%11": 100, "[CH-]": 70, "[CH2-]": 69, "[n-]": 68, "%13": 46, "%12": 39, "others": 37, "%14": 22, "%15": 17, "[Al]": 16, "[Y]": 12}}}