{"0.20": {"activatedMoleculePct": 0.31728836200677735, "activatedTokens": {"N": 488685, "others": 34}}, "0.00": {"activatedMoleculePct": 0.5228326838446119, "activatedTokens": {"N": 888139, "others": 5151}}}