{"0.20": {"activatedMoleculePct": 0.992113856923042, "activatedTokens": {"1": 4068191, "2": 2655901, "3": 988572, "4": 131140, "others": 0}}, "0.00": {"activatedMoleculePct": 0.9924712527088476, "activatedTokens": {"1": 4079972, "2": 2659990, "3": 1001962, "4": 198564, "others": 2712}}}