{"0.20": {"activatedMoleculePct": 0.3462982072353605, "activatedTokens": {"C": 1390834, "others": 450}}, "0.00": {"activatedMoleculePct": 0.6945437820823138, "activatedTokens": {"C": 3953256, "others": 10792}}}