{"0.20": {"activatedMoleculePct": 0.005836243887470128, "activatedTokens": {"/": 7468, "Cl": 682, "[C@@]": 564, "o": 160, "[O-]": 145, "s": 122, "others": 80, "[S+]": 53}}, "0.00": {"activatedMoleculePct": 0.03458609832924794, "activatedTokens": {"/": 28432, "[C@@]": 10682, "Cl": 9436, "o": 3606, "s": 1351, "=": 955, "[O-]": 623, "[C@]": 596, "others": 533}}}