{"0.20": {"activatedMoleculePct": 0.12121209901913899, "activatedTokens": {")": 97881, "O": 93880, "2": 64772, "1": 62166, "c": 45698, "3": 37021, "n": 33373, "C": 33351, "F": 27010, "=": 23851, "[C@@H]": 20333, "[C@H]": 9062, "o": 6411, "others": 5565, "s": 4977, ".": 4021, "(": 3145, "N": 1864}}, "0.00": {"activatedMoleculePct": 0.3375610520618734, "activatedTokens": {"O": 375744, "c": 350387, ")": 331455, "C": 326641, "1": 228900, "2": 188349, "=": 161296, "n": 125315, "3": 116688, "F": 94132, "[C@@H]": 91860, "(": 51328, "[C@H]": 41925, "others": 24133, "o": 21112, "s": 18305, "N": 13487, "4": 9589}}}