{"0.20": {"activatedMoleculePct": 0.8967016323759569, "activatedTokens": {"c": 9742486, "others": 133}}, "0.00": {"activatedMoleculePct": 0.903921320196597, "activatedTokens": {"c": 10279424, "others": 5671}}}