{"0.20": {"activatedMoleculePct": 0.6150898652661829, "activatedTokens": {"O": 1357039, "others": 579}}, "0.00": {"activatedMoleculePct": 0.9077992109462713, "activatedTokens": {"O": 2885092, "others": 8541}}}