{"0.20": {"activatedMoleculePct": 0.02981105627299179, "activatedTokens": {"4": 28327, "\\": 12674, "[S@]": 4360, "[S@@]": 3971, "[N-]": 2388, "[Si]": 2120, "others": 192}}, "0.00": {"activatedMoleculePct": 0.06373436118798945, "activatedTokens": {"4": 109015, "\\": 12891, "[S@]": 4360, "[S@@]": 3971, "[N-]": 2388, "[Si]": 2120, "others": 673}}}