{"0.20": {"activatedMoleculePct": 0.6342039484910648, "activatedTokens": {"n": 1415460, "3": 1001321, "others": 317}}, "0.00": {"activatedMoleculePct": 0.6678035465672794, "activatedTokens": {"n": 1664580, "3": 1003193, "others": 10277}}}