{"0.20": {"activatedMoleculePct": 0.17006546641248602, "activatedTokens": {"Cl": 180382, "s": 78988, "[C@@]": 15644, "others": 9}}, "0.00": {"activatedMoleculePct": 0.23549452810939828, "activatedTokens": {"Cl": 188125, "s": 147016, "[C@@]": 45450, "others": 639}}}