{"0.20": {"activatedMoleculePct": 0.1297053755109185, "activatedTokens": {"s": 163605, "#": 22403, "others": 11}}, "0.00": {"activatedMoleculePct": 0.14776631295713522, "activatedTokens": {"s": 163607, "#": 50331, "others": 601}}}