{"0.20": {"activatedMoleculePct": 0.9955830860979631, "activatedTokens": {"C": 12417806, "others": 681}}, "0.00": {"activatedMoleculePct": 0.9981595581767835, "activatedTokens": {"C": 13177612, "others": 7127}}}