{"0.20": {"activatedMoleculePct": 0.23394337180952854, "activatedTokens": {"1": 630894, "others": 116}}, "0.00": {"activatedMoleculePct": 0.4352260418489959, "activatedTokens": {"1": 1453990, "others": 4218}}}