{"0.20": {"activatedMoleculePct": 0.9920677177129892, "activatedTokens": {"(": 5758495, "others": 305}}, "0.00": {"activatedMoleculePct": 0.996724848454666, "activatedTokens": {"(": 6150395, "others": 11696}}}