{"0.20": {"activatedMoleculePct": 0.0011197913042968787, "activatedTokens": {"/": 1197, "7": 584, "6": 336, "9": 298, ".": 192, "8": 68, "others": 27, "[O-]": 11, "%10": 6}}, "0.00": {"activatedMoleculePct": 0.003757049961440803, "activatedTokens": {"/": 5430, "7": 726, "6": 580, ".": 368, "9": 298, "[O-]": 138, "-": 85, "8": 69, "others": 55}}}