{"0.20": {"activatedMoleculePct": 0.115328251184789, "activatedTokens": {"1": 263632, ")": 3655, "(": 2757, "others": 849}}, "0.00": {"activatedMoleculePct": 0.362657120488519, "activatedTokens": {"1": 693113, ")": 222308, "(": 143041, "others": 9643, "s": 6714, "c": 6632, "[C@@H]": 6076, "C": 5903}}}