{"0.20": {"activatedMoleculePct": 0.12376879715079392, "activatedTokens": {"3": 204626, "others": 142}}, "0.00": {"activatedMoleculePct": 0.21273837676400087, "activatedTokens": {"3": 416019, "others": 3571, "C": 1082}}}