{"0.20": {"activatedMoleculePct": 0.005152944157640837, "activatedTokens": {"I": 1823, "[N-]": 1704, "[S@@]": 1481, "4": 1010, "[O-]": 442, "[n+]": 249, "[N+]": 193, "[S@]": 183, "2": 147, "Cl": 146, "P": 121, "1": 113, ")": 108, "(": 96, "[NH3+]": 92, "s": 91, "others": 83, "[NH+]": 71, "S": 52, "[I-]": 36, "Br": 29, "[CH]": 29, "N": 26, "[HH]": 19, "n": 18, "O": 16, "[Cl-]": 15, "[Zn+2]": 13}}, "0.00": {"activatedMoleculePct": 0.061308024633943956, "activatedTokens": {")": 26013, "Cl": 12036, "C": 11814, "(": 11576, "1": 8646, "s": 6806, "O": 6193, "[O-]": 4915, "N": 4280, "S": 4025, "I": 3643, "[S@@]": 2900, "4": 2752, "[N+]": 2578, "[N-]": 2101, "2": 1832, "others": 997, "Br": 786, "[S@]": 562, "[n+]": 491, "=": 450, "n": 336}}}