{"0.20": {"activatedMoleculePct": 0.9581041325352471, "activatedTokens": {"(": 4997818, "others": 524}}, "0.00": {"activatedMoleculePct": 0.990416226940465, "activatedTokens": {"(": 6100593, "others": 8047}}}