{"0.20": {"activatedMoleculePct": 0.4018095358761653, "activatedTokens": {"c": 1312684, "others": 12584}}, "0.00": {"activatedMoleculePct": 0.6879780992549616, "activatedTokens": {"c": 3485448, "[nH]": 36007, "others": 8851}}}