{"0.20": {"activatedMoleculePct": 0.5366385608081832, "activatedTokens": {"n": 1443673, "s": 116284, "others": 151}}, "0.00": {"activatedMoleculePct": 0.5876758508106952, "activatedTokens": {"n": 1675011, "s": 157885, "others": 831}}}