{"0.20": {"activatedMoleculePct": 0.2789027363481035, "activatedTokens": {"c": 1067383, "others": 588}}, "0.00": {"activatedMoleculePct": 0.4224484101380295, "activatedTokens": {"c": 1687226, "others": 13190}}}