{"0.20": {"activatedMoleculePct": 0.002231526556044859, "activatedTokens": {".": 3080, "P": 655, ")": 641, "B": 254, "c": 193, "3": 114, "others": 42, "S": 20, "(": 18, "2": 14}}, "0.00": {"activatedMoleculePct": 0.004713523109519105, "activatedTokens": {".": 5420, ")": 2651, "P": 1062, "c": 1037, "3": 477, "B": 340, "[C@@]": 161, "S": 120, "others": 98, "2": 80, "(": 64}}}