{"0.20": {"activatedMoleculePct": 0.001726192350704868, "activatedTokens": {"=": 834, "[N+]": 821, "C": 551, ")": 478, "1": 295, "[NH+]": 273, ".": 126, "n": 108, "N": 90, "3": 84, "%10": 84, "[I-]": 68, "[NH3+]": 68, "%12": 47, "#": 44, "others": 43, "[K+]": 39, "%13": 37, "[nH+]": 30, "[CH2-]": 29, "[C]": 27, "%11": 24, "[CH]": 24, "2": 24, "-": 22, "4": 21, "I": 17, "[N-]": 17, "O": 17, "[W]": 17, "%14": 16, "[Pt]": 15, "[CH-]": 13, "(": 13, "[CH2]": 12, "[C+]": 11, "[S-]": 9, "[O+]": 8, "[Fe]": 8, "[Rb+]": 8, "[NH4+]": 8, "%15": 8, "[n-]": 7, "[Cu+2]": 6, "[U]": 6, "[NH-]": 6, "%16": 6, "[H+]": 5, "[Na]": 4, "[Ca+2]": 4, "[Ti]": 4, "c": 4, "[Pd+2]": 4, "[P+]": 4, "[Br-]": 4, "\\": 4, "[SiH2]": 4, "[O-2]": 3, "[Cu+]": 3, "Cl": 3, "[OH2+]": 3, "[Ni]": 3, "[Cl+3]": 3}}, "0.00": {"activatedMoleculePct": 0.0218524087230937, "activatedTokens": {"=": 16195, ")": 10658, "[N+]": 4870, "1": 4563, "n": 1225, "C": 983, "3": 520, "others": 398, "[NH+]": 394, "N": 340, "4": 327, ".": 256, "-": 231, "#": 156, "2": 142, "I": 84, "%10": 84, "[NH3+]": 80, "O": 72, "[I-]": 68, "[nH]": 67, "(": 58, "%12": 47, "[N-]": 42, "[K+]": 40, "\\": 39, "%13": 37, "[nH+]": 33, "[CH2-]": 32}}}