{"0.20": {"activatedMoleculePct": 0.5070435532171846, "activatedTokens": {"[C@@H]": 562088, "[C@H]": 542122, "[C@@]": 50125, "[C@]": 28203, "others": 225}}, "0.00": {"activatedMoleculePct": 0.6793595877644674, "activatedTokens": {"[C@H]": 785690, "[C@@H]": 774742, "[C@@]": 50750, "[C@]": 47474, "others": 1865}}}