{"0.20": {"activatedMoleculePct": 0.32746095927079544, "activatedTokens": {"(": 625263, "N": 248829, "O": 178311, "2": 141005, "-": 112612, "F": 38335, "others": 9892, "4": 9363}}, "0.00": {"activatedMoleculePct": 0.750000915460517, "activatedTokens": {"(": 2914484, "N": 1306711, "O": 876039, "2": 525188, "-": 157978, "F": 153189, "4": 56781, "others": 49909}}}