{"0.20": {"activatedMoleculePct": 0.033861053599847084, "activatedTokens": {"n": 59182, "5": 1900, "6": 1332, "others": 118}}, "0.00": {"activatedMoleculePct": 0.0730530168818243, "activatedTokens": {"n": 128664, "5": 9165, "6": 3005, "others": 973, "N": 667, "4": 547}}}