{"0.20": {"activatedMoleculePct": 0.5964774544045734, "activatedTokens": {"O": 1666595, "others": 163}}, "0.00": {"activatedMoleculePct": 0.9058313370190995, "activatedTokens": {"O": 3182853, "others": 2334}}}