{"0.20": {"activatedMoleculePct": 0.07909066208301689, "activatedTokens": {"1": 269729, "others": 18}}, "0.00": {"activatedMoleculePct": 0.19444381379386613, "activatedTokens": {"1": 686524, "others": 305}}}