{"0.20": {"activatedMoleculePct": 0.0008788420962434626, "activatedTokens": {"(": 1583, "c": 325, "I": 186, "P": 179, "[CH]": 114, "1": 79, "[Br-]": 42, "[C]": 35, "[P+]": 34, "[PH+]": 28, "others": 27, "[I-]": 26, "[NH2+]": 21, "[Cl+3]": 19, "[Zr+2]": 18, "B": 16, "[Zr]": 14, "[s+]": 11, "[NH+]": 9, "[Ru]": 8, "%12": 8, "[CH+]": 6, "[Pd+2]": 5, "[Ge]": 5, "[Ru+2]": 5, "[Co+2]": 4, "[Ir+3]": 4, "[Fe]": 3, "[Eu+3]": 3, "%14": 3, "[CH-]": 3, "[Ni+2]": 2}}, "0.00": {"activatedMoleculePct": 0.009380174640571892, "activatedTokens": {"(": 15484, "c": 14889, ")": 1832, "1": 691, "C": 666, "I": 631, "P": 464, "others": 344, "[CH]": 126, "[C@@H]": 118, "N": 69, "[NH+]": 60, "n": 58, "[NH2+]": 52, "[Br-]": 50, "[P+]": 49, "B": 44}}}