{"0.20": {"activatedMoleculePct": 0.003333008650003332, "activatedTokens": {"/": 1092, "5": 793, "7": 650, ".": 623, "[N+]": 599, "(": 564, "C": 311, "3": 311, ")": 275, "1": 268, "N": 219, "=": 202, "S": 125, "2": 94, "others": 64, "[Cl-]": 59, "n": 39, "\\": 38, "4": 23, "[Na+]": 20, "[V]": 17, "[Li]": 14, "[Cu+2]": 9, "[Na]": 8, "[CH3-]": 8, "[OH-]": 7, "[NH2-]": 7, "[Cu]": 6, "[Cr]": 5, "[Tl]": 5, "[Ti+4]": 4, "[Al+3]": 4, "[K]": 4, "[Re]": 3, "[Mn]": 3, "[Br-]": 3, "[Tm]": 3, "[Li+]": 3, "[Hf+4]": 3, "[c]": 3, "[Fe+2]": 3, "[Sn+3]": 2, "[CH2+]": 2, "[Mn+2]": 2, "[Zn]": 2, "[Ag+]": 2, "[S-]": 2, "[O]": 2}}, "0.00": {"activatedMoleculePct": 0.027925207608136028, "activatedTokens": {")": 12288, "C": 8526, "/": 5349, "1": 4801, "5": 4794, "=": 4204, "(": 2469, "N": 2468, "2": 2324, "[N+]": 2228, "3": 2048, ".": 1694, "7": 897, "others": 494, "S": 414, "\\": 262, "4": 238}}}