{"0.20": {"activatedMoleculePct": 0.16728612828311606, "activatedTokens": {"3": 322494, "(": 52902, "4": 51151, "c": 50164, "n": 6175, "others": 4999, "C": 4651, "5": 4384, "s": 3619, "-": 2927, "[nH]": 2041, "Cl": 1753, ")": 1459}}, "0.00": {"activatedMoleculePct": 0.3709489956665761, "activatedTokens": {"3": 619584, "(": 474857, "c": 445842, "4": 109836, "C": 67224, "Cl": 40628, "n": 37055, "s": 35087, ")": 34798, "-": 21253, "[C@@H]": 20137, "[C@H]": 18924, "others": 16994, "[nH]": 15986, "5": 14264, "O": 12956}}}