{"0.20": {"activatedMoleculePct": 0.9701332837275795, "activatedTokens": {")": 5337781, "others": 20}}, "0.00": {"activatedMoleculePct": 0.9931516229650228, "activatedTokens": {")": 6146886, "others": 2588}}}