{"0.20": {"activatedMoleculePct": 0.3409072433433204, "activatedTokens": {"N": 565045, "others": 3486}}, "0.00": {"activatedMoleculePct": 0.5660123931382939, "activatedTokens": {"N": 1041545, "3": 19675, "S": 8185, "others": 8049, "[nH]": 7395, "1": 6274, "2": 4617, "C": 3408}}}