{"0.20": {"activatedMoleculePct": 0.0320213441450441, "activatedTokens": {"c": 72934, "C": 48404, "others": 316}}, "0.00": {"activatedMoleculePct": 0.18729882755140678, "activatedTokens": {"c": 510843, "C": 170303, "others": 3183}}}