{"0.20": {"activatedMoleculePct": 0.8980367399938335, "activatedTokens": {"=": 2324879, "others": 165}}, "0.00": {"activatedMoleculePct": 0.9011324612778511, "activatedTokens": {"=": 2381630, "others": 3430}}}