{"0.20": {"activatedMoleculePct": 0.9966457526660041, "activatedTokens": {"(": 6219180, "others": 2714}}, "0.00": {"activatedMoleculePct": 0.9981214750192796, "activatedTokens": {"(": 6223853, "others": 16429}}}