{"0.20": {"activatedMoleculePct": 0.19462617352883663, "activatedTokens": {"o": 131882, "s": 92099, "[nH]": 71484, "others": 118}}, "0.00": {"activatedMoleculePct": 0.2998177135018708, "activatedTokens": {"o": 173735, "s": 158509, "[nH]": 134275, "others": 288}}}