{"0.20": {"activatedMoleculePct": 0.5329723245300209, "activatedTokens": {"N": 980384, "others": 1470}}, "0.00": {"activatedMoleculePct": 0.8687156381894974, "activatedTokens": {"N": 2138464, "others": 6314}}}