{"0.20": {"activatedMoleculePct": 0.03321949886958935, "activatedTokens": {"Cl": 45806, "I": 6804, "others": 248}}, "0.00": {"activatedMoleculePct": 0.11807463273554983, "activatedTokens": {"Cl": 182839, "I": 6804, "others": 283}}}