{"0.20": {"activatedMoleculePct": 0.3937879046427031, "activatedTokens": {"(": 959624, "others": 573}}, "0.00": {"activatedMoleculePct": 0.6724636067826103, "activatedTokens": {"(": 1992591, "others": 4229}}}