{"0.20": {"activatedMoleculePct": 0.6158683728897719, "activatedTokens": {"c": 3896001, "C": 262784, "(": 193842, ")": 135179, "N": 129526, "3": 94283, "2": 94019, "O": 92935, "1": 57377, "others": 39081, "[nH]": 23665, "4": 18895, "n": 17897}}, "0.00": {"activatedMoleculePct": 0.9942662876904249, "activatedTokens": {"c": 10251823, "C": 5932389, "(": 4229225, ")": 3276507, "N": 1470854, "O": 1362200, "2": 1238717, "1": 1158696, "3": 789390, "n": 514967, "[C@@H]": 453751, "F": 378662, "[C@H]": 351138, "others": 231289, "4": 158832, "[nH]": 127237}}}