{"0.20": {"activatedMoleculePct": 0.005938043096951663, "activatedTokens": {"#": 7749, "[C@@]": 375, "3": 137, "(": 135, "S": 80, "others": 49}}, "0.00": {"activatedMoleculePct": 0.020315167423081176, "activatedTokens": {"#": 20308, "(": 3312, "S": 2387, "[C@@]": 2373, "3": 1147, "C": 223, "others": 114}}}