{"0.20": {"activatedMoleculePct": 0.0038185689081778455, "activatedTokens": {"6": 5100, "5": 2547, "7": 1968, "\\": 1395, "8": 826, "4": 380, "9": 328, "2": 299, "[Cl-]": 276, "[Na+]": 259, "[nH]": 198, "%10": 160, "others": 149, "N": 143, "%11": 100, "[C-]": 97, "[N-]": 63, "%12": 58, "s": 53, "S": 52, "[n-]": 51, "[Br-]": 49, "(": 45, "[C@@]": 43, "[S-]": 42, "[CH]": 40, "Br": 39, "%13": 39, "[Y]": 35, "[CH2-]": 34, "O": 31, "[C@]": 31, "[Li+]": 31, "[B]": 30, "%14": 26, "n": 23, "[Zn+2]": 23, "[U+2]": 21, "%15": 20, "[Pt+2]": 19, "Cl": 19, "=": 17, ".": 15, "p": 15, "%16": 13, "1": 12, ")": 12, "[Li]": 11, "[K+]": 11}}, "0.00": {"activatedMoleculePct": 0.07234408425752124, "activatedTokens": {"s": 15631, "=": 12059, "5": 10696, "(": 10624, ")": 9734, "C": 8939, "Br": 8057, "O": 7327, "\\": 6802, "[C@@H]": 6501, "S": 5972, "n": 5964, "6": 5100, "N": 4593, "[C@]": 4069, "1": 4042, "[nH]": 4019, "[C@@]": 3079, "[C@H]": 2915, "7": 1968, "Cl": 1434, "others": 1395, "4": 1338, "2": 872, "8": 826, "[N-]": 611, "9": 328, "[Cl-]": 277, "[Na+]": 263, "c": 251, ".": 238}}}