{"0.20": {"activatedMoleculePct": 0.742814184218486, "activatedTokens": {")": 2163612, "others": 626}}, "0.00": {"activatedMoleculePct": 0.9790037299523301, "activatedTokens": {")": 5190703, "others": 11680}}}