{"0.20": {"activatedMoleculePct": 0.5287736564152178, "activatedTokens": {"1": 710529, "[O-]": 32779, "others": 278}}, "0.00": {"activatedMoleculePct": 0.64274189945607, "activatedTokens": {"1": 896638, "[O-]": 33294, "others": 3748}}}