{"0.20": {"activatedMoleculePct": 0.8767013833706964, "activatedTokens": {"c": 9417148, "others": 37}}, "0.00": {"activatedMoleculePct": 0.9020164299529893, "activatedTokens": {"c": 10282158, "others": 2752}}}