{"0.20": {"activatedMoleculePct": 0.9981785997555355, "activatedTokens": {")": 6223950, "others": 2}}, "0.00": {"activatedMoleculePct": 0.9981785997555355, "activatedTokens": {")": 6223950, "others": 15632}}}