{"0.20": {"activatedMoleculePct": 0.8708270563257223, "activatedTokens": {"N": 2111291, "others": 23}}, "0.00": {"activatedMoleculePct": 0.9511649418169914, "activatedTokens": {"N": 2646908, "others": 1093}}}