{"0.20": {"activatedMoleculePct": 0.21346342149340172, "activatedTokens": {"2": 197042, "3": 147561, "C": 78161, "1": 59473, "n": 33480, "N": 25216, "(": 19498, "[C@@H]": 18375, ")": 17592, "[C@H]": 16005, "c": 6853, "others": 5120, "-": 4766, "4": 3703, "=": 3335, "5": 2560}}, "0.00": {"activatedMoleculePct": 0.5865318913487516, "activatedTokens": {"2": 648104, "1": 445640, "3": 379137, "C": 354657, ")": 213300, "(": 134631, "[C@@H]": 126672, "N": 124302, "[C@H]": 84482, "n": 84244, "c": 51969, "=": 38695, "others": 26194, "-": 19051, "4": 15459, "[nH]": 8181}}}