{"0.20": {"activatedMoleculePct": 0.8367777840435964, "activatedTokens": {"O": 2917801, "[O-]": 33338, "/": 18395, "others": 16652}}, "0.00": {"activatedMoleculePct": 0.9537648496850449, "activatedTokens": {"O": 3433220, "/": 46055, "[O-]": 33338, "others": 20953}}}