{"0.20": {"activatedMoleculePct": 0.9972528860808256, "activatedTokens": {")": 5553574, "others": 92}}, "0.00": {"activatedMoleculePct": 0.9981800644923625, "activatedTokens": {")": 6188063, "others": 19428}}}