{"0.20": {"activatedMoleculePct": 0.10236240079154378, "activatedTokens": {"-": 154822, "others": 82}}, "0.00": {"activatedMoleculePct": 0.11919735351350084, "activatedTokens": {"-": 181349, "others": 294}}}