{"0.20": {"activatedMoleculePct": 0.9041388336154172, "activatedTokens": {"c": 10350234, "others": 207}}, "0.00": {"activatedMoleculePct": 0.9089929714603353, "activatedTokens": {"c": 10350234, "others": 58178}}}