{"0.20": {"activatedMoleculePct": 0.723785788097988, "activatedTokens": {"C": 4141276, "others": 282}}, "0.00": {"activatedMoleculePct": 0.8898246929728518, "activatedTokens": {"C": 7564899, "others": 10949}}}