{"0.20": {"activatedMoleculePct": 0.5508479727676129, "activatedTokens": {"[C@H]": 787612, "S": 228697, "[C@@]": 37960, "others": 2641}}, "0.00": {"activatedMoleculePct": 0.5674046254924262, "activatedTokens": {"[C@H]": 806351, "S": 237376, "[C@@]": 50310, "others": 5018}}}