{"0.20": {"activatedMoleculePct": 0.14658646744292836, "activatedTokens": {"Cl": 187731, "Br": 34509, "\\": 12724, "others": 970}}, "0.00": {"activatedMoleculePct": 0.1683304856408187, "activatedTokens": {"Cl": 188529, "Br": 65728, "\\": 12874, "others": 2229, "I": 2059}}}