{"0.20": {"activatedMoleculePct": 0.0015445649841478856, "activatedTokens": {"c": 7623, "C": 1224, "/": 268, "others": 86, "1": 69, "o": 29, "s": 27, "Cl": 23, "N": 21, "[S+]": 18}}, "0.00": {"activatedMoleculePct": 0.007439398344700912, "activatedTokens": {"c": 28988, "C": 5879, "/": 1834, "1": 529, "others": 351, "o": 318, "(": 287, "s": 225, "N": 202, "Cl": 197}}}