{"0.20": {"activatedMoleculePct": 0.9042494212458612, "activatedTokens": {"c": 10350234, "others": 1783}}, "0.00": {"activatedMoleculePct": 0.9102182238161813, "activatedTokens": {"c": 10350234, "others": 68868}}}