{"0.20": {"activatedMoleculePct": 0.09893418424778073, "activatedTokens": {"-": 146180, "others": 0}}, "0.00": {"activatedMoleculePct": 0.11800798720991802, "activatedTokens": {"-": 178316, "others": 137}}}