{"0.20": {"activatedMoleculePct": 0.31537321860538015, "activatedTokens": {"2": 435135, ")": 185734, "n": 90800, "c": 45501, "[nH]": 29693, "-": 12732, "1": 9052, "others": 8005}}, "0.00": {"activatedMoleculePct": 0.5172080944286538, "activatedTokens": {")": 714763, "2": 712502, "c": 516374, "n": 268620, "C": 186784, "1": 147279, "[nH]": 58092, "[C@H]": 38374, "-": 31004, "Cl": 24197, "others": 17191, "O": 14971}}}