{"0.20": {"activatedMoleculePct": 0.5528063259054088, "activatedTokens": {"n": 1430780, "[nH]": 123406, "others": 117}}, "0.00": {"activatedMoleculePct": 0.5822665777083167, "activatedTokens": {"n": 1680978, "[nH]": 140814, "others": 3173}}}