{"0.20": {"activatedMoleculePct": 0.29785496615359375, "activatedTokens": {"3": 744576, "others": 207}}, "0.00": {"activatedMoleculePct": 0.34196624806929377, "activatedTokens": {"3": 978625, "others": 2282}}}