{"0.20": {"activatedMoleculePct": 0.03500647779861773, "activatedTokens": {"s": 48380, "others": 24}}, "0.00": {"activatedMoleculePct": 0.0625384035686848, "activatedTokens": {"s": 85510, "c": 1319, "others": 772, "#": 159, "N": 133}}}