{"0.20": {"activatedMoleculePct": 0.1159104840735503, "activatedTokens": {"c": 791159, "others": 580}}, "0.00": {"activatedMoleculePct": 0.2850275333905069, "activatedTokens": {"c": 2053658, "others": 8526}}}