{"0.20": {"activatedMoleculePct": 0.1711208092963917, "activatedTokens": {"[nH]": 142498, "o": 78391, "[O-]": 33194, "others": 312}}, "0.00": {"activatedMoleculePct": 0.22351151612711864, "activatedTokens": {"o": 160606, "[nH]": 142498, "[O-]": 33325, "others": 2480}}}