{"0.20": {"activatedMoleculePct": 0.20896741180270287, "activatedTokens": {"1": 323886, ")": 147852, "n": 70441, "c": 63917, "N": 54495, "=": 36682, "(": 15670, "C": 13963, "O": 13616, "others": 6646, "F": 3735, "\\": 3026}}, "0.00": {"activatedMoleculePct": 0.6533876067152324, "activatedTokens": {"1": 1204258, ")": 691841, "n": 435014, "c": 388038, "N": 258971, "=": 233903, "(": 70274, "O": 47747, "C": 33149, "others": 31907, "[C@@H]": 21590, "F": 18596, "[C@H]": 11680}}}