{"0.20": {"activatedMoleculePct": 0.7969479278734292, "activatedTokens": {"c": 5406326, "others": 6}}, "0.00": {"activatedMoleculePct": 0.9031970078356096, "activatedTokens": {"c": 10053970, "others": 615}}}