{"0.20": {"activatedMoleculePct": 0.8672750695200716, "activatedTokens": {"O": 2795764, "others": 1082}}, "0.00": {"activatedMoleculePct": 0.9436083645261247, "activatedTokens": {"O": 3327162, "others": 10470}}}