{"0.20": {"activatedMoleculePct": 0.09719554163404576, "activatedTokens": {"-": 145541, "others": 505}}, "0.00": {"activatedMoleculePct": 0.11749825879409682, "activatedTokens": {"-": 177908, "others": 508}}}