{"0.20": {"activatedMoleculePct": 0.07588655027379593, "activatedTokens": {"1": 107692, "others": 906}}, "0.00": {"activatedMoleculePct": 0.30523650739362534, "activatedTokens": {"1": 428143, "others": 3634, "2": 3109}}}