{"0.20": {"activatedMoleculePct": 0.6022382643454494, "activatedTokens": {"1": 846425, "others": 57}}, "0.00": {"activatedMoleculePct": 0.8629760669326141, "activatedTokens": {"1": 1329910, "others": 1488}}}