{"0.20": {"activatedMoleculePct": 0.9981610229136105, "activatedTokens": {")": 6223883, "others": 506}}, "0.00": {"activatedMoleculePct": 0.9982115563341446, "activatedTokens": {")": 6223943, "others": 3344}}}