{"0.20": {"activatedMoleculePct": 0.155071687882159, "activatedTokens": {"2": 126197, "c": 118321, "1": 103651, "3": 6939, "others": 3148, "4": 1441, "5": 1243}}, "0.00": {"activatedMoleculePct": 0.40047662536352935, "activatedTokens": {"c": 504601, "1": 424111, "2": 350929, "3": 24747, "others": 12922, ")": 5704, "O": 4968, "4": 3534}}}