{"0.20": {"activatedMoleculePct": 0.24271934250893307, "activatedTokens": {"1": 422541, "2": 399565, "others": 97}}, "0.00": {"activatedMoleculePct": 0.5287055461527589, "activatedTokens": {"1": 1248172, "2": 833680, "O": 19731, "others": 18952}}}