{"0.20": {"activatedMoleculePct": 0.9981851910712572, "activatedTokens": {")": 6223603, "others": 282}}, "0.00": {"activatedMoleculePct": 0.9982481747548214, "activatedTokens": {")": 6223944, "others": 8623}}}