{"0.20": {"activatedMoleculePct": 0.030322981794053606, "activatedTokens": {"S": 36281, "#": 2383, "[C@]": 1742, "[C@@]": 1376, "-": 657, "others": 278}}, "0.00": {"activatedMoleculePct": 0.05218051709604206, "activatedTokens": {"S": 52297, "#": 8213, "[C@]": 4944, "[C@@]": 4625, "-": 1877, "others": 654, "c": 523, "C": 522, "/": 505, ")": 349, "N": 189, "3": 185, "5": 156, "2": 150}}}