{"0.20": {"activatedMoleculePct": 0.10482608813467963, "activatedTokens": {"[nH]": 100515, "#": 37394, ".": 10682, "I": 6786, "others": 1347, "[O-]": 1111, "B": 476, "[C-]": 441}}, "0.00": {"activatedMoleculePct": 0.266771053577876, "activatedTokens": {"[nH]": 139928, "3": 136357, "c": 77125, "#": 75596, "[O-]": 27822, "[N+]": 21669, "F": 12375, ".": 10730, "s": 10648, "4": 10285, "I": 6789, "[C@@H]": 5552, "others": 4807, "-": 1681}}}