{"0.20": {"activatedMoleculePct": 0.23127388894218903, "activatedTokens": {"Cl": 180799, "[nH]": 102874, "s": 95960, "others": 90}}, "0.00": {"activatedMoleculePct": 0.28771971967866605, "activatedTokens": {"Cl": 186947, "s": 149631, "[nH]": 135180, "others": 1358}}}