{"0.20": {"activatedMoleculePct": 0.9659163064024379, "activatedTokens": {"N": 2704415, "Cl": 188529, "/": 50041, "[N+]": 33687, "others": 14038}}, "0.00": {"activatedMoleculePct": 0.9665461432380791, "activatedTokens": {"N": 2704420, "Cl": 188532, "/": 50041, "[N+]": 33891, "others": 29660}}}