{"0.20": {"activatedMoleculePct": 0.4544587687568705, "activatedTokens": {"[C@@H]": 789613, "[C@H]": 40661, "others": 277}}, "0.00": {"activatedMoleculePct": 0.6229606286064567, "activatedTokens": {"[C@@H]": 789613, "[C@H]": 603892, "others": 1266}}}