{"0.20": {"activatedMoleculePct": 0.986897929081837, "activatedTokens": {")": 5667097, "others": 12}}, "0.00": {"activatedMoleculePct": 0.9962634563541383, "activatedTokens": {")": 6196778, "others": 677}}}