{"0.20": {"activatedMoleculePct": 0.5608213658231491, "activatedTokens": {"1": 732159, "2": 123121, "c": 64516, "C": 32769, "[C@H]": 14646, "O": 12936, "others": 9700, "3": 4721, "N": 1634}}, "0.00": {"activatedMoleculePct": 0.9828757617546962, "activatedTokens": {"C": 1633764, "1": 1083257, "c": 1039216, "2": 292555, "O": 195882, "n": 105262, "N": 102494, "(": 101431, "[C@H]": 99074, "=": 46151, "3": 40503, "others": 38249, "[C@@]": 25005, "Br": 12316, "[C@@H]": 11624, "F": 11066}}}