{"0.20": {"activatedMoleculePct": 0.32433667561864993, "activatedTokens": {"S": 233343, "4": 164016, "[nH]": 121595, "Br": 62707, "[N+]": 16332, "others": 4446}}, "0.00": {"activatedMoleculePct": 0.3529510419039235, "activatedTokens": {"S": 237134, "4": 200256, "[nH]": 140421, "Br": 67616, "[N+]": 27804, "[O-]": 8535, "I": 5947, "others": 3702}}}