{"0.20": {"activatedMoleculePct": 0.15933993099624807, "activatedTokens": {"O": 265167, "1": 13687, "3": 2630, "others": 965}}, "0.00": {"activatedMoleculePct": 0.4565020766306366, "activatedTokens": {"O": 686641, "1": 255043, "[C@H]": 16597, "3": 8952, "others": 5541}}}