{"0.20": {"activatedMoleculePct": 0.5804459098322656, "activatedTokens": {"1": 807690, "2": 61792, "others": 464}}, "0.00": {"activatedMoleculePct": 0.7435275110532703, "activatedTokens": {"1": 1113203, "2": 198955, "others": 6977}}}