{"0.20": {"activatedMoleculePct": 0.6825900648365757, "activatedTokens": {"1": 1065439, "others": 472}}, "0.00": {"activatedMoleculePct": 0.8669784603125895, "activatedTokens": {"1": 1468777, "others": 14502}}}