{"0.20": {"activatedMoleculePct": 0.005563070469221119, "activatedTokens": {"/": 3214, "\\": 2977, "7": 1605, "2": 695, "Br": 664, "I": 471, "9": 311, "others": 99, "P": 81}}, "0.00": {"activatedMoleculePct": 0.01578839825901381, "activatedTokens": {"/": 11950, "\\": 6290, "2": 3562, "Br": 3412, "7": 1687, "I": 988, "9": 311, "others": 208, "P": 188}}}