{"0.20": {"activatedMoleculePct": 0.004607329689556353, "activatedTokens": {".": 8627, "[HH]": 87, "others": 79, "[Na]": 32, "[Zn+2]": 23, "[Al]": 19}}, "0.00": {"activatedMoleculePct": 0.005467862575461411, "activatedTokens": {".": 9685, "2": 196, "I": 101, "Cl": 100, "others": 97, "[HH]": 87, "4": 71, "F": 71, ")": 66, "[Na]": 32, "O": 29, "[Zn+2]": 23, "[Al]": 19, "p": 15, "N": 14, "s": 14}}}