{"0.20": {"activatedMoleculePct": 0.04786467003507312, "activatedTokens": {"O": 64003, "c": 15161, "C": 10239, ")": 9054, "[C@H]": 2453, "[C@@H]": 2288, "N": 1766, "#": 1293, "1": 1029, "others": 823, "=": 643, "\\": 635, "s": 339}}, "0.00": {"activatedMoleculePct": 0.1723987921780124, "activatedTokens": {"c": 309643, "O": 188186, "C": 134270, ")": 51989, "[C@H]": 16668, "[C@@H]": 14240, "=": 9015, "N": 8681, "#": 7956, "others": 6239, "1": 5338, "3": 3733, "s": 2993}}}