{"0.20": {"activatedMoleculePct": 0.8496843125953452, "activatedTokens": {"1": 1493108, "others": 10528}}, "0.00": {"activatedMoleculePct": 0.9895827916858608, "activatedTokens": {"1": 3507072, "others": 26972}}}