{"0.20": {"activatedMoleculePct": 0.43639783131065385, "activatedTokens": {"n": 1079327, "others": 7}}, "0.00": {"activatedMoleculePct": 0.5560053111357349, "activatedTokens": {"n": 1659342, "others": 81}}}