{"0.20": {"activatedMoleculePct": 0.016996806141348568, "activatedTokens": {"/": 17349, "\\": 7664, "2": 1618, "[S@]": 1416, ".": 1282, "1": 1130, "4": 909, "c": 770, "3": 719, "Cl": 598, "=": 462, "[S@@]": 451, "[C@@]": 391, "others": 315, "n": 287, "F": 244, "#": 231, "C": 230, "O": 214, ")": 201, "N": 179, "[NH2+]": 170, "(": 130, "[c-]": 88}}, "0.00": {"activatedMoleculePct": 0.0789434560318961, "activatedTokens": {"/": 39276, "c": 24182, "(": 19607, ")": 14651, "1": 11767, "\\": 11563, "2": 10761, "Cl": 9158, "[C@@]": 6433, "3": 4750, "#": 4655, "N": 4625, "F": 4519, "O": 4343, "=": 4056, "n": 3835, ".": 3216, "[S@]": 3003, "C": 2571, "4": 2012, "others": 1124, "[S@@]": 959}}}