{"0.20": {"activatedMoleculePct": 0.0694739324448728, "activatedTokens": {"[C@]": 51046, "[N+]": 33941, ".": 9825, "[S@@]": 3819, "[Si]": 2119, "7": 1509, "others": 810, "[c-]": 321}}, "0.00": {"activatedMoleculePct": 0.10795842783937402, "activatedTokens": {"[C@]": 51046, "n": 39439, "[N+]": 33941, "5": 20276, ".": 10451, "[C@@]": 6226, "[S@@]": 3971, "Br": 3242, "[Si]": 2119, "7": 1624, "others": 1586, "[c-]": 321, "9": 294, "F": 291}}}