{"0.20": {"activatedMoleculePct": 0.0042814257455327355, "activatedTokens": {"6": 1520, "4": 1265, "2": 975, "(": 865, "c": 786, "1": 576, "N": 419, "#": 338, "Cl": 239, "O": 165, "F": 128, "=": 114, "C": 81, "others": 75, "n": 71, "\\": 70, ")": 55, "[C@H]": 17, "[Zn+2]": 11, "[H+]": 10, "[o+]": 10, "[Fe+2]": 8, "[Na]": 8, "[Pb]": 8, "[Tl]": 8, "-": 5}}, "0.00": {"activatedMoleculePct": 0.06011939069877467, "activatedTokens": {"(": 23699, "c": 22385, "C": 20820, "1": 17754, "4": 13006, "2": 9343, "=": 5653, "O": 4722, ")": 4304, "#": 4188, "N": 3677, "Cl": 3624, "6": 2820, "F": 1879, "others": 1033, "n": 1014, "\\": 655}}}