{"0.20": {"activatedMoleculePct": 0.03398116201966702, "activatedTokens": {"O": 77188, "others": 326}}, "0.00": {"activatedMoleculePct": 0.19540834299449333, "activatedTokens": {"O": 499460, "others": 3766}}}