{"0.20": {"activatedMoleculePct": 0.005237898893611038, "activatedTokens": {".": 1474, "c": 1405, "o": 1393, "3": 1236, "2": 937, "[O-]": 762, "1": 445, "C": 436, "=": 426, "#": 391, ")": 179, "/": 175, "[nH]": 142, "Br": 102, "others": 90, "4": 89, "N": 49, "n": 48, "[B]": 36, "S": 34, "%12": 30, "9": 24, "5": 17, "[H+]": 10}}, "0.00": {"activatedMoleculePct": 0.03062837942249821, "activatedTokens": {"3": 8696, "c": 7071, "o": 6326, ")": 5660, "C": 5647, "2": 4015, "=": 3166, "1": 2796, "[O-]": 2734, "#": 2711, ".": 2644, "N": 1542, "4": 1462, "/": 1375, "[nH]": 995, "n": 944, "Br": 467, "others": 459, "O": 171}}}