{"0.20": {"activatedMoleculePct": 0.18917295832164596, "activatedTokens": {"(": 337080, "[N+]": 4179, "F": 2298, "others": 1432}}, "0.00": {"activatedMoleculePct": 0.4197327880606372, "activatedTokens": {"(": 843489, "F": 27263, "[N+]": 20379, "=": 13297, "C": 8673, "others": 6144}}}