{"0.20": {"activatedMoleculePct": 0.2966509524817402, "activatedTokens": {"N": 695967, "S": 30205, "-": 27345, "others": 175}}, "0.00": {"activatedMoleculePct": 0.7817249180296653, "activatedTokens": {"N": 2025898, "S": 195471, "-": 154922, "others": 2206}}}