{"0.20": {"activatedMoleculePct": 0.12969219287947487, "activatedTokens": {"C": 329629, "N": 121621, "n": 99610, "O": 82803, "[C@@H]": 29620, ")": 23984, "=": 22869, "[nH]": 22672, "[C@H]": 16100, "F": 15345, "others": 5706, "o": 3217, "s": 2702, "-": 2639}}, "0.00": {"activatedMoleculePct": 0.4518757053623283, "activatedTokens": {"C": 1952918, "N": 518646, "O": 517003, "n": 310330, "[C@@H]": 169845, "=": 149523, ")": 146436, "[C@H]": 104627, "F": 101727, "[nH]": 68836, "c": 58179, "others": 30984, "s": 22376, "S": 21042, "o": 20678, "-": 16145, "/": 15767}}}