{"0.20": {"activatedMoleculePct": 0.4685502694017209, "activatedTokens": {")": 942460, "others": 71}}, "0.00": {"activatedMoleculePct": 0.7147857126640413, "activatedTokens": {")": 1717729, "others": 2594}}}