{"0.20": {"activatedMoleculePct": 0.11732322274326167, "activatedTokens": {"c": 179467, "C": 151345, "2": 48472, "F": 43624, ")": 34277, "(": 27420, "[C@H]": 17685, "o": 14185, "O": 12950, "[nH]": 9185, "[C@@H]": 7878, "[N+]": 6422, "4": 5193, "-": 4395, "Br": 4305, "others": 3955, "#": 2721, "[S@]": 2176, "n": 2077}}, "0.00": {"activatedMoleculePct": 0.520569665446785, "activatedTokens": {"C": 3160771, "c": 1620610, ")": 907086, "(": 597202, "O": 419562, "2": 262093, "[C@H]": 261873, "=": 239349, "F": 216202, "[C@@H]": 147534, "n": 103345, "o": 78797, "others": 64982, "[nH]": 53890, "Br": 24800, "#": 22226, "-": 20645}}}