{"0.20": {"activatedMoleculePct": 0.004542881269165166, "activatedTokens": {"c": 124837, "others": 68}}, "0.00": {"activatedMoleculePct": 0.03033396732025665, "activatedTokens": {"c": 293942, "2": 6988, "C": 1768, "others": 1290}}}