{"0.20": {"activatedMoleculePct": 0.0009044749907172303, "activatedTokens": {"C": 2198, "6": 1197, "(": 504, "c": 108, "1": 91, "3": 86, "[N-]": 66, "others": 45, "n": 33, "=": 24, "7": 23, "%17": 14, "%15": 13, "%18": 12, "[SiH]": 9, "[Ru]": 8, "4": 7, "[C+]": 7, "[cH-]": 7, "[F-]": 7, "%19": 6, "[s+]": 5, "[Al]": 5, "p": 5, "[U+2]": 5, "[Ti+2]": 5, "[Sb]": 5, ".": 4, "[Cu+2]": 4, "[SiH2]": 4, "[Se]": 4, "[Rb+]": 4, "[PH+]": 3, "[Ni+2]": 3, "[Pt]": 3, "[SH+]": 3, "[Hf+2]": 3, "[o+]": 3, "[Ti+4]": 3, "[Li]": 2, "[Sn+]": 2, "[Te+]": 2, "[Ba+2]": 2, "[Mg+2]": 2, "[Fe+2]": 2, "[V]": 2, "[IH+]": 2, "[CH3-]": 2, "[Pd+2]": 2, "[NH2+]": 2, "[Si-]": 2, "[Pm]": 2, "[Sn+2]": 2}}, "0.00": {"activatedMoleculePct": 0.0029748804957841213, "activatedTokens": {"C": 10767, "c": 3501, "6": 3129, "(": 1346, "3": 762, "1": 665, "n": 344, "[N-]": 236, "others": 211, "=": 148, "7": 65, "4": 26, "2": 21, ".": 19, "[cH-]": 15, "%17": 14, "%15": 13}}}