{"0.20": {"activatedMoleculePct": 0.8320591343551825, "activatedTokens": {"2": 1279253, "O": 900089, "=": 839400, "n": 597254, "3": 160283, "F": 119331, "1": 85450, "[C@@H]": 82910, "(": 81051, "-": 60034, "others": 13940}}, "0.00": {"activatedMoleculePct": 0.980789976512945, "activatedTokens": {"O": 2481736, "2": 2097188, "=": 1941073, "(": 1871336, "n": 1324893, "1": 983753, "[C@@H]": 594558, "3": 564242, "F": 392527, "-": 134791, "4": 75940, "others": 64721}}}