{"0.20": {"activatedMoleculePct": 0.00411591048407355, "activatedTokens": {"3": 2543, "2": 1235, "4": 1149, "[n+]": 756, "c": 633, "5": 538, "#": 537, "(": 440, "o": 415, "1": 358, "C": 311, "[N+]": 291, "[c-]": 202, "6": 198, "[Na+]": 188, "7": 177, ".": 172, "I": 157, "[B]": 146, "others": 102, "S": 99, "F": 71, "[Br-]": 70, "-": 67, "[Si]": 57, "Br": 51, "P": 45, "/": 41, "[P+]": 38, "[CH2-]": 34, "[C-]": 30, "[nH+]": 21, "[Y]": 21, "[Li+]": 20, "[K+]": 17, "[CH2]": 16, "[I-]": 15}}, "0.00": {"activatedMoleculePct": 0.025943418681107017, "activatedTokens": {"o": 8029, "3": 5748, "#": 4968, "4": 4253, "2": 4136, "C": 3539, "c": 3070, "F": 2794, "n": 2697, "1": 2291, "[N+]": 1806, "(": 1752, "-": 1740, "Br": 1700, "5": 1397, "6": 1282, "[n+]": 1095, "/": 1075, "[C@]": 723, ".": 547, "others": 502, "I": 423, "S": 390, "O": 330, "7": 253, "[c-]": 224, "[Si]": 216, "[Na+]": 204, "[B]": 146, "\\": 109, "P": 97, "Cl": 96}}}