{"0.20": {"activatedMoleculePct": 0.11360498830773828, "activatedTokens": {"o": 162615, "others": 22}}, "0.00": {"activatedMoleculePct": 0.12200671874782579, "activatedTokens": {"o": 174665, "others": 402}}}