{"0.20": {"activatedMoleculePct": 0.9981632200188512, "activatedTokens": {"(": 6223919, "others": 4}}, "0.00": {"activatedMoleculePct": 0.9981800644923625, "activatedTokens": {"(": 6223950, "others": 6517}}}