{"0.20": {"activatedMoleculePct": 0.3019254697960281, "activatedTokens": {"[C@@H]": 502878, "others": 23}}, "0.00": {"activatedMoleculePct": 0.42805469034364924, "activatedTokens": {"[C@@H]": 761021, "others": 2304}}}