{"0.20": {"activatedMoleculePct": 0.16495426725441673, "activatedTokens": {"1": 373963, "others": 114}}, "0.00": {"activatedMoleculePct": 0.28750952994398116, "activatedTokens": {"1": 713335, "others": 5733, "c": 1979}}}