{"0.20": {"activatedMoleculePct": 2.1971052406086568e-06, "activatedTokens": {"[Br-]": 2, "[Zr]": 1, "[Ir]": 1, "others": 0}}, "0.00": {"activatedMoleculePct": 0.0017840494553742292, "activatedTokens": {"4": 1656, "O": 267, "5": 231, "c": 142, "n": 97, "[C@@H]": 63, "3": 55, "2": 45, "C": 42, "(": 38, "6": 29, ")": 26, "others": 25, "I": 22, "N": 22, "-": 19, "\\": 15, "[S@]": 13, "=": 12, "1": 11}}}