{"0.20": {"activatedMoleculePct": 0.8926113547863571, "activatedTokens": {"c": 9106076, "others": 873}}, "0.00": {"activatedMoleculePct": 0.903436492306836, "activatedTokens": {"c": 10179727, "others": 20982}}}