{"0.20": {"activatedMoleculePct": 0.07312625372317792, "activatedTokens": {"2": 170052, "[C@@]": 1500, "(": 1369, "others": 735}}, "0.00": {"activatedMoleculePct": 0.1695982153646499, "activatedTokens": {"2": 427896, "(": 76081, "[C@@]": 7023, "others": 4749}}}