{"0.20": {"activatedMoleculePct": 0.7534540325303402, "activatedTokens": {"1": 1095409, "2": 204747, "3": 183099, "4": 17079, "others": 6653}}, "0.00": {"activatedMoleculePct": 0.8666408384739492, "activatedTokens": {"1": 1299010, "3": 812137, "2": 482127, "=": 267904, "4": 149272, "others": 27640, "o": 16082, "5": 13201}}}