{"0.20": {"activatedMoleculePct": 0.41695125282602663, "activatedTokens": {")": 692415, "3": 84138, "c": 59154, "others": 4959, "/": 4671}}, "0.00": {"activatedMoleculePct": 0.8854172998601909, "activatedTokens": {"c": 2136117, ")": 1912879, "3": 517324, "C": 177385, "(": 109390, "=": 52157, "others": 39958}}}