{"0.20": {"activatedMoleculePct": 0.089455872239795, "activatedTokens": {"C": 131881, "N": 101879, "=": 46251, "[C@H]": 36553, "O": 35666, "c": 28046, "1": 20043, "(": 9121, ")": 7229, "F": 5380, "others": 4426, "Cl": 2656, "2": 2619, "S": 2511, ".": 1908, "#": 1671, "n": 1622, "[C@@H]": 1488, "-": 1444, "[C@]": 1232}}, "0.00": {"activatedMoleculePct": 0.504757831398538, "activatedTokens": {"C": 1441445, "=": 774923, "N": 684806, "O": 584332, "c": 581568, "1": 291688, "[C@H]": 235845, "2": 100184, "(": 88076, "F": 45775, "others": 44982, "Cl": 41907, "[C@@H]": 40058, ")": 36412, "n": 33749, "S": 22029, "-": 21151, "#": 15131, "s": 11557, "[C@]": 10518}}}