{"0.20": {"activatedMoleculePct": 0.0004108586799938188, "activatedTokens": {")": 505, "6": 321, "7": 150, "4": 85, "[c-]": 64, "\\": 30, ".": 22, "[CH2-]": 13, "5": 12, "others": 12, "3": 10, "/": 10, "(": 10, "1": 9, "#": 9, "9": 8, "8": 7, "[B]": 5, "%10": 4, "[N-]": 4, "-": 3}}, "0.00": {"activatedMoleculePct": 0.0006657228879044229, "activatedTokens": {")": 794, "6": 648, "7": 193, "4": 156, "[c-]": 76, "\\": 60, "5": 40, "/": 38, "(": 27, "1": 25, "#": 23, ".": 23, "others": 20, "3": 17, "[CH2-]": 13, "C": 12, "-": 11, "8": 8, "9": 8, "[N-]": 8, "[B]": 5}}}