{"0.20": {"activatedMoleculePct": 0.004915656791655102, "activatedTokens": {"[N-]": 2251, "[Si]": 2098, "B": 444, "[NH+]": 366, "[c-]": 321, "[C-]": 285, "[CH]": 269, "[B]": 195, "Br": 135, "[C]": 133, "[CH2-]": 123, "[P+]": 116, "[N+]": 112, "[S-]": 111, "[NH3+]": 104, "others": 92, "[S@@]": 91, "[n+]": 88, "N": 83, "[SiH]": 79, "[CH-]": 79, "[O+]": 75, "[cH-]": 75, "[n-]": 69, "[NH2+]": 68, "[I-]": 67, "[Se]": 67, "C": 65, "[SiH2]": 58, "Cl": 56, "1": 54, "[Y]": 53, "[NH-]": 52, "O": 50, "[U+2]": 47, "[K+]": 43, ".": 42, "(": 41, "4": 41, "I": 39, "[nH+]": 38, "2": 36, "[W]": 36, "[Al]": 35, "[B-]": 30, "[CH2]": 29, "[Li+]": 27, "[Pt+2]": 24, "%13": 23, "[Cl-]": 22, "[Ge]": 22, "[Sn]": 22, "S": 21, "3": 21, "%14": 21, "[C+]": 20, "[HH]": 19, "[SiH3]": 19, "=": 19, "[U]": 18, "[PH+]": 17, "[Ir]": 16, "P": 16, "8": 16, "[Ti]": 12, "[Mg+2]": 12, "[Zn+2]": 12, "[OH2+]": 11, "[OH+]": 9, "#": 8, "[Pt]": 8, "[Rb+]": 8, "%11": 8, "%17": 8, "6": 7, "[Ni+2]": 6, "[As]": 6, "[Co]": 6, "[nH]": 5, "%15": 5, ")": 4, "b": 4, "[C@]": 4, "[c]": 4, "[Tl]": 4, "[Zr+2]": 4, "[Zn+]": 4}}, "0.00": {"activatedMoleculePct": 0.04637283557669985, "activatedTokens": {"[nH]": 10028, "[C@]": 9552, "-": 7516, "(": 7032, ")": 6192, "O": 3953, "4": 3667, "Br": 2713, "[C@H]": 2678, "Cl": 2670, "=": 2467, "[N-]": 2361, "[Si]": 2115, "s": 1997, "[S@@]": 1753, "2": 1254, "N": 1136, "1": 1075, "6": 992, "3": 795, "S": 776, "others": 771, "[n+]": 637, "B": 497, "[NH+]": 497, "[C@@]": 488, ".": 458, "[C-]": 403, "[N+]": 359, "[c-]": 321, "C": 284, "[CH]": 269, "I": 220, "[B]": 195, "[P+]": 188, "[C]": 133, "[NH2+]": 126, "[CH2-]": 123, "[S-]": 111, "[NH3+]": 104, "[cH-]": 97, "#": 94, "[O+]": 92, "[SiH]": 81, "[CH-]": 79, "[I-]": 71, "[Se]": 71, "[n-]": 69, "[SiH2]": 59, "[Y]": 53, "[NH-]": 53, "[B-]": 49, "[U+2]": 47, "[nH+]": 46}}}