{"0.20": {"activatedMoleculePct": 0.3334099878939501, "activatedTokens": {"S": 183900, "Cl": 174121, "s": 119357, "Br": 46591, "[C@]": 30424, "[N+]": 8058, "I": 5918, "others": 1711}}, "0.00": {"activatedMoleculePct": 0.4149409015308697, "activatedTokens": {"S": 235223, "Cl": 186944, "s": 156764, "Br": 63920, "[C@]": 45555, "[N+]": 24997, "[C@@]": 20878, "I": 6473, "others": 3061}}}