{"0.20": {"activatedMoleculePct": 0.9341154051498682, "activatedTokens": {"(": 4628306, "others": 370}}, "0.00": {"activatedMoleculePct": 0.9891279909010549, "activatedTokens": {"(": 6149288, "others": 7159}}}