{"0.20": {"activatedMoleculePct": 0.1000796084465514, "activatedTokens": {"o": 98183, "n": 57788, "others": 1333}}, "0.00": {"activatedMoleculePct": 0.22933823922521282, "activatedTokens": {"n": 229565, "o": 156932, "=": 14912, "[C@]": 4948, "others": 3883, "[Si]": 883, "C": 756}}}