{"0.20": {"activatedMoleculePct": 0.19499675194608596, "activatedTokens": {"F": 494822, "others": 21}}, "0.00": {"activatedMoleculePct": 0.21993609353223484, "activatedTokens": {"F": 567154, "others": 1024}}}