{"0.20": {"activatedMoleculePct": 0.3681176593798451, "activatedTokens": {"3": 700177, "[C@H]": 47858, "1": 42555, "F": 37719, "[C@@H]": 21708, "others": 1991}}, "0.00": {"activatedMoleculePct": 0.837102223250793, "activatedTokens": {"3": 961575, "1": 624566, "(": 295470, "F": 287686, "[C@H]": 285960, "[C@@H]": 238787, "Cl": 130915, "others": 23817}}}