{"0.20": {"activatedMoleculePct": 0.14474602561971184, "activatedTokens": {"C": 386355, "n": 52191, "N": 47197, "O": 40946, "others": 4352, "1": 2863, "=": 1995, "s": 1772, "\\": 1630}}, "0.00": {"activatedMoleculePct": 0.4743616127631308, "activatedTokens": {"C": 1912710, "n": 235687, "N": 230622, "O": 224332, "=": 52935, "1": 30279, "others": 26816, "Cl": 15277, "s": 11144}}}