{"0.20": {"activatedMoleculePct": 0.15783344916960407, "activatedTokens": {"1": 298596, "others": 13}}, "0.00": {"activatedMoleculePct": 0.2751259124394972, "activatedTokens": {"1": 584065, "others": 4717}}}