{"0.20": {"activatedMoleculePct": 0.16307427753686926, "activatedTokens": {"S": 238516, "others": 2328}}, "0.00": {"activatedMoleculePct": 0.16432589515560264, "activatedTokens": {"S": 238516, "[n+]": 1722, "I": 1566, "others": 1173}}}