{"0.20": {"activatedMoleculePct": 0.26942881855059897, "activatedTokens": {"o": 177278, "s": 163607, "Br": 69160, "I": 4379, "others": 1221}}, "0.00": {"activatedMoleculePct": 0.2795538118677372, "activatedTokens": {"o": 177278, "s": 163607, "Br": 69162, "[C@]": 14579, "I": 6770, "others": 1834}}}