{"0.20": {"activatedMoleculePct": 0.9868137067142804, "activatedTokens": {"1": 3938304, "others": 21}}, "0.00": {"activatedMoleculePct": 0.9927158637589688, "activatedTokens": {"1": 4078959, "others": 8015}}}