{"0.20": {"activatedMoleculePct": 0.24546132984921268, "activatedTokens": {"c": 906318, "others": 2601}}, "0.00": {"activatedMoleculePct": 0.5386987131554606, "activatedTokens": {"c": 2573312, "others": 11677}}}