{"0.20": {"activatedMoleculePct": 0.998180796860776, "activatedTokens": {")": 6223950, "others": 75}}, "0.00": {"activatedMoleculePct": 0.9981976413342873, "activatedTokens": {")": 6223950, "others": 20307}}}