{"0.20": {"activatedMoleculePct": 0.008788420962434627, "activatedTokens": {"5": 25016, "6": 1957, "7": 1915, "8": 826, "9": 328, "others": 235, "%10": 160}}, "0.00": {"activatedMoleculePct": 0.009142154906172621, "activatedTokens": {"5": 26104, "6": 2633, "7": 1950, "8": 826, "9": 328, "others": 252, "%10": 160, "[Si]": 143, "n": 111, "%11": 100}}}