{"0.20": {"activatedMoleculePct": 0.03319240123828851, "activatedTokens": {"4": 79751, "others": 106}}, "0.00": {"activatedMoleculePct": 0.06616948616299738, "activatedTokens": {"4": 175809, "others": 1339}}}