{"0.20": {"activatedMoleculePct": 0.7975411462883935, "activatedTokens": {"2": 2562643, "3": 924609, "others": 98}}, "0.00": {"activatedMoleculePct": 0.8013296880916163, "activatedTokens": {"2": 2655802, "3": 991429, "others": 3034}}}