{"0.20": {"activatedMoleculePct": 0.7376839434816648, "activatedTokens": {"N": 1734116, "others": 7}}, "0.00": {"activatedMoleculePct": 0.9453535984555815, "activatedTokens": {"N": 2659807, "others": 241}}}