{"0.20": {"activatedMoleculePct": 0.23053053500244977, "activatedTokens": {"s": 163607, "o": 92362, "[nH]": 58609, "/": 50019, "others": 129}}, "0.00": {"activatedMoleculePct": 0.3180148714730053, "activatedTokens": {"o": 170460, "s": 163607, "[nH]": 135548, "/": 50041, "others": 229}}}