{"0.20": {"activatedMoleculePct": 0.13663797491345236, "activatedTokens": {"s": 163607, "Br": 27898, "I": 6438, "others": 101}}, "0.00": {"activatedMoleculePct": 0.1606567294037862, "activatedTokens": {"s": 163607, "Br": 66534, "I": 6682, "others": 699}}}