{"0.20": {"activatedMoleculePct": 0.30393875056483916, "activatedTokens": {"c": 1330212, "others": 10445}}, "0.00": {"activatedMoleculePct": 0.5464962396543807, "activatedTokens": {"c": 2417019, "[C@H]": 34275, "others": 22958, "o": 19613, "[C@@H]": 18337, "C": 9707}}}