{"0.20": {"activatedMoleculePct": 0.9581883549028037, "activatedTokens": {"N": 2611458, "Cl": 188530, "others": 1028}}, "0.00": {"activatedMoleculePct": 0.963057872484406, "activatedTokens": {"N": 2696362, "Cl": 188532, "others": 3407}}}