{"0.20": {"activatedMoleculePct": 0.12239926821748119, "activatedTokens": {"S": 179635, "others": 31}}, "0.00": {"activatedMoleculePct": 0.15964459625627914, "activatedTokens": {"S": 235200, "others": 85}}}