{"0.20": {"activatedMoleculePct": 0.8028559438654258, "activatedTokens": {"=": 1857365, "others": 221}}, "0.00": {"activatedMoleculePct": 0.8943814892418742, "activatedTokens": {"=": 2331285, "others": 1567}}}