{"0.20": {"activatedMoleculePct": 0.0014837784058243796, "activatedTokens": {".": 650, "[C@]": 345, "[N+]": 309, "P": 181, "9": 154, "[nH]": 148, "[Si]": 116, "5": 112, "1": 110, "3": 108, "s": 100, "[c-]": 82, "S": 54, "/": 47, "[P+]": 35, "others": 26, ")": 16, "[CH2-]": 11, "%10": 10, "[B]": 9, "[Na+]": 6, "[nH+]": 5, "[NH+]": 5, "[CH+]": 4}}, "0.00": {"activatedMoleculePct": 0.006138712042260587, "activatedTokens": {"[C@]": 1954, "[N+]": 1352, "1": 1129, ".": 960, "s": 813, "[nH]": 684, "S": 596, "/": 451, ")": 385, "P": 321, "3": 285, "5": 212, "[Si]": 209, "9": 154, "n": 133, "[c-]": 99, "others": 99, "[P+]": 44, "Br": 30, "[CH2-]": 11}}}