{"0.20": {"activatedMoleculePct": 5.858947308289751e-06, "activatedTokens": {"1": 7, "(": 1, "others": 0}}, "0.00": {"activatedMoleculePct": 0.0016932357720957382, "activatedTokens": {"#": 561, ")": 342, "4": 317, "(": 306, "3": 223, "[C@]": 184, "5": 183, "1": 134, "=": 100, "F": 45, "C": 37, "others": 23, "N": 21}}}