{"0.20": {"activatedMoleculePct": 0.004895882844489623, "activatedTokens": {"[S@]": 3070, "[S@@]": 2708, "[N-]": 926, "others": 12}}, "0.00": {"activatedMoleculePct": 0.006889389666135211, "activatedTokens": {"[S@]": 3988, "[S@@]": 3631, "[N-]": 1606, "Br": 122, "others": 86, "\\": 65}}}