{"0.20": {"activatedMoleculePct": 0.9987644944863644, "activatedTokens": {"(": 6208500, "2": 2659205, "3": 995193, "others": 5}}, "0.00": {"activatedMoleculePct": 0.9989717547473952, "activatedTokens": {"(": 6222912, "2": 2660400, "3": 1002403, "others": 2903}}}