{"0.20": {"activatedMoleculePct": 0.3046799073993378, "activatedTokens": {"F": 501681, "[nH]": 123651, "-": 83885, "others": 81}}, "0.00": {"activatedMoleculePct": 0.33427711209557703, "activatedTokens": {"F": 532315, "[nH]": 129528, "-": 124844, "others": 2721}}}