{"0.20": {"activatedMoleculePct": 0.023476069495903498, "activatedTokens": {"[C@]": 17089, "#": 4230, ".": 3958, "5": 3891, "[Si]": 1769, "8": 816, "P": 733, "4": 578, "7": 576, "6": 475, "S": 371, "[nH]": 368, "others": 357, "9": 307, "[C@@]": 279, "N": 242, "[N+]": 231, "1": 211, "-": 167, "3": 166, "n": 107}}, "0.00": {"activatedMoleculePct": 0.12070969428745314, "activatedTokens": {"[C@]": 28921, "1": 23486, "#": 19770, ")": 16146, "4": 13543, "5": 11516, "n": 11221, "3": 9278, "[nH]": 9189, "S": 8630, "N": 8543, "=": 7286, "[C@@H]": 5929, "/": 5761, ".": 5256, "2": 5016, "[C@H]": 4195, "[C@@]": 4002, "-": 3693, "[N+]": 2658, "[Si]": 1915, "others": 1399, "6": 1295, "P": 1214, "8": 817}}}