{"0.20": {"activatedMoleculePct": 0.22483856769244628, "activatedTokens": {"2": 255871, "O": 102530, ")": 22062, "(": 6457, "=": 4196, "others": 3521, "1": 3332, "C": 3184, "I": 1434, "c": 1315, "Br": 922, "\\": 901, "4": 866, "o": 863, "[n+]": 759, "[N-]": 744}}, "0.00": {"activatedMoleculePct": 0.7191725994611233, "activatedTokens": {"2": 954924, "O": 801942, ")": 394485, "(": 261867, "1": 86985, "c": 56651, "=": 56200, "o": 31577, "others": 23419, "F": 17555, "[nH]": 16098, "C": 14798, "Br": 13299, "-": 9397, "s": 7841, "n": 5096, "Cl": 4368, "\\": 4316}}}