{"0.20": {"activatedMoleculePct": 0.5570320916515128, "activatedTokens": {"C": 1521343, "others": 220}}, "0.00": {"activatedMoleculePct": 0.8134459911251596, "activatedTokens": {"C": 3456555, "others": 2022}}}