{"0.20": {"activatedMoleculePct": 0.9338956946258073, "activatedTokens": {"O": 3179767, "others": 50}}, "0.00": {"activatedMoleculePct": 0.957545335435719, "activatedTokens": {"O": 3425380, "others": 2679}}}