{"0.20": {"activatedMoleculePct": 0.048610221080052994, "activatedTokens": {"o": 67638, "others": 1}}, "0.00": {"activatedMoleculePct": 0.06964970086412149, "activatedTokens": {"o": 97660, "others": 575}}}