{"0.20": {"activatedMoleculePct": 0.6941255997181847, "activatedTokens": {"[C@@H]": 789403, "[C@H]": 788546, "[C@]": 51045, "[C@@]": 50751, "others": 273}}, "0.00": {"activatedMoleculePct": 0.7033351325184026, "activatedTokens": {"[C@H]": 805484, "[C@@H]": 789550, "[C@]": 51046, "[C@@]": 50751, "=": 10308, "others": 7533}}}