{"0.20": {"activatedMoleculePct": 0.9956233663607076, "activatedTokens": {")": 5449381, "others": 34}}, "0.00": {"activatedMoleculePct": 0.9981046305457683, "activatedTokens": {")": 6187544, "others": 2388}}}