{"0.20": {"activatedMoleculePct": 0.549728181463316, "activatedTokens": {"C": 1995356, "others": 1068}}, "0.00": {"activatedMoleculePct": 0.796460170510014, "activatedTokens": {"C": 3944475, "others": 5974}}}