{"0.20": {"activatedMoleculePct": 0.9509327810299004, "activatedTokens": {"(": 4396301, "others": 145}}, "0.00": {"activatedMoleculePct": 0.994267752427252, "activatedTokens": {"(": 6116488, "others": 1104}}}