{"0.20": {"activatedMoleculePct": 1.4647368270724378e-06, "activatedTokens": {"[SiH3]": 2, "P": 1, "others": 0}}, "0.00": {"activatedMoleculePct": 0.0003090594705122844, "activatedTokens": {"1": 187, ")": 59, "=": 48, "C": 48, "O": 43, "(": 27, "n": 21, "[C@@H]": 21, "2": 16, "N": 16, "/": 15, "others": 3}}}