{"0.20": {"activatedMoleculePct": 0.12318509952520555, "activatedTokens": {"o": 176653, "others": 14}}, "0.00": {"activatedMoleculePct": 0.1236552800466958, "activatedTokens": {"o": 177267, "others": 153}}}