{"0.20": {"activatedMoleculePct": 0.578237819065454, "activatedTokens": {"n": 1698554, "[O-]": 33261, "others": 817}}, "0.00": {"activatedMoleculePct": 0.5807710814078757, "activatedTokens": {"n": 1698554, "[O-]": 33322, "others": 12358}}}