{"0.20": {"activatedMoleculePct": 0.791838193452187, "activatedTokens": {"2": 2331879, "3": 758127, "4": 200580, "others": 506}}, "0.00": {"activatedMoleculePct": 0.8008829433593593, "activatedTokens": {"2": 2646144, "3": 984787, "4": 203037, "others": 2957}}}