{"0.20": {"activatedMoleculePct": 0.38457178052676333, "activatedTokens": {"1": 532068, "others": 115}}, "0.00": {"activatedMoleculePct": 0.6078496711299639, "activatedTokens": {"1": 869542, "others": 1447}}}