{"0.20": {"activatedMoleculePct": 0.04850988660739853, "activatedTokens": {"#": 68228, "others": 107}}, "0.00": {"activatedMoleculePct": 0.058051914667361926, "activatedTokens": {"#": 78496, "(": 1579, "C": 692, "c": 678, "others": 621, "O": 579, "=": 496, ")": 239}}}