{"0.20": {"activatedMoleculePct": 0.6276822077685247, "activatedTokens": {"n": 1522348, "3": 902569, "others": 2}}, "0.00": {"activatedMoleculePct": 0.6670916844693222, "activatedTokens": {"n": 1682166, "3": 992676, "others": 5705}}}