{"0.20": {"activatedMoleculePct": 0.8463234739456275, "activatedTokens": {"1": 1473353, "C": 147045, "c": 111339, ")": 58442, "F": 18146, "others": 16224, "[C@@H]": 15026, "=": 12545, "O": 10763, "[C@@]": 7602, "N": 6674, "[C@H]": 6249, ".": 6034, "[C@]": 5597, "n": 4579}}, "0.00": {"activatedMoleculePct": 0.9671503471792464, "activatedTokens": {"C": 3387842, "c": 2307275, "1": 2202089, ")": 882335, "=": 699175, "N": 477935, "O": 398033, "[C@@H]": 270221, "[C@H]": 244668, "2": 237707, "n": 179782, "3": 171969, "F": 112058, "others": 110013, "-": 65546, "[C@@]": 32792, "[C@]": 30308}}}