{"0.20": {"activatedMoleculePct": 0.3130574696817786, "activatedTokens": {"3": 867080, "others": 1}}, "0.00": {"activatedMoleculePct": 0.3415429391262698, "activatedTokens": {"3": 978829, "others": 481}}}