{"0.20": {"activatedMoleculePct": 0.9034994759904001, "activatedTokens": {"=": 2357450, "#": 60733, "others": 115}}, "0.00": {"activatedMoleculePct": 0.9089607472501396, "activatedTokens": {"=": 2381710, "#": 77409, "others": 3625}}}