{"0.20": {"activatedMoleculePct": 0.9946434574233961, "activatedTokens": {"(": 6204623, "others": 408}}, "0.00": {"activatedMoleculePct": 0.9973627413428561, "activatedTokens": {"(": 6221646, "others": 12308}}}