{"0.20": {"activatedMoleculePct": 0.9008124162811357, "activatedTokens": {"=": 2386881, "others": 49}}, "0.00": {"activatedMoleculePct": 0.900857823122775, "activatedTokens": {"=": 2386924, "others": 1238}}}