{"0.20": {"activatedMoleculePct": 0.290074284128185, "activatedTokens": {"3": 772203, "others": 20}}, "0.00": {"activatedMoleculePct": 0.340707306766425, "activatedTokens": {"3": 982756, "others": 2196}}}