{"0.20": {"activatedMoleculePct": 0.2183622338115455, "activatedTokens": {"F": 556488, "others": 8}}, "0.00": {"activatedMoleculePct": 0.22208998903644486, "activatedTokens": {"F": 571681, "others": 975}}}