{"0.20": {"activatedMoleculePct": 0.25087792663572656, "activatedTokens": {"O": 393706, "others": 1187}}, "0.00": {"activatedMoleculePct": 0.4706902499060738, "activatedTokens": {"O": 826582, "S": 7691, "others": 7562, "[N+]": 4801, "2": 3890}}}