{"0.20": {"activatedMoleculePct": 0.052391439199140494, "activatedTokens": {"#": 73026, "others": 732, "C": 399, "1": 224, ".": 130, "=": 130, "P": 110, "[N+]": 104, "(": 51, "[Si]": 43, "O": 43, "Cl": 42, ")": 41, "N": 39}}, "0.00": {"activatedMoleculePct": 0.05957011438862251, "activatedTokens": {"#": 81680, "others": 858, "C": 769, "1": 661, "(": 458, "P": 451, "=": 408, "F": 290, "[N+]": 246, ".": 170, "c": 102, ")": 101, "o": 93, "N": 93, "S": 86, "O": 76, "[Si]": 67, "Cl": 66, "\\": 43}}}