{"0.20": {"activatedMoleculePct": 0.021218177676971334, "activatedTokens": {"[O-]": 29220, "[n+]": 1678, "others": 240}}, "0.00": {"activatedMoleculePct": 0.02358958660000161, "activatedTokens": {"[O-]": 32551, "[n+]": 1706, "others": 338, "[c-]": 253}}}