{"0.20": {"activatedMoleculePct": 0.7179715152629239, "activatedTokens": {"c": 4586008, "others": 19}}, "0.00": {"activatedMoleculePct": 0.9027282920509465, "activatedTokens": {"c": 9754319, "others": 570}}}