{"0.20": {"activatedMoleculePct": 0.001672729456516724, "activatedTokens": {"Br": 537, "4": 414, "F": 285, "[C@H]": 266, "3": 235, "c": 223, "C": 204, ")": 197, "(": 181, "N": 179, "I": 164, "n": 152, "1": 103, "5": 77, "=": 30, "o": 25, "others": 22, "[I-]": 17, "[NH+]": 17, "2": 16}}, "0.00": {"activatedMoleculePct": 0.008109515443086551, "activatedTokens": {"C": 3071, ")": 2204, "Br": 2023, "c": 1952, "(": 1464, "1": 1367, "F": 1260, "4": 870, "3": 863, "n": 745, "[C@H]": 673, "N": 586, "I": 285, "=": 217, "5": 134, "others": 118, "2": 94, "o": 82}}}