{"0.20": {"activatedMoleculePct": 0.010438446998131729, "activatedTokens": {"O": 19963, "2": 9403, "1": 5449, "C": 4991, "5": 4121, "n": 2728, "N": 2484, "-": 2123, "7": 1570, "3": 1162, "4": 1112, "=": 760, "P": 712, ")": 650, "others": 576, ".": 444, "[n+]": 360, "o": 305, "[C@@H]": 291, "s": 274, "#": 224, "9": 178, "6": 143, "[Si]": 108, "(": 89, "[N-]": 80, "c": 74, "[c-]": 71, "[NH+]": 71, "8": 70, "S": 69, "%11": 62, "[N+]": 61, "[S@@]": 44, "%12": 42, "[C@H]": 39, "F": 37, "%13": 35}}, "0.00": {"activatedMoleculePct": 0.11027417676297556, "activatedTokens": {"O": 186798, "2": 45184, "[C@@H]": 38794, "C": 22002, "1": 14768, "[C@H]": 13465, "N": 13239, "5": 10012, "n": 7816, "-": 3995, "others": 3749, "3": 3385, "4": 3091, "=": 2873, ")": 2341, "7": 1595, "P": 1123, "6": 1105, "s": 1024, "c": 809, ".": 776, "[n+]": 634, "#": 570, "o": 430}}}