{"0.20": {"activatedMoleculePct": 0.9041666636151316, "activatedTokens": {"c": 10350189, "others": 541}}, "0.00": {"activatedMoleculePct": 0.9051421783419619, "activatedTokens": {"c": 10350234, "others": 32089}}}