{"0.20": {"activatedMoleculePct": 0.001816273665569823, "activatedTokens": {"[N-]": 2389, "[Cl-]": 239, "others": 0}}, "0.00": {"activatedMoleculePct": 0.0018228649812916488, "activatedTokens": {"[N-]": 2389, "[Cl-]": 246, "others": 2}}}