{"0.20": {"activatedMoleculePct": 0.9550611417770041, "activatedTokens": {"N": 2704417, "others": 82}}, "0.00": {"activatedMoleculePct": 0.9553467654582832, "activatedTokens": {"N": 2704423, "others": 8960}}}