{"0.20": {"activatedMoleculePct": 0.07391354976772936, "activatedTokens": {"3": 108061, "others": 11}}, "0.00": {"activatedMoleculePct": 0.13622565149663146, "activatedTokens": {"3": 210004, "others": 73}}}