{"0.20": {"activatedMoleculePct": 0.13637212517933872, "activatedTokens": {"N": 213395, "others": 261}}, "0.00": {"activatedMoleculePct": 0.20847745733404716, "activatedTokens": {"N": 339503, "others": 3178, "S": 805}}}