{"0.20": {"activatedMoleculePct": 0.007925690971288962, "activatedTokens": {"[C@]": 5994, "P": 2307, "[Si]": 1059, "5": 929, "[S@@]": 657, "4": 326, "B": 185, "N": 154, "others": 106, "s": 74, "3": 66, "1": 59, "I": 58, "/": 26, "7": 24, "(": 23}}, "0.00": {"activatedMoleculePct": 0.1310946783913967, "activatedTokens": {"[C@]": 31048, "(": 24633, "C": 23192, "=": 22684, "S": 19667, "s": 15799, "O": 14078, "[C@H]": 12501, "N": 11139, "/": 8042, ")": 5941, "5": 5830, "Br": 4572, "3": 4458, "1": 3038, "[C@@H]": 2460, "c": 2395, "P": 2357, "[S@@]": 1956, "[Si]": 1481, "4": 1418, "others": 1307}}}