{"0.20": {"activatedMoleculePct": 0.9975927050247064, "activatedTokens": {"C": 13224453, "others": 231}}, "0.00": {"activatedMoleculePct": 0.9980042960731138, "activatedTokens": {"C": 13227826, "others": 45936}}}