{"0.20": {"activatedMoleculePct": 0.37288171590989816, "activatedTokens": {"[C@@H]": 666122, "others": 54}}, "0.00": {"activatedMoleculePct": 0.43497044527267176, "activatedTokens": {"[C@@H]": 784438, "others": 2202}}}