{"0.20": {"activatedMoleculePct": 0.8669279268920554, "activatedTokens": {"N": 2282964, "others": 107}}, "0.00": {"activatedMoleculePct": 0.947689853694762, "activatedTokens": {"N": 2664890, "others": 1114}}}