{"0.20": {"activatedMoleculePct": 0.8344510495937919, "activatedTokens": {"O": 3036099, "others": 81}}, "0.00": {"activatedMoleculePct": 0.9468447005455413, "activatedTokens": {"O": 3429953, "others": 3025}}}