{"0.20": {"activatedMoleculePct": 0.3318771408044188, "activatedTokens": {"[C@@H]": 573782, "others": 72}}, "0.00": {"activatedMoleculePct": 0.4275889040326402, "activatedTokens": {"[C@@H]": 769115, "others": 895}}}