{"0.20": {"activatedMoleculePct": 0.00587652415021462, "activatedTokens": {".": 7013, "P": 1550, "5": 328, "I": 262, "[Cl-]": 257, "/": 229, "[N+]": 212, "-": 133, "[C@@]": 126, "others": 109, "[C@]": 108, "S": 101, ")": 74, "o": 52, "[Br-]": 41, "B": 40, "[I-]": 33, "[SiH]": 30, "s": 27, "3": 27, "[CH3-]": 27, "[Zr+2]": 23, "[n+]": 21, "[Al]": 21, "[B-]": 17, "[Na+]": 17, "[S+]": 16, "[Pt+2]": 15, "[Zr]": 14, "[Zn+2]": 14, "[HH]": 13, "N": 12, "[Pt]": 11, "[Ni+2]": 11, "[B]": 11, "O": 11, "[Rh]": 10, "[Mo]": 9, "[Ru]": 9, "[Si]": 8, "[Tl]": 8, "[Si-]": 7, "[Mn]": 7, "[Pd+2]": 7, "p": 7, "[o+]": 7, "[C@@H]": 7, "[Cu+2]": 6, "[Co+2]": 5, "[Cl+3]": 5, "[NH4+]": 5, "[Ti+2]": 5, "[CH+]": 5, "[F-]": 5, "[P@@]": 4, "[Sn]": 4, "[Ce+3]": 4, "[C+]": 4, "[Na]": 4, "[Mn+2]": 4, "[C-]": 4, "[Zr+4]": 4, "[Zn]": 4}}, "0.00": {"activatedMoleculePct": 0.05727267467535939, "activatedTokens": {"(": 18015, "[C@@H]": 10266, ".": 9085, "O": 8260, "[C@H]": 7224, "3": 6064, "c": 5882, ")": 5027, "N": 4764, "[C@@]": 4445, "[C@]": 3938, "o": 3561, "S": 3263, "/": 3096, "C": 2868, "-": 2684, "F": 2631, "[N+]": 2399, "2": 1997, "P": 1901, "I": 1319, "=": 1212, "5": 1153, "s": 1041, "others": 942, "1": 391, "[Cl-]": 258}}}