{"0.20": {"activatedMoleculePct": 0.998040182125377, "activatedTokens": {"C": 13227550, "others": 113}}, "0.00": {"activatedMoleculePct": 0.9982518365968891, "activatedTokens": {"C": 13228778, "others": 43491}}}