{"0.20": {"activatedMoleculePct": 0.008139542548041537, "activatedTokens": {"n": 11529, "[Si]": 1763, ")": 788, "C": 356, "[O-]": 259, "#": 169, "others": 147, "N": 55, "\\": 48}}, "0.00": {"activatedMoleculePct": 0.04375315376148079, "activatedTokens": {"n": 66435, ")": 4629, "N": 3548, "C": 2287, "[Si]": 1870, "[O-]": 1639, "#": 1156, "2": 888, "c": 815, "others": 620, "s": 344, "O": 339, "\\": 302, "(": 292}}}