{"0.20": {"activatedMoleculePct": 0.9960312955670473, "activatedTokens": {")": 6017738, "others": 25}}, "0.00": {"activatedMoleculePct": 0.9980218729150386, "activatedTokens": {")": 6217629, "others": 2908}}}