{"0.20": {"activatedMoleculePct": 0.06818349930022198, "activatedTokens": {"F": 81817, "S": 29884, "s": 16282, "Br": 5136, "others": 344}}, "0.00": {"activatedMoleculePct": 0.159641666782625, "activatedTokens": {"F": 179519, "S": 81624, "s": 44572, "Br": 16888, "Cl": 3255, "others": 2187}}}