{"0.20": {"activatedMoleculePct": 0.7789463122687089, "activatedTokens": {"2": 2095479, "4": 19851, "others": 1491}}, "0.00": {"activatedMoleculePct": 0.8007994533602162, "activatedTokens": {"2": 2649040, "4": 192802, "others": 9092}}}