{"0.20": {"activatedMoleculePct": 0.013125506707396116, "activatedTokens": {".": 10908, "I": 6772, "[Si]": 2120, "Br": 2043, "P": 1759, "others": 233, "[NH2+]": 219, "[P+]": 215, "[SiH]": 83, "[B-]": 63, "[HH]": 56, "[cH-]": 54, "[Sn]": 53, "[I-]": 45, "[NH-]": 38, "[Al]": 34, "[PH+]": 34, "[Na]": 33, "[Ge]": 30, "[SiH3]": 27, "[Ir]": 27}}, "0.00": {"activatedMoleculePct": 0.05924201333935829, "activatedTokens": {"Br": 62017, ".": 10915, "I": 6789, "F": 4147, "O": 2401, "P": 2276, "[Si]": 2120, "S": 1685, "others": 950, "s": 315, "[NH2+]": 224, "n": 217, "[P+]": 215, "-": 182, "[C@@H]": 124, "[C@@]": 107, "[B-]": 85, "[SiH]": 83, "[cH-]": 82, "Cl": 80}}}