{"0.20": {"activatedMoleculePct": 0.9927092724432469, "activatedTokens": {"1": 4081335, "others": 22}}, "0.00": {"activatedMoleculePct": 0.9927576087585404, "activatedTokens": {"1": 4081397, "others": 6405}}}