{"0.20": {"activatedMoleculePct": 0.8465841971008464, "activatedTokens": {"c": 7463426, "others": 40}}, "0.00": {"activatedMoleculePct": 0.9016260775885745, "activatedTokens": {"c": 10109144, "others": 1116}}}