{"0.20": {"activatedMoleculePct": 0.13599642018319463, "activatedTokens": {"n": 398415, "others": 2013}}, "0.00": {"activatedMoleculePct": 0.2649635683332686, "activatedTokens": {"n": 820329, "others": 7479}}}