{"0.20": {"activatedMoleculePct": 0.75792953590546, "activatedTokens": {"1": 1244109, "others": 133}}, "0.00": {"activatedMoleculePct": 0.8752813210168496, "activatedTokens": {"1": 1579690, "others": 12211}}}