{"0.20": {"activatedMoleculePct": 0.9355654946086699, "activatedTokens": {"N": 2478869, "others": 286}}, "0.00": {"activatedMoleculePct": 0.9525754833814621, "activatedTokens": {"N": 2668856, "others": 4578}}}