{"0.20": {"activatedMoleculePct": 0.06013989701435369, "activatedTokens": {"F": 60857, "3": 22452, ")": 12828, "=": 11313, "-": 10705, "O": 5360, "2": 5348, "Cl": 5173, "4": 5118, "n": 4561, "o": 3046, "[nH]": 2945, "C": 2318, "1": 2230, "[C@@H]": 1500, "others": 1441, "I": 1411, "[C@H]": 1217, "N": 765, "[N+]": 543}}, "0.00": {"activatedMoleculePct": 0.3862979728774682, "activatedTokens": {"=": 297242, ")": 262842, "F": 259961, "O": 176697, "3": 166301, "C": 124414, "[C@@H]": 81153, "2": 69129, "[C@H]": 60846, "1": 56994, "Cl": 56245, "n": 46096, "-": 45309, "(": 35001, "o": 34937, "N": 34064, "[nH]": 21013, "4": 18846, "others": 16157, "[N+]": 6975, "c": 5735}}}