{"0.20": {"activatedMoleculePct": 0.4302327540055059, "activatedTokens": {"[C@H]": 679224, "[C@@]": 50665, "[C@]": 38985, "others": 57}}, "0.00": {"activatedMoleculePct": 0.48292812609626395, "activatedTokens": {"[C@H]": 794164, "[C@@]": 50749, "[C@]": 49398, "others": 1427}}}