{"0.20": {"activatedMoleculePct": 0.20835222233533246, "activatedTokens": {"S": 186880, "o": 125287, "others": 38}}, "0.00": {"activatedMoleculePct": 0.2610263557420979, "activatedTokens": {"S": 228363, "o": 165960, "others": 3113}}}