{"0.20": {"activatedMoleculePct": 0.12331692583964207, "activatedTokens": {"-": 183051, "6": 3608, "others": 1698, ".": 1523, "[S@@]": 591, "[Si]": 496, "7": 485, "B": 484, "P": 456, "[n+]": 304}}, "0.00": {"activatedMoleculePct": 0.15917880994527012, "activatedTokens": {"-": 183482, ")": 22098, "[C@H]": 8310, "C": 8082, "c": 6292, "1": 5100, "/": 4933, ".": 4769, "6": 4761, "=": 4415, "#": 3595, "N": 3188, "others": 2579, "5": 2352, "O": 2168, "2": 2094, "[S@@]": 1947, "F": 1939, "[N+]": 1799, "o": 1291, "[O-]": 1247, "4": 1079, "[Si]": 1007, "P": 990, "[n+]": 863, "7": 796}}}