{"0.20": {"activatedMoleculePct": 0.4171196975611399, "activatedTokens": {"[C@@H]": 729507, ".": 7807, "others": 22}}, "0.00": {"activatedMoleculePct": 0.44130616441817355, "activatedTokens": {"[C@@H]": 784813, ".": 9648, "others": 729}}}