{"0.20": {"activatedMoleculePct": 0.9950865403135855, "activatedTokens": {"O": 3395888, "n": 1404106, "N": 709046, "F": 194398, "C": 173333, "=": 122274, "-": 113755, "[nH]": 113712, "#": 75637, "(": 56725, "others": 51206, "/": 48757, "S": 46249, "[C@@H]": 44401, "[N+]": 28437, "3": 27368, "c": 22150, "2": 22013}}, "0.00": {"activatedMoleculePct": 0.998596049751251, "activatedTokens": {"C": 6198157, "O": 3446331, "N": 2477158, "(": 2090032, "=": 1784994, "n": 1692850, "c": 1290526, "[C@@H]": 539976, "F": 503345, "3": 274180, "S": 214371, "others": 197816, "-": 180906, "2": 152835, "o": 149274, "[nH]": 141890, "1": 117187, "#": 81119, "/": 49926}}}