{"0.20": {"activatedMoleculePct": 0.003962113117230944, "activatedTokens": {"[S@]": 1867, "[S@@]": 817, "P": 704, "2": 448, "1": 414, "B": 403, "[CH]": 218, "[Si]": 140, "o": 138, "O": 133, "[C]": 117, "[nH+]": 106, "S": 106, "[K+]": 65, "others": 63, "[Br-]": 60, "[B]": 55, "[nH]": 45, "[C@]": 44, "[B-]": 44, "n": 29, "[Cl+3]": 28, "[NH3+]": 24, "[OH2+]": 19, "[O-]": 18, "[NH4+]": 17, "N": 17, "[As]": 15, "3": 15, "=": 15, "[SiH]": 13, "[c]": 13, "[Mn]": 13, "[Ge]": 12, "[C+]": 11, "[Pt]": 11, "Br": 11, "#": 11, "[Zn+2]": 10, "%16": 10, "s": 9, "p": 9, "[Fe]": 8, "[Se]": 8, "[CH2]": 8, "[S+]": 8, "[V]": 5, "[Co+2]": 5, "[n-]": 5, "[Li+]": 5, "[Al]": 5, "[Zr]": 5, "[Sn]": 4, "[Eu+3]": 4, "[Pb]": 4, "[Ni]": 4, "[U]": 4, "[Pd]": 4, "[Re]": 3, "[Mo]": 3, "[CH2-]": 3, "[Ru]": 3, "[Zr+2]": 3, "[PH2+]": 3, "[P-]": 3, "[P@]": 3, "[K]": 3, "[H+]": 3, "[Fe+2]": 3, "[OH-]": 3, "[Gd+3]": 3, "[Cr]": 2, "[In]": 2}}, "0.00": {"activatedMoleculePct": 0.018236705865465386, "activatedTokens": {"o": 3864, "1": 3010, "[S@]": 2910, ")": 2853, "S": 2424, "[nH]": 2036, "[S@@]": 1927, "2": 1759, "O": 1636, "P": 1222, "=": 1196, "[C@]": 849, "N": 538, "B": 474, "[Si]": 322, "[C@H]": 322, "#": 290, "others": 287, "[O-]": 244, "[CH]": 228, "Br": 219, "n": 151, "[C]": 119, "3": 116, "[nH+]": 109, "[Br-]": 67, "[K+]": 65, "[B]": 55, "[B-]": 52, "-": 37, "[Cl+3]": 28, "[NH3+]": 28, "s": 20, "[OH2+]": 19, "[NH4+]": 17, "[Ge]": 17, "[SiH]": 16, "[As]": 15, "[c]": 13}}}