{"0.20": {"activatedMoleculePct": 0.104449650770122, "activatedTokens": {"[C@H]": 118218, "Br": 16682, "[O-]": 16315, "others": 1190}}, "0.00": {"activatedMoleculePct": 0.2551271281710637, "activatedTokens": {"[C@H]": 313798, "Br": 48317, "[O-]": 30393, "others": 4082, "N": 3724, ".": 3022, "n": 1111, "[C@]": 1102, "c": 1092, "o": 997, "s": 704, ")": 696}}}