{"0.20": {"activatedMoleculePct": 0.06675464852541282, "activatedTokens": {"4": 173825, "others": 4}}, "0.00": {"activatedMoleculePct": 0.07044358822439475, "activatedTokens": {"4": 195450, "others": 290}}}