{"0.20": {"activatedMoleculePct": 0.1950480177350335, "activatedTokens": {"o": 148868, "s": 137023, "others": 16}}, "0.00": {"activatedMoleculePct": 0.22455367637958068, "activatedTokens": {"o": 173464, "s": 160484, "others": 420}}}