{"0.20": {"activatedMoleculePct": 0.006203160462651775, "activatedTokens": {".": 4089, "\\": 1355, "6": 864, "8": 826, "=": 588, "c": 513, "[C@@]": 422, "7": 399, "9": 324, "[nH]": 310, "C": 309, "N": 308, "1": 287, "3": 272, "[C@]": 268, "[C@@H]": 247, ")": 166, "%10": 160, "O": 158, "[Si]": 156, "others": 106, "[S@]": 93, "/": 91, "%11": 72, "(": 69, "[O-]": 61, "S": 40, "2": 36, "[n-]": 21}}, "0.00": {"activatedMoleculePct": 0.04583088295068304, "activatedTokens": {"[C@@]": 7984, "[nH]": 7776, "c": 6881, "1": 6779, "[C@@H]": 6531, "3": 6232, ".": 6088, "=": 5656, "\\": 4110, "N": 4014, "/": 3564, "[C@]": 3081, "O": 2824, "C": 2741, "Cl": 2309, "6": 2242, "[O-]": 1690, ")": 1684, "(": 1566, "s": 1213, "8": 826, "others": 791, "S": 537, "o": 511, "7": 510, "[N+]": 338, "9": 324, "[Si]": 304, "[S@]": 289}}}