{"0.20": {"activatedMoleculePct": 0.015922421678690936, "activatedTokens": {"s": 8497, "C": 4797, "1": 4451, "-": 2169, "/": 2150, "(": 1651, "o": 1543, "Cl": 1235, "S": 966, "I": 758, "[N-]": 727, "3": 492, "N": 384, "=": 334, ")": 248, "#": 212, "others": 165, "2": 163}}, "0.00": {"activatedMoleculePct": 0.06658547142188595, "activatedTokens": {"s": 34181, "1": 17760, "C": 12660, "Cl": 8763, "(": 8512, "o": 8193, "S": 7679, "/": 6693, "=": 3853, "-": 3572, "N": 2288, "3": 2067, "[N-]": 1205, "I": 1162, ")": 1116, "others": 933, "2": 795}}}