{"0.20": {"activatedMoleculePct": 0.8931122947812159, "activatedTokens": {"c": 10065779, "others": 34}}, "0.00": {"activatedMoleculePct": 0.9028044583659542, "activatedTokens": {"c": 10318704, "others": 2543}}}