{"0.20": {"activatedMoleculePct": 0.49833715751706603, "activatedTokens": {"=": 965890, "others": 1000}}, "0.00": {"activatedMoleculePct": 0.7169659734311387, "activatedTokens": {"=": 1583943, "others": 4142}}}