{"0.20": {"activatedMoleculePct": 0.2624076025700272, "activatedTokens": {"c": 368310, "[C@@H]": 237495, "C": 52464, "[N+]": 17870, "1": 17037, "F": 9725, "(": 8452, "n": 8299, "-": 7075, ")": 5672, "others": 5067, "[O-]": 3815, "=": 2814}}, "0.00": {"activatedMoleculePct": 0.5380542289515488, "activatedTokens": {"c": 1129723, "[C@@H]": 464331, "C": 308984, "(": 133874, "1": 114013, ")": 58884, "F": 44515, "=": 39900, "n": 34352, "[N+]": 28223, "-": 27848, "3": 18511, "[O-]": 15303, "others": 12136}}}