{"0.20": {"activatedMoleculePct": 0.01918512296099479, "activatedTokens": {"/": 39342, "others": 44}}, "0.00": {"activatedMoleculePct": 0.022394361349110502, "activatedTokens": {"/": 48343, "others": 386}}}