{"0.20": {"activatedMoleculePct": 0.4533887785046941, "activatedTokens": {"C": 1174538, "others": 1403}}, "0.00": {"activatedMoleculePct": 0.8705472915917515, "activatedTokens": {"C": 4151784, "others": 4813}}}