{"0.20": {"activatedMoleculePct": 0.0007008765717541615, "activatedTokens": {"7": 895, "[C-]": 474, "[Cl-]": 234, "[O+]": 117, "[CH-]": 76, "[U+2]": 42, "9": 35, "[CH2]": 34, "[NH-]": 31, "others": 14}}, "0.00": {"activatedMoleculePct": 0.000876644991002854, "activatedTokens": {"7": 1601, "[C-]": 474, "[Cl-]": 244, "[O+]": 117, "[CH-]": 78, "[NH-]": 49, "[U+2]": 42, "9": 36, "[CH2]": 35, "8": 29, "others": 24, "[SiH2]": 23}}}