{"0.20": {"activatedMoleculePct": 0.5051935906045921, "activatedTokens": {"C": 1261808, "O": 127307, "[C@@H]": 63077, "N": 46153, "[C@H]": 34755, "=": 34238, "s": 23971, "others": 16050, "F": 9435, "S": 6212}}, "0.00": {"activatedMoleculePct": 0.8458430402663477, "activatedTokens": {"C": 3213215, "O": 513520, "[C@@H]": 258380, "N": 215716, "[C@H]": 178249, "=": 156691, "F": 85393, "s": 75651, "Cl": 54836, "others": 47289, "S": 37524, "n": 36193, "Br": 20757}}}