{"0.20": {"activatedMoleculePct": 0.5497318433053837, "activatedTokens": {"2": 1168937, "n": 77745, ")": 64947, "N": 59212, "(": 30181, "[C@H]": 17574, "others": 12813, "[C@@H]": 7640, "=": 3122, "Br": 2662}}, "0.00": {"activatedMoleculePct": 0.7776258520191031, "activatedTokens": {"2": 1542394, "(": 507020, ")": 462502, "N": 206392, "n": 158680, "[C@H]": 67583, "=": 67003, "[C@@H]": 45817, "C": 45728, "1": 33996, "others": 28798, "O": 24098, "F": 16837, "Br": 11125, "[nH]": 6337, "-": 4983}}}