{"0.20": {"activatedMoleculePct": 0.0002519347342564593, "activatedTokens": {".": 375, "2": 35, "=": 18, "o": 7, "others": 4}}, "0.00": {"activatedMoleculePct": 0.0021604868199318456, "activatedTokens": {"2": 1244, "o": 574, ".": 521, "=": 456, "F": 193, "[nH]": 148, ")": 62, "others": 20}}}