{"0.20": {"activatedMoleculePct": 0.1667676114463324, "activatedTokens": {"S": 191338, "#": 36174, "[O-]": 21510, "others": 297}}, "0.00": {"activatedMoleculePct": 0.21364065464947748, "activatedTokens": {"S": 231901, "#": 64810, "[O-]": 29092, "others": 1061}}}