{"0.20": {"activatedMoleculePct": 0.02079267162870679, "activatedTokens": {"/": 43888, "others": 7}}, "0.00": {"activatedMoleculePct": 0.02247565424301302, "activatedTokens": {"/": 48692, "others": 73}}}