{"0.20": {"activatedMoleculePct": 0.6279619725024955, "activatedTokens": {"1": 822259, "C": 51760, "2": 31870, "c": 25660, "O": 17125, "N": 13089, "others": 9325, "(": 4397}}, "0.00": {"activatedMoleculePct": 0.8333019635529535, "activatedTokens": {"1": 1083033, "C": 676669, "c": 410668, "(": 193696, "2": 163912, "O": 126667, "N": 75706, "=": 28367, "n": 25929, "[C@H]": 25274, "others": 23067, "F": 8761}}}