{"0.20": {"activatedMoleculePct": 0.004512854164210181, "activatedTokens": {"3": 3933, "N": 2546, ".": 1710, ")": 1661, "C": 1336, "4": 1221, "5": 986, "n": 317, "others": 136, "7": 93, "2": 49, "I": 40, "[Li+]": 35, "[CH2-]": 28, "6": 25, "[Zr+2]": 19, "[O]": 17, "[Br-]": 13, "[NH4+]": 12, "[Ni]": 11, "[Sb]": 11, "[Ru]": 11, "[HH]": 10, "[OH-]": 9, "[AlH2]": 8}}, "0.00": {"activatedMoleculePct": 0.03317482439636364, "activatedTokens": {"C": 36599, "N": 29157, "3": 6924, ")": 5895, "n": 3421, "4": 2830, "5": 2575, ".": 2543, "others": 860, "2": 145}}}