{"0.20": {"activatedMoleculePct": 0.49998425407910896, "activatedTokens": {"N": 958578, "others": 13}}, "0.00": {"activatedMoleculePct": 0.846575408679884, "activatedTokens": {"N": 2066076, "others": 605}}}