{"0.20": {"activatedMoleculePct": 0.9766381799766082, "activatedTokens": {"(": 5888139, "others": 0}}, "0.00": {"activatedMoleculePct": 0.9927026811275251, "activatedTokens": {"(": 6201172, "others": 1365}}}