{"0.20": {"activatedMoleculePct": 0.5636673494781509, "activatedTokens": {"n": 1687749, "others": 120}}, "0.00": {"activatedMoleculePct": 0.5670794539168161, "activatedTokens": {"n": 1698539, "others": 8510}}}