{"0.20": {"activatedMoleculePct": 0.9882740493308716, "activatedTokens": {"C": 12164255, "others": 68}}, "0.00": {"activatedMoleculePct": 0.9974249926580067, "activatedTokens": {"C": 13184985, "others": 13749}}}