{"0.20": {"activatedMoleculePct": 0.9740726934239908, "activatedTokens": {"(": 4856727, "others": 354}}, "0.00": {"activatedMoleculePct": 0.9896047627382669, "activatedTokens": {"(": 5701516, "others": 7889}}}