{"0.20": {"activatedMoleculePct": 0.8277835675569581, "activatedTokens": {"N": 2202863, "others": 278}}, "0.00": {"activatedMoleculePct": 0.93595072039419, "activatedTokens": {"N": 2641990, "others": 2146}}}