{"0.20": {"activatedMoleculePct": 0.87582400601128, "activatedTokens": {"N": 2248611, "others": 91}}, "0.00": {"activatedMoleculePct": 0.9474122860660318, "activatedTokens": {"N": 2669851, "others": 4247}}}