{"0.20": {"activatedMoleculePct": 0.2157718467328679, "activatedTokens": {"N": 205921, "O": 160815, ")": 24127, "n": 17667, "[C@H]": 17350, "=": 17284, "1": 16767, "2": 10836, "[nH]": 7327, "[C@@H]": 6082, "others": 4516, "3": 4449, "Cl": 2774, "o": 2761, "-": 2010, ".": 1891, "s": 1083}}, "0.00": {"activatedMoleculePct": 0.5513708838148778, "activatedTokens": {"N": 575171, "O": 571385, ")": 250529, "=": 224180, "n": 139127, "1": 113178, "[C@H]": 105027, "2": 62614, "[C@@H]": 42714, "[nH]": 38358, "3": 31391, "Cl": 27692, "(": 25042, "others": 22707, "o": 21953, "F": 11104, "s": 10905, "-": 7403}}}