{"0.20": {"activatedMoleculePct": 0.0016251255096368699, "activatedTokens": {"1": 994, "C": 972, ")": 959, "O": 682, "3": 459, "c": 398, "2": 301, "(": 288, "/": 170, "P": 104, "S": 94, "5": 94, "4": 79, "Cl": 60, "others": 56, "[CH3-]": 20, "#": 13, "[N-]": 9, "[Li+]": 9, "[Si]": 8, "[O-]": 6, "[As]": 5}}, "0.00": {"activatedMoleculePct": 0.00700583624388747, "activatedTokens": {"c": 4317, "1": 2959, "C": 2764, "O": 2515, ")": 2110, "3": 1637, "/": 1427, "2": 1149, "S": 520, "(": 430, "Cl": 424, "5": 389, "others": 191, "4": 173, "P": 167, "[O-]": 68}}}