{"0.20": {"activatedMoleculePct": 0.9968317742430424, "activatedTokens": {"C": 12725704, "others": 124}}, "0.00": {"activatedMoleculePct": 0.9979391152843091, "activatedTokens": {"C": 13215668, "others": 15303}}}