{"0.20": {"activatedMoleculePct": 0.9980841242301892, "activatedTokens": {"C": 13228430, "others": 659}}, "0.00": {"activatedMoleculePct": 0.9984063663321452, "activatedTokens": {"C": 13228759, "others": 18579}}}