{"0.20": {"activatedMoleculePct": 0.18135199603349267, "activatedTokens": {"C": 471597, "others": 624}}, "0.00": {"activatedMoleculePct": 0.9215867786995041, "activatedTokens": {"C": 6623980, "others": 15138}}}