{"0.20": {"activatedMoleculePct": 0.5741387530548917, "activatedTokens": {"=": 1717709, "others": 20}}, "0.00": {"activatedMoleculePct": 0.8590542340781276, "activatedTokens": {"=": 2326284, "others": 311}}}