{"0.20": {"activatedMoleculePct": 0.09821792793934232, "activatedTokens": {"c": 265162, "n": 118845, "(": 68974, "2": 37789, "N": 36384, "C": 35109, "1": 33399, ")": 21006, "-": 19938, "[C@@]": 12262, "O": 10893, "[C@H]": 9225, "Cl": 6214, "o": 5842, "[nH]": 5824, "[C@@H]": 5033, "=": 4572, "others": 4560, "[C@]": 3090}}, "0.00": {"activatedMoleculePct": 0.36118798945096536, "activatedTokens": {"c": 1263578, "(": 643514, "C": 418459, "n": 337935, ")": 197311, "1": 184793, "N": 159086, "2": 157330, "O": 84771, "[C@H]": 76186, "=": 73023, "-": 59047, "Cl": 44830, "[C@@]": 36007, "[C@@H]": 33034, "others": 29530, "o": 26325, "[nH]": 22004, "[C@]": 14744}}}