{"0.20": {"activatedMoleculePct": 0.11305644436599965, "activatedTokens": {"-": 168877, "others": 5}}, "0.00": {"activatedMoleculePct": 0.1193196590385614, "activatedTokens": {"-": 180578, "others": 94}}}