{"0.20": {"activatedMoleculePct": 0.12031421534414358, "activatedTokens": {"-": 183410, "others": 12}}, "0.00": {"activatedMoleculePct": 0.12258309268927879, "activatedTokens": {"-": 183566, "others": 1481, "c": 1155, "(": 1139, "=": 688}}}