{"0.20": {"activatedMoleculePct": 0.010644974890748941, "activatedTokens": {"4": 16711, "5": 3479, "others": 20}}, "0.00": {"activatedMoleculePct": 0.02649928630698101, "activatedTokens": {"4": 43732, "5": 11603, "others": 148}}}