{"0.20": {"activatedMoleculePct": 0.7716585141856099, "activatedTokens": {"(": 2614984, "others": 496}}, "0.00": {"activatedMoleculePct": 0.9887947632728958, "activatedTokens": {"(": 5866209, "others": 6851}}}