{"0.20": {"activatedMoleculePct": 0.06371531960923751, "activatedTokens": {"Cl": 98204, "[Si]": 853, "others": 533}}, "0.00": {"activatedMoleculePct": 0.10744796705513929, "activatedTokens": {"Cl": 130206, "O": 13448, ")": 12496, "C": 11122, "1": 6159, "(": 4716, "F": 1665, "others": 1628, "[Si]": 1297, "n": 1245, "N": 1058, "4": 708, "\\": 609}}}