{"0.20": {"activatedMoleculePct": 0.39715386987131557, "activatedTokens": {"[C@H]": 709871, "others": 2}}, "0.00": {"activatedMoleculePct": 0.43576506500135853, "activatedTokens": {"[C@H]": 795423, "others": 317}}}