{"0.20": {"activatedMoleculePct": 0.546129323079199, "activatedTokens": {"c": 1154872, "3": 986048, "others": 104}}, "0.00": {"activatedMoleculePct": 0.7321736035382183, "activatedTokens": {"c": 3309936, "3": 999850, "others": 4240}}}