{"0.20": {"activatedMoleculePct": 0.7520559412288995, "activatedTokens": {"2": 2328474, "others": 2}}, "0.00": {"activatedMoleculePct": 0.8001417865248606, "activatedTokens": {"2": 2639459, "others": 192}}}