{"0.20": {"activatedMoleculePct": 0.7163236863324675, "activatedTokens": {"N": 1673113, "others": 2301}}, "0.00": {"activatedMoleculePct": 0.913748239569426, "activatedTokens": {"N": 2455736, "others": 13166}}}