{"0.20": {"activatedMoleculePct": 0.9980907155459111, "activatedTokens": {"C": 13228890, "others": 2862}}, "0.00": {"activatedMoleculePct": 0.9983587623852653, "activatedTokens": {"C": 13228891, "others": 62084}}}