{"0.20": {"activatedMoleculePct": 0.8873463582614453, "activatedTokens": {"c": 9420559, "others": 683}}, "0.00": {"activatedMoleculePct": 0.9040758499318531, "activatedTokens": {"c": 10271199, "others": 16592}}}