{"0.20": {"activatedMoleculePct": 0.003666236278162312, "activatedTokens": {")": 4270, "O": 942, "#": 733, "N": 585, "n": 525, "1": 322, "=": 282, "4": 275, "-": 239, "[C-]": 202, "[n+]": 161, "%10": 109, "[c-]": 96, "[N+]": 93, "others": 90, "%11": 69, "[NH3+]": 53, "[B]": 50, "8": 45, "%12": 38, "[O-2]": 37, "[CH2-]": 27, "%14": 25, "[U+2]": 24, "%13": 22, "9": 21, "I": 17, "[CH]": 16, "%15": 15, "(": 13, "[Ca+2]": 13, "2": 12, ".": 11, "[C]": 11, "[O-]": 10, "[n-]": 8}}, "0.00": {"activatedMoleculePct": 0.04631058426154927, "activatedTokens": {")": 75796, "O": 9821, "#": 5453, "=": 3914, "N": 3423, "1": 1546, "n": 1249, "others": 1017, "[N+]": 997, "-": 647, "4": 485, "[n+]": 360, "[C-]": 239, "c": 196}}}