{"0.20": {"activatedMoleculePct": 0.175069739782179, "activatedTokens": {"2": 448037, "others": 123}}, "0.00": {"activatedMoleculePct": 0.2753280461216332, "activatedTokens": {"2": 775238, "others": 7710}}}