{"0.20": {"activatedMoleculePct": 0.10602570759605195, "activatedTokens": {"[nH]": 142498, "[S@]": 4360, "[S@@]": 3971, "[N-]": 2364, "others": 461}}, "0.00": {"activatedMoleculePct": 0.10611798601615752, "activatedTokens": {"[nH]": 142498, "[S@]": 4360, "[S@@]": 3971, "[N-]": 2384, "others": 708}}}