{"0.20": {"activatedMoleculePct": 0.22267808087251442, "activatedTokens": {"Cl": 159083, "s": 147987, "[C@]": 47266, "others": 180}}, "0.00": {"activatedMoleculePct": 0.2453544040608364, "activatedTokens": {"Cl": 183508, "s": 160200, "[C@]": 50227, "others": 2234}}}