{"0.20": {"activatedMoleculePct": 3.6618420676810946e-06, "activatedTokens": {"-": 2, "S": 2, "[Po]": 1, "others": 0}}, "0.00": {"activatedMoleculePct": 0.00018528920862466338, "activatedTokens": {"2": 88, "=": 44, "o": 33, "S": 30, "-": 18, "[C@@]": 15, ")": 15, "c": 10, "[C@]": 8, "(": 5, "others": 2, "[S@]": 1}}}