{"0.20": {"activatedMoleculePct": 0.8661801787418351, "activatedTokens": {"C": 4880769, "others": 208}}, "0.00": {"activatedMoleculePct": 0.9239838205170081, "activatedTokens": {"C": 6469731, "others": 5086}}}