{"0.20": {"activatedMoleculePct": 0.916489494541292, "activatedTokens": {"1": 3556038, "others": 7}}, "0.00": {"activatedMoleculePct": 0.9908292827256995, "activatedTokens": {"1": 4038750, "others": 1579}}}