{"0.20": {"activatedMoleculePct": 0.21647931462034387, "activatedTokens": {"(": 454641, "others": 1685}}, "0.00": {"activatedMoleculePct": 0.788796667430771, "activatedTokens": {"(": 2806059, "others": 11279}}}