{"0.20": {"activatedMoleculePct": 0.20669560498391354, "activatedTokens": {"c": 183277, "O": 180535, "C": 162478, "N": 134931, "1": 12414, "3": 9041, "S": 7814, "others": 6868, "(": 6230, "2": 4497, "4": 4043, "-": 3654, ")": 3507}}, "0.00": {"activatedMoleculePct": 0.7211053197044454, "activatedTokens": {"c": 2145980, "C": 1304563, "O": 795893, "N": 656832, "(": 232477, "1": 185260, "3": 89588, "=": 84957, ")": 79306, "others": 47898, "2": 47467, "S": 46614, "-": 41764, "4": 38203, "[C@@H]": 26650, "[C@H]": 14816}}}