{"0.20": {"activatedMoleculePct": 0.12081295823376174, "activatedTokens": {"S": 175614, "others": 1}}, "0.00": {"activatedMoleculePct": 0.1579894436416873, "activatedTokens": {"S": 231844, "others": 402}}}