{"0.20": {"activatedMoleculePct": 0.9584761756893234, "activatedTokens": {"(": 4898040, "others": 452}}, "0.00": {"activatedMoleculePct": 0.9952242255753303, "activatedTokens": {"(": 6181363, "others": 1257}}}