{"0.20": {"activatedMoleculePct": 0.00170641840353939, "activatedTokens": {"c": 27643, "C": 5056, "-": 1065, "[S@]": 300, "O": 232, "others": 155}}, "0.00": {"activatedMoleculePct": 0.004763324161639567, "activatedTokens": {"c": 42789, "C": 13137, "-": 1723, "O": 1469, "(": 546, "[S@]": 541, "others": 362}}}