{"0.20": {"activatedMoleculePct": 0.22421898401459464, "activatedTokens": {"C": 995686, "O": 258593, "(": 193520, ")": 115359, "N": 80648, "1": 48267, "[C@H]": 32411, "[C@@H]": 18237, "F": 16480, "others": 15892, "S": 11308}}, "0.00": {"activatedMoleculePct": 0.6039820335380791, "activatedTokens": {"C": 3921424, "(": 1229741, "O": 839770, ")": 545604, "N": 269040, "1": 234210, "[C@H]": 158763, "=": 124537, "[C@@H]": 91960, "F": 87728, "others": 59760, "S": 36187, "o": 25216}}}