{"0.20": {"activatedMoleculePct": 0.5648940665708241, "activatedTokens": {"n": 1698554, "others": 3}}, "0.00": {"activatedMoleculePct": 0.5663060728721219, "activatedTokens": {"n": 1698554, "others": 8243}}}