{"0.20": {"activatedMoleculePct": 0.13505679150862768, "activatedTokens": {"-": 159971, "[C@]": 37191, "others": 2}}, "0.00": {"activatedMoleculePct": 0.1518990679147201, "activatedTokens": {"-": 179019, "[C@]": 48073, "others": 321}}}