{"0.20": {"activatedMoleculePct": 0.3581054507983914, "activatedTokens": {"=": 643918, "others": 1225}}, "0.00": {"activatedMoleculePct": 0.7234196038912198, "activatedTokens": {"=": 1664379, "others": 4287}}}