{"0.20": {"activatedMoleculePct": 0.800735004939825, "activatedTokens": {"2": 2660422, "4": 203547, "others": 44}}, "0.00": {"activatedMoleculePct": 0.8008807462541186, "activatedTokens": {"2": 2660440, "4": 203549, "others": 15820}}}