{"0.20": {"activatedMoleculePct": 0.9765891112929013, "activatedTokens": {"O": 3456451, "-": 183567, "o": 177278, "[nH]": 142498, "others": 613}}, "0.00": {"activatedMoleculePct": 0.976755358922774, "activatedTokens": {"O": 3456453, "-": 183567, "o": 177278, "[nH]": 142498, "others": 11217}}}