{"0.20": {"activatedMoleculePct": 0.9228867326335309, "activatedTokens": {"(": 5270533, "others": 74}}, "0.00": {"activatedMoleculePct": 0.9910196985132189, "activatedTokens": {"(": 6177997, "others": 11169}}}