{"0.20": {"activatedMoleculePct": 0.09472892481725577, "activatedTokens": {"c": 242226, "others": 599}}, "0.00": {"activatedMoleculePct": 0.23494158995717843, "activatedTokens": {"c": 744375, "others": 2652}}}