{"0.20": {"activatedMoleculePct": 0.9857451811989311, "activatedTokens": {"1": 3446668, "others": 383}}, "0.00": {"activatedMoleculePct": 0.9926477534965099, "activatedTokens": {"1": 4031440, "others": 2942}}}