{"0.20": {"activatedMoleculePct": 0.8751216647026987, "activatedTokens": {")": 2625994, "(": 1638871, "C": 1165199, "[C@@H]": 316293, "n": 266373, "=": 265241, "F": 205479, "[C@H]": 138615, "-": 56171, "others": 55501, "[O-]": 32327, "[N+]": 30603}}, "0.00": {"activatedMoleculePct": 0.9604608940900066, "activatedTokens": {"C": 4622790, ")": 3514919, "(": 2734851, "=": 967397, "n": 815504, "[C@@H]": 480363, "[C@H]": 406863, "F": 358783, "others": 131632, "-": 94826, "o": 72120, "S": 53598, "#": 41017, "Br": 36218, "[O-]": 33060, "[N+]": 33038}}}