{"0.20": {"activatedMoleculePct": 0.11145255754035532, "activatedTokens": {"1": 200487, "n": 3516, "others": 1999, "#": 1541}}, "0.00": {"activatedMoleculePct": 0.5470198830700591, "activatedTokens": {"1": 1345189, "n": 163249, "[C@H]": 31706, ")": 23142, "#": 21503, "others": 15400, "[nH]": 13917, "3": 13813, "O": 11086, "(": 7775, "=": 7682, "S": 6177, "[C@@H]": 5695, "/": 4922}}}