{"0.20": {"activatedMoleculePct": 0.032315023878872126, "activatedTokens": {"3": 44327, "others": 395, "7": 176, ".": 117}}, "0.00": {"activatedMoleculePct": 0.061831668049622354, "activatedTokens": {"3": 88127, "(": 1979, "c": 1915, "C": 1785, "4": 1184, ")": 1105, "2": 951, "1": 845, "[C@H]": 840, "others": 778, "F": 676, "5": 634, "S": 519, "=": 473, ".": 448, "n": 404, "7": 404, "[nH]": 382, "6": 302, "O": 275}}}