{"0.20": {"activatedMoleculePct": 0.8956799784390739, "activatedTokens": {"(": 3450081, "others": 371}}, "0.00": {"activatedMoleculePct": 0.9916297614016946, "activatedTokens": {"(": 5795309, "others": 3383}}}