{"0.20": {"activatedMoleculePct": 0.07569247264420884, "activatedTokens": {"3": 120290, "others": 24}}, "0.00": {"activatedMoleculePct": 0.16281355438165035, "activatedTokens": {"3": 316427, "others": 2830, "-": 1364}}}