{"0.20": {"activatedMoleculePct": 0.9595688693623194, "activatedTokens": {"O": 3456451, "others": 402}}, "0.00": {"activatedMoleculePct": 0.9597424406763276, "activatedTokens": {"O": 3456455, "others": 3877}}}