{"0.20": {"activatedMoleculePct": 0.12130218033400395, "activatedTokens": {"1": 147806, "F": 18694, "(": 15896, "=": 4234, "others": 1260, "-": 1208, "C": 675}}, "0.00": {"activatedMoleculePct": 0.27164716247520015, "activatedTokens": {"1": 331180, "(": 70366, "F": 46806, "C": 19191, "=": 17911, "others": 4398, "-": 3558, "2": 2293, "n": 1239}}}