{"0.20": {"activatedMoleculePct": 0.8799384517585264, "activatedTokens": {"c": 8823243, "others": 28}}, "0.00": {"activatedMoleculePct": 0.9047056867674943, "activatedTokens": {"c": 10227225, "others": 8206}}}