{"0.20": {"activatedMoleculePct": 0.17355886374505378, "activatedTokens": {"S": 195304, "Br": 62599, "others": 2225}}, "0.00": {"activatedMoleculePct": 0.21153875730262856, "activatedTokens": {"S": 234986, "Br": 68072, "[O-]": 21796, "others": 1466}}}