{"0.20": {"activatedMoleculePct": 0.0001010668410679982, "activatedTokens": {"[SiH]": 81, "[SiH2]": 51, "[SiH3]": 20, "I": 11, "[PH+]": 3, "[Tl]": 1, "p": 1, "[Co]": 1, "%16": 1, "[CH3-]": 1, "[Rb+]": 1, "others": 1}}, "0.00": {"activatedMoleculePct": 0.004279228640292127, "activatedTokens": {"Br": 1393, "(": 861, "N": 632, "[nH]": 524, "c": 430, "I": 380, "1": 363, "C": 354, "F": 307, "2": 257, ".": 175, "=": 137, "[SiH]": 82, "O": 59, "others": 57, "[SiH2]": 56, ")": 45, "[S@@]": 35, "3": 32, "[SiH3]": 31, "\\": 29, "P": 22, "[Si]": 18, "5": 18}}}