{"0.20": {"activatedMoleculePct": 0.0007689868342130299, "activatedTokens": {".": 261, "[Si]": 201, "(": 145, "\\": 131, ")": 85, "I": 83, "c": 83, "N": 81, "[N+]": 70, "O": 66, "-": 61, "[C@H]": 21, "2": 20, "F": 15, "n": 13, "others": 4}}, "0.00": {"activatedMoleculePct": 0.0210577889944069, "activatedTokens": {"c": 7474, "=": 4914, ")": 4719, "(": 4374, "[C@H]": 3116, "-": 2263, "2": 1619, "N": 1598, "O": 1137, "\\": 903, "n": 780, ".": 557, "I": 435, "[N+]": 421, "[Si]": 365, "F": 346, "others": 132}}}