{"0.20": {"activatedMoleculePct": 0.007563900975002069, "activatedTokens": {"5": 19539, "others": 1}}, "0.00": {"activatedMoleculePct": 0.00877230885733683, "activatedTokens": {"5": 25141, "others": 35}}}