{"0.20": {"activatedMoleculePct": 0.29956577876761437, "activatedTokens": {"2": 401769, "(": 87579, "n": 60539, "N": 58346, "1": 55130, "O": 17350, "=": 15194, "c": 15142, "[nH]": 9991, ")": 9339, "[C@H]": 7666, "others": 5603, "o": 4744, "4": 4321, "S": 4155, "Cl": 4069, "C": 3551, "[C@@H]": 3498, "-": 2742, "Br": 2317}}, "0.00": {"activatedMoleculePct": 0.6487341378156233, "activatedTokens": {"2": 933255, "(": 840936, "c": 378923, "n": 327328, "N": 322740, "1": 306372, "=": 268876, "O": 251079, ")": 228752, "C": 223343, "[C@H]": 87614, "[nH]": 58673, "[C@@H]": 48648, "o": 43830, "S": 42092, "others": 41980, "Cl": 38431, "F": 28694, "4": 15719, "Br": 14419}}}