{"0.20": {"activatedMoleculePct": 0.9421216566466462, "activatedTokens": {"N": 2637896, "others": 93}}, "0.00": {"activatedMoleculePct": 0.9531357452178173, "activatedTokens": {"N": 2696011, "others": 1712}}}