{"0.20": {"activatedMoleculePct": 0.00048482788976097693, "activatedTokens": {".": 858, "P": 18, "[OH-]": 14, "others": 9, "[C]": 7, "[Ti]": 5, "[K+]": 4, "[Br-]": 4, "[NH2-]": 4, "Cl": 3, "[C+]": 3, "[Na+]": 2, "[O+]": 2, "[Mn+3]": 2, "[C@@]": 2, "[I+2]": 2, "[Ni+2]": 2, "[Sr+2]": 1, "S": 1, "[Cr]": 1, "[Al+3]": 1}}, "0.00": {"activatedMoleculePct": 0.0047779715299102925, "activatedTokens": {".": 4031, "[C@@]": 1023, "#": 656, "[C@@H]": 447, "(": 415, "S": 357, "Cl": 297, "N": 144, "-": 144, "P": 135, "1": 101, "o": 84, "others": 76, "2": 75, "C": 73, "s": 42, "c": 20, "\\": 18, "[OH-]": 14, "[C@H]": 12, "[Ti]": 8}}}