{"0.20": {"activatedMoleculePct": 0.9333390946315199, "activatedTokens": {"(": 5525182, "others": 197}}, "0.00": {"activatedMoleculePct": 0.9902316701002539, "activatedTokens": {"(": 6168813, "others": 1807}}}