{"0.20": {"activatedMoleculePct": 0.9981815292291896, "activatedTokens": {")": 6223950, "others": 40}}, "0.00": {"activatedMoleculePct": 0.9981910500185656, "activatedTokens": {")": 6223950, "others": 10041}}}