{"0.20": {"activatedMoleculePct": 0.06771405114714527, "activatedTokens": {"4": 176239, "6": 5065, "others": 991}}, "0.00": {"activatedMoleculePct": 0.07071895874788436, "activatedTokens": {"4": 194617, "6": 5097, "others": 1212}}}