{"0.20": {"activatedMoleculePct": 0.7697814539417167, "activatedTokens": {"2": 2071461, "others": 2}}, "0.00": {"activatedMoleculePct": 0.7988235233804954, "activatedTokens": {"2": 2606605, "others": 1996}}}