{"0.20": {"activatedMoleculePct": 0.0008510120965290864, "activatedTokens": {"[n+]": 426, "2": 256, "(": 135, "[S@]": 104, "o": 76, "S": 45, "[I-]": 32, "4": 29, "N": 27, "[As]": 20, "others": 12, "[V]": 10, "[N+]": 8, "n": 7, "[nH+]": 6, "F": 5, "[Pb]": 5, "[NH+]": 5, "[H+]": 3, "[O+]": 2, "[Cr]": 2, "[S@@]": 2, "[Ni+2]": 2, "C": 2, "[Mg+2]": 2, "[Hg]": 2, "[S+]": 2, "[Te]": 1, "[NH3+]": 1, "[Sn+2]": 1, "[Zr+2]": 1}}, "0.00": {"activatedMoleculePct": 0.017956941131494552, "activatedTokens": {"(": 10466, "n": 5210, "o": 1983, "2": 1488, "N": 1419, "[N+]": 895, "C": 816, "[n+]": 784, "O": 517, "F": 482, "[S@]": 464, "4": 337, "others": 205, "[O-]": 153, "[C@]": 124, ")": 112, "#": 78, "S": 77}}}