{"0.20": {"activatedMoleculePct": 0.998048238177926, "activatedTokens": {"C": 13228780, "others": 628}}, "0.00": {"activatedMoleculePct": 0.9982884550175658, "activatedTokens": {"C": 13228835, "others": 33608}}}