{"0.20": {"activatedMoleculePct": 0.9981837263344302, "activatedTokens": {"(": 6223950, "others": 40049}}, "0.00": {"activatedMoleculePct": 0.9982064297552498, "activatedTokens": {"(": 6223950, "C": 1619806, "=": 335746, "N": 223585, "S": 219049, "O": 214402, "[C@H]": 160334, "c": 144425, "[C@@H]": 99248, "others": 92746, "4": 74798, "[nH]": 74196, "#": 74140, "1": 54696, "-": 53064, "n": 50474, "/": 50016, "3": 32347, "[C@@]": 27569}}}