{"0.20": {"activatedMoleculePct": 0.8897631740261148, "activatedTokens": {"O": 2874693, "others": 413}}, "0.00": {"activatedMoleculePct": 0.9518387207574447, "activatedTokens": {"O": 3380638, "others": 3936}}}