{"0.20": {"activatedMoleculePct": 0.8930068337296667, "activatedTokens": {"=": 2343227, "others": 640}}, "0.00": {"activatedMoleculePct": 0.9017161589034394, "activatedTokens": {"=": 2386324, "others": 7182}}}