{"0.20": {"activatedMoleculePct": 0.33688654075300656, "activatedTokens": {"3": 948401, "others": 52}}, "0.00": {"activatedMoleculePct": 0.3422906872764903, "activatedTokens": {"3": 991567, "others": 717}}}