{"0.20": {"activatedMoleculePct": 0.9979618187051287, "activatedTokens": {")": 6023433, "others": 289}}, "0.00": {"activatedMoleculePct": 0.9982122887025581, "activatedTokens": {")": 6223092, "others": 4492}}}