{"0.20": {"activatedMoleculePct": 0.0053301773137166015, "activatedTokens": {".": 10100, ")": 758, "P": 121, "others": 109}}, "0.00": {"activatedMoleculePct": 0.006468277828351885, "activatedTokens": {".": 10413, ")": 2421, "P": 330, "[N-]": 221, "N": 189, "S": 150, "others": 143, "n": 108, "Br": 94, "[C@H]": 90, "#": 89, "[nH]": 75, "[HH]": 67, "[N+]": 56}}}