{"0.20": {"activatedMoleculePct": 0.10602131338557073, "activatedTokens": {"Cl": 168139, "others": 16}}, "0.00": {"activatedMoleculePct": 0.11622540249137087, "activatedTokens": {"Cl": 186384, "others": 178}}}