{"0.20": {"activatedMoleculePct": 0.5508736056620867, "activatedTokens": {"C": 577917, "c": 399537, "(": 223341, "n": 72807, "Cl": 71968, "F": 17881, "#": 17195, "[nH]": 14581, "others": 13298, "N": 13259, "-": 8765}}, "0.00": {"activatedMoleculePct": 0.8746822436545769, "activatedTokens": {"C": 1978716, "c": 1725345, "(": 752879, "n": 253697, "Cl": 146737, "F": 115411, "N": 89089, "[nH]": 55190, "others": 52195, "[C@@H]": 51923, "=": 49947, "o": 32445, "O": 30563, "#": 29847, "-": 26196, "[C@H]": 23646, "[N+]": 16157}}}