{"0.20": {"activatedMoleculePct": 0.8565209717357058, "activatedTokens": {"c": 8579193, "others": 4322}}, "0.00": {"activatedMoleculePct": 0.9017828044290712, "activatedTokens": {"c": 10143884, "others": 12807}}}