{"0.20": {"activatedMoleculePct": 0.0011739865668985588, "activatedTokens": {"C": 34540, "(": 1898, "=": 1345, "O": 984, ")": 530, "others": 340, "P": 229, "S": 153, "c": 130, "1": 75}}, "0.00": {"activatedMoleculePct": 0.004813125213760031, "activatedTokens": {"C": 53915, "(": 5812, "O": 3583, "=": 2209, ")": 1257, "s": 1094, "c": 775, "others": 655, "S": 593, "P": 324, "Cl": 264, "2": 176, "1": 165, "-": 130, "[C@H]": 119}}}