{"0.20": {"activatedMoleculePct": 0.745553974453525, "activatedTokens": {"1": 2216078, "[nH]": 79407, "others": 209}}, "0.00": {"activatedMoleculePct": 0.9671906274419909, "activatedTokens": {"1": 2783073, "[nH]": 133553, "others": 16494}}}