{"0.20": {"activatedMoleculePct": 0.9709864929293491, "activatedTokens": {"N": 2703441, "-": 183567, "others": 0}}, "0.00": {"activatedMoleculePct": 0.9713116645049592, "activatedTokens": {"N": 2704239, "-": 183567, "others": 2219}}}