{"0.20": {"activatedMoleculePct": 0.5864689076651876, "activatedTokens": {"2": 1474865, "others": 154}}, "0.00": {"activatedMoleculePct": 0.7961855323549379, "activatedTokens": {"2": 2502628, "others": 2524}}}