{"0.20": {"activatedMoleculePct": 0.9826685014936654, "activatedTokens": {")": 5654118, "others": 4}}, "0.00": {"activatedMoleculePct": 0.9932944348056624, "activatedTokens": {")": 6181991, "others": 2433}}}