{"0.20": {"activatedMoleculePct": 0.2850055623381008, "activatedTokens": {"O": 535473, "o": 4126, "others": 2304}}, "0.00": {"activatedMoleculePct": 0.5207798551814699, "activatedTokens": {"O": 1070702, "o": 18103, "F": 17582, "n": 11876, "others": 11411, "N": 11298, "C": 8696, "Cl": 7734, "=": 6099}}}