{"0.20": {"activatedMoleculePct": 0.5482392764785969, "activatedTokens": {")": 1166594, "others": 390}}, "0.00": {"activatedMoleculePct": 0.7554153151417902, "activatedTokens": {")": 1957808, "others": 4666}}}