{"0.20": {"activatedMoleculePct": 0.3179269872633809, "activatedTokens": {"F": 479320, "S": 222285, "others": 998}}, "0.00": {"activatedMoleculePct": 0.34825802510998344, "activatedTokens": {"F": 565055, "S": 236797, "others": 2530}}}