{"0.20": {"activatedMoleculePct": 0.003368894702266607, "activatedTokens": {"o": 2815, "6": 1373, "[S@]": 309, "[n+]": 297, "(": 225, "[S@@]": 184, "[nH]": 139, "n": 125, ")": 74, "others": 45, "[N+]": 44}}, "0.00": {"activatedMoleculePct": 0.008380491756094953, "activatedTokens": {"o": 7237, "6": 1871, "(": 1465, "[S@]": 607, ")": 498, "[nH]": 484, "n": 474, "[n+]": 441, "[S@@]": 373, "[N+]": 123, "others": 93, "=": 56}}}