{"0.20": {"activatedMoleculePct": 0.9550135378301242, "activatedTokens": {")": 3944504, "others": 878}}, "0.00": {"activatedMoleculePct": 0.9974286545000743, "activatedTokens": {")": 5885229, "others": 9649}}}