{"0.20": {"activatedMoleculePct": 0.5585012226890664, "activatedTokens": {"n": 1636367, "others": 11}}, "0.00": {"activatedMoleculePct": 0.565479961301653, "activatedTokens": {"n": 1696306, "others": 4157}}}