{"0.20": {"activatedMoleculePct": 0.04906795133851313, "activatedTokens": {"Br": 69161, "others": 500}}, "0.00": {"activatedMoleculePct": 0.04907600739106203, "activatedTokens": {"Br": 69162, "others": 514}}}