{"0.20": {"activatedMoleculePct": 0.09267023720680546, "activatedTokens": {"-": 138496, "others": 12}}, "0.00": {"activatedMoleculePct": 0.11780292405412789, "activatedTokens": {"-": 177374, "others": 835}}}