{"0.20": {"activatedMoleculePct": 0.13006203892831064, "activatedTokens": {")": 357625, "(": 24032, "others": 1133}}, "0.00": {"activatedMoleculePct": 0.29018926596911016, "activatedTokens": {")": 890312, "(": 443678, "=": 26399, "others": 9703, "o": 4986}}}