{"0.20": {"activatedMoleculePct": 0.8939889397722188, "activatedTokens": {"1": 3141280, "others": 20}}, "0.00": {"activatedMoleculePct": 0.9836769727991047, "activatedTokens": {"1": 3943102, "others": 6313}}}