{"0.20": {"activatedMoleculePct": 0.0024409839223162176, "activatedTokens": {"c": 1891, "[N+]": 837, "8": 587, "(": 169, "%10": 147, "9": 134, "[C-]": 96, ")": 94, "[Cl-]": 83, "[Br-]": 49, "others": 44, "%11": 40, "[CH3-]": 28, "%15": 18, "5": 15, "[O]": 13, "%17": 13, "%14": 13, "[Pt]": 10, "p": 10, "[U+2]": 9, "[O+]": 9, "[HH]": 8, "[AlH2]": 8, "[O-]": 7, "%12": 7, "[Cu+]": 7, "[CH2-]": 7, "[W+2]": 7, "[Na+]": 7, "[U]": 7, "[SH2+]": 6, "3": 6, "[NH4+]": 6, "[Sb]": 5, "[OH-]": 5, "[se]": 5, "%16": 5, "C": 4, "[Co]": 4, "[Rb+]": 4, "6": 4, "[Ru]": 4, "[s+]": 3, "[Li]": 3, "[Li+]": 3, "[W]": 3, "[S]": 3, "[Pt+2]": 3, "F": 3, "[Rf]": 3, "[Pm]": 3, "[Au]": 2, "[c-]": 2, "1": 2, "[Cu]": 2, "[Te+]": 2, "[Ca]": 2, "[Ca+2]": 2, "[Mg+2]": 2}}, "0.00": {"activatedMoleculePct": 0.035392435952551315, "activatedTokens": {"c": 51246, ")": 4944, "[N+]": 4456, "(": 1086, "C": 653, "8": 593, "others": 568, "5": 434, "3": 299, "%10": 147, "[C-]": 138, "9": 134, "F": 107, "[Cl-]": 96}}}