{"0.20": {"activatedMoleculePct": 0.9923599327099901, "activatedTokens": {"1": 3759475, "others": 18}}, "0.00": {"activatedMoleculePct": 0.9927034134959386, "activatedTokens": {"1": 4067026, "others": 2132}}}