{"0.20": {"activatedMoleculePct": 0.8142742998008691, "activatedTokens": {"=": 2088432, "others": 132}}, "0.00": {"activatedMoleculePct": 0.8941420047706479, "activatedTokens": {"=": 2366354, "others": 1532}}}