{"0.20": {"activatedMoleculePct": 0.17149431718729516, "activatedTokens": {"3": 326004, "others": 308}}, "0.00": {"activatedMoleculePct": 0.2870547291591751, "activatedTokens": {"3": 604561, "4": 15108, "others": 5826, "-": 2442, "(": 1786}}}