{"0.20": {"activatedMoleculePct": 0.04026488300780778, "activatedTokens": {"2": 74431, "1": 28976, "C": 6947, ".": 1054, "(": 1008, ")": 845, "O": 834, "others": 789, "P": 662}}, "0.00": {"activatedMoleculePct": 0.15392772842021543, "activatedTokens": {"2": 292275, "1": 193234, "C": 29585, "others": 4156, "(": 3907, "O": 3201, "N": 2503, ")": 2211, ".": 1918}}}