{"0.20": {"activatedMoleculePct": 0.29720974958126833, "activatedTokens": {"C": 565029, ")": 89508, "n": 88583, "O": 53815, "N": 53033, "=": 46332, "F": 35423, "2": 14633, "others": 6835}}, "0.00": {"activatedMoleculePct": 0.6877693742571038, "activatedTokens": {"C": 1724481, ")": 473040, "n": 313466, "=": 313270, "N": 252945, "O": 226817, "2": 132989, "F": 131542, "others": 33449, "o": 28456, "3": 21238, "(": 12319}}}