{"0.20": {"activatedMoleculePct": 0.06536314853969401, "activatedTokens": {"[C@@]": 50751, "[C@]": 34656, "/": 7761, "others": 8}}, "0.00": {"activatedMoleculePct": 0.09247542720880482, "activatedTokens": {"[C@@]": 50751, "[C@]": 50729, "/": 44688, "others": 654}}}