{"0.20": {"activatedMoleculePct": 0.1923909851307241, "activatedTokens": {"S": 107205, "o": 93817, "s": 90490, "others": 252}}, "0.00": {"activatedMoleculePct": 0.3433599451602532, "activatedTokens": {"S": 223137, "o": 167057, "s": 155387, "others": 2506}}}