{"0.20": {"activatedMoleculePct": 0.20301179186382634, "activatedTokens": {"C": 671179, "others": 714}}, "0.00": {"activatedMoleculePct": 0.47072027701102875, "activatedTokens": {"C": 1933531, "[C@H]": 19883, "others": 5789}}}