{"0.20": {"activatedMoleculePct": 0.7028546988391229, "activatedTokens": {"=": 1549980, "others": 851}}, "0.00": {"activatedMoleculePct": 0.8807748164867848, "activatedTokens": {"=": 2267913, "others": 4476}}}