{"0.20": {"activatedMoleculePct": 0.29646859274676973, "activatedTokens": {"3": 756354, "others": 89}}, "0.00": {"activatedMoleculePct": 0.3405696215046802, "activatedTokens": {"3": 971930, "others": 3868}}}