{"0.20": {"activatedMoleculePct": 0.07239535004646877, "activatedTokens": {"#": 81728, "\\": 12885, ".": 5622, "[n+]": 1722, "others": 952, "[Si]": 763, "[NH+]": 526, "[CH]": 269, "[NH2+]": 227, "[I-]": 148, "[C]": 142, "[nH+]": 120, "[S-]": 107}}, "0.00": {"activatedMoleculePct": 0.07443572844658068, "activatedTokens": {"#": 81728, "\\": 12892, ".": 9276, "[Si]": 1957, "[n+]": 1722, "others": 1024, "[NH+]": 526, "[CH]": 269, "[NH2+]": 227, "[c-]": 164, "[I-]": 155, "[C]": 142, "[nH+]": 120, "[S-]": 114, "[NH3+]": 105, "[B-]": 97}}}