{"0.20": {"activatedMoleculePct": 0.00010619341996275174, "activatedTokens": {".": 288, "[N-]": 25, "S": 3, "others": 3, "[C@@]": 1}}, "0.00": {"activatedMoleculePct": 0.0025076294479480137, "activatedTokens": {".": 924, "[nH]": 801, "(": 480, "[C@@]": 403, "S": 336, "O": 265, "F": 233, "s": 220, "[C@H]": 117, "=": 90, "[N-]": 88, "others": 36}}}