{"0.20": {"activatedMoleculePct": 0.8999584747109525, "activatedTokens": {"N": 2476406, "others": 798}}, "0.00": {"activatedMoleculePct": 0.9465664005483975, "activatedTokens": {"N": 2673045, "others": 7405}}}