{"0.20": {"activatedMoleculePct": 3.6618420676810946e-05, "activatedTokens": {")": 13, "5": 12, ".": 9, "[Si]": 8, "N": 4, "1": 3, "[Al]": 2, "[C@H]": 1, "[Te]": 1, "[Li]": 1, "O": 1, "others": 0}}, "0.00": {"activatedMoleculePct": 0.0003288334176777623, "activatedTokens": {")": 137, "(": 94, "5": 58, "N": 50, "[Si]": 43, "1": 36, ".": 33, "C": 24, "O": 24, "c": 10, "3": 5, "others": 5, "[C@H]": 4, "/": 2}}}