{"0.20": {"activatedMoleculePct": 0.003482411806364721, "activatedTokens": {"3": 8679, "=": 1674, "5": 1153, "2": 1152, "4": 831, ".": 350, "7": 269, "others": 148, "6": 145, "1": 136, "P": 88, ")": 50, "[N-]": 34, "[U+2]": 23, "[P@@]": 11, "[O]": 10, "[c]": 10, "[Rb+]": 10, "[U]": 10, "[Sb]": 8, "p": 8, "[Fe+2]": 8, "[AlH2]": 8, "B": 7, "[As]": 6}}, "0.00": {"activatedMoleculePct": 0.006696044404961649, "activatedTokens": {"3": 15505, "=": 6117, "2": 2776, "5": 2513, "4": 1793, ".": 1178, "6": 630, "1": 445, "7": 427, "others": 298, ")": 289, "P": 287, "[N-]": 173, "N": 94}}}