{"0.20": {"activatedMoleculePct": 0.06066427279844562, "activatedTokens": {"c": 90397, "(": 61437, "C": 59967, "1": 33779, "O": 14915, "N": 9864, "2": 6897, "others": 2371, "[C@@]": 2183, "/": 2010, "F": 1954, "#": 1235, "Cl": 1167, "=": 1150, "Br": 1049, "n": 926, "[S@]": 863, ")": 780}}, "0.00": {"activatedMoleculePct": 0.37881170295430094, "activatedTokens": {"(": 1164419, "c": 1029146, "C": 821892, "O": 331601, "1": 247224, "N": 135383, "2": 88025, "F": 41349, ")": 41137, "=": 38998, "others": 37616, "[C@@H]": 34813, "Cl": 31444, "n": 29081, "/": 15318, "[C@@]": 14144, "[C@H]": 13273, "#": 13000, "o": 12730}}}