{"0.20": {"activatedMoleculePct": 0.2923526822626962, "activatedTokens": {")": 794140, "others": 2000}}, "0.00": {"activatedMoleculePct": 0.6500304299075824, "activatedTokens": {")": 2204271, "others": 12665}}}