{"0.20": {"activatedMoleculePct": 0.9036042046735357, "activatedTokens": {"c": 10297908, "others": 141}}, "0.00": {"activatedMoleculePct": 0.9063820780660786, "activatedTokens": {"c": 10349999, "others": 22911}}}