{"0.20": {"activatedMoleculePct": 0.004529698637721514, "activatedTokens": {"7": 1898, "c": 1850, "6": 986, "N": 820, "[nH]": 774, "2": 721, ")": 616, "O": 558, "C": 477, "n": 397, "[C@]": 321, "=": 309, "8": 243, "#": 205, "1": 197, "\\": 164, "5": 154, "(": 125, "others": 112, "[C@@]": 92, "F": 77, "S": 68, "9": 48, "3": 30, "[C@@H]": 30, "[S@]": 23, "[Cr]": 10, "[Si]": 10, "[Na]": 10, "[Zn+2]": 8, "4": 8, "[Li]": 7, "[Cs+]": 7, "[Ag+]": 7, "[Tl]": 6, "[As]": 6, "[se]": 6}}, "0.00": {"activatedMoleculePct": 0.04143081352215744, "activatedTokens": {"c": 14676, "[nH]": 9711, ")": 9348, "1": 5566, "N": 5279, "[C@]": 5229, "O": 5122, "n": 5026, "=": 4459, "[C@@H]": 4066, "2": 3127, "#": 3035, "C": 2518, "6": 2376, "[C@@]": 2041, "7": 1940, "(": 1679, "\\": 1340, "others": 763, "F": 578, "5": 388, "S": 297}}}