{"0.20": {"activatedMoleculePct": 0.01617508878136093, "activatedTokens": {"1": 40115, "#": 1202, "others": 374, ")": 100, "[C-]": 96, "3": 94, "(": 70}}, "0.00": {"activatedMoleculePct": 0.039302550912421186, "activatedTokens": {"1": 115454, "#": 3610, "others": 943, "(": 886, ")": 746, "c": 447, "C": 353, "3": 325}}}