{"0.20": {"activatedMoleculePct": 0.01640212298955716, "activatedTokens": {"o": 22592, "others": 72}}, "0.00": {"activatedMoleculePct": 0.11640849459475493, "activatedTokens": {"o": 165187, "others": 1616}}}