{"0.20": {"activatedMoleculePct": 0.28057619817303375, "activatedTokens": {"2": 355538, "3": 140029, "[C@H]": 33992, "[C@@H]": 25815, "others": 3692}}, "0.00": {"activatedMoleculePct": 0.5810581698259819, "activatedTokens": {"2": 920431, "3": 445514, "[C@H]": 158081, "[C@@H]": 106497, "others": 16394}}}