{"0.20": {"activatedMoleculePct": 0.16034181098596562, "activatedTokens": {"C": 520205, "others": 958}}, "0.00": {"activatedMoleculePct": 0.5603702268804108, "activatedTokens": {"C": 2457808, "(": 25172, "others": 9109}}}