{"0.20": {"activatedMoleculePct": 0.022676323188321947, "activatedTokens": {"/": 49337, "\\": 12882, "others": 4}}, "0.00": {"activatedMoleculePct": 0.02299929765869142, "activatedTokens": {"/": 50022, "\\": 12887, "others": 469}}}