{"0.20": {"activatedMoleculePct": 0.0001010668410679982, "activatedTokens": {"[Cl-]": 64, "[B-]": 59, "3": 17, "[S@@]": 11, "[N+]": 7, "[OH2+]": 6, "[P+]": 3, "[Ti]": 1, "[C]": 1, "[Mg+2]": 1, "[Ti+4]": 1, "[Sn]": 1, "I": 1, "others": 1}}, "0.00": {"activatedMoleculePct": 0.003275151545333971, "activatedTokens": {"c": 1265, "[N+]": 987, "#": 533, "3": 466, "N": 455, "[S@@]": 381, ")": 353, "C": 315, "F": 199, "-": 155, "/": 86, "[Cl-]": 78, "[B-]": 67, "[C@H]": 59, "others": 46, "[Si]": 43, "[C-]": 34, "4": 14, "[P+]": 13}}}