{"0.20": {"activatedMoleculePct": 0.9702563216210536, "activatedTokens": {"O": 3454119, "F": 573551, "others": 2343}}, "0.00": {"activatedMoleculePct": 0.9711842324010039, "activatedTokens": {"O": 3456388, "F": 573551, "others": 16015}}}