{"0.20": {"activatedMoleculePct": 0.12662430159517163, "activatedTokens": {"o": 143070, "-": 44567, "others": 109}}, "0.00": {"activatedMoleculePct": 0.18400683153256148, "activatedTokens": {"o": 170161, "-": 120110, "others": 1644}}}