{"0.20": {"activatedMoleculePct": 0.9979698747576776, "activatedTokens": {"C": 12753902, "others": 99}}, "0.00": {"activatedMoleculePct": 0.9981749379134678, "activatedTokens": {"C": 13227443, "others": 12513}}}