{"0.20": {"activatedMoleculePct": 0.39498605936724834, "activatedTokens": {"c": 427978, "(": 310289, "3": 268997, "4": 114268, "s": 55913, "1": 31287, "o": 15276, "others": 10343}}, "0.00": {"activatedMoleculePct": 0.7025346538424075, "activatedTokens": {"c": 1303102, "(": 1081597, "3": 700534, "1": 182517, "4": 157915, "s": 110021, "C": 54251, "o": 41648, "S": 40127, "others": 22144, "=": 17534}}}