{"0.20": {"activatedMoleculePct": 0.17019216614802776, "activatedTokens": {"n": 340457, "others": 32}}, "0.00": {"activatedMoleculePct": 0.25598180210966043, "activatedTokens": {"n": 549998, "others": 3638}}}