{"0.20": {"activatedMoleculePct": 0.10115106343555487, "activatedTokens": {"1": 183294, "2": 9911, "3": 2244, "P": 1301, "others": 1097}}, "0.00": {"activatedMoleculePct": 0.35750344396246464, "activatedTokens": {"1": 745859, "2": 74409, "3": 9507, "others": 5334, "O": 3482}}}