{"0.20": {"activatedMoleculePct": 0.739548553462528, "activatedTokens": {"1": 2040029, "others": 407}}, "0.00": {"activatedMoleculePct": 0.9365080527568911, "activatedTokens": {"1": 2751970, "others": 4952}}}