{"0.20": {"activatedMoleculePct": 0.0682325679839289, "activatedTokens": {"4": 182601, "5": 15279, "others": 1785, "O": 1082, "6": 689, "1": 606}}, "0.00": {"activatedMoleculePct": 0.18440084573904394, "activatedTokens": {"C": 247263, "4": 199728, "1": 103271, "=": 78622, "O": 75099, "N": 68232, ")": 56555, "3": 53309, "n": 43169, "s": 28863, "(": 28786, "2": 28197, "5": 25315, "F": 19630, "[C@H]": 19204, "[C@@H]": 16499, "Cl": 9738, "others": 9690, "o": 7728, "S": 5432, "-": 4542, "/": 2440}}}