{"0.20": {"activatedMoleculePct": 0.8936007845130446, "activatedTokens": {"c": 9072497, "others": 305}}, "0.00": {"activatedMoleculePct": 0.9046485620312384, "activatedTokens": {"c": 10239886, "others": 7938}}}