{"0.20": {"activatedMoleculePct": 0.33951354625236096, "activatedTokens": {"3": 921134, "4": 176060, "5": 23124, "others": 239}}, "0.00": {"activatedMoleculePct": 0.34315122016239535, "activatedTokens": {"3": 989017, "4": 197473, "5": 25611, "others": 2441}}}