{"0.20": {"activatedMoleculePct": 0.5927094189169296, "activatedTokens": {"n": 1512892, "Cl": 147420, "[C@@]": 50751, "[C@]": 50010, "others": 127}}, "0.00": {"activatedMoleculePct": 0.643641980236306, "activatedTokens": {"n": 1670250, "Cl": 184965, "[C@]": 51030, "[C@@]": 50751, "others": 5347}}}