{"0.20": {"activatedMoleculePct": 0.1767102450285001, "activatedTokens": {"c": 479337, "N": 263388, "C": 128437, "others": 7867}}, "0.00": {"activatedMoleculePct": 0.46708699731147557, "activatedTokens": {"c": 2147289, "C": 859089, "N": 844223, "o": 25248, "others": 15521}}}