{"0.20": {"activatedMoleculePct": 0.9980599560725426, "activatedTokens": {")": 6223702, "others": 1}}, "0.00": {"activatedMoleculePct": 0.9981668818609188, "activatedTokens": {")": 6223934, "others": 3770}}}