{"0.20": {"activatedMoleculePct": 0.4976670404186804, "activatedTokens": {"O": 965563, "others": 127}}, "0.00": {"activatedMoleculePct": 0.8801068964936397, "activatedTokens": {"O": 2556938, "others": 3848}}}