{"0.20": {"activatedMoleculePct": 0.9981888529133249, "activatedTokens": {"(": 6223948, "others": 163}}, "0.00": {"activatedMoleculePct": 0.9982035002815957, "activatedTokens": {"(": 6223950, "others": 20291}}}