{"0.20": {"activatedMoleculePct": 3.6618420676810946e-05, "activatedTokens": {"8": 39, "[nH]": 15, "2": 7, "c": 5, "1": 4, ")": 1, "=": 1, "I": 1, "(": 1, "3": 1, "others": 0}}, "0.00": {"activatedMoleculePct": 0.0013109394602298318, "activatedTokens": {"[nH]": 536, "=": 368, "n": 289, "c": 247, "(": 246, ")": 221, "1": 92, "2": 80, "[C@H]": 67, "8": 40, "C": 23, "others": 22}}}