{"0.20": {"activatedMoleculePct": 0.05987624438548065, "activatedTokens": {"1": 38770, "=": 29981, "O": 14020, "-": 6660, ")": 4310, "N": 4017, "2": 3724, "[C@H]": 1922, "Cl": 1596, "C": 1179, "others": 1066, "F": 865, ".": 708, "[Si]": 702, "c": 672, "Br": 536, "3": 442, "(": 292, "S": 284, "[C@@H]": 214, "P": 170, "o": 141}}, "0.00": {"activatedMoleculePct": 0.3024351982118493, "activatedTokens": {"=": 177109, "1": 152684, "O": 98544, ")": 89307, "-": 34209, "N": 25062, "c": 23732, "[C@H]": 23311, "(": 21136, "2": 16839, "C": 12423, "Cl": 10068, "F": 6477, "others": 5875, "[C@@H]": 5193, "o": 3163, "s": 2942, "3": 2659, "Br": 2089, "S": 2087, ".": 1593}}}