{"0.20": {"activatedMoleculePct": 0.0008107318337845943, "activatedTokens": {"C": 19953, "=": 769, "O": 288, "others": 216, "c": 173, "(": 85, "[HH]": 73, "1": 62, ")": 57, "[N-]": 40, "N": 40, "P": 29, "2": 26, "[Si]": 17}}, "0.00": {"activatedMoleculePct": 0.0013131365654704406, "activatedTokens": {"C": 29718, "=": 1264, "O": 785, "c": 381, "others": 331, "(": 185, "N": 113, ")": 103, "1": 95, "[HH]": 79, "[N-]": 65, "Br": 56, "2": 50, "P": 47}}}