{"0.20": {"activatedMoleculePct": 0.20927940074686932, "activatedTokens": {"[C@H]": 406338, "others": 0}}, "0.00": {"activatedMoleculePct": 0.4263475395716963, "activatedTokens": {"[C@H]": 783907, "others": 27}}}