{"0.20": {"activatedMoleculePct": 0.8657641934829464, "activatedTokens": {"N": 2219817, "others": 82}}, "0.00": {"activatedMoleculePct": 0.9476290671164386, "activatedTokens": {"N": 2653736, "others": 509}}}