{"0.20": {"activatedMoleculePct": 0.7759626433519623, "activatedTokens": {"2": 2121713, "others": 140}}, "0.00": {"activatedMoleculePct": 0.7991369770614889, "activatedTokens": {"2": 2601683, "others": 2079}}}