{"0.20": {"activatedMoleculePct": 0.050734821847721566, "activatedTokens": {"F": 99488, "others": 720}}, "0.00": {"activatedMoleculePct": 0.13019972419005546, "activatedTokens": {"F": 185653, "c": 21454, "=": 15273, "-": 5308, "[C@@H]": 3250, "/": 2634, "[C@H]": 2592, ")": 2457, "others": 2330, "N": 2034, "S": 1591, "3": 1359, "4": 1185}}}