{"0.20": {"activatedMoleculePct": 0.976889382342451, "activatedTokens": {"C": 12209318, "others": 0}}, "0.00": {"activatedMoleculePct": 0.9960276337249796, "activatedTokens": {"C": 13189753, "others": 635}}}