{"0.20": {"activatedMoleculePct": 0.06448723591710469, "activatedTokens": {"4": 181784, "others": 1}}, "0.00": {"activatedMoleculePct": 0.07033519769919139, "activatedTokens": {"4": 199980, "others": 176}}}