{"0.20": {"activatedMoleculePct": 4.320973639863691e-05, "activatedTokens": {".": 122, "others": 0}}, "0.00": {"activatedMoleculePct": 0.0010934260414095748, "activatedTokens": {".": 1098, "#": 123, "[C@@]": 114, "[C@@H]": 104, "(": 76, "o": 61, "O": 52, "C": 42, "s": 35, "n": 31, "[O-]": 30, "Br": 25, "3": 24, "P": 19, "others": 17, "N": 13, "2": 12, "[N+]": 10}}}