{"0.20": {"activatedMoleculePct": 0.9802136025714919, "activatedTokens": {"(": 5405932, "others": 20}}, "0.00": {"activatedMoleculePct": 0.991711054295597, "activatedTokens": {"(": 6173647, "others": 997}}}