{"0.20": {"activatedMoleculePct": 0.9980724063355727, "activatedTokens": {"(": 6206661, "others": 206}}, "0.00": {"activatedMoleculePct": 0.9983096937015584, "activatedTokens": {"(": 6223874, "others": 6119}}}