{"0.20": {"activatedMoleculePct": 0.7349214498258062, "activatedTokens": {"O": 1759230, "others": 740}}, "0.00": {"activatedMoleculePct": 0.9405558529785057, "activatedTokens": {"O": 3141513, "others": 2827}}}