{"0.20": {"activatedMoleculePct": 0.10616119575255614, "activatedTokens": {"2": 218713, "others": 292}}, "0.00": {"activatedMoleculePct": 0.19150921356082648, "activatedTokens": {"2": 495400, "3": 25128, "others": 4136}}}