{"0.20": {"activatedMoleculePct": 0.2232354132352155, "activatedTokens": {"F": 536636, "I": 5639, "others": 49}}, "0.00": {"activatedMoleculePct": 0.2619747728376273, "activatedTokens": {"F": 563745, "Br": 54746, "I": 6484, "others": 1875}}}