{"0.20": {"activatedMoleculePct": 0.9556682751918256, "activatedTokens": {"N": 2703993, "others": 5831}}, "0.00": {"activatedMoleculePct": 0.9595996288356881, "activatedTokens": {"N": 2704348, "[N+]": 29271, "others": 27528, "-": 7043, "=": 6657, "3": 5862, "C": 5711}}}