{"0.20": {"activatedMoleculePct": 0.0770041444728522, "activatedTokens": {"4": 203552, ".": 10818, "[Si]": 2107, "others": 654}}, "0.00": {"activatedMoleculePct": 0.07861242550897773, "activatedTokens": {"4": 203552, ".": 10875, "[Si]": 2111, "I": 1992, "others": 1095}}}