{"0.20": {"activatedMoleculePct": 0.3098182041887079, "activatedTokens": {"3": 786782, "others": 38}}, "0.00": {"activatedMoleculePct": 0.34058646597819153, "activatedTokens": {"3": 931392, "others": 5250}}}