{"0.20": {"activatedMoleculePct": 0.522530948058235, "activatedTokens": {"2": 1271089, "others": 235}}, "0.00": {"activatedMoleculePct": 0.773264598116495, "activatedTokens": {"2": 2327011, "others": 5042}}}