{"0.20": {"activatedMoleculePct": 0.7816326396095598, "activatedTokens": {"2": 2109845, "others": 130}}, "0.00": {"activatedMoleculePct": 0.8008133683600733, "activatedTokens": {"2": 2632566, "others": 1548}}}