{"0.20": {"activatedMoleculePct": 0.2366904857287029, "activatedTokens": {"C": 610406, "N": 58603, "3": 29302, "others": 2233}}, "0.00": {"activatedMoleculePct": 0.5701788370429014, "activatedTokens": {"C": 2414967, "N": 347458, "3": 149930, "others": 25553}}}