{"0.20": {"activatedMoleculePct": 0.32712992874787705, "activatedTokens": {"[C@H]": 544054, "others": 79}}, "0.00": {"activatedMoleculePct": 0.4213396043599356, "activatedTokens": {"[C@H]": 746010, "others": 3164}}}