{"0.20": {"activatedMoleculePct": 0.36610657571627464, "activatedTokens": {"(": 625162, "others": 538}}, "0.00": {"activatedMoleculePct": 0.6996894025558192, "activatedTokens": {"(": 1532371, "others": 7278}}}