{"0.20": {"activatedMoleculePct": 0.03498377437779811, "activatedTokens": {"[N+]": 33326, "\\": 12892, "/": 2563, "[N-]": 2389, "7": 1329, "8": 826, "[NH+]": 526, "others": 497, "6": 302, "9": 298, "[NH2+]": 227}}, "0.00": {"activatedMoleculePct": 0.04792252713974249, "activatedTokens": {"/": 41780, "[N+]": 33837, "\\": 12892, "6": 2538, "[N-]": 2389, "7": 1698, "[S@@]": 1083, "8": 826, "others": 782, "[S@]": 737, "[NH+]": 526, "9": 298, "[NH2+]": 227}}}