{"0.20": {"activatedMoleculePct": 0.14172134407180725, "activatedTokens": {"c": 522521, "C": 51876, "2": 34463, "n": 14345, "others": 5755, "O": 3683, "(": 3065, "o": 1971}}, "0.00": {"activatedMoleculePct": 0.3225804561629901, "activatedTokens": {"c": 992051, "C": 353118, "2": 146604, "(": 59428, "O": 57691, "n": 54160, "F": 22746, ")": 20251, "S": 19157, "others": 9145, "o": 8915, "=": 8802}}}