{"0.20": {"activatedMoleculePct": 0.9872670427622593, "activatedTokens": {")": 4944134, "c": 4689927, "(": 3405635, "O": 2645429, "n": 1005455, "F": 422853, "[C@@H]": 410777, "others": 144896, "[nH]": 60739}}, "0.00": {"activatedMoleculePct": 0.9999238336849923, "activatedTokens": {"c": 10133827, ")": 6217964, "(": 6191867, "O": 3428959, "n": 1676106, "[C@@H]": 767766, "F": 571058, "others": 265492, "Cl": 176621, "-": 164221, "[nH]": 138905}}}