{"0.20": {"activatedMoleculePct": 0.0003786344697982252, "activatedTokens": {")": 236, "5": 94, "/": 86, "[Si]": 64, "C": 50, "1": 48, "O": 16, "c": 11, "Cl": 8, "[N+]": 7, "[C@@]": 7, "others": 5}}, "0.00": {"activatedMoleculePct": 0.0011256502516051685, "activatedTokens": {")": 729, "C": 292, "/": 246, "1": 129, "5": 126, "[Si]": 73, "O": 70, "2": 55, "c": 41, "Cl": 30, "[C@@]": 25, "[N+]": 20, "others": 12}}}