{"0.20": {"activatedMoleculePct": 0.005100213631866229, "activatedTokens": {"4": 16316, "5": 3698, "3": 3552, "6": 256, "others": 141}}, "0.00": {"activatedMoleculePct": 0.013072776181621507, "activatedTokens": {"4": 37741, "3": 9946, "5": 6099, "6": 1215, "others": 562, "C": 466, "n": 344}}}