{"0.20": {"activatedMoleculePct": 0.6899796621291561, "activatedTokens": {"[C@H]": 806784, "[C@@H]": 789608, "[C@@]": 50751, "[C@]": 35002, "others": 300}}, "0.00": {"activatedMoleculePct": 0.6952893331272937, "activatedTokens": {"[C@H]": 806850, "[C@@H]": 789613, "[C@]": 50813, "[C@@]": 50751, "others": 2977}}}