{"0.20": {"activatedMoleculePct": 0.11181581227346929, "activatedTokens": {"n": 149364, "C": 53213, "F": 15851, "-": 13908, "[C@H]": 9389, "[C@@H]": 4362, "/": 3654, "=": 2243, "others": 2103, "(": 1768, ".": 974}}, "0.00": {"activatedMoleculePct": 0.32440478588110877, "activatedTokens": {"C": 391780, "n": 370098, "F": 58348, "[C@H]": 45458, "-": 26608, "[C@@H]": 26589, "(": 18023, "=": 17098, "/": 13098, "others": 7908, "O": 4620, ")": 3967, "s": 2394, "N": 2244, ".": 2028}}}