{"0.20": {"activatedMoleculePct": 0.7920461860816312, "activatedTokens": {"O": 2670161, "others": 121}}, "0.00": {"activatedMoleculePct": 0.9357522485541216, "activatedTokens": {"O": 3361511, "others": 350}}}