{"0.20": {"activatedMoleculePct": 0.1882091614894323, "activatedTokens": {"o": 151724, "[nH]": 121748, ".": 6603, "others": 634}}, "0.00": {"activatedMoleculePct": 0.2141745512229454, "activatedTokens": {"o": 174146, "[nH]": 138704, ".": 8077, "others": 2608}}}