{"0.20": {"activatedMoleculePct": 0.7510818912388963, "activatedTokens": {"n": 1506439, "[C@@H]": 789525, "others": 143}}, "0.00": {"activatedMoleculePct": 0.7659130839814183, "activatedTokens": {"n": 1684133, "[C@@H]": 789596, "others": 14576}}}