{"0.20": {"activatedMoleculePct": 0.13954474514677762, "activatedTokens": {"c": 104085, "(": 73188, "[C@H]": 53167, "s": 18932, "C": 17014, "[nH]": 12227, "N": 4498, "[C@@H]": 4457, "n": 4281, "Br": 3118, "[C@]": 2792, "others": 2473, "O": 1718, "2": 1557, "=": 1200, "o": 1005, "3": 766, "[C@@]": 616}}, "0.00": {"activatedMoleculePct": 0.46404547129005963, "activatedTokens": {"c": 466615, "(": 447296, "C": 152866, "[C@H]": 140657, "s": 40090, "N": 28449, "[C@@H]": 26167, "n": 23554, "[nH]": 20954, "=": 15016, "O": 14400, "Br": 12856, "others": 11542, ")": 10939, "[C@]": 9764, "o": 9099, "2": 6526, "[C@@]": 5240, "S": 4797}}}