{"0.20": {"activatedMoleculePct": 0.2609794841636316, "activatedTokens": {"S": 238516, "s": 163536, "others": 2486}}, "0.00": {"activatedMoleculePct": 0.26127389626587316, "activatedTokens": {"S": 238516, "s": 163607, "others": 3021}}}