{"0.20": {"activatedMoleculePct": 0.05912263728795188, "activatedTokens": {"C": 317426, "N": 153307, "2": 125400, "c": 106490, "1": 104535, "3": 41405, "(": 28849, "[C@H]": 26098, "n": 24503, "[C@@H]": 22175, "O": 14408, "others": 7785, "[nH]": 5774, "s": 5117}}, "0.00": {"activatedMoleculePct": 0.0730391018819671, "activatedTokens": {"C": 400870, "N": 167283, "2": 143222, "1": 121105, "c": 120433, "(": 59493, "3": 49309, "[C@H]": 38999, "[C@@H]": 34531, "n": 27199, "O": 24797, "others": 11931, "[nH]": 7529, "4": 5590, "s": 5263}}}