{"0.20": {"activatedMoleculePct": 0.6101383224222646, "activatedTokens": {")": 2484034, "others": 1989}}, "0.00": {"activatedMoleculePct": 0.8082791319676615, "activatedTokens": {")": 3837373, "others": 9335}}}