{"0.20": {"activatedMoleculePct": 0.011950055403670484, "activatedTokens": {"C": 30355, "(": 13605, "=": 9580, "O": 8486, ")": 6814, "N": 3213, "c": 2696, "/": 2070, "1": 1964, "[C@H]": 1943, "[C@@H]": 1520, "others": 766, "2": 741, "F": 424}}, "0.00": {"activatedMoleculePct": 0.0511420186856477, "activatedTokens": {"C": 100431, "(": 39429, "O": 24958, "=": 24481, ")": 18222, "c": 17430, "N": 15112, "1": 15001, "2": 9878, "[C@H]": 5076, "/": 4304, "F": 4020, "[C@@H]": 3445, "others": 2813, "3": 2059, "n": 1472}}}