{"0.20": {"activatedMoleculePct": 0.1171723548500732, "activatedTokens": {"Cl": 188237, "others": 273}}, "0.00": {"activatedMoleculePct": 0.1183675801009643, "activatedTokens": {"Cl": 188499, "others": 1347, "s": 587}}}