{"0.20": {"activatedMoleculePct": 0.01604985378264624, "activatedTokens": {"C": 16490, "(": 13496, "c": 10964, "N": 7334, "O": 7078, "=": 3654, "1": 3020, "n": 1657, ")": 1247, "S": 1101, "others": 585, "7": 473, "F": 444, "[C@@H]": 227, ".": 198, "#": 193, "Br": 170}}, "0.00": {"activatedMoleculePct": 0.04586750137135986, "activatedTokens": {"C": 46647, "c": 32617, "(": 27540, "O": 18841, "N": 18827, "=": 10030, "1": 7638, "n": 6250, "S": 5093, ")": 3298, "others": 1546, "F": 1233, "[C@@H]": 1074, ".": 753, "7": 705, "Br": 511, "#": 360, "-": 315}}}