{"0.20": {"activatedMoleculePct": 0.48601139711725144, "activatedTokens": {"1": 502894, "2": 207130, "3": 66479, "4": 11951, "others": 1426}}, "0.00": {"activatedMoleculePct": 0.5537181245802614, "activatedTokens": {"1": 555746, "2": 271873, "3": 86705, "4": 18316, "others": 7175, "O": 4068, "c": 3627}}}