{"0.20": {"activatedMoleculePct": 0.21721314777070716, "activatedTokens": {"c": 244560, "C": 241784, "n": 43743, "1": 27881, "O": 25144, "2": 21275, "N": 16041, "(": 14735, "[C@@H]": 12970, "s": 9360, "F": 8494, "3": 7735, "o": 7338, "others": 6942, "-": 6811, "4": 5597, "Cl": 5364, "=": 1942}}, "0.00": {"activatedMoleculePct": 0.37457421931358037, "activatedTokens": {"C": 546582, "c": 486139, "n": 87355, "1": 82531, "2": 64050, "(": 56030, "O": 54777, "N": 35835, "3": 24552, "[C@@H]": 19381, "F": 15909, "s": 13466, "4": 13253, "o": 13237, "others": 12731, "-": 11374, "Cl": 10232, "=": 7244, ")": 6312, "5": 3604}}}