{"0.20": {"activatedMoleculePct": 0.11911532825118479, "activatedTokens": {"C": 207602, "c": 167700, ")": 153326, "O": 103845, "=": 54942, "S": 28066, "[C@H]": 26378, "1": 24396, "(": 23868, "2": 13859, "[C@@H]": 13646, "3": 9740, "N": 7024, "others": 6554, "4": 4562, "n": 3328, "/": 2101}}, "0.00": {"activatedMoleculePct": 0.2226553774516948, "activatedTokens": {"C": 395662, "c": 307150, ")": 303316, "O": 187053, "=": 124752, "(": 77836, "S": 55774, "1": 49289, "[C@H]": 40184, "2": 28456, "[C@@H]": 20891, "3": 20215, "N": 15636, "others": 13934, "4": 8876, "n": 8139, "/": 3878}}}