{"0.20": {"activatedMoleculePct": 0.19027663752084503, "activatedTokens": {"C": 230275, "[C@H]": 43982, "O": 35875, "[C@@H]": 32763, "c": 6123, "N": 6047, "[C@]": 4942, "[C@@]": 4930, "others": 3204, "2": 2776, "S": 2770, "=": 1833, "n": 1794}}, "0.00": {"activatedMoleculePct": 0.30876139656797513, "activatedTokens": {"C": 475042, "[C@H]": 63750, "O": 57060, "[C@@H]": 56590, "N": 21938, "c": 18210, "2": 13553, "[C@]": 11827, "[C@@]": 11434, "3": 8603, "others": 5584, "S": 5312, "n": 5108, "(": 4923, "=": 3571}}}