{"0.20": {"activatedMoleculePct": 0.02692698946048616, "activatedTokens": {"c": 43119, "C": 40295, "(": 20940, ")": 15465, "O": 15328, "1": 12918, "=": 7130, "N": 6707, "[C@@H]": 3171, "[C@H]": 2735, "2": 2355, "others": 1718, "n": 604}}, "0.00": {"activatedMoleculePct": 0.16470160015174673, "activatedTokens": {"C": 195583, "c": 141528, "O": 82909, "(": 63581, ")": 51883, "1": 47318, "=": 37457, "N": 37367, "2": 13218, "[C@@H]": 11524, "[C@H]": 10284, "others": 6133, "F": 3102, "n": 2219}}}