{"0.20": {"activatedMoleculePct": 0.038999350389217195, "activatedTokens": {"C": 116366, "(": 61583, "c": 37432, "1": 36886, "N": 33284, ")": 30180, "O": 28530, "=": 23719, "2": 12473, "[C@@H]": 8967, "[C@H]": 8126, "n": 5041, "others": 4102, "/": 1992, "F": 1696, "3": 1509, "[C@]": 1086, "[C@@]": 876}}, "0.00": {"activatedMoleculePct": 0.1373989056951165, "activatedTokens": {"C": 302678, "(": 153095, "1": 93807, "c": 85587, "O": 83980, "=": 77318, "N": 75995, ")": 68781, "2": 39400, "[C@@H]": 22296, "n": 21905, "[C@H]": 16520, "others": 10127, "3": 4831, "F": 3192, "/": 2696, "-": 2107, "#": 1757, "o": 1518}}}