{"0.20": {"activatedMoleculePct": 0.09157461406015528, "activatedTokens": {"N": 68155, "C": 53305, "2": 43125, "n": 20386, "3": 17481, "O": 9982, "[C@H]": 9885, "[C@@H]": 9773, "1": 8461, "c": 3022, "4": 2720, "others": 2286, "[C@@]": 1461, "[C@]": 1427, "=": 1363, "-": 1303, "o": 1083, "S": 988}}, "0.00": {"activatedMoleculePct": 0.2394405291215314, "activatedTokens": {"C": 184583, "N": 125191, "2": 74302, "n": 45044, "O": 38249, "c": 36549, "3": 31444, "[C@@H]": 29666, "1": 28212, "[C@H]": 22958, "o": 11367, "=": 9747, "[nH]": 9259, "others": 6728, "4": 6568, "s": 6249, "S": 2893, "-": 2489, "[C@@]": 2262, "[C@]": 2141, "(": 2012}}}