{"0.20": {"activatedMoleculePct": 0.6379734487155356, "activatedTokens": {"(": 1358290, "others": 1585}}, "0.00": {"activatedMoleculePct": 0.819368654485427, "activatedTokens": {"(": 2449649, "others": 13827}}}