{"0.20": {"activatedMoleculePct": 0.12633794554547897, "activatedTokens": {"C": 130051, "O": 102212, "c": 98037, "N": 33105, "1": 27030, "=": 15606, "2": 10293, "[C@@H]": 6889, "[C@H]": 5150, "[C@@]": 4367, "others": 3605, "[C@]": 3152, ")": 3109, "3": 2364, "(": 2107, "n": 1352}}, "0.00": {"activatedMoleculePct": 0.30646468922312553, "activatedTokens": {"C": 367733, "O": 355842, "c": 303797, "=": 87150, "N": 74101, "1": 61710, ")": 26722, "2": 21904, "(": 17500, "[C@@H]": 13521, "others": 12247, "[C@H]": 9517, "[C@@]": 5620, "n": 5357, "3": 5267, "[C@]": 3772}}}