{"0.20": {"activatedMoleculePct": 0.3239587735172652, "activatedTokens": {"C": 526125, "O": 3936, "N": 3760, "others": 3009}}, "0.00": {"activatedMoleculePct": 0.4783508235116626, "activatedTokens": {"C": 879682, "N": 15358, "O": 7099, "others": 5930, "n": 4285, "F": 3487}}}