{"0.20": {"activatedMoleculePct": 0.2800899055464457, "activatedTokens": {"c": 467392, "C": 347464, "O": 123765, "1": 104683, "2": 97544, "N": 91608, "F": 85890, "n": 67355, "=": 46014, "3": 28751, "[C@@H]": 16981, "[C@H]": 16731, "others": 12126, "Br": 11189, "S": 8699, "4": 5825, "Cl": 5788, "-": 5475, "#": 5377, "s": 4984, "o": 4194}}, "0.00": {"activatedMoleculePct": 0.6915095797450332, "activatedTokens": {"C": 1602999, "c": 1510251, "O": 503378, "1": 449472, "N": 349927, "2": 344300, "n": 227280, "=": 214883, "F": 163830, "[C@@H]": 100761, "3": 99393, "[C@H]": 81338, "others": 47337, "S": 31805, "-": 27766, "Br": 26953, "Cl": 23191, "4": 21372, "s": 20539, "#": 16498, "o": 15773}}}