{"0.20": {"activatedMoleculePct": 0.046888422939829345, "activatedTokens": {"c": 115012, "C": 65412, "(": 53481, ")": 34891, "O": 28526, "1": 20886, "N": 19649, "=": 19106, "2": 17918, "[C@H]": 7822, "F": 5925, "[C@@H]": 5748, "n": 4444, "others": 3942, "3": 3873, "o": 2139, "#": 2122, "Cl": 2016, "S": 1282}}, "0.00": {"activatedMoleculePct": 0.2074089318186978, "activatedTokens": {"c": 312587, "C": 266802, "(": 157720, "O": 97755, ")": 90350, "=": 90290, "N": 56653, "1": 52481, "2": 48967, "n": 25713, "[C@H]": 20641, "[C@@H]": 14144, "F": 13725, "3": 12868, "others": 9467, "o": 9192, "#": 6087, "S": 5019, "Cl": 4454, "-": 3958, "Br": 3582}}}