{"0.20": {"activatedMoleculePct": 0.04112541589371284, "activatedTokens": {"C": 23546, "N": 10641, "c": 9830, "=": 6553, "2": 5845, "n": 4470, ")": 4073, "1": 3689, "3": 3182, "(": 2315, "4": 1527, "O": 1267, "[nH]": 1136, "[C@H]": 969, "Cl": 759, "others": 612, "s": 544, "[C@@H]": 533, "/": 380, "F": 262}}, "0.00": {"activatedMoleculePct": 0.10342287025434423, "activatedTokens": {"C": 74945, "c": 28265, "N": 26184, "=": 18734, ")": 14537, "2": 14027, "n": 12565, "1": 10471, "3": 7973, "(": 6409, "O": 4660, "4": 3665, "[C@H]": 2117, "[nH]": 1910, "Cl": 1757, "others": 1713, "[C@@H]": 1457, "s": 951, "/": 879, "F": 717}}}