{"0.20": {"activatedMoleculePct": 0.9999450723689848, "activatedTokens": {"C": 10278704, "c": 8923647, "1": 3568969, "(": 3546697, "2": 2194599, ")": 2157277, "O": 2000249, "N": 1874800, "=": 1558510, "n": 1364982, "3": 784996, "[C@@H]": 581793, "F": 459580, "[C@H]": 414990, "others": 340430, "S": 220012, "-": 161636, "Cl": 144543, "s": 141367, "4": 135973, "o": 121541, "[nH]": 104962}}, "0.00": {"activatedMoleculePct": 0.9999970705263459, "activatedTokens": {"C": 12348010, "c": 10094880, "(": 5383561, ")": 4225639, "1": 3970755, "O": 2947176, "2": 2544441, "N": 2430615, "=": 2183994, "n": 1599364, "3": 945914, "[C@@H]": 739859, "[C@H]": 622264, "F": 552427, "others": 415118, "S": 236211, "Cl": 179937, "4": 179327, "-": 177305, "o": 161903, "s": 157567, "[nH]": 129643}}}