{"0.20": {"activatedMoleculePct": 0.2524759545140626, "activatedTokens": {"C": 231647, "c": 148834, "O": 94037, "(": 52167, "N": 44718, "=": 40740, "1": 33859, "2": 22323, "[C@@H]": 19939, "n": 19246, "[C@H]": 18575, "3": 12266, "S": 11329, "others": 7147, "[C@@]": 3535, ")": 2714, "[S@]": 1726}}, "0.00": {"activatedMoleculePct": 0.4744868477618455, "activatedTokens": {"C": 605885, "c": 359384, "O": 294892, "(": 204844, "=": 163825, "N": 82018, "1": 70325, "2": 47122, "[C@@H]": 46947, "n": 46913, "[C@H]": 42900, "3": 28533, "S": 21661, "others": 19756, ")": 16517, "F": 6659, "[C@@]": 6205}}}