{"0.20": {"activatedMoleculePct": 0.02959207811734446, "activatedTokens": {"C": 12716, "c": 6672, "S": 5108, "(": 3989, "2": 3593, "F": 2804, "[nH]": 2789, "1": 2656, "n": 2039, "N": 1561, "[C@H]": 1554, "3": 1511, "O": 1497, ")": 1435, "Br": 1277, "s": 971, "Cl": 615, "others": 513, "I": 464, "[C@@H]": 336, ".": 258, "[S@@]": 198, "4": 180}}, "0.00": {"activatedMoleculePct": 0.07991457654824513, "activatedTokens": {"C": 46969, "c": 22686, "(": 13137, "2": 12574, "S": 11510, "1": 9895, "[nH]": 7408, "F": 7237, "n": 6340, ")": 6221, "O": 5630, "N": 5554, "3": 4899, "[C@H]": 3516, "Br": 2964, "s": 2604, "Cl": 1926, "others": 1546, "[C@@H]": 1041, "I": 767, ".": 632, "4": 575, "[C@]": 359}}}