{"0.20": {"activatedMoleculePct": 0.26164520705153604, "activatedTokens": {"C": 343995, "c": 199028, "(": 180913, "N": 98781, "1": 98749, "O": 84202, ")": 80213, "n": 58645, "=": 52026, "2": 43980, "[C@@H]": 19189, "[C@H]": 19123, "o": 15673, "Cl": 14897, "-": 14276, "others": 13339, "3": 11257, "s": 7467, "S": 5230, "Br": 5071, "F": 4220, "[nH]": 3882}}, "0.00": {"activatedMoleculePct": 0.4428895449282389, "activatedTokens": {"C": 745529, "c": 425188, "(": 421350, ")": 232073, "N": 214218, "1": 208911, "O": 176341, "=": 154494, "n": 110392, "2": 96387, "[C@H]": 37285, "[C@@H]": 36795, "-": 27838, "3": 27045, "Cl": 26902, "o": 24580, "others": 23843, "s": 13330, "F": 11836, "S": 11062, "Br": 10052, "[nH]": 8454, "/": 8092}}}