{"0.20": {"activatedMoleculePct": 0.05363133892325731, "activatedTokens": {"O": 61696, "C": 5607, "N": 3756, "n": 1172, "S": 1047, "others": 560}}, "0.00": {"activatedMoleculePct": 0.11205090253421442, "activatedTokens": {"O": 105805, "C": 22627, "n": 10825, "N": 9386, "S": 2890, "#": 2406, "o": 1604, "others": 1479, "[C@H]": 1243, "/": 1019, "c": 472, "1": 451}}}