{"0.20": {"activatedMoleculePct": 0.002118009451946745, "activatedTokens": {"C": 2034, "O": 913, "=": 871, "c": 478, "(": 329, "2": 288, ")": 251, "N": 231, "s": 204, "n": 166, "1": 147, "[C@H]": 131, "others": 41, "[nH]": 35, "3": 26}}, "0.00": {"activatedMoleculePct": 0.007793132288438905, "activatedTokens": {"C": 8830, "O": 3294, "=": 3245, "c": 3153, "2": 1744, "(": 1450, "n": 1391, "N": 1263, ")": 1046, "1": 1039, "s": 503, "[C@H]": 409, "3": 285, "others": 235, "S": 156, "o": 149, "[nH]": 119}}}