{"0.20": {"activatedMoleculePct": 0.2362517970489947, "activatedTokens": {"c": 440898, "n": 18214, "C": 5553, "others": 4648, "[C@@H]": 3535, "[C@@]": 2184, "N": 2071}}, "0.00": {"activatedMoleculePct": 0.43110427241761407, "activatedTokens": {"c": 883279, "n": 42717, "C": 42179, "[C@@H]": 16105, "others": 10293, "[C@H]": 8293, "(": 6863, "N": 6595, "[C@@]": 6421, "O": 3963, "o": 3440, "1": 3169}}}