{"0.20": {"activatedMoleculePct": 0.6360041100515368, "activatedTokens": {"O": 1039880, "C": 507455, "c": 259168, "1": 191391, "=": 149602, "2": 141406, "N": 134542, "n": 82145, "3": 65215, "F": 48038, "[C@H]": 27161, "others": 22913, "[C@@H]": 22786, "s": 14180, "#": 8984, "4": 8819, "S": 8681, "Cl": 7067}}, "0.00": {"activatedMoleculePct": 0.8548885225419336, "activatedTokens": {"C": 1588048, "O": 1552370, "c": 1145603, "1": 597399, "=": 511583, "2": 407976, "N": 349474, "n": 256241, "3": 175460, "F": 142914, "[C@H]": 71561, "[C@@H]": 67034, "others": 60603, "s": 31134, "Cl": 26211, "4": 24954, "#": 20830, "S": 18105, ")": 12322}}}