{"0.20": {"activatedMoleculePct": 0.4397117983819052, "activatedTokens": {"1": 388033, "2": 250039, "3": 57425, "others": 5344, "4": 3746, "c": 2225}}, "0.00": {"activatedMoleculePct": 0.6459840944227948, "activatedTokens": {"1": 663228, "2": 417012, "3": 104277, "c": 22613, "(": 15869, "4": 9859, "others": 9460, "C": 8687, "N": 8500, "[C@@H]": 6623, "n": 5912, "=": 4884, "o": 4470}}}