{"0.20": {"activatedMoleculePct": 0.302854112944392, "activatedTokens": {"C": 408976, "c": 313585, "N": 197502, "O": 50897, "n": 41964, "F": 30632, "2": 17856, ")": 9052, "S": 8910, "Cl": 8855, "=": 8619, "others": 8580, "1": 6992, "s": 5082, "-": 4455, "/": 4447, "3": 4376, "o": 3605}}, "0.00": {"activatedMoleculePct": 0.5073218532143283, "activatedTokens": {"C": 1000999, "c": 656949, "N": 445709, "O": 146158, "n": 112770, "F": 66794, "2": 61547, ")": 41482, "=": 35823, "1": 35560, "others": 21830, "Cl": 18267, "S": 14863, "3": 14674, "-": 10479, "s": 8504, "/": 8242, "o": 7687, "Br": 6671}}}