{"0.20": {"activatedMoleculePct": 0.02030491426529167, "activatedTokens": {"C": 11549, "c": 6964, "N": 4684, "O": 2642, ")": 2381, "n": 2116, "(": 1454, "1": 1400, "F": 1257, "[C@H]": 1048, "[nH]": 826, "[C@@H]": 623, "=": 452, "others": 347, "o": 345, "2": 150, "[C@]": 113, "#": 110, "3": 64}}, "0.00": {"activatedMoleculePct": 0.06138931752784648, "activatedTokens": {"C": 36097, "c": 24274, "N": 17143, ")": 11387, "O": 10804, "n": 7863, "(": 5736, "1": 4913, "F": 4692, "[C@H]": 2727, "[nH]": 2309, "=": 1795, "[C@@H]": 1662, "others": 1207, "o": 1173, "2": 739, "#": 413, "3": 287}}}