{"0.20": {"activatedMoleculePct": 0.01588653562642766, "activatedTokens": {"C": 6956, "2": 4899, "O": 3849, "1": 3112, "c": 2816, "[C@H]": 2479, "=": 2434, "(": 2361, "n": 1212, ")": 1184, "N": 1082, "3": 751, "[nH]": 472, "s": 447, "others": 309, "[C@@H]": 205, "-": 184}}, "0.00": {"activatedMoleculePct": 0.03785172908520594, "activatedTokens": {"C": 18527, "O": 11983, "2": 11122, "c": 9613, "1": 8366, "=": 7358, "[C@H]": 5962, "(": 5791, ")": 4018, "n": 3549, "N": 2831, "3": 2127, "[nH]": 1213, "s": 1022, "others": 747, "[C@@H]": 590, "4": 372}}}