{"0.20": {"activatedMoleculePct": 0.0733847797731562, "activatedTokens": {"C": 85990, "c": 59967, "[C@H]": 23442, "1": 21252, "2": 14924, ")": 10627, "N": 8850, "O": 7196, "3": 7084, "(": 6912, "n": 6355, "[C@@H]": 4125, "others": 2395, "[C@]": 2029, "-": 1757, "F": 1626, "4": 1493, "=": 1326, "[C@@]": 1312}}, "0.00": {"activatedMoleculePct": 0.16055273308906406, "activatedTokens": {"c": 172251, "C": 165402, "1": 49782, "[C@H]": 37751, ")": 37261, "2": 34217, "N": 26260, "n": 15859, "3": 15537, "(": 15332, "O": 13712, "[C@@H]": 10018, "-": 5457, "others": 4829, "=": 4702, "[C@]": 4681, "F": 3998, "[C@@]": 3438, "4": 3021, "[nH]": 2205}}}