{"0.20": {"activatedMoleculePct": 0.5865575242432254, "activatedTokens": {"C": 1199411, "O": 593012, "=": 431639, "N": 217252, "1": 114354, "2": 67952, "F": 51066, "[C@@H]": 48692, "c": 24613, "others": 23728, "3": 22064, "-": 16503, "o": 16305, "S": 13682, "s": 10121, "[C@H]": 10059, "(": 9709, "4": 8522, "n": 5850, "Br": 5394}}, "0.00": {"activatedMoleculePct": 0.8586712053978481, "activatedTokens": {"C": 3064231, "O": 1313855, "=": 998080, "N": 558408, "1": 334724, "2": 200862, "F": 132932, "[C@@H]": 130613, "c": 107869, "others": 69989, "3": 65616, "(": 54022, "S": 36608, "o": 36262, "-": 35419, "[C@H]": 32291, "4": 22154, "s": 22146, ")": 19350, "n": 18195}}}