{"0.20": {"activatedMoleculePct": 0.09035082644113626, "activatedTokens": {"c": 108417, "2": 67696, "1": 53672, "3": 37405, "O": 24477, "n": 20500, "4": 8331, "C": 7522, "(": 5354, "[nH]": 2637, "others": 2532, "=": 2207, "5": 1530, ")": 1350, "o": 1133, "-": 1010}}, "0.00": {"activatedMoleculePct": 0.14941926846648645, "activatedTokens": {"c": 234152, "2": 95553, "1": 87761, "3": 51369, "O": 45406, "n": 40339, "C": 27451, "(": 13950, "4": 11735, "others": 6329, "=": 5875, ")": 5722, "[nH]": 4020, "o": 2568, "5": 2317, "Cl": 2157, "s": 1435}}}