{"0.20": {"activatedMoleculePct": 0.34259315543128077, "activatedTokens": {"C": 778944, "c": 436665, "1": 405673, "N": 373940, "O": 265758, "2": 246038, "=": 208453, "[C@H]": 138708, "3": 82794, "n": 59804, "[C@@H]": 49271, "F": 48090, "others": 30926, "[nH]": 13541, "4": 13268, "o": 11086, "#": 8919, "s": 7808}}, "0.00": {"activatedMoleculePct": 0.4962909201696458, "activatedTokens": {"C": 1464959, "c": 848629, "1": 656874, "N": 593608, "O": 471877, "2": 399363, "=": 374355, "[C@H]": 197868, "3": 133920, "n": 129254, "[C@@H]": 87540, "F": 73165, "others": 47011, "4": 21234, "o": 20972, "[nH]": 20134, "-": 17883, "#": 14291, "S": 14080, "s": 13929}}}