{"0.20": {"activatedMoleculePct": 0.7079658979971921, "activatedTokens": {"C": 1415133, "c": 839515, "N": 423829, "1": 382023, "O": 259271, "2": 219554, "[C@H]": 178532, "[C@@H]": 177622, "=": 169927, "n": 133056, "3": 60669, "F": 41227, "others": 36392, "S": 34695, "Cl": 29156, "Br": 26152, "o": 22676, "-": 15927, "4": 14927, "[C@@]": 10067, "#": 9929, "s": 8820}}, "0.00": {"activatedMoleculePct": 0.9423816474334515, "activatedTokens": {"C": 3908028, "c": 2684860, "1": 1064488, "N": 930230, "2": 624239, "O": 592942, "=": 521643, "n": 365758, "[C@@H]": 343665, "[C@H]": 334895, "3": 191779, "F": 120797, "others": 106046, "S": 80476, "Cl": 70770, "o": 54617, "4": 43802, "Br": 43528, "-": 39094, "(": 28216, "s": 25913, "#": 21340}}}