{"0.20": {"activatedMoleculePct": 0.18257138944203047, "activatedTokens": {"1": 207893, "c": 113475, "C": 84209, ")": 73037, "2": 60466, "(": 48622, "O": 47189, "N": 46474, "n": 15272, "3": 12305, "=": 7434, "[C@H]": 6413, "others": 6330, "S": 5327, "[C@@H]": 4727, "F": 3087, "[nH]": 2961}}, "0.00": {"activatedMoleculePct": 0.4006611822037405, "activatedTokens": {"1": 530195, "c": 339720, "C": 214113, ")": 200946, "2": 178517, "N": 136042, "(": 135806, "O": 133843, "n": 51864, "3": 33530, "=": 26156, "others": 17904, "[C@H]": 13693, "[C@@H]": 12794, "S": 10530, "F": 9843, "[nH]": 6364, "s": 4285}}}