{"0.20": {"activatedMoleculePct": 0.7781370451717514, "activatedTokens": {"C": 2054107, "c": 1645682, "1": 837784, "O": 565950, "N": 525996, "2": 396558, "=": 306433, "[C@H]": 220314, "n": 204585, "[C@@H]": 146133, "F": 126484, "3": 125113, "-": 79804, "others": 57282, "o": 49029, "S": 37552, "#": 31763, "s": 25015, "[nH]": 23351, "4": 20256, "Cl": 18428}}, "0.00": {"activatedMoleculePct": 0.9229284776331025, "activatedTokens": {"C": 4135657, "c": 3290179, "1": 1502798, "O": 1090267, "N": 956570, "2": 766429, "=": 702136, "n": 431285, "[C@H]": 342307, "[C@@H]": 262271, "3": 257663, "F": 232176, "others": 142573, "-": 113455, "o": 78707, "S": 75345, "#": 46524, "[nH]": 45496, "s": 45250, "4": 42592, "Cl": 38380}}}