{"0.20": {"activatedMoleculePct": 0.032572817560436874, "activatedTokens": {"O": 9756, "C": 9665, "n": 7393, "[C@H]": 5598, "c": 3789, ")": 3109, "(": 3073, "N": 2310, "F": 2253, "-": 1651, "[C@]": 1624, "1": 1592, "2": 1184, "S": 1061, "=": 1001, "/": 966, "o": 599, "[C@@H]": 540, "Br": 493, "others": 442, ".": 427, "#": 179}}, "0.00": {"activatedMoleculePct": 0.08961992276442711, "activatedTokens": {"O": 35409, "C": 31514, "n": 26319, "c": 16476, "[C@H]": 14327, ")": 12591, "(": 9613, "1": 6322, "N": 6196, "F": 5794, "-": 4950, "2": 4291, "S": 3609, "[C@]": 3093, "=": 2363, "/": 2100, "others": 1923, "[C@@H]": 1842, "o": 1572, "Br": 1482, ".": 851}}}