{"0.20": {"activatedMoleculePct": 0.17289387322556288, "activatedTokens": {"C": 255296, "O": 5277, "F": 2847, "others": 1762, "[C@H]": 1458}}, "0.00": {"activatedMoleculePct": 0.27925134371294674, "activatedTokens": {"C": 438631, "O": 12064, "[C@@H]": 12020, "[C@H]": 9805, "F": 8412, "others": 4536, "2": 992}}}