{"0.20": {"activatedMoleculePct": 0.7369786726994294, "activatedTokens": {"C": 1512498, "c": 1451577, "N": 448161, "1": 437422, "O": 349205, "2": 249968, "=": 233701, "n": 137684, "[C@H]": 114714, "[C@@H]": 88514, "3": 65721, "F": 52798, "others": 45931, "s": 38327, "-": 33186, "4": 29331, "S": 28519, "Cl": 21222, "[nH]": 20253, "o": 14684}}, "0.00": {"activatedMoleculePct": 0.9253665320817646, "activatedTokens": {"C": 3427491, "c": 3156475, "1": 1011818, "N": 819194, "O": 814678, "=": 617103, "2": 593309, "n": 327005, "[C@H]": 221011, "[C@@H]": 191228, "3": 179543, "F": 120805, "others": 100249, "s": 65033, "-": 64691, "4": 63441, "S": 61043, "Cl": 49794, "[nH]": 37269, "o": 32471, ")": 23610}}}