{"0.20": {"activatedMoleculePct": 0.051799685521003225, "activatedTokens": {"C": 159157, "c": 130958, "(": 93768, ")": 72920, "1": 60708, "O": 49497, "=": 39769, "n": 25199, "N": 21453, "2": 8249, "[C@H]": 6627, "others": 6299, "[C@@H]": 5560, "o": 4667, "F": 3110, "s": 3065, "S": 2912, "[nH]": 2442, "Cl": 1211}}, "0.00": {"activatedMoleculePct": 0.17523452267522463, "activatedTokens": {"C": 353504, "(": 251401, "c": 226854, ")": 194959, "O": 124206, "1": 114927, "=": 103226, "N": 74372, "n": 48148, "2": 34310, "[C@H]": 16557, "others": 15594, "[C@@H]": 12596, "o": 7715, "s": 6043, "F": 5887, "3": 5859, "[nH]": 5478, "S": 5270, "Cl": 4413}}}