{"0.20": {"activatedMoleculePct": 0.15831095337522968, "activatedTokens": {"C": 405661, "1": 197541, "N": 162766, "2": 150735, "[C@@H]": 90610, "[C@H]": 71835, "(": 59365, "3": 57804, "O": 30100, "c": 13177, "others": 10322, "4": 10265, "=": 8998, ")": 7377, "[C@@]": 5010, "n": 4855}}, "0.00": {"activatedMoleculePct": 0.3872200247101103, "activatedTokens": {"C": 1128453, "1": 518132, "N": 383132, "2": 355824, "(": 176258, "[C@@H]": 174924, "[C@H]": 160834, "c": 140891, "O": 124294, "3": 121562, "=": 93933, ")": 38445, "n": 34329, "others": 30795, "4": 18180, "[C@@]": 10718, "S": 8355}}}