{"0.20": {"activatedMoleculePct": 0.019149236908731517, "activatedTokens": {"(": 21575, "C": 12721, ")": 10002, "c": 7663, "n": 3858, "=": 3306, "O": 2944, "N": 1339, "1": 1134, "3": 1110, "S": 956, "-": 898, "2": 847, "others": 689, "s": 661, "[C@H]": 473, ".": 265, "I": 150, "[nH]": 148}}, "0.00": {"activatedMoleculePct": 0.059667519387622825, "activatedTokens": {"(": 68137, "C": 40931, ")": 36232, "c": 25629, "n": 18441, "O": 11436, "=": 11203, "N": 5626, "3": 5455, "1": 4636, "S": 3798, "2": 3211, "-": 2777, "s": 2227, "others": 2221, "[C@H]": 2116, ".": 1441, "4": 601, "[nH]": 493, "I": 457}}}