{"0.20": {"activatedMoleculePct": 0.04815395555841993, "activatedTokens": {"c": 90690, "C": 80790, "(": 67435, ")": 66500, "n": 32485, "O": 23296, "1": 20828, "2": 19588, "=": 18683, "N": 16718, "3": 4562, "[C@H]": 4399, "others": 4255, "F": 3139, "-": 1537}}, "0.00": {"activatedMoleculePct": 0.21490618726806807, "activatedTokens": {"C": 279785, "(": 231840, "c": 225059, ")": 205530, "O": 79475, "1": 77017, "n": 69631, "=": 68008, "N": 59957, "2": 58632, "[C@H]": 18275, "others": 13777, "3": 13101, "F": 10512, "S": 3956, "[nH]": 3736, "4": 3244}}}