{"0.20": {"activatedMoleculePct": 0.2554808621148017, "activatedTokens": {"C": 239203, "1": 229472, "O": 52618, "N": 46769, "2": 43303, "c": 38056, "[C@H]": 25539, "[C@@H]": 22557, "(": 17279, "3": 8513, "others": 6889, "n": 6548, ")": 6541, "[C@@]": 2669, "[C@]": 2324, "=": 2251}}, "0.00": {"activatedMoleculePct": 0.5332052176855254, "activatedTokens": {"1": 600904, "C": 577970, "O": 197557, "c": 168269, "2": 160495, "N": 120367, "(": 65153, "[C@H]": 48356, "[C@@H]": 44859, "n": 41687, ")": 37140, "3": 32201, "others": 18280, "=": 11094, "S": 5245, "[C@@]": 4573, "F": 4544}}}