{"0.20": {"activatedMoleculePct": 0.5942246891645361, "activatedTokens": {"C": 1133575, "c": 1105076, "1": 353231, "=": 278507, "2": 264678, "O": 254925, "N": 213430, "n": 159176, "[C@H]": 123944, "[C@@H]": 77426, "F": 67668, "3": 58617, "S": 49538, "others": 39415, "Cl": 15686, "[nH]": 13553}}, "0.00": {"activatedMoleculePct": 0.8207872521024466, "activatedTokens": {"c": 2648611, "C": 2509336, "1": 809152, "O": 652986, "=": 621617, "2": 586758, "N": 462392, "n": 366332, "[C@H]": 226246, "[C@@H]": 167769, "F": 153029, "3": 152163, "S": 82880, "others": 81333, "Cl": 37742, "4": 32768, "[nH]": 28321}}}