{"0.20": {"activatedMoleculePct": 0.250583514533485, "activatedTokens": {"c": 629980, "n": 113523, "C": 41574, "(": 41564, "1": 34944, "O": 17935, "2": 8463, "others": 7770, "F": 6302, "N": 5091, "o": 4164, "3": 2758, "-": 2701, "Br": 1720}}, "0.00": {"activatedMoleculePct": 0.4059811063596676, "activatedTokens": {"c": 1178674, "n": 183046, "C": 151703, "(": 128687, "1": 84288, "O": 39172, "2": 23646, "F": 18701, "others": 15458, "N": 15234, "o": 11589, "3": 9382, "-": 7664, "S": 5471, "Br": 4457, ")": 4447}}}