{"0.20": {"activatedMoleculePct": 0.21056836915469304, "activatedTokens": {"c": 282940, "[C@H]": 19953, "n": 15204, "[C@@H]": 12091, "N": 8159, "C": 3939, "1": 2871, "others": 1672}}, "0.00": {"activatedMoleculePct": 0.3243212958819656, "activatedTokens": {"c": 379864, "[C@H]": 44627, "N": 37518, "[C@@H]": 36794, "C": 31669, "n": 29388, "1": 18769, "others": 5574, "2": 4604, "O": 2715, "[C@@]": 1439, "F": 1354}}}