{"0.20": {"activatedMoleculePct": 0.02266167582005122, "activatedTokens": {"c": 55169, "C": 36315, "(": 35852, ")": 31000, "N": 17097, "1": 10949, "-": 10644, "2": 9806, "3": 6845, "=": 6060, "4": 5000, "n": 3306, "O": 2945, "5": 2812, "F": 2736, "others": 2381, "6": 1902, ".": 1716, "7": 1156, "o": 800, "#": 610, "8": 609, "S": 470, "[Si]": 419, "P": 405, "s": 314, "9": 282, "[C-]": 277, "Br": 219, "[c-]": 154, "%10": 145, "[N+]": 142, "I": 141, "[CH]": 138, "[nH]": 114}}, "0.00": {"activatedMoleculePct": 0.07492714765206349, "activatedTokens": {"c": 89329, "C": 81679, "(": 73110, "N": 65192, ")": 52830, "1": 20335, "2": 15727, "-": 15250, "=": 13527, "O": 10130, "3": 9728, "F": 6657, "4": 6348, "n": 5569, "others": 4820, "5": 3894, ".": 2603, "6": 2442, "o": 2223, "S": 1696, "7": 1419, "#": 897, "8": 684, "[Si]": 602, "P": 549, "Br": 485, "s": 431, "[C-]": 314, "9": 292, "[N+]": 289}}}