{"0.20": {"activatedMoleculePct": 0.6641980968674406, "activatedTokens": {"C": 2500988, "c": 1304841, "(": 858870, "O": 712558, "[C@H]": 326509, "=": 302527, "1": 258541, "2": 237340, "N": 190546, "n": 151504, "3": 113948, "others": 69360, "[C@@H]": 64010, "o": 62199, "S": 51848, "s": 47914, "Cl": 45072, "-": 44490, "F": 39264, "4": 20484}}, "0.00": {"activatedMoleculePct": 0.8398749700644411, "activatedTokens": {"C": 4687895, "c": 2697780, "(": 1879607, "O": 1362356, "=": 739420, "1": 656057, "2": 542266, "[C@H]": 480024, "N": 409342, "n": 346502, "3": 245716, "[C@@H]": 169802, "others": 120792, "F": 103892, "o": 97579, "S": 94693, "Cl": 84512, "-": 74547, "s": 72982, "4": 45103, "[nH]": 30988}}}