{"0.20": {"activatedMoleculePct": 0.11150162622406226, "activatedTokens": {"(": 432760, "others": 86}}, "0.00": {"activatedMoleculePct": 0.20022146820825334, "activatedTokens": {"(": 776385, "others": 2320}}}