{"0.20": {"activatedMoleculePct": 0.03304226571351359, "activatedTokens": {"c": 130766, "(": 65090, "1": 44863, ")": 41504, "C": 39781, "O": 22190, "=": 14936, "2": 14455, "N": 13560, "Cl": 10925, "n": 7363, "3": 4157, "others": 3959, "S": 2051, "F": 1628, "-": 1155, "[C@H]": 1142, "[C@@H]": 837}}, "0.00": {"activatedMoleculePct": 0.09513245981311423, "activatedTokens": {"c": 291029, "(": 162556, "C": 114378, ")": 105012, "1": 86606, "O": 55061, "=": 45140, "2": 38781, "N": 34094, "Cl": 27158, "n": 16559, "3": 13783, "others": 9738, "F": 6702, "[C@H]": 5572, "S": 4243, "[C@@H]": 3880, "-": 2444, "/": 2102, "#": 1802, "s": 1704}}}