{"0.20": {"activatedMoleculePct": 0.0071757457158278725, "activatedTokens": {"n": 2544, "C": 2348, "[C@H]": 1958, "O": 1444, "c": 1415, "2": 1242, "=": 1045, "(": 725, "1": 490, "[C@@H]": 328, "3": 221, "o": 161, "[nH]": 135, "others": 125, "P": 121, "N": 117, "S": 78, ".": 76, "4": 68, "F": 31, "s": 28}}, "0.00": {"activatedMoleculePct": 0.024821430271569533, "activatedTokens": {"C": 11759, "n": 10877, "c": 6299, "[C@H]": 5273, "O": 5179, "=": 4895, "2": 3026, "(": 2675, "1": 2198, "[C@@H]": 1095, "3": 641, "o": 583, "others": 477, "N": 417, "[nH]": 343, "P": 300, "S": 295, ".": 261, "F": 183, "4": 177, "s": 110}}}