{"0.20": {"activatedMoleculePct": 0.35003182140756817, "activatedTokens": {"1": 334657, "2": 250730, "3": 72858, "O": 70169, "C": 67058, "(": 47107, "N": 28832, ")": 28563, "Br": 18040, "4": 16366, "c": 13842, "-": 12036, "F": 11276, "Cl": 10720, "[C@H]": 9784, "n": 7349, "others": 6585, "=": 4312, "[C@@H]": 3651}}, "0.00": {"activatedMoleculePct": 0.5658073299825037, "activatedTokens": {"1": 675094, "2": 482905, "(": 165994, "3": 147307, "C": 142518, ")": 128589, "O": 120041, "N": 74474, "c": 63780, "F": 34652, "4": 32464, "n": 29886, "-": 29329, "Br": 27713, "[C@H]": 25736, "Cl": 24539, "others": 20680, "=": 13987, "[C@@H]": 11098}}}