{"0.20": {"activatedMoleculePct": 0.001542367878907277, "activatedTokens": {".": 727, "C": 459, "O": 219, "-": 196, "[nH]": 172, "2": 164, "1": 121, "(": 110, "I": 99, "N": 63, "S": 50, "c": 49, "[C@H]": 47, "F": 40, "/": 34, "=": 33, "Br": 29, "others": 26, "3": 21, "Cl": 17, "[Cl-]": 15, "s": 10, "[Na+]": 10, "[N+]": 9, "[O-]": 9, "o": 8, "[O-2]": 6, "n": 6, "[K+]": 4, "[Si]": 4, "[Br-]": 4, "[Na]": 3, "[C@]": 3, "[S-]": 2, "[I-]": 2}}, "0.00": {"activatedMoleculePct": 0.01400801064570726, "activatedTokens": {"C": 6254, "O": 2911, "2": 2213, "1": 1981, "-": 1964, ".": 1835, "c": 1331, "[nH]": 1302, "(": 1182, "F": 1132, "N": 945, "=": 684, "/": 612, "3": 553, "I": 288, "others": 254, "Br": 224, "n": 224, "[C@H]": 198, "o": 160, "Cl": 133, "[N+]": 120, "[C@]": 107, "S": 107, "s": 102, ")": 75, "[Cl-]": 53, "[Na+]": 46}}}