{"0.20": {"activatedMoleculePct": 0.021310456097076897, "activatedTokens": {"O": 9299, "[C@H]": 6473, "N": 3565, "n": 2614, "(": 1633, "2": 1583, "F": 1443, "-": 1073, "=": 977, "4": 825, "Cl": 770, "C": 724, "\\": 670, "Br": 667, "[nH]": 461, "c": 458, "#": 365, "others": 317, ".": 290, "3": 265, "o": 242, "[N-]": 204, "S": 190, ")": 172, "1": 135, "[N+]": 118, "6": 75, "[O-]": 74, "/": 68}}, "0.00": {"activatedMoleculePct": 0.07045530611901134, "activatedTokens": {"O": 33800, "[C@H]": 20233, "n": 15213, "N": 10437, "(": 7312, "2": 5940, "=": 5158, "F": 5105, "C": 3666, "-": 3455, "Cl": 3349, "c": 3203, "4": 2492, "Br": 1707, "\\": 1600, "[nH]": 1230, "others": 1084, "3": 1011, "o": 991, "#": 959, ")": 879, ".": 739, "1": 581, "[N-]": 539, "S": 511, "[N+]": 463, "[O-]": 345}}}