{"0.20": {"activatedMoleculePct": 0.5851799392573638, "activatedTokens": {")": 2418954, "others": 840}}, "0.00": {"activatedMoleculePct": 0.8050801467373353, "activatedTokens": {")": 3954625, "others": 5962}}}