{"0.20": {"activatedMoleculePct": 0.185139805468302, "activatedTokens": {"c": 255558, "n": 92540, "O": 55226, "=": 45510, "C": 40626, "N": 29291, "1": 17869, "2": 7802, "F": 6931, "(": 4728, "others": 4515, "[C@@H]": 4480, "3": 3473, "\\": 2791, "/": 2433, ")": 1832, "S": 1804}}, "0.00": {"activatedMoleculePct": 0.3795975342620253, "activatedTokens": {"c": 481068, "O": 238016, "n": 215938, "=": 204162, "C": 203396, "N": 105977, "1": 77807, "2": 33129, "(": 27273, "F": 21666, ")": 20417, "others": 14700, "3": 13273, "[C@@H]": 13052, "[C@H]": 7678, "\\": 6124, "/": 5938, "S": 4555}}}