{"0.20": {"activatedMoleculePct": 0.028475216286701726, "activatedTokens": {"c": 84203, "C": 58186, "(": 55620, "F": 50078, "1": 26953, "O": 24267, ")": 23789, "=": 14859, "N": 14529, "2": 14472, "n": 12637, "3": 4309, "[C@H]": 4061, "others": 3591, "[C@@H]": 2643, "S": 1078, "o": 873}}, "0.00": {"activatedMoleculePct": 0.11637334091090519, "activatedTokens": {"C": 185857, "c": 171939, "(": 103027, "F": 79955, "1": 75537, "O": 70093, ")": 44943, "N": 43235, "=": 39560, "2": 33707, "n": 26004, "[C@H]": 16524, "[C@@H]": 9894, "others": 8052, "3": 8049, "S": 2010, "-": 1964, "o": 1819, "Cl": 1690}}}