{"0.20": {"activatedMoleculePct": 0.017086155087799988, "activatedTokens": {"C": 25324, "(": 19291, ")": 9145, "=": 7603, "O": 5082, "n": 936, "N": 922, "[C@H]": 856, "1": 717, "others": 576, "#": 493, "S": 479, "c": 453, "o": 249, "2": 179}}, "0.00": {"activatedMoleculePct": 0.05723532388626904, "activatedTokens": {"(": 71885, "C": 69857, ")": 39499, "=": 29188, "O": 16316, "n": 9153, "1": 4870, "c": 4807, "[C@H]": 4234, "N": 4013, "others": 2198, "[nH]": 2030, "S": 1804, "2": 1563, "o": 1048, "#": 865, "[C@@H]": 649}}}