{"0.20": {"activatedMoleculePct": 0.12167568822490742, "activatedTokens": {"s": 150932, "o": 17744, "[nH]": 4245, "others": 212}}, "0.00": {"activatedMoleculePct": 0.1622862491239043, "activatedTokens": {"s": 160543, "o": 50160, "[nH]": 17099, "n": 3322, "S": 1846, "others": 1563}}}