{"0.20": {"activatedMoleculePct": 0.12386766688662132, "activatedTokens": {"c": 118021, "C": 71470, "(": 36624, "O": 34046, "1": 33836, "n": 24282, "2": 23460, "=": 22795, "3": 18693, "N": 15919, ")": 13352, "Cl": 5464, "F": 4023, "S": 3755, "s": 3669, "others": 3575, "[C@H]": 2205, "[C@@H]": 2086, "4": 1793, "#": 1669, "Br": 1593}}, "0.00": {"activatedMoleculePct": 0.24568030800486, "activatedTokens": {"c": 275119, "C": 181997, "(": 107003, "1": 89647, "=": 83704, "O": 69918, "2": 60258, "n": 53634, ")": 50134, "3": 45999, "N": 33631, "Cl": 11752, "F": 11108, "others": 7736, "s": 7354, "S": 7252, "[C@@H]": 6171, "[C@H]": 5260, "4": 4310, "#": 4174, "[nH]": 3659}}}