{"0.20": {"activatedMoleculePct": 0.33983871782797104, "activatedTokens": {"C": 590704, "c": 186898, "n": 89462, "1": 73321, "(": 44017, ")": 43578, "2": 40483, "[C@@H]": 26814, "O": 22636, "=": 21823, "N": 21339, "[C@H]": 20724, "[nH]": 13430, "3": 12457, "others": 9376, "s": 4558, "-": 4411}}, "0.00": {"activatedMoleculePct": 0.5507835243472218, "activatedTokens": {"C": 1245311, "c": 488755, "1": 181587, ")": 178823, "n": 152223, "(": 146241, "=": 122119, "2": 102253, "N": 61883, "O": 61534, "[C@@H]": 53255, "[C@H]": 41617, "3": 29406, "others": 24848, "[nH]": 19538, "-": 11564, "s": 8764, "S": 8094}}}