{"0.20": {"activatedMoleculePct": 0.018149554024254576, "activatedTokens": {"C": 7676, "=": 5522, "O": 4193, "[C@H]": 3501, "N": 3225, ")": 2457, "[nH]": 2144, "2": 1645, "F": 911, "[C@@H]": 879, "s": 850, "n": 748, "S": 488, "4": 479, "(": 443, "others": 370, "1": 361, "o": 308, "3": 301, "c": 287, "Br": 271, "[N+]": 171, "Cl": 139, "\\": 93, "8": 78}}, "0.00": {"activatedMoleculePct": 0.052762749984803355, "activatedTokens": {"C": 23424, "=": 19177, "O": 13298, "N": 10672, ")": 9826, "[C@H]": 8817, "[nH]": 7130, "2": 5239, "s": 2273, "F": 2154, "(": 2063, "S": 2062, "c": 1875, "n": 1753, "1": 1548, "[C@@H]": 1409, "others": 983, "4": 899, "o": 875, "Br": 718, "[N+]": 672, "3": 543, "/": 483, "Cl": 411, "-": 397, "#": 381}}}