{"0.20": {"activatedMoleculePct": 0.059718785176570366, "activatedTokens": {"C": 47427, "1": 8677, "[C@H]": 8191, "O": 7859, "N": 7588, "3": 5700, "c": 5221, "n": 4357, "2": 3572, "S": 2596, "[C@]": 1914, "=": 1386, "4": 1293, "#": 1267, "F": 1218, "others": 1098, "[O-]": 794, "5": 722, "I": 497, "s": 465, "[nH]": 431, "o": 430, "(": 350, "[C@@H]": 293, "/": 254, "[S@@]": 232, ".": 208}}, "0.00": {"activatedMoleculePct": 0.1231111303154384, "activatedTokens": {"C": 110327, "O": 23477, "N": 22303, "1": 21386, "[C@H]": 14578, "c": 13553, "3": 12729, "2": 10181, "n": 10168, "=": 5436, "S": 4666, "[C@]": 3334, "F": 3239, "4": 2900, "others": 2670, "#": 2323, "[O-]": 2306, "5": 1433, "s": 1084, "(": 897, "o": 875, "I": 795, "[C@@H]": 676, "[nH]": 655, "/": 580, ".": 423}}}