{"0.20": {"activatedMoleculePct": 0.007649588079385807, "activatedTokens": {"C": 3576, "O": 1832, "n": 1638, "1": 1137, "c": 803, "=": 633, "3": 550, "F": 460, "[C@@H]": 438, "2": 408, "N": 326, "[C@]": 240, "[nH]": 240, "[C@@]": 212, "[C@H]": 156, "(": 152, "others": 119, "S": 100, ".": 65, "#": 64, "/": 54}}, "0.00": {"activatedMoleculePct": 0.030151607585286132, "activatedTokens": {"C": 16532, "O": 11169, "n": 5868, "1": 4983, "=": 4379, "c": 3962, "[C@@H]": 2484, "F": 2314, "3": 2150, "2": 1582, "N": 1407, "(": 1304, "[nH]": 895, "[C@H]": 876, "others": 616, "S": 501, "[C@@]": 492, "[C@]": 487, "#": 265, ".": 237, "s": 185}}}