{"0.20": {"activatedMoleculePct": 0.0408537072122909, "activatedTokens": {"c": 82171, "C": 46869, "(": 32894, "1": 24984, ")": 20607, "n": 20181, "s": 20084, "O": 18892, "=": 16312, "2": 14342, "N": 11660, "3": 8634, "others": 3003, "-": 2858, "[C@@H]": 2232, "4": 1854, "[C@H]": 1397, "F": 1016, "#": 968}}, "0.00": {"activatedMoleculePct": 0.20821673417882824, "activatedTokens": {"c": 226232, "C": 211243, "(": 122047, "1": 102003, "O": 79180, ")": 66598, "=": 60409, "n": 55679, "N": 49994, "2": 45709, "3": 33317, "s": 32329, "[C@@H]": 14875, "-": 11529, "F": 11448, "others": 10273, "4": 7190, "[C@H]": 7131, "#": 4084, "o": 2953, "[nH]": 2825}}}