{"0.20": {"activatedMoleculePct": 0.5952500049434868, "activatedTokens": {"C": 991499, "c": 777170, "N": 373595, "1": 373352, "2": 255883, "O": 227770, "3": 126757, "=": 106977, "[C@H]": 67615, "n": 61787, "F": 61732, "[C@@H]": 47527, "S": 38852, "4": 33514, "others": 30225, "Cl": 13057, "Br": 12534, "[C@]": 11006, "o": 10146, "-": 9968, "#": 8611, "/": 7460}}, "0.00": {"activatedMoleculePct": 0.8497905060153079, "activatedTokens": {"C": 2686520, "c": 2175414, "1": 846258, "N": 738719, "O": 572385, "2": 554098, "=": 339273, "3": 257976, "[C@H]": 165469, "n": 149717, "F": 136962, "[C@@H]": 132775, "others": 81547, "S": 78267, "4": 62620, "Cl": 32457, "o": 26301, "-": 24471, "Br": 21913, "#": 19292, "[C@]": 18503, "/": 15147}}}