{"0.20": {"activatedMoleculePct": 0.44175071204519006, "activatedTokens": {"C": 307030, "c": 279947, "1": 256879, "n": 112182, "s": 22165, "O": 20481, "o": 18579, "[nH]": 13342, "N": 11083, "=": 9489, "[C@H]": 7854, "[C@@H]": 7826, "others": 7343, "F": 6690, "2": 5417}}, "0.00": {"activatedMoleculePct": 0.6280945311853456, "activatedTokens": {"C": 544371, "1": 492875, "c": 453993, "n": 162433, "O": 37457, "s": 27899, "o": 26619, "N": 25479, "[C@@H]": 20736, "[C@H]": 20027, "others": 18761, "2": 18680, "[nH]": 18010, "=": 15699, "F": 10358, "(": 6582}}}