{"0.20": {"activatedMoleculePct": 0.1461302019212953, "activatedTokens": {"N": 81743, "[C@H]": 52270, "[C@@H]": 46983, "C": 31951, "(": 4747, "n": 3629, "=": 2527, "others": 2202, "[C@]": 1754, "[C@@]": 1480, "c": 566, ")": 508, "2": 445}}, "0.00": {"activatedMoleculePct": 0.24141719146966567, "activatedTokens": {"N": 143594, "C": 82572, "[C@H]": 77181, "[C@@H]": 72380, "(": 35253, "n": 14463, "=": 7378, "c": 6163, "others": 4389, "2": 4149, "[C@]": 3971, "1": 3848, "[C@@]": 3022, ")": 2861, "O": 1798, "S": 935}}}