{"0.20": {"activatedMoleculePct": 0.03793302197910846, "activatedTokens": {"C": 18925, "c": 8615, "1": 8186, "N": 6096, "(": 3777, "S": 2669, ")": 2668, "[C@]": 2658, "O": 2259, "=": 2166, "n": 1936, "2": 1329, "Br": 1183, "[C@@H]": 1047, "o": 981, "[C@H]": 747, "others": 630, "/": 481, "[S@@]": 428, "3": 284, "s": 212, "I": 181, "[N+]": 156, "[nH]": 95, "[n+]": 83, ".": 80, "7": 67, "[Si]": 66, "9": 62, "F": 56}}, "0.00": {"activatedMoleculePct": 0.11059129228603674, "activatedTokens": {"C": 69336, "c": 33483, "1": 24222, "N": 22286, "(": 13680, ")": 11897, "O": 9178, "n": 7181, "=": 6365, "S": 6166, "[C@]": 5867, "2": 4465, "[C@@H]": 3611, "Br": 3137, "o": 2892, "[C@H]": 2620, "others": 2164, "/": 1350, "3": 1049, "[S@@]": 674, "s": 609, "[nH]": 484, "[N+]": 419, "I": 370, "F": 288, ".": 278}}}