{"0.20": {"activatedMoleculePct": 0.009304008325564125, "activatedTokens": {"5": 26711, "c": 19348, "C": 6107, "6": 4954, ")": 3688, "(": 2930, "7": 1968, "n": 1797, "-": 1094, "N": 1046, "=": 902, "8": 822, "3": 805, "O": 729, "others": 703, "4": 689, "9": 328, "F": 277, "1": 267, "s": 257, "[C@@H]": 227, "[nH]": 202, "[C@H]": 185, "%10": 160, "o": 151, "#": 122, "%11": 100}}, "0.00": {"activatedMoleculePct": 0.025988093154332727, "activatedTokens": {"c": 68081, "C": 43872, "5": 27097, ")": 14243, "(": 13566, "n": 8760, "O": 7574, "4": 7543, "=": 6154, "N": 5377, "3": 5101, "6": 5078, "-": 3190, "F": 3059, "[C@@H]": 2283, "7": 1968, "others": 1908, "1": 1317, "s": 1314, "2": 1107, "[C@H]": 1055, "[nH]": 1008, "Cl": 933, "8": 825, "o": 818, "#": 812, "[O-]": 633, "S": 463}}}