{"0.20": {"activatedMoleculePct": 0.02113322294100113, "activatedTokens": {"C": 10244, "c": 7898, "O": 6170, "1": 4082, "(": 2905, "2": 2171, "/": 1577, "F": 1526, "n": 1504, "[C@H]": 1383, "S": 1237, "[C@]": 1143, "o": 1091, ")": 893, "#": 844, "[C@@H]": 831, "=": 612, "-": 588, "3": 517, "N": 474, "others": 384, "s": 355, "[C@@]": 300, "4": 212, ".": 157}}, "0.00": {"activatedMoleculePct": 0.09953912055736165, "activatedTokens": {"C": 67975, "O": 31345, "c": 29326, "1": 19144, "n": 12234, "(": 11420, "2": 11404, "[C@H]": 6990, "S": 6728, "/": 5877, "F": 5677, "[C@@H]": 4666, "o": 4104, "[C@]": 3331, ")": 3081, "N": 2977, "-": 2764, "#": 2612, "=": 2418, "others": 2136, "3": 1994, "s": 1235, "4": 1063, "[C@@]": 707}}}