{"0.20": {"activatedMoleculePct": 0.01738422903210923, "activatedTokens": {"C": 8174, "n": 4325, "=": 3709, "c": 2632, "O": 2107, "1": 1914, "[nH]": 1788, "N": 1356, "(": 1239, "[C@H]": 805, "s": 804, "S": 399, ")": 348, "others": 306, "/": 279, "o": 255, "7": 222, "5": 111, "2": 60, "9": 56}}, "0.00": {"activatedMoleculePct": 0.05161219920713796, "activatedTokens": {"C": 26688, "n": 15809, "c": 14740, "=": 9476, "O": 8386, "1": 8188, "(": 3947, "[nH]": 3673, "N": 2875, "s": 2185, "[C@H]": 2140, ")": 1567, "S": 1073, "others": 961, "o": 805, "/": 563, "7": 503, "5": 339, "2": 230, "3": 201}}}