{"0.20": {"activatedMoleculePct": 0.4754425885415103, "activatedTokens": {"c": 1208914, "C": 14974, "others": 1158}}, "0.00": {"activatedMoleculePct": 0.622541713873914, "activatedTokens": {"c": 1715348, "C": 74817, "others": 13983, "O": 7791}}}