{"0.20": {"activatedMoleculePct": 0.6189780091736468, "activatedTokens": {"C": 1297982, "c": 927003, "1": 723972, "=": 298747, "O": 255815, "N": 220876, "n": 208763, "2": 193546, "[C@@H]": 133638, "[C@H]": 59670, "others": 40222, "3": 35632, "s": 35424, "F": 27056, "Cl": 23195, "o": 19154, "S": 17052}}, "0.00": {"activatedMoleculePct": 0.8419541639904704, "activatedTokens": {"C": 2879594, "c": 2238671, "1": 1367405, "=": 689131, "O": 623526, "N": 498208, "n": 442399, "2": 413261, "[C@@H]": 261696, "[C@H]": 131017, "3": 81250, "others": 78471, "F": 71630, "s": 59743, "Cl": 47770, "o": 41351, "S": 31514, "-": 28156}}}