{"0.20": {"activatedMoleculePct": 0.028636337337679695, "activatedTokens": {"C": 20342, "n": 8205, "1": 6209, "[C@H]": 4092, "O": 3202, "c": 2570, "S": 1576, "N": 815, ")": 690, "others": 431, "2": 420, "s": 375, "3": 317, "[O-]": 307, "=": 299, "(": 192, ".": 169, "[C@@H]": 164, "I": 94, "5": 94}}, "0.00": {"activatedMoleculePct": 0.08420186124108617, "activatedTokens": {"C": 69523, "n": 26402, "1": 20551, "O": 14696, "[C@H]": 11508, "c": 11255, "S": 4655, ")": 2724, "N": 2523, "=": 1678, "others": 1652, "2": 1574, "[O-]": 1079, "3": 950, "s": 830, "(": 732, "[C@@H]": 725, ".": 432}}}