{"0.20": {"activatedMoleculePct": 0.010197497790078312, "activatedTokens": {"C": 5586, "c": 5029, "=": 3857, "O": 1939, ")": 1811, "n": 1443, "(": 949, "2": 870, "3": 836, "[C@@H]": 635, "[nH]": 448, "1": 427, "4": 282, "s": 230, "o": 198, "#": 184, "others": 166, "-": 112, "N": 90, "Cl": 90}}, "0.00": {"activatedMoleculePct": 0.03805093329368779, "activatedTokens": {"C": 26335, "c": 19777, "=": 16822, ")": 11074, "O": 9625, "(": 6183, "n": 4638, "2": 3469, "3": 3279, "1": 2654, "[C@@H]": 2090, "N": 1516, "[nH]": 1420, "others": 1119, "4": 904, "o": 674, "s": 608, "#": 484, "Cl": 374}}}