{"0.20": {"activatedMoleculePct": 0.404887680318258, "activatedTokens": {"C": 672450, "O": 5891, "others": 1939}}, "0.00": {"activatedMoleculePct": 0.563224998956375, "activatedTokens": {"C": 1041999, "O": 34837, "S": 9649, "others": 9577, "=": 2443}}}