{"0.20": {"activatedMoleculePct": 0.20340507370189528, "activatedTokens": {"c": 465724, "C": 347847, "N": 141086, "O": 117481, "1": 92453, "=": 83738, "2": 70821, "[C@H]": 36327, "n": 33029, "[C@@H]": 31099, "3": 24498, "F": 19218, "others": 15301, "-": 15153, "S": 13789, "(": 12615, "Cl": 6957, "Br": 4541, "#": 4469, "[nH]": 3610, "4": 3596, "o": 2492}}, "0.00": {"activatedMoleculePct": 0.4709480435876385, "activatedTokens": {"C": 952834, "c": 952411, "N": 314928, "O": 300310, "=": 237156, "1": 213465, "2": 170776, "n": 84858, "[C@H]": 72716, "[C@@H]": 61184, "3": 59897, "(": 56059, "F": 47887, "others": 35280, "-": 29843, "S": 25055, "Cl": 18199, "#": 12740, "4": 9455, "Br": 9199, "[nH]": 8406, "o": 7417, ")": 7402}}}