{"0.20": {"activatedMoleculePct": 0.014592440639709162, "activatedTokens": {"C": 25682, "O": 16446, "=": 13571, "c": 3306, ")": 2545, "1": 2086, "(": 1574, "n": 1179, "N": 1013, "others": 584, "F": 527, "s": 304, "[C@@]": 284, "[C@H]": 151}}, "0.00": {"activatedMoleculePct": 0.05255109551329139, "activatedTokens": {"C": 89849, "O": 46885, "=": 39137, "c": 15830, ")": 7968, "n": 7090, "1": 7080, "(": 4934, "F": 3970, "N": 3765, "others": 2041, "3": 1161, "s": 890, "[C@@]": 645, "[C@H]": 579}}}