{"0.20": {"activatedMoleculePct": 0.2535884221342241, "activatedTokens": {"C": 241453, "c": 142873, "n": 53597, "1": 52610, "O": 46215, "[C@@H]": 34644, "N": 33299, "[C@H]": 33233, "=": 18834, "o": 9319, "[nH]": 6895, "others": 6679, "2": 6009, "F": 5826, "/": 5705, "S": 5153, "(": 4777, "#": 4672, "Cl": 3941, "s": 2698, "[C@]": 2322, "Br": 1862, "[C@@]": 1652}}, "0.00": {"activatedMoleculePct": 0.5014240903801211, "activatedTokens": {"C": 598081, "c": 412296, "1": 152882, "n": 101445, "O": 95890, "N": 85378, "[C@@H]": 75458, "[C@H]": 67684, "=": 44697, "2": 31270, "(": 30839, "o": 18178, "F": 15866, "others": 14942, ")": 14378, "S": 11398, "[nH]": 9720, "#": 9543, "/": 8317, "Cl": 7907, "3": 5598, "s": 5584, "[C@]": 5049, "Br": 4505}}}