{"0.20": {"activatedMoleculePct": 0.024284604224447483, "activatedTokens": {"[N+]": 33158, "[n+]": 933, "others": 256}}, "0.00": {"activatedMoleculePct": 0.0273261302458634, "activatedTokens": {"[N+]": 33800, "[n+]": 1311, "-": 1212, "I": 1207, "[Si]": 378, "others": 338, "S": 313, "[C-]": 250, "C": 140, "c": 94, "[Cl-]": 88, "[S@]": 75}}}