{"0.20": {"activatedMoleculePct": 0.09280938720537735, "activatedTokens": {"c": 211058, "C": 151156, "1": 75206, "O": 31660, "n": 29782, "N": 26001, "=": 13897, "[C@H]": 11457, "[C@@H]": 8678, "(": 6496, "2": 6152, "F": 6118, "others": 5538, "S": 3774, "s": 3699, "o": 3679, "-": 3128, "[nH]": 3093, "/": 3035, "#": 2719}}, "0.00": {"activatedMoleculePct": 0.2399700314845181, "activatedTokens": {"c": 491798, "C": 424877, "1": 146130, "O": 97873, "n": 63150, "N": 58982, "=": 47574, "(": 37725, "[C@@H]": 24109, "[C@H]": 24079, "2": 15501, "F": 14093, "S": 13475, "others": 13002, "-": 9312, "o": 6505, "s": 5966, "[nH]": 5704, "#": 5299, "/": 4833, ")": 4221}}}