{"0.20": {"activatedMoleculePct": 0.890110316654131, "activatedTokens": {"c": 7986059, "others": 3525}}, "0.00": {"activatedMoleculePct": 0.9133732669416954, "activatedTokens": {"c": 8331339, "C": 71939, "others": 67123}}}