{"0.20": {"activatedMoleculePct": 0.005934381254883982, "activatedTokens": {"C": 5824, "O": 3319, "N": 1032, "=": 707, "1": 632, "n": 619, ")": 552, "2": 480, "3": 413, "[nH]": 413, "c": 405, "#": 275, "4": 264, "F": 185, "others": 135, "[C@H]": 121, "S": 97, "(": 92, "5": 42}}, "0.00": {"activatedMoleculePct": 0.017848550606291192, "activatedTokens": {"C": 24362, "O": 11725, ")": 3659, "N": 3275, "=": 2731, "1": 2401, "n": 2385, "c": 1661, "3": 1432, "2": 1222, "[nH]": 1096, "(": 874, "4": 725, "[C@H]": 720, "#": 542, "others": 525, "F": 408, "S": 297, "[O-]": 266, "[C@@H]": 205, "5": 154}}}