{"0.20": {"activatedMoleculePct": 0.10387034735501485, "activatedTokens": {"C": 259205, "1": 136593, "N": 126726, "2": 123252, "[C@H]": 57780, "3": 54726, "(": 52324, "[C@@H]": 48657, "O": 13925, "4": 10583, "=": 7145, "others": 7074, ")": 5452, "c": 4933}}, "0.00": {"activatedMoleculePct": 0.2881379020427952, "activatedTokens": {"C": 695778, "1": 373233, "2": 289510, "N": 285631, "(": 157902, "[C@@H]": 119592, "[C@H]": 119405, "3": 116744, "c": 93855, "O": 79221, "=": 70933, ")": 35132, "n": 25057, "others": 23912, "4": 21520}}}