{"0.20": {"activatedMoleculePct": 0.28121921764011854, "activatedTokens": {"C": 744251, "c": 138599, "O": 137898, "n": 80210, "1": 78674, "2": 58382, "N": 36574, "=": 18577, "3": 13449, "others": 12624, ")": 12347, "F": 8930, "(": 3657, "S": 2921}}, "0.00": {"activatedMoleculePct": 0.4514091866829057, "activatedTokens": {"C": 1095458, "O": 386810, "c": 352277, "n": 174381, "1": 124871, "2": 100423, "N": 78707, "=": 59251, ")": 41424, "3": 27633, "F": 25143, "others": 23814, "(": 14246, "o": 7573, "S": 4221, "[C@@H]": 3997}}}