{"0.20": {"activatedMoleculePct": 0.6085659274384023, "activatedTokens": {"c": 2740507, "C": 93533, "O": 33528, "N": 27669, "others": 25509, "1": 18222, "[C@@H]": 13501, "[C@H]": 10579, "=": 8255}}, "0.00": {"activatedMoleculePct": 0.7693112734202264, "activatedTokens": {"c": 4199079, "C": 307830, "O": 147818, "N": 84155, "1": 61786, "[C@@H]": 43986, "others": 42714, "=": 36353, "[C@H]": 31482, "2": 26879, "F": 20954, "n": 20083}}}