{"0.20": {"activatedMoleculePct": 0.053027867350503466, "activatedTokens": {"C": 40962, "O": 13269, "1": 8524, "=": 7902, "(": 6640, "N": 5878, "2": 4356, ")": 3805, "3": 3439, "n": 3329, "[C@H]": 2942, "c": 2626, "[C@@H]": 2350, "S": 1022, "-": 965, "F": 902, "others": 728, "4": 635, "[C@]": 615}}, "0.00": {"activatedMoleculePct": 0.1338864667837968, "activatedTokens": {"C": 124377, "O": 43522, "=": 31243, "1": 23060, "N": 17500, "(": 15171, "2": 9614, "n": 9375, "c": 8796, ")": 8318, "3": 7755, "[C@H]": 5668, "[C@@H]": 4511, "F": 3128, "-": 2888, "S": 2750, "others": 2729, "[C@]": 1330}}}