{"0.20": {"activatedMoleculePct": 0.14434102588702633, "activatedTokens": {"c": 262099, "C": 78501, "n": 41932, "1": 41481, "2": 37681, "N": 25532, "[C@@H]": 18218, "3": 17009, "[C@H]": 14555, "O": 13507, "[nH]": 8791, "=": 6521, "-": 5755, "others": 5243, "4": 4259, "Cl": 3797, "s": 3100, "o": 3004, "S": 3000, "(": 2750, "F": 2564, "[C@@]": 1128, "Br": 1025}}, "0.00": {"activatedMoleculePct": 0.3662706262409067, "activatedTokens": {"c": 563970, "C": 311741, "N": 108179, "1": 102565, "2": 86739, "n": 85153, "O": 55483, "[C@@H]": 46155, "[C@H]": 42665, "3": 37685, "=": 32265, "(": 18956, "-": 14625, "others": 13319, "[nH]": 13196, "F": 12886, "Cl": 11549, "o": 11183, "4": 11116, "s": 9389, "S": 8738, ")": 6654, "[N+]": 5355, "/": 4995, "[C@@]": 3151}}}