{"0.20": {"activatedMoleculePct": 0.17062279877518707, "activatedTokens": {"1": 137266, "C": 83633, "2": 69435, "c": 33327, "3": 28159, "[C@H]": 24280, "=": 19983, "n": 18548, "[C@@H]": 8945, ")": 6767, "[C@@]": 5985, "N": 5940, "others": 3827, "O": 3219, "[C@]": 2993, "4": 2057, "(": 1889}}, "0.00": {"activatedMoleculePct": 0.35318027321736034, "activatedTokens": {"C": 293648, "1": 247957, "=": 140537, "2": 132432, "c": 114521, "3": 50407, ")": 49697, "n": 48861, "[C@H]": 47758, "O": 43667, "N": 24628, "[C@@H]": 23983, "(": 15558, "others": 11389, "[C@@]": 10694, "[C@]": 6240, "4": 4670, "[nH]": 4036}}}