{"0.20": {"activatedMoleculePct": 0.03750678356243038, "activatedTokens": {"C": 13700, "c": 10615, "1": 6898, "[C@@H]": 6545, "n": 5405, "o": 4413, "(": 3961, "O": 3897, "N": 3650, "3": 3312, "F": 3039, "[nH]": 1725, "2": 1710, ")": 749, "others": 577, "[C@H]": 483, "S": 244, "4": 170}}, "0.00": {"activatedMoleculePct": 0.10316214709912533, "activatedTokens": {"C": 43758, "c": 32254, "1": 22445, "n": 17251, "[C@@H]": 16448, "O": 15876, "(": 13950, "N": 13750, "o": 9754, "3": 8878, "F": 8332, "2": 5812, "[nH]": 4411, ")": 3414, "others": 1926, "=": 1181, "[C@H]": 1125, "S": 837}}}