{"0.20": {"activatedMoleculePct": 0.01374435801683422, "activatedTokens": {"C": 5126, "c": 3939, "2": 3168, "=": 2321, "O": 2299, "3": 1310, "(": 1309, "N": 967, "4": 848, "1": 461, "s": 458, "F": 407, "S": 402, "[nH]": 385, ")": 360, "n": 293, "others": 248, "[C@H]": 239, "#": 162, "[C@@]": 109, "[C@@H]": 106}}, "0.00": {"activatedMoleculePct": 0.04620146136793237, "activatedTokens": {"C": 20301, "c": 16841, "=": 11538, "2": 11052, "O": 10333, "(": 5216, "3": 4531, "N": 3194, "4": 2371, ")": 1817, "1": 1812, "F": 1743, "S": 1641, "n": 1353, "[nH]": 1054, "[C@H]": 908, "s": 866, "others": 800, "#": 642, "[C@@H]": 579, "[C@@]": 303, ".": 226}}}