{"0.20": {"activatedMoleculePct": 0.4897647852366246, "activatedTokens": {"(": 1554996, "others": 4833}}, "0.00": {"activatedMoleculePct": 0.7325353935345051, "activatedTokens": {"(": 2893746, "others": 26688}}}