{"0.20": {"activatedMoleculePct": 0.15907041942006675, "activatedTokens": {"C": 388883, "others": 3143}}, "0.00": {"activatedMoleculePct": 0.25017485295873176, "activatedTokens": {"C": 603536, "c": 18873, "O": 14791, "others": 4391}}}