{"0.20": {"activatedMoleculePct": 0.32264490458338124, "activatedTokens": {"2": 220775, "1": 169161, "3": 115050, "4": 27051, "C": 11861, "c": 10008, "others": 5468, "n": 3726, "[C@H]": 3378, "=": 2666, "-": 2296, "[C@@H]": 1069}}, "0.00": {"activatedMoleculePct": 0.6097406463737144, "activatedTokens": {"2": 490594, "1": 459668, "3": 234551, "C": 123525, "c": 114913, "4": 54065, "n": 37695, "[C@H]": 13775, "others": 13569, "-": 11919, "=": 10367, "F": 9237, "[C@@H]": 7820, "(": 6453, ")": 5817, "#": 4275, "/": 4004, "N": 3949, "[O-]": 3228}}}