{"0.20": {"activatedMoleculePct": 0.09345606851452982, "activatedTokens": {"C": 277811, "c": 233712, "O": 77429, "=": 58767, "2": 57461, "3": 41337, "N": 31553, "n": 31166, "F": 20938, "1": 17319, "4": 10283, "others": 7926, "S": 6704, "Cl": 5664, "(": 4894, "[C@@H]": 4526, "[C@H]": 4404, "s": 3847, ")": 3802, "#": 2724}}, "0.00": {"activatedMoleculePct": 0.24470699038327037, "activatedTokens": {"C": 743579, "c": 504673, "O": 191659, "=": 156507, "2": 117458, "N": 89261, "1": 79754, "n": 77271, "3": 70013, "F": 38741, "(": 22527, ")": 19861, "4": 18134, "others": 17475, "[C@@H]": 14280, "Cl": 13477, "S": 12974, "[C@H]": 11701, "s": 6944, "o": 5734}}}