{"0.20": {"activatedMoleculePct": 0.18058960051500147, "activatedTokens": {"c": 668066, "C": 217978, "1": 207582, "2": 163385, "N": 75567, "n": 75566, "3": 73002, "O": 60155, "=": 27217, "-": 23593, "4": 18409, "F": 17461, "others": 16931, "Cl": 15341, "[C@H]": 9568, "[C@@H]": 7660, "s": 6613, "Br": 5936, "S": 5679, "[nH]": 3938}}, "0.00": {"activatedMoleculePct": 0.38625549550948307, "activatedTokens": {"c": 1215682, "C": 621709, "1": 429656, "2": 326474, "N": 206007, "n": 163130, "O": 156073, "3": 140427, "=": 96610, "-": 40071, "F": 39787, "4": 35737, "others": 33115, "[C@H]": 31073, "[C@@H]": 27041, "Cl": 25281, "s": 16008, "S": 13984, "(": 11923, "Br": 10322, "o": 8582, ")": 7954}}}