{"0.20": {"activatedMoleculePct": 0.20374782211943024, "activatedTokens": {"c": 379889, "C": 293092, "2": 55198, "n": 37357, "3": 35867, "O": 32039, "F": 22897, "N": 18839, "1": 13972, "4": 11147, "[C@@H]": 10957, "Cl": 9827, "[C@H]": 7463, "others": 6864, "s": 6375, "o": 5199, "S": 5006, "Br": 4127, "(": 3772, "-": 3030}}, "0.00": {"activatedMoleculePct": 0.5582712590072161, "activatedTokens": {"c": 1121128, "C": 1040062, "n": 153976, "2": 144928, "O": 140687, "3": 93101, "N": 68495, "F": 57480, "[C@@H]": 56067, "1": 48910, "[C@H]": 33341, "others": 29881, "4": 26532, "Cl": 25591, "o": 21199, "S": 19479, "(": 17676, "s": 16405, "-": 14588, "Br": 12438}}}