{"0.20": {"activatedMoleculePct": 0.29163496121743065, "activatedTokens": {"C": 469881, "c": 40700, "(": 27991, "N": 15686, "O": 9889, "n": 7827, "2": 7803, ")": 6258, "others": 6106, "3": 5398, "[C@H]": 5240, "[C@@H]": 5129, "S": 3535, "4": 1603}}, "0.00": {"activatedMoleculePct": 0.5644890668381385, "activatedTokens": {"C": 1084750, "c": 144531, "(": 143377, "N": 71435, "O": 67077, ")": 37867, "n": 33085, "[C@@H]": 23354, "2": 22919, "[C@H]": 19746, "others": 16347, "3": 15047, "S": 12822, "=": 9536, "4": 3980, "F": 3017, "Cl": 2803}}}