{"0.20": {"activatedMoleculePct": 0.38676888576737195, "activatedTokens": {"1": 296060, "C": 243899, "2": 211224, "O": 173276, "c": 103268, "3": 73922, "N": 55046, "F": 44680, "[C@H]": 17516, "others": 11005, "=": 9274, "n": 9053, ")": 6819, "4": 5871, "[C@@H]": 4804, "#": 4609, "Br": 4404, "S": 4029}}, "0.00": {"activatedMoleculePct": 0.5969813238730864, "activatedTokens": {"1": 634974, "C": 594811, "2": 438633, "O": 406786, "c": 300015, "3": 149763, "N": 98873, "F": 80536, "=": 43500, "[C@H]": 42897, ")": 40187, "n": 27739, "others": 24970, "[C@@H]": 15652, "4": 13897, "Br": 9415, "S": 8768, "-": 7975, "(": 7749, "s": 7458}}}