{"0.20": {"activatedMoleculePct": 0.01913898375094201, "activatedTokens": {"C": 10991, "(": 9596, "c": 7233, "=": 6550, ".": 3197, ")": 2832, "1": 1958, "S": 1605, "2": 960, "3": 844, "n": 760, "-": 742, "[nH]": 719, "N": 651, "others": 500, "P": 484, "F": 449, "4": 206, "/": 186, "O": 129, "5": 106, "[Si]": 57, "[N+]": 56, "[P+]": 52, "[n+]": 42, "[C-]": 35, "[N-]": 30, "[V]": 30, "[CH2-]": 29, "[c-]": 28, "[CH-]": 25, "I": 22, "[Y]": 21, "[CH]": 21, "[W]": 21, "B": 20, "[Se]": 20, "[C@@]": 19, "[B]": 19, "#": 17, "6": 17, "[NH4+]": 17}}, "0.00": {"activatedMoleculePct": 0.06156142410502749, "activatedTokens": {"C": 44716, "c": 34546, "(": 34008, "=": 22578, ")": 8298, "1": 7122, ".": 5588, "S": 4447, "2": 3539, "3": 3297, "n": 3021, "F": 2123, "N": 2100, "-": 2045, "[nH]": 1958, "others": 1814, "4": 802, "P": 800, "/": 758, "O": 542, "5": 416, "[N+]": 205, "[Si]": 80, "[P+]": 73, "s": 73}}}