{"0.20": {"activatedMoleculePct": 0.025966122101926642, "activatedTokens": {"C": 116414, "1": 15227, "O": 13817, "=": 13696, "2": 9491, "N": 7441, ")": 4802, "(": 4213, "c": 3330, "3": 2600, "others": 2027, "4": 1954, "F": 1941, ".": 1802, "S": 1520, "5": 603, "Br": 500, "I": 491, "#": 321, "P": 300, "6": 294, "[N-]": 294, "n": 275, "/": 265, "[O-]": 254, "-": 215}}, "0.00": {"activatedMoleculePct": 0.14391112562828054, "activatedTokens": {"C": 371662, "1": 76065, "c": 62916, "=": 56132, "O": 52391, "2": 45274, "N": 35538, ")": 16417, "(": 16281, "F": 14610, "3": 14385, "others": 7384, "4": 7094, "n": 5440, "-": 4499, "S": 4216, ".": 3149, "Br": 2460, "5": 2402, "o": 2389, "[C@@H]": 1559, "#": 1445, "6": 1338, "/": 1184, "I": 1012, "[C@H]": 837}}}