{"0.20": {"activatedMoleculePct": 0.3873496539193062, "activatedTokens": {"C": 282171, "N": 120275, "O": 93775, "-": 59423, "S": 26839, "[C@@H]": 25002, "[C@H]": 23939, "[N+]": 7768, "others": 5861, "/": 2880}}, "0.00": {"activatedMoleculePct": 0.5373980268530203, "activatedTokens": {"C": 454668, "N": 192422, "O": 127145, "-": 105809, "S": 44934, "[C@@H]": 33676, "[C@H]": 30238, "[N+]": 15569, "=": 10491, "others": 8551, "2": 6142, "F": 5252, "/": 4323, "Cl": 4226, "3": 3322, "s": 3300, "Br": 2178}}}