{"0.20": {"activatedMoleculePct": 0.036023005156606, "activatedTokens": {"C": 28142, "c": 7713, "n": 7099, "[C@@H]": 4395, "(": 2858, "s": 2404, "3": 2385, "N": 2132, "O": 1360, "1": 1019, "2": 895, "-": 680, "others": 588, "[C@H]": 546, ".": 449, "=": 359, "o": 333, "F": 275, "S": 220, "5": 189, "[nH]": 187}}, "0.00": {"activatedMoleculePct": 0.09835121899060591, "activatedTokens": {"C": 89546, "c": 24641, "n": 22164, "[C@@H]": 12900, "(": 10722, "N": 7874, "O": 5914, "s": 5693, "3": 5668, "1": 3877, "-": 2406, "2": 2282, "[C@H]": 2016, "others": 1795, "=": 1183, "F": 1183, "[nH]": 1170, ".": 994, "o": 903, "S": 709}}}