{"0.20": {"activatedMoleculePct": 0.018203749286856256, "activatedTokens": {"C": 5826, "O": 5127, "s": 4630, "1": 4292, ")": 2863, "N": 2548, "[C@H]": 2411, "=": 1373, "c": 1273, "#": 1124, "n": 891, "F": 669, "/": 397, "[C@@H]": 303, "others": 299, "(": 266, "-": 214, "[nH]": 206, "Cl": 179, "7": 144, "9": 113}}, "0.00": {"activatedMoleculePct": 0.040310289849447026, "activatedTokens": {"C": 19106, "O": 16022, "1": 11368, ")": 10586, "s": 7648, "N": 6649, "[C@H]": 6034, "c": 4229, "=": 3878, "#": 2465, "n": 2360, "F": 1530, "(": 1195, "/": 972, "others": 965, "[C@@H]": 964, "[nH]": 659, "Cl": 439, "-": 429, "7": 231}}}