{"0.20": {"activatedMoleculePct": 0.1503588971410534, "activatedTokens": {"O": 102113, "N": 51686, "C": 23456, "S": 12421, "n": 12137, "o": 5117, "[nH]": 3881, "=": 2740, "s": 2649, "others": 1754}}, "0.00": {"activatedMoleculePct": 0.3676071985956103, "activatedTokens": {"O": 202994, "N": 144416, "C": 94264, "n": 52137, "S": 24941, "=": 22985, "o": 20500, "[nH]": 13969, "s": 9418, "[C@@H]": 6903, "others": 4910, "c": 4379, "-": 2851, "[C@H]": 2765, "1": 1562, "2": 1468}}}