{"0.20": {"activatedMoleculePct": 0.1893172348991126, "activatedTokens": {"c": 892637, "C": 476537, "1": 183415, "2": 114830, "O": 97467, "N": 94458, "F": 53725, "n": 53485, "=": 52316, "3": 43414, "[C@H]": 23761, "[C@@H]": 22949, "Cl": 21081, "others": 19275, "4": 7903, "#": 7669, "Br": 5942, "S": 3808, "o": 3808}}, "0.00": {"activatedMoleculePct": 0.5008828701225179, "activatedTokens": {"c": 1687700, "C": 1341739, "1": 453860, "O": 287471, "N": 281111, "2": 256376, "=": 192003, "n": 123867, "F": 105587, "3": 91637, "[C@@H]": 71549, "[C@H]": 62175, "others": 43175, "Cl": 38468, "S": 17511, "4": 16945, "#": 14617, "(": 14244, ")": 12503, "Br": 10844, "o": 10006}}}