{"0.20": {"activatedMoleculePct": 0.005212998367550807, "activatedTokens": {"O": 3454, "c": 3300, "C": 1686, "n": 1009, "=": 629, "[C@H]": 557, "(": 548, ")": 440, "1": 361, "s": 273, "N": 180, "2": 148, "-": 107, "others": 88, "F": 87, "S": 71}}, "0.00": {"activatedMoleculePct": 0.017617854556027282, "activatedTokens": {"O": 12581, "c": 8685, "C": 8044, "[C@H]": 3496, "n": 2602, "=": 2531, "(": 2529, ")": 2358, "1": 1636, "N": 1429, "2": 932, "s": 506, "F": 464, "others": 407, "-": 309, "3": 246, "S": 185}}}