{"0.20": {"activatedMoleculePct": 0.16673758434137742, "activatedTokens": {"C": 153568, "N": 129974, "c": 126546, "O": 33434, "=": 23317, "n": 19938, "(": 16539, ")": 14013, "[C@H]": 6683, "2": 5669, "others": 5320, "1": 5267, "[C@@H]": 4708, "#": 2432, "F": 2162, "3": 2038, "Cl": 2024, "[nH]": 1844, "-": 1259}}, "0.00": {"activatedMoleculePct": 0.32973423082641184, "activatedTokens": {"C": 391616, "c": 347958, "N": 267969, "=": 84798, "O": 71691, "(": 52479, "n": 48071, ")": 43348, "1": 17941, "[C@H]": 16419, "2": 15030, "[C@@H]": 12512, "others": 12015, "F": 7142, "#": 6141, "3": 5180, "Cl": 5032, "-": 4003, "[nH]": 3631}}}