{"0.20": {"activatedMoleculePct": 0.36204266338956215, "activatedTokens": {"(": 770918, "others": 4282}}, "0.00": {"activatedMoleculePct": 0.6251152564790803, "activatedTokens": {"(": 1797875, "others": 15779, "C": 6507}}}