{"0.20": {"activatedMoleculePct": 0.36637608729245597, "activatedTokens": {"(": 593542, "=": 10546, "others": 1144}}, "0.00": {"activatedMoleculePct": 0.40052642641564984, "activatedTokens": {"(": 659404, "=": 15475, "others": 5567}}}