{"0.20": {"activatedMoleculePct": 0.49429741334800026, "activatedTokens": {"(": 1472850, "others": 6318}}, "0.00": {"activatedMoleculePct": 0.7588772206325759, "activatedTokens": {"(": 2906060, "others": 18218, "C": 13388}}}