{"0.20": {"activatedMoleculePct": 0.009259333852338415, "activatedTokens": {"(": 13963, ")": 8113, "O": 6567, "C": 5990, "n": 2349, "c": 1656, "1": 1111, "2": 804, "=": 786, "N": 576, "3": 425, "F": 424, "others": 248, "S": 233}}, "0.00": {"activatedMoleculePct": 0.024962045006968487, "activatedTokens": {"(": 36355, "C": 21753, ")": 21443, "O": 17133, "n": 11950, "c": 8195, "1": 5090, "N": 4234, "2": 3852, "=": 2482, "F": 1858, "3": 1774, "S": 1649, "others": 1372}}}