{"0.20": {"activatedMoleculePct": 0.1770354166041102, "activatedTokens": {"n": 238955, "s": 8174, "N": 6701, "[nH]": 6690, "o": 4170, "others": 554}}, "0.00": {"activatedMoleculePct": 0.2708525427465134, "activatedTokens": {"n": 356929, "N": 19098, "o": 16072, "s": 15128, "[nH]": 14533, "O": 7992, "c": 3570, "C": 2796, "others": 2424, "=": 2394}}}