{"0.20": {"activatedMoleculePct": 0.050779496320947276, "activatedTokens": {"C": 33666, "=": 27864, "c": 24299, "O": 20293, "(": 14480, "1": 5916, "[C@H]": 4579, "N": 4141, "2": 3935, ")": 3059, "F": 3045, "[C@@H]": 2199, "3": 1972, "n": 1866, "others": 1367, "/": 909, "[C@]": 804, "s": 370, "o": 364}}, "0.00": {"activatedMoleculePct": 0.17500822083544196, "activatedTokens": {"C": 141922, "=": 114786, "O": 94265, "c": 72612, "(": 45239, "1": 17766, "2": 16120, "F": 12075, ")": 11971, "N": 11837, "3": 9245, "[C@H]": 8944, "n": 7157, "[C@@H]": 6384, "others": 5316, "/": 2180, "[C@]": 2175, "o": 1129}}}