{"0.20": {"activatedMoleculePct": 0.22612533899502943, "activatedTokens": {"s": 98935, "n": 84175, "[nH]": 81206, "o": 71410, "others": 1916}}, "0.00": {"activatedMoleculePct": 0.32556339271132306, "activatedTokens": {"n": 141822, "s": 120159, "o": 103193, "[nH]": 99291, "C": 15220, "c": 11486, "Cl": 5952, "O": 5648, "[C@H]": 4528, "[C@@H]": 4474, "others": 4343, "N": 4115, "#": 1875, "1": 1409, "=": 1080}}}