{"0.20": {"activatedMoleculePct": 0.20166716345657384, "activatedTokens": {"C": 317003, "others": 435}}, "0.00": {"activatedMoleculePct": 0.3748276187846639, "activatedTokens": {"C": 666919, "others": 5795, "O": 2207, "s": 2129, "n": 1366, "c": 1248}}}