{"0.20": {"activatedMoleculePct": 0.25144404741939, "activatedTokens": {"c": 409346, "n": 72467, "C": 47479, "2": 14671, "s": 12553, "[nH]": 11532, "o": 11383, "1": 10105, "3": 8152, "others": 5887, "F": 3916, "O": 2591, "4": 1916}}, "0.00": {"activatedMoleculePct": 0.460261323697318, "activatedTokens": {"c": 753822, "C": 177534, "n": 152210, "2": 53774, "1": 52407, "3": 24285, "s": 20119, "o": 20089, "O": 18962, "[nH]": 15183, "F": 12009, "others": 10068, "(": 9357, "=": 6120, "N": 5075, "4": 4820}}}