{"0.20": {"activatedMoleculePct": 0.1407817153972403, "activatedTokens": {"C": 120800, "2": 68142, "c": 53321, "[C@H]": 40059, "3": 31964, "[C@@H]": 25736, "n": 15596, "1": 14972, "[C@]": 14198, "[C@@]": 13241, "O": 8420, "4": 7558, "others": 3939, "N": 2114, "[nH]": 1148}}, "0.00": {"activatedMoleculePct": 0.20720753050497534, "activatedTokens": {"C": 234317, "c": 117933, "2": 102481, "[C@H]": 52966, "3": 47371, "[C@@H]": 39853, "n": 27661, "1": 24036, "[C@]": 19336, "O": 18917, "[C@@]": 18607, "4": 11214, "N": 7522, "others": 6519, "=": 3300, "s": 2342, "[nH]": 1973}}}