{"0.20": {"activatedMoleculePct": 0.05720749388655467, "activatedTokens": {"C": 60249, "c": 47565, "(": 31094, ")": 23510, "O": 23474, "1": 18819, "=": 16139, "n": 14295, "N": 8787, "2": 6366, "o": 3741, "-": 3556, "S": 3309, "others": 2189, "[C@@H]": 2122, "/": 1999, "3": 1546, "F": 1436, "s": 1429, "#": 1359, "Cl": 990, "[O-]": 914}}, "0.00": {"activatedMoleculePct": 0.21303645070831012, "activatedTokens": {"C": 240330, "(": 157687, "c": 126422, ")": 97479, "O": 72803, "=": 59944, "1": 56483, "n": 37495, "N": 30694, "2": 22887, "o": 11895, "-": 11126, "[C@@H]": 10972, "others": 9007, "S": 8904, "3": 7779, "F": 5856, "/": 5520, "s": 3498, "[O-]": 2808, "#": 2789}}}