{"0.20": {"activatedMoleculePct": 0.11457684119250085, "activatedTokens": {"C": 366037, "1": 117344, "c": 77677, "O": 74485, "(": 73505, "N": 66179, "=": 42896, "2": 38933, ")": 21464, "[C@@H]": 18248, "n": 17230, "[C@H]": 13236, "others": 7044, "3": 5715, "[C@@]": 5676, "S": 5310, "[C@]": 5157, "F": 4509}}, "0.00": {"activatedMoleculePct": 0.3756508008814786, "activatedTokens": {"C": 1032434, "c": 306838, "1": 282436, "O": 264248, "(": 210059, "N": 185192, "=": 176834, "2": 129646, ")": 65946, "n": 64427, "[C@@H]": 50640, "[C@H]": 37808, "3": 30000, "others": 26662, "S": 21135, "F": 16870, "[C@@]": 10336, "[C@]": 9882}}}