{"0.20": {"activatedMoleculePct": 0.023695047651550828, "activatedTokens": {"C": 8702, "O": 7909, "F": 5211, "s": 3630, ")": 3340, "=": 3067, "c": 2206, "n": 2061, "[nH]": 1606, "/": 1321, "[C@H]": 1275, "[C@@H]": 978, "2": 907, "o": 841, "-": 737, "N": 683, "Cl": 624, "1": 546, "S": 461, "3": 457, "others": 399, "[O-]": 316, ".": 193, "4": 164, "#": 114}}, "0.00": {"activatedMoleculePct": 0.09631377006414815, "activatedTokens": {"C": 56566, "O": 39724, "=": 22731, "F": 19499, ")": 13797, "c": 11875, "s": 8936, "n": 8326, "2": 5204, "[C@H]": 5075, "[nH]": 4407, "/": 4124, "[C@@H]": 4103, "1": 3611, "N": 2909, "o": 2647, "3": 2261, "Cl": 2257, "S": 2213, "others": 2014, "-": 1984, "[O-]": 1658, "(": 754, "4": 659}}}