{"0.20": {"activatedMoleculePct": 0.005704417573033609, "activatedTokens": {"C": 6619, "=": 3788, "c": 1230, "O": 633, ")": 485, "(": 477, "n": 208, "N": 173, "[nH]": 143, "2": 138, "s": 133, "3": 121, "-": 108, "/": 106, "others": 91, "[C@H]": 73}}, "0.00": {"activatedMoleculePct": 0.01756951824073389, "activatedTokens": {"C": 22347, "=": 13089, "c": 6737, "O": 3387, ")": 3105, "(": 2862, "N": 1685, "n": 1012, "[C@H]": 869, "3": 771, "2": 662, "s": 589, "-": 549, "/": 412, "others": 386, "[nH]": 282, "S": 207}}}