{"0.20": {"activatedMoleculePct": 0.04840296081902225, "activatedTokens": {"C": 271268, "c": 124842, "1": 111390, "(": 99332, ")": 70003, "2": 69856, "N": 63905, "O": 59565, "=": 46207, "3": 24865, "n": 15598, "others": 8362, "4": 7575, "S": 5145, "F": 2214, "[nH]": 1966, "Cl": 1862, "#": 1690}}, "0.00": {"activatedMoleculePct": 0.15091256766168681, "activatedTokens": {"C": 537805, "c": 324990, "(": 177520, "1": 173681, ")": 122979, "O": 115303, "N": 112577, "2": 112021, "=": 94031, "3": 40654, "n": 34291, "others": 18100, "4": 12648, "S": 10893, "Cl": 7562, "F": 6990, "[nH]": 4402, "s": 3948, "#": 3903}}}