{"0.20": {"activatedMoleculePct": 0.7062960980143295, "activatedTokens": {")": 3192216, "others": 346}}, "0.00": {"activatedMoleculePct": 0.8885716106172914, "activatedTokens": {")": 4675512, "others": 2763}}}