{"0.20": {"activatedMoleculePct": 0.05169861867993523, "activatedTokens": {"C": 31150, "c": 23048, "O": 9715, "N": 5773, "1": 5002, "2": 4786, "3": 3676, "(": 3222, "[C@H]": 2996, "=": 2569, "n": 2160, "[nH]": 1350, ")": 1020, "others": 967, "4": 759, "#": 700, "F": 692, "S": 537, "[C@@H]": 506, "[Si]": 493, ".": 447, "/": 358, "[C@]": 313, "-": 310, "s": 203, "Br": 192, "[S@@]": 157, "P": 155}}, "0.00": {"activatedMoleculePct": 0.12033838350179027, "activatedTokens": {"C": 88115, "c": 63866, "O": 21613, "N": 16508, "1": 15867, "2": 14124, "3": 10025, "(": 9099, "=": 7591, "[C@H]": 7088, "n": 6044, "[nH]": 2974, ")": 2941, "others": 2382, "4": 2031, "F": 1722, "#": 1653, "[C@@H]": 1457, "S": 1285, "/": 1159, ".": 1081, "-": 727, "s": 658, "[Si]": 643, "Br": 449, "[C@]": 440}}}