{"0.20": {"activatedMoleculePct": 0.013102070918162956, "activatedTokens": {"c": 43074, "C": 23341, "(": 18873, ")": 16637, "2": 16298, "n": 15631, "1": 13854, "3": 6662, "O": 5879, "=": 4864, "N": 2638, "others": 1488, "4": 1119, "[C@@H]": 862, "-": 843, "[C@H]": 659, "F": 645, "S": 512, "o": 404, "Br": 403}}, "0.00": {"activatedMoleculePct": 0.09787884136387505, "activatedTokens": {"c": 130109, "C": 107968, "(": 64262, "1": 47900, "2": 45282, ")": 43238, "n": 29128, "O": 22185, "3": 19173, "=": 16734, "N": 11903, "[C@@H]": 5762, "others": 5681, "F": 4410, "[C@H]": 3816, "Br": 3183, "S": 3033, "-": 2972, "4": 2176, "o": 2017}}}