{"0.20": {"activatedMoleculePct": 0.18547889204376927, "activatedTokens": {"N": 337954, "C": 3746, "others": 2962, "=": 1870, "#": 1742}}, "0.00": {"activatedMoleculePct": 0.28831879704093866, "activatedTokens": {"N": 489710, "C": 36549, "#": 11375, "n": 10052, "=": 5946, "O": 4638, "others": 4200, "S": 3907, "/": 2661, "c": 1551}}}