{"0.20": {"activatedMoleculePct": 0.463304314455561, "activatedTokens": {"C": 424686, "c": 213503, "[C@H]": 151197, "[C@@H]": 141169, "1": 77102, "2": 50821, "(": 19310, "O": 18638, "3": 11015, "others": 10877, "n": 9435, "[C@@]": 5715, "#": 5406, "s": 4632, "N": 3445, "[C@]": 3064, "=": 2961, "[nH]": 2589}}, "0.00": {"activatedMoleculePct": 0.6920053931609973, "activatedTokens": {"C": 903921, "c": 403594, "[C@H]": 196105, "[C@@H]": 189617, "1": 162212, "2": 95867, "(": 74745, "O": 56415, "N": 30761, "n": 25334, "3": 20945, "others": 19089, "=": 18645, ")": 15560, "S": 12765, "s": 12106, "#": 11921, "o": 11218, "[nH]": 10316, "[C@@]": 8758, "F": 8391, "-": 7235}}}