{"0.20": {"activatedMoleculePct": 0.15771407311819768, "activatedTokens": {"O": 153175, "=": 53413, "S": 19338, "#": 10205, "N": 3691, "others": 2241, "C": 2134, "F": 1574}}, "0.00": {"activatedMoleculePct": 0.2903752875461484, "activatedTokens": {"O": 269078, "=": 84170, "C": 38593, "S": 34460, "N": 23967, "#": 20073, "n": 8558, "F": 5184, "others": 4356, "2": 4154, "o": 2594, "1": 2397, ".": 2162, "3": 2079, "/": 2067, "\\": 1127, "[C@@H]": 1126, "4": 773}}}