{"0.20": {"activatedMoleculePct": 0.1643288246292568, "activatedTokens": {"c": 164641, "C": 151488, "(": 105194, "1": 38970, "2": 31399, "n": 31105, "-": 29797, "N": 27705, "=": 22943, ")": 19403, "[C@H]": 14482, "[C@@H]": 14232, "o": 11058, "3": 8836, "s": 8479, "O": 8315, "others": 4904, "S": 3988, "[C@]": 3568}}, "0.00": {"activatedMoleculePct": 0.3090060076180962, "activatedTokens": {"c": 373708, "C": 335291, "(": 291103, "1": 100776, ")": 79608, "=": 78891, "2": 76343, "N": 60954, "n": 55224, "-": 46244, "[C@@H]": 31821, "[C@H]": 31427, "O": 24076, "3": 21198, "o": 16716, "S": 14332, "s": 11723, "others": 9937, "[C@]": 6787}}}