{"0.20": {"activatedMoleculePct": 0.28377225392970584, "activatedTokens": {"C": 644458, "c": 575128, "1": 298144, "O": 249972, "N": 207202, "2": 166215, "=": 163726, "F": 61933, "n": 49123, "3": 47320, "[C@H]": 30956, "[C@@H]": 29604, "-": 26851, "Cl": 24749, "S": 22816, "others": 22458, "Br": 7531, "o": 7374, "#": 7349, "4": 6851, "s": 5101}}, "0.00": {"activatedMoleculePct": 0.5981824080712859, "activatedTokens": {"C": 1604622, "c": 1179865, "1": 546878, "O": 546309, "N": 450401, "=": 376155, "2": 327747, "n": 142907, "F": 101063, "3": 88096, "[C@@H]": 74266, "[C@H]": 69963, "others": 56943, "-": 43082, "Cl": 40668, "S": 40370, "o": 20259, ")": 14059, "4": 13098, "s": 12560, "(": 12390}}}