{"0.20": {"activatedMoleculePct": 0.0609975004266046, "activatedTokens": {"c": 268448, "C": 183186, "(": 137986, ")": 97102, "O": 68007, "1": 53367, "2": 43142, "=": 28596, "N": 27159, "n": 21561, "3": 14364, "[C@H]": 9162, "[C@@H]": 8349, "others": 8121, "-": 4875, "F": 4293, "S": 2330, "o": 2311, "Cl": 2301, "s": 2257}}, "0.00": {"activatedMoleculePct": 0.16493815514931892, "activatedTokens": {"c": 452870, "C": 416996, "(": 304130, ")": 210377, "O": 153548, "1": 116172, "2": 88441, "=": 81205, "N": 63971, "n": 49871, "3": 29632, "others": 19423, "[C@@H]": 19101, "[C@H]": 18858, "F": 10595, "-": 10588, "S": 6714, "o": 6632, "s": 5382, "/": 4800}}}