{"0.20": {"activatedMoleculePct": 0.05523961995938285, "activatedTokens": {"C": 37241, "1": 13271, "O": 12748, "2": 10377, "=": 9398, "n": 8772, "3": 5681, "S": 4396, "Cl": 2257, "4": 1714, ")": 1668, "-": 1554, "(": 1229, "others": 1201, "F": 1172, "N": 988, "Br": 812, "I": 804, "5": 771, "[nH]": 770, ".": 743, "c": 705, "[N-]": 572, "[C@]": 471, "#": 402, "6": 384, "[C@@H]": 381, "[N+]": 336, "s": 335, "7": 209, "[C@H]": 139, "8": 124, "P": 120, "[Cl-]": 97, "[O-]": 90, "[Na+]": 83, "9": 69, "/": 56, "[c-]": 46, "[S-]": 42, "[Si]": 37}}, "0.00": {"activatedMoleculePct": 0.14275398353489333, "activatedTokens": {"C": 126697, "O": 40534, "=": 37156, "1": 34794, "n": 27312, "2": 23658, "3": 14793, ")": 8432, "S": 7729, "(": 6152, "Cl": 5287, "4": 3913, "c": 3777, "others": 3628, "-": 3299, "F": 3046, "N": 2764, "Br": 2095, "[nH]": 2005, ".": 1767, "[C@]": 1676, "5": 1601, "I": 1525, "[C@@H]": 1479, "[N+]": 1404, "s": 1242, "#": 1205, "[N-]": 995, "6": 751, "[C@H]": 500}}}