{"0.20": {"activatedMoleculePct": 0.3507927521892323, "activatedTokens": {"c": 306805, "C": 191500, "n": 156138, "2": 76772, "N": 59379, "1": 54326, "3": 54194, "O": 44624, "[nH]": 29777, "F": 25978, "o": 25148, "-": 20085, "s": 19587, "=": 16504, "Cl": 14267, "4": 13684, "others": 11207, "[C@H]": 8837, "[C@@H]": 8554, "/": 8478, "S": 6909, "Br": 5295, "\\": 3550}}, "0.00": {"activatedMoleculePct": 0.5984153012267903, "activatedTokens": {"c": 707285, "C": 499293, "n": 259017, "2": 167103, "N": 147206, "1": 141562, "3": 105223, "O": 94016, "F": 58842, "=": 43154, "[nH]": 40245, "o": 38572, "(": 36521, "-": 32750, "Cl": 30756, "s": 28628, "4": 24965, "[C@H]": 24672, "others": 23989, "[C@@H]": 22146, "S": 17331, "/": 14426, "Br": 10501, ")": 6444}}}