{"0.20": {"activatedMoleculePct": 0.3292135168843876, "activatedTokens": {"N": 449010, "C": 6242, "O": 4236, "others": 3751, "S": 2232, "[C@H]": 1150}}, "0.00": {"activatedMoleculePct": 0.44058624626766746, "activatedTokens": {"N": 577335, "C": 57925, "O": 26194, "1": 16661, "2": 10871, "c": 7966, "S": 7875, "[C@@H]": 7479, "n": 7081, "[C@H]": 6971, "others": 6018, "-": 4863}}}