{"0.20": {"activatedMoleculePct": 0.20126729030278306, "activatedTokens": {"2": 173121, "3": 92207, "4": 29119, "5": 5773, "others": 2784, "O": 1876}}, "0.00": {"activatedMoleculePct": 0.2599292678586207, "activatedTokens": {"2": 221227, "3": 120690, "4": 36098, "1": 10528, "O": 7927, "5": 7506, "others": 3463, "c": 2708, "=": 2633, "C": 2426, "6": 1407, "S": 858}}}