{"0.20": {"activatedMoleculePct": 0.0069025722975788635, "activatedTokens": {"c": 3175, "O": 1842, "C": 1839, "=": 882, "n": 834, "[C@H]": 713, "[nH]": 603, "o": 579, "1": 551, "F": 546, "/": 301, "(": 230, "2": 132, ")": 131, "N": 107, "others": 79, "Cl": 73}}, "0.00": {"activatedMoleculePct": 0.022017923984552885, "activatedTokens": {"c": 9194, "O": 7547, "C": 7352, "=": 3563, "[C@H]": 3302, "1": 2609, "n": 2250, "[nH]": 1868, "o": 1812, "F": 1716, ")": 1471, "(": 1028, "/": 687, "N": 439, "2": 361, "others": 314, "#": 258, "Cl": 249, "[N+]": 151}}}