{"0.20": {"activatedMoleculePct": 0.7033322030447484, "activatedTokens": {"C": 1352145, "c": 1251513, "O": 398457, "1": 330049, "2": 286684, "N": 270203, "n": 238048, "=": 230147, "F": 84805, "3": 74795, "others": 47491, "o": 44567, "[C@H]": 42881, "[C@@H]": 31925, "[nH]": 30620, "S": 27648, "s": 24414, "4": 22554, "Br": 22146, "#": 19937, "Cl": 17629, "[C@@]": 11584}}, "0.00": {"activatedMoleculePct": 0.9122168572167217, "activatedTokens": {"C": 3231130, "c": 3065253, "O": 907366, "1": 859722, "=": 645059, "2": 644525, "N": 643603, "n": 466476, "3": 188677, "F": 184033, "[C@H]": 112538, "others": 102661, "[C@@H]": 99301, "o": 79082, "S": 58164, "4": 49194, "[nH]": 48097, "s": 45335, "Cl": 42741, "Br": 35706, "#": 32832, "(": 28716, ")": 20616}}}