{"0.20": {"activatedMoleculePct": 0.7038031159346523, "activatedTokens": {"(": 2476124, "others": 279}}, "0.00": {"activatedMoleculePct": 0.8822593272610227, "activatedTokens": {"(": 4085028, "others": 4245}}}