{"0.20": {"activatedMoleculePct": 0.006926008086812022, "activatedTokens": {"C": 2857, "O": 1468, "2": 1388, "n": 1166, "c": 719, "3": 566, "1": 491, "S": 424, "[C@H]": 349, "[nH]": 311, "-": 252, "N": 252, "=": 239, "4": 225, ".": 204, "(": 197, "o": 197, "F": 192, "[C@]": 190, "s": 123, "[C@@H]": 119, "others": 118, "I": 43, ")": 36, "[HH]": 15, "P": 14}}, "0.00": {"activatedMoleculePct": 0.033402590972973406, "activatedTokens": {"C": 15408, "O": 9422, "n": 7836, "c": 5999, "2": 5080, "1": 2669, "N": 2657, "3": 2179, "(": 1688, "[nH]": 1620, "[C@H]": 1574, "o": 1572, "S": 1566, "=": 1531, "-": 1413, "[C@]": 1408, "F": 1352, "[C@@H]": 1298, "4": 919, ".": 860, "others": 603, "s": 503, ")": 350, "I": 213}}}