{"0.20": {"activatedMoleculePct": 0.3014106148013121, "activatedTokens": {")": 886404, "others": 673}}, "0.00": {"activatedMoleculePct": 0.6320339408817569, "activatedTokens": {")": 2405399, "others": 6523}}}