{"0.20": {"activatedMoleculePct": 0.0312853138894402, "activatedTokens": {"n": 12548, "C": 11375, "[C@@H]": 7657, "s": 3902, "3": 3139, "c": 3133, "1": 3067, ")": 1882, "[C@H]": 1819, "O": 1526, "N": 1312, "2": 1254, "[nH]": 767, "others": 481, "S": 337, "[C@]": 200, "5": 158, ".": 129, "(": 98}}, "0.00": {"activatedMoleculePct": 0.08223618441915495, "activatedTokens": {"C": 38001, "n": 34220, "[C@@H]": 16675, "c": 11866, "1": 11290, "3": 8744, "s": 8362, ")": 7382, "O": 6161, "N": 5432, "[C@H]": 5300, "2": 4445, "others": 1583, "[nH]": 1573, "S": 965, "(": 553, "[C@]": 437, "5": 422, ".": 403}}}