{"0.20": {"activatedMoleculePct": 0.049353575019792255, "activatedTokens": {"n": 60703, "[C@H]": 4673, "N": 1980, "[nH]": 1301, "c": 752, "others": 534, "O": 480, "-": 462, "[C@@H]": 368}}, "0.00": {"activatedMoleculePct": 0.1648751714657548, "activatedTokens": {"n": 143759, "[C@H]": 39348, "N": 16982, "C": 14231, "c": 12564, "O": 7438, "[nH]": 6619, "-": 5420, "[C@@H]": 2606, "others": 2198, "o": 2021, "=": 1978, "s": 1869, "S": 1855, "F": 665}}}