{"0.20": {"activatedMoleculePct": 0.057507032567690984, "activatedTokens": {"C": 125956, "[C@H]": 24599, "2": 20102, "1": 15001, "3": 10303, "[C@@H]": 9972, "O": 7285, "N": 4180, "others": 1754, "=": 1504, "4": 1229, "(": 1123}}, "0.00": {"activatedMoleculePct": 0.10134807053879612, "activatedTokens": {"C": 212380, "2": 44003, "[C@H]": 39569, "1": 27872, "3": 24041, "N": 23205, "[C@@H]": 21317, "O": 19210, "(": 5719, "c": 4596, "4": 3717, "others": 3281, "=": 2747, "F": 2060, "n": 1701, "[C@]": 1103}}}