{"0.20": {"activatedMoleculePct": 0.07089619190396014, "activatedTokens": {"4": 199707, "5": 27059, "6": 5100, "others": 2255, "7": 1964}}, "0.00": {"activatedMoleculePct": 0.07961357313028175, "activatedTokens": {"4": 203339, "5": 27116, "3": 12222, "6": 5100, "2": 3058, "c": 2980, "others": 2569, "7": 1967, "C": 1030, "8": 825, "#": 600, "O": 448, ")": 444}}}