{"0.20": {"activatedMoleculePct": 0.013895225910022681, "activatedTokens": {"c": 49004, "C": 17217, "O": 12407, "(": 11408, "2": 10425, ")": 10424, "1": 7888, "=": 5863, "3": 5790, "N": 5085, "[C@H]": 3645, "[C@@H]": 3320, "4": 1471, "others": 1340, "S": 877, "F": 668, "n": 568}}, "0.00": {"activatedMoleculePct": 0.09088472301460415, "activatedTokens": {"c": 120614, "C": 83141, "(": 63854, ")": 57618, "O": 47489, "1": 30060, "=": 29137, "2": 27217, "N": 20244, "3": 14820, "[C@H]": 13088, "[C@@H]": 11383, "others": 5294, "n": 3977, "4": 3236, "S": 2119, "Br": 2087, "s": 1766, "F": 1541}}}