{"0.20": {"activatedMoleculePct": 0.006258820462080527, "activatedTokens": {"C": 53014, "c": 36291, "(": 23093, ")": 22277, "1": 17111, "O": 12435, "N": 10333, "=": 9817, ".": 9723, "2": 7976, "Cl": 3385, "n": 2603, "F": 2374, "3": 2314, "others": 2199, "I": 1095, "S": 1055, "[O-]": 1016, "-": 663, "#": 476, "4": 466, "[N+]": 362, "s": 338, "P": 305, "[c-]": 302, "[C-]": 279, "Br": 264, "[Cl-]": 259, "[nH]": 215, "[Na+]": 214, "o": 213, "[Si]": 184, "[CH]": 153, "5": 146, "[N-]": 129, "[n+]": 116, "[CH2-]": 109, "[O+]": 104, "[cH-]": 102, "[K+]": 89, "[HH]": 89, "[Br-]": 86, "[I-]": 79, "[C]": 79, "[S-]": 70}}, "0.00": {"activatedMoleculePct": 0.023441648180467296, "activatedTokens": {"C": 100548, "c": 73623, "(": 37776, ")": 33782, "1": 26173, "O": 21243, "N": 17960, "=": 16368, "2": 12479, ".": 10523, "n": 5164, "F": 4717, "3": 4668, "Cl": 4469, "others": 3812, "S": 2115, "-": 1354, "[O-]": 1310, "I": 1296, "4": 1082, "#": 1060, "5": 760, "[N+]": 735, "s": 688, "P": 565, "Br": 489, "[C@]": 456, "[nH]": 426, "o": 424, "[C@@H]": 382, "[c-]": 314, "[C-]": 288, "[Si]": 286, "[Cl-]": 282, "[Na+]": 279, "[N-]": 207, "[CH]": 189, "[n+]": 158}}}