{"0.20": {"activatedMoleculePct": 0.1444618666752598, "activatedTokens": {"c": 126157, "C": 111311, "1": 33386, "2": 30448, ")": 28668, "N": 24288, "3": 17717, "n": 14811, "[C@@H]": 10704, "[C@H]": 9143, "O": 7831, "=": 4715, "others": 4377, "4": 3853, "(": 3665, "-": 2840, "[nH]": 2757, "S": 2211}}, "0.00": {"activatedMoleculePct": 0.31443212519398606, "activatedTokens": {"c": 354669, "C": 301564, ")": 147454, "1": 84405, "2": 68636, "N": 62206, "3": 37378, "n": 34144, "O": 23456, "[C@@H]": 22055, "(": 21022, "[C@H]": 18804, "=": 12468, "others": 10382, "-": 7840, "4": 7787, "[nH]": 5253, "S": 4809}}}