{"0.20": {"activatedMoleculePct": 0.5847778689983324, "activatedTokens": {"c": 848885, "C": 767137, "=": 618289, "O": 564674, "1": 259051, "n": 241766, "2": 215525, "N": 175954, "[C@@H]": 105111, "3": 85376, "[C@H]": 77251, "F": 49780, "others": 39542, "Cl": 11043, "4": 10412, "o": 8412, "#": 8278}}, "0.00": {"activatedMoleculePct": 0.7703790665671623, "activatedTokens": {"c": 1759612, "C": 1603512, "=": 1035570, "O": 1013948, "1": 549394, "n": 445993, "2": 429007, "N": 359298, "[C@@H]": 185442, "3": 170855, "[C@H]": 139889, "F": 102819, "others": 67177, "Cl": 24976, "4": 22540, "-": 18371, "o": 17182, "#": 15272, ")": 15125}}}