{"0.20": {"activatedMoleculePct": 0.24745044246037703, "activatedTokens": {"C": 449470, "=": 14983, "#": 3808, "others": 3548, "/": 2681}}, "0.00": {"activatedMoleculePct": 0.3250331579799228, "activatedTokens": {"C": 652346, "=": 21767, "O": 12915, "#": 8765, "S": 4578, "others": 4491, "/": 4135, "N": 3914, "c": 2825}}}