{"0.20": {"activatedMoleculePct": 0.7237689436244766, "activatedTokens": {"C": 1176302, "1": 865656, "c": 823223, "2": 502978, "O": 342217, "=": 280411, "3": 169312, "n": 139334, "N": 100792, "F": 92495, "[C@H]": 58416, "[C@@H]": 51053, "others": 45755, "4": 41478, "Cl": 26363, "S": 18195, "o": 13859, "-": 12009, "(": 9938}}, "0.00": {"activatedMoleculePct": 0.9235700323633602, "activatedTokens": {"C": 2962046, "c": 2260293, "1": 1595262, "2": 928127, "O": 830459, "=": 729702, "n": 337114, "N": 319619, "3": 319082, "F": 202200, "[C@H]": 127111, "[C@@H]": 121518, "others": 82946, "4": 70757, "Cl": 55709, "S": 48761, "(": 48043, ")": 40293, "-": 30789, "o": 29050}}}