{"0.20": {"activatedMoleculePct": 0.09018604354809061, "activatedTokens": {"c": 111265, "C": 30258, "[C@H]": 6431, "O": 4804, "n": 2610, "N": 2366, "[C@@H]": 1901, "=": 1213, "others": 1094}}, "0.00": {"activatedMoleculePct": 0.21003007837074394, "activatedTokens": {"c": 261889, "C": 74551, "[C@H]": 16587, "O": 15021, "N": 6603, "[C@@H]": 5469, "=": 4612, "n": 4316, "others": 2531, "S": 1452}}}