{"0.20": {"activatedMoleculePct": 0.16025172967110066, "activatedTokens": {"C": 309455, "[C@H]": 69281, "[C@@H]": 57870, "2": 38646, "1": 28905, "O": 17911, "3": 12197, "(": 5157, "others": 4399, "=": 3405, "[C@@]": 2378, "[C@]": 2327}}, "0.00": {"activatedMoleculePct": 0.26583508674537676, "activatedTokens": {"C": 576921, "[C@H]": 112627, "[C@@H]": 98612, "1": 73464, "2": 71704, "(": 31548, "N": 31100, "O": 30780, "3": 20435, ")": 11688, "others": 10960, "=": 10749, "c": 9705, "[C@]": 3991, "[C@@]": 3895}}}