{"0.20": {"activatedMoleculePct": 0.012158780401528306, "activatedTokens": {"c": 5853, "C": 3306, "[C@H]": 2085, "n": 1726, "S": 1646, "(": 1279, "3": 1042, "2": 886, "N": 587, "1": 404, "[C@@H]": 316, "=": 298, "#": 227, "others": 200, ")": 174, "O": 155, "5": 137, "s": 107, "4": 80, "[n+]": 64, "[C@]": 33, "7": 33, "/": 27}}, "0.00": {"activatedMoleculePct": 0.04165345351987245, "activatedTokens": {"c": 22925, "C": 16459, "n": 7084, "[C@H]": 6003, "(": 5407, "S": 4350, "N": 4264, "3": 3982, "2": 3365, "[C@@H]": 1631, "1": 1422, ")": 1014, "=": 982, "others": 793, "O": 522, "#": 509, "s": 338, "4": 320, "5": 316, "[n+]": 116}}}