{"0.20": {"activatedMoleculePct": 0.0350159985879937, "activatedTokens": {"C": 146414, ")": 91165, "(": 86847, "O": 65570, "c": 57001, "=": 48052, "1": 47302, "2": 27986, "N": 21530, "3": 8455, "n": 7285, "[C@H]": 6654, "others": 6278, "[C@@H]": 5224, "F": 3009, "s": 2001, "S": 1927}}, "0.00": {"activatedMoleculePct": 0.1995410979520782, "activatedTokens": {"C": 286667, ")": 179312, "(": 173946, "O": 159274, "c": 152904, "=": 128248, "1": 105638, "2": 95443, "N": 48691, "3": 38357, "n": 22163, "[C@H]": 19529, "F": 17247, "others": 13351, "[C@@H]": 12477, "s": 3406, "S": 3225, "Cl": 2973, "o": 2715}}}