{"0.20": {"activatedMoleculePct": 0.579846832469993, "activatedTokens": {")": 2183087, "others": 1739}}, "0.00": {"activatedMoleculePct": 0.8115542835129955, "activatedTokens": {")": 3720815, "others": 12993}}}