{"0.20": {"activatedMoleculePct": 0.13754904121989142, "activatedTokens": {"C": 368089, "N": 21881, "O": 10256, "S": 3788, "others": 3017}}, "0.00": {"activatedMoleculePct": 0.26565492411564684, "activatedTokens": {"C": 727129, "N": 58613, "O": 31739, "S": 10151, "others": 6533, "=": 4723, "#": 4458, ")": 3477, "(": 3193, "1": 2712, "c": 2072}}}