{"0.20": {"activatedMoleculePct": 0.8235607312845082, "activatedTokens": {"(": 3975156, "others": 113}}, "0.00": {"activatedMoleculePct": 0.949204391573955, "activatedTokens": {"(": 5304627, "others": 969}}}