{"0.20": {"activatedMoleculePct": 0.03535801463711511, "activatedTokens": {"C": 14910, "O": 11888, "c": 10598, "1": 5730, "(": 3889, "n": 3731, "=": 3718, "3": 3294, "[C@H]": 3145, ")": 2922, "[C@]": 1641, "2": 1120, "[C@@H]": 1090, "Br": 930, "F": 810, "I": 688, "others": 685, "S": 683, "/": 452, "N": 356, "\\": 203, "5": 200}}, "0.00": {"activatedMoleculePct": 0.10333059183423866, "activatedTokens": {"O": 52246, "C": 49903, "c": 40931, "1": 17784, "(": 13063, "=": 12435, ")": 10943, "n": 9901, "[C@H]": 9039, "3": 7629, "[C@@H]": 4093, "[C@]": 3233, "2": 2906, "S": 2620, "F": 2497, "others": 2401, "Br": 2116, "N": 1712, "I": 1186, "/": 1090, "\\": 431}}}