{"0.20": {"activatedMoleculePct": 0.25638606947393244, "activatedTokens": {"C": 189280, "N": 142387, "O": 35646, "c": 20786, "n": 18919, "=": 17905, "#": 12514, "[C@H]": 10871, "S": 9682, "-": 8595, "[C@@H]": 8549, "2": 6597, "others": 4337, "3": 3406, "F": 1436, "/": 976, "(": 922}}, "0.00": {"activatedMoleculePct": 0.5571690445448441, "activatedTokens": {"C": 618092, "N": 324922, "c": 150928, "O": 93664, "2": 62098, "=": 53598, "n": 35088, "[C@H]": 34807, "#": 30372, "-": 29562, "S": 28130, "[C@@H]": 27642, "3": 26410, "F": 18008, "others": 15044, "1": 9191, "(": 6532, "4": 5694, "/": 5172}}}