{"0.20": {"activatedMoleculePct": 0.016819572985272802, "activatedTokens": {"C": 6361, "n": 5033, "O": 3567, "c": 3401, "[C@H]": 2453, "2": 2115, "=": 1779, "4": 1057, "[nH]": 614, "N": 584, "1": 565, "F": 565, "(": 393, "3": 370, "others": 264, "/": 219, "S": 191, "\\": 134, ".": 122, "o": 66, "5": 59, "s": 51, ")": 47}}, "0.00": {"activatedMoleculePct": 0.05668385047087627, "activatedTokens": {"C": 31931, "n": 16372, "O": 13914, "c": 11771, "=": 11333, "[C@H]": 7014, "2": 6949, "4": 3075, "N": 2744, "1": 2667, "(": 2193, "F": 1705, "[nH]": 1678, "3": 1396, "S": 973, "others": 972, "/": 864, ".": 363, ")": 360, "\\": 331, "-": 290, "5": 268, "o": 249}}}