{"0.20": {"activatedMoleculePct": 0.4816823674248389, "activatedTokens": {"(": 1575524, "others": 813}}, "0.00": {"activatedMoleculePct": 0.7788291333225431, "activatedTokens": {"(": 3284295, "others": 5665}}}