{"0.20": {"activatedMoleculePct": 0.23621664336514497, "activatedTokens": {"c": 558919, "others": 5471}}, "0.00": {"activatedMoleculePct": 0.33023956503175184, "activatedTokens": {"c": 790119, "C": 16291, "others": 7242, "n": 5521, "s": 2630}}}