{"0.20": {"activatedMoleculePct": 0.12330886978709318, "activatedTokens": {"c": 197616, ")": 141687, "(": 62845, "C": 46343, "1": 34480, "2": 34292, "n": 30418, "=": 25955, "F": 22874, "3": 15196, "O": 13884, "others": 5848, "-": 5024, "Cl": 4074, "4": 3242, "o": 2521}}, "0.00": {"activatedMoleculePct": 0.2500203232234756, "activatedTokens": {"c": 487957, ")": 388782, "(": 163749, "C": 100279, "1": 88167, "=": 81379, "2": 80588, "n": 72988, "F": 51167, "O": 41684, "3": 34828, "others": 11610, "-": 11186, "Cl": 9406, "4": 8211, "o": 6573, "N": 6120}}}