{"0.20": {"activatedMoleculePct": 0.02638064262398814, "activatedTokens": {"c": 113015, "C": 83776, "=": 29874, "1": 27604, "/": 26808, "(": 26012, "O": 24603, ")": 19770, "2": 16908, "\\": 7373, "3": 6881, "N": 6790, "n": 6595, "others": 3786, "F": 3619, "o": 2382, "s": 2034, "4": 2004, "Cl": 1902, "S": 1443, "[nH]": 1134, "[C@@H]": 705}}, "0.00": {"activatedMoleculePct": 0.10736154758234201, "activatedTokens": {"c": 236353, "C": 175226, "1": 59550, "=": 57051, "O": 55318, "(": 50468, ")": 40531, "2": 35808, "/": 31414, "N": 26814, "n": 18485, "3": 15927, "\\": 8567, "F": 7827, "others": 7449, "[C@@H]": 5586, "4": 5259, "s": 5094, "Cl": 4914, "o": 4301, "S": 4213, "[C@H]": 3738, "[nH]": 2296, "#": 1924}}}