{"0.20": {"activatedMoleculePct": 0.04858532055399276, "activatedTokens": {"n": 89141, "c": 31984, "1": 28050, "C": 19770, "N": 18544, "2": 14108, "others": 1384}}, "0.00": {"activatedMoleculePct": 0.06668067931564566, "activatedTokens": {"n": 136396, "C": 62656, "c": 49755, "1": 41230, "2": 27179, "N": 25702, "others": 3299, "[nH]": 2385, "3": 1186}}}