{"0.20": {"activatedMoleculePct": 0.6014231383011835, "activatedTokens": {"C": 1270316, "c": 987481, "1": 459564, "O": 311454, "N": 293241, "=": 256990, "2": 255328, "n": 198789, "3": 97780, "[C@H]": 93706, "[C@@H]": 92321, "F": 74412, "others": 45253, "o": 38213, "s": 38196, "S": 23639, "4": 14509, "Cl": 13188}}, "0.00": {"activatedMoleculePct": 0.8598312769648895, "activatedTokens": {"C": 3153107, "c": 2489161, "1": 1051374, "O": 693545, "N": 679203, "=": 628389, "2": 569608, "n": 428743, "[C@@H]": 220854, "[C@H]": 210499, "3": 206261, "F": 165313, "others": 94286, "o": 74520, "s": 63851, "S": 58648, "Cl": 33794, "4": 33139, "[C@]": 18616}}}