{"0.20": {"activatedMoleculePct": 0.1072238623205972, "activatedTokens": {"C": 79336, "N": 33625, "c": 26553, "1": 10169, "2": 8350, "[C@H]": 7890, "[C@@H]": 6530, "S": 4438, "O": 2656, "=": 2200, "(": 1949, "others": 1539, "n": 1211, "3": 887}}, "0.00": {"activatedMoleculePct": 0.19486419326323592, "activatedTokens": {"C": 162224, "c": 66606, "N": 53451, "1": 30416, "2": 17998, "[C@H]": 13833, "[C@@H]": 13664, "=": 9646, "n": 8738, "S": 7045, "O": 6715, "(": 6677, "F": 4599, "others": 3992, "3": 2249, "o": 2017, "s": 1128, "Cl": 779}}}