{"0.20": {"activatedMoleculePct": 0.3735005672193363, "activatedTokens": {"(": 1132263, "others": 3238}}, "0.00": {"activatedMoleculePct": 0.6658847413238145, "activatedTokens": {"(": 2530514, "others": 25044}}}