{"0.20": {"activatedMoleculePct": 0.010456023840056597, "activatedTokens": {"O": 4619, "c": 3742, ")": 3348, "=": 1696, "n": 1480, "C": 1445, "F": 1410, "[nH]": 1283, "2": 1229, "N": 786, "[C@H]": 519, "S": 359, "(": 352, "[C@]": 211, "[C@@H]": 200, "-": 193, "others": 186, "Cl": 139, "3": 131}}, "0.00": {"activatedMoleculePct": 0.0289417349661243, "activatedTokens": {"c": 17255, ")": 14452, "O": 13472, "C": 6960, "n": 6351, "=": 6305, "N": 4927, "2": 4527, "F": 3224, "(": 2145, "[C@H]": 2012, "[nH]": 1593, "S": 1295, "[C@@H]": 851, "3": 786, "others": 713, "-": 705, "[C@]": 419, "1": 374}}}