{"0.20": {"activatedMoleculePct": 0.45493993480456385, "activatedTokens": {"c": 797388, "n": 4564, "others": 4395}}, "0.00": {"activatedMoleculePct": 0.6574200272001629, "activatedTokens": {"c": 1303554, "n": 21125, "C": 14819, "[C@H]": 13346, "others": 11239, "S": 5360}}}