{"0.20": {"activatedMoleculePct": 0.0068666862453155885, "activatedTokens": {"C": 3508, "c": 2358, "n": 2015, "O": 1589, "[C@H]": 1322, "[nH]": 756, "3": 735, "s": 696, "2": 644, ")": 463, "N": 328, "(": 298, "=": 255, "/": 245, "1": 139, "-": 132, "4": 109, "others": 95}}, "0.00": {"activatedMoleculePct": 0.01601616483562357, "activatedTokens": {"C": 10745, "c": 5203, "n": 4820, "O": 4061, "[C@H]": 3910, "3": 1523, "N": 1518, "2": 1457, ")": 1255, "s": 1239, "(": 1147, "[nH]": 1033, "=": 807, "1": 505, "-": 494, "/": 481, "others": 374, "4": 227}}}