{"0.20": {"activatedMoleculePct": 0.1151078082923146, "activatedTokens": {"C": 143834, "1": 87515, "(": 57741, "N": 56877, "O": 53323, ")": 30525, "2": 27179, "[C@H]": 15604, "[C@@H]": 14011, "3": 11823, "n": 4520, "others": 4430, "s": 4142, "=": 4058, "o": 3423, "S": 2563, "[C@@]": 1596}}, "0.00": {"activatedMoleculePct": 0.2751134621764671, "activatedTokens": {"C": 417805, "1": 199174, "(": 193720, "O": 156900, "N": 140393, ")": 117503, "2": 68938, "[C@H]": 37002, "[C@@H]": 31830, "3": 29948, "n": 22623, "o": 18248, "=": 16635, "others": 12829, "s": 11488, "c": 9150, "[nH]": 5351, "S": 4834, "/": 2552}}}