{"0.20": {"activatedMoleculePct": 0.10222691263503958, "activatedTokens": {"C": 187236, "O": 30861, "=": 4620, "S": 4413, "#": 1750, "others": 1110}}, "0.00": {"activatedMoleculePct": 0.2129192717621443, "activatedTokens": {"C": 398778, "O": 68825, "S": 12179, "=": 11348, "N": 5975, "others": 4473, "#": 3025, "c": 2963}}}