{"0.20": {"activatedMoleculePct": 0.21069360415340774, "activatedTokens": {"c": 183008, "C": 160708, "O": 114056, "(": 89445, "1": 76192, "n": 34073, ")": 32818, "2": 29693, "3": 8982, "N": 8323, "/": 8123, "=": 7895, "others": 6489, "o": 6401, "F": 3619, "[C@@H]": 3366, "S": 3148, "-": 1793}}, "0.00": {"activatedMoleculePct": 0.3746796803651296, "activatedTokens": {"c": 432450, "O": 265107, "(": 259010, "C": 258594, "1": 201345, ")": 127560, "2": 85575, "n": 79673, "=": 26833, "3": 26356, "N": 21191, "o": 15458, "others": 14105, "/": 12708, "F": 10963, "S": 9522, "[C@@H]": 8187, "-": 5037, "4": 4665}}}