{"0.20": {"activatedMoleculePct": 0.2018685647702963, "activatedTokens": {"C": 293598, "c": 170562, "1": 82374, "n": 28906, "O": 20598, "2": 14093, "=": 11563, "others": 5381, "3": 4777, "[C@H]": 3854, "(": 3679, "[C@@H]": 3549, "N": 3022, "S": 2891, ")": 2458, "#": 1733}}, "0.00": {"activatedMoleculePct": 0.462727940514108, "activatedTokens": {"C": 980113, "c": 508314, "1": 251998, "n": 80703, "O": 70174, "2": 42569, "(": 39406, "=": 35537, ")": 27972, "others": 20741, "[C@@H]": 13061, "3": 12562, "N": 12433, "S": 8839, "[C@H]": 6656}}}