{"0.20": {"activatedMoleculePct": 0.08299931230605968, "activatedTokens": {"C": 228734, "others": 1316}}, "0.00": {"activatedMoleculePct": 0.09752291031489645, "activatedTokens": {"C": 262844, "[C@H]": 3250, "others": 2211, "1": 879, "c": 786}}}