{"0.20": {"activatedMoleculePct": 0.08558603754266962, "activatedTokens": {"C": 44227, "c": 34351, "(": 19402, "n": 16058, "N": 13447, "2": 9468, ")": 7214, "1": 6921, "[C@H]": 6899, "3": 6574, "O": 4475, "4": 3278, "Cl": 2886, "F": 2109, "others": 1551, "5": 1539, "\\": 1486, "S": 1378, "#": 1270, "[nH]": 1212, "-": 1026, "/": 481}}, "0.00": {"activatedMoleculePct": 0.22739087161362, "activatedTokens": {"C": 142851, "c": 120176, "(": 76707, "n": 49510, "N": 43073, ")": 37750, "2": 28959, "1": 25835, "3": 20728, "O": 19338, "[C@H]": 17148, "4": 8659, "Cl": 7845, "F": 7363, "others": 5371, "S": 5036, "#": 3975, "-": 3789, "5": 3787, "\\": 3130, "[nH]": 3103, "[C@@H]": 1892}}}