{"0.20": {"activatedMoleculePct": 0.21387794201546323, "activatedTokens": {"c": 380574, "C": 227973, "(": 130868, ")": 22828, "n": 21903, "O": 17170, "F": 16082, "[C@H]": 12649, "[C@@H]": 11579, "others": 7676, "s": 4403, "Cl": 4201, "3": 3664, "2": 3202, "1": 3013, "-": 2996, "/": 2690, "N": 2683, "=": 2670, "[C@]": 2252, "[C@@]": 2245, "o": 2063}}, "0.00": {"activatedMoleculePct": 0.35492257767316304, "activatedTokens": {"c": 776153, "C": 428115, "(": 355955, ")": 85215, "O": 53768, "n": 51575, "F": 43256, "[C@@H]": 32065, "[C@H]": 29226, "others": 17397, "N": 12135, "=": 10310, "Cl": 8998, "s": 8659, "-": 8425, "1": 7783, "3": 7579, "[nH]": 6624, "2": 6590, "[C@@]": 6000, "[C@]": 5760, "/": 5189}}}