{"0.20": {"activatedMoleculePct": 0.19564929220254673, "activatedTokens": {"n": 268414, "[nH]": 17160, "others": 495}}, "0.00": {"activatedMoleculePct": 0.26454538596913946, "activatedTokens": {"n": 358819, "[nH]": 29728, "c": 14229, "others": 3108, "C": 2464, "N": 1946, "o": 1131}}}