{"0.20": {"activatedMoleculePct": 0.38446778421204114, "activatedTokens": {"1": 484217, "O": 82375, "c": 43307, "C": 39820, "n": 35668, "N": 32697, "[C@@H]": 23583, "[C@H]": 14798, "=": 6169, "others": 5233, "s": 5070, "[C@]": 3755, "[C@@]": 3287, "o": 2647}}, "0.00": {"activatedMoleculePct": 0.5506048264543189, "activatedTokens": {"1": 678942, "c": 212642, "O": 128717, "C": 119938, "N": 66771, "n": 63950, "[C@@H]": 43676, "[C@H]": 32012, "=": 15925, "s": 10899, "2": 10815, "others": 10367, "o": 6908, "[C@]": 5907, "[C@@]": 5102, "F": 3806}}}