{"0.20": {"activatedMoleculePct": 0.21729004645412847, "activatedTokens": {"c": 417573, "C": 377575, "1": 168301, "n": 101205, "O": 71483, "N": 52489, "2": 27932, "[C@@H]": 24747, "=": 22004, "[C@H]": 19377, "F": 16588, "o": 16347, "S": 13042, "others": 11760, "Cl": 10068, "-": 8608, "s": 7912, "[nH]": 7659, "#": 7001, "(": 5494, "Br": 5026}}, "0.00": {"activatedMoleculePct": 0.4139785694354831, "activatedTokens": {"C": 812788, "c": 750224, "1": 262806, "n": 149565, "O": 146819, "N": 128924, "=": 67045, "2": 61644, "[C@@H]": 40876, "(": 39717, "F": 38048, "[C@H]": 36046, "S": 29339, ")": 27823, "others": 24839, "o": 22598, "-": 16079, "Cl": 15096, "#": 12949, "[nH]": 11820, "s": 11513}}}