{"0.20": {"activatedMoleculePct": 0.008439081229177851, "activatedTokens": {"C": 7324, "c": 3997, "1": 2038, "n": 1786, "2": 1629, "3": 1388, ")": 1006, "(": 979, "s": 739, "F": 543, "O": 457, "[C@H]": 344, "4": 296, "=": 186, "others": 178, "o": 168}}, "0.00": {"activatedMoleculePct": 0.02071577294528549, "activatedTokens": {"C": 20329, "c": 12562, "1": 7059, "n": 6136, "2": 5140, ")": 4432, "3": 3615, "(": 3295, "O": 3221, "=": 2275, "F": 1745, "s": 1535, "[C@H]": 1484, "4": 750, "o": 529, "others": 524}}}