{"0.20": {"activatedMoleculePct": 0.008976639644713435, "activatedTokens": {"2": 2231, "O": 2027, "C": 1967, "1": 1936, "S": 1471, "3": 1401, "Br": 1304, "F": 915, "Cl": 640, "c": 546, "n": 481, ")": 461, "[C@H]": 419, "s": 280, "(": 252, "4": 236, "/": 230, "=": 213, "[nH]": 196, "[O-]": 187, "others": 170, "I": 161, "[C@@H]": 156}}, "0.00": {"activatedMoleculePct": 0.020242662950141092, "activatedTokens": {"O": 6759, "C": 5902, "2": 5208, "1": 4016, "3": 3493, "S": 2725, "Br": 1972, "F": 1812, "[C@H]": 1210, "Cl": 1165, "c": 1162, "n": 1144, ")": 1059, "=": 1025, "(": 771, "[C@@H]": 685, "s": 532, "[nH]": 497, "4": 460, "/": 431, "others": 426, "[O-]": 366, "I": 220}}}