{"0.20": {"activatedMoleculePct": 0.1523641218573156, "activatedTokens": {"N": 330284, "others": 1531}}, "0.00": {"activatedMoleculePct": 0.2733154977212357, "activatedTokens": {"N": 493720, "c": 13416, "C": 8380, "others": 4378, "S": 4202, "O": 3515, "=": 2717, "#": 1334, "(": 1326}}}