{"0.20": {"activatedMoleculePct": 0.5960065415146697, "activatedTokens": {")": 2433665, "others": 287}}, "0.00": {"activatedMoleculePct": 0.8197348386921951, "activatedTokens": {")": 3950929, "others": 3070}}}