{"0.20": {"activatedMoleculePct": 0.5976814680764271, "activatedTokens": {"(": 2389479, "others": 1216}}, "0.00": {"activatedMoleculePct": 0.8255593646850486, "activatedTokens": {"(": 3930926, "others": 10022}}}