{"0.20": {"activatedMoleculePct": 0.39431301279520853, "activatedTokens": {"c": 638822, "C": 340705, "O": 232740, "2": 193967, "1": 171626, "3": 62544, "n": 48698, "N": 34901, "(": 21821, ")": 21703, "others": 14810, "4": 13494, "[C@H]": 12990, "[C@@H]": 12539, "#": 5865}}, "0.00": {"activatedMoleculePct": 0.6335997445498973, "activatedTokens": {"c": 1347427, "C": 826088, "O": 555779, "1": 387463, "2": 374216, "3": 123967, "n": 123889, ")": 95946, "(": 80528, "N": 70982, "others": 38270, "[C@@H]": 31000, "[C@H]": 26972, "4": 26491, "#": 13591}}}