{"0.20": {"activatedMoleculePct": 0.3025926574207596, "activatedTokens": {"c": 288229, "n": 149008, "C": 137974, "(": 92922, "2": 58523, "1": 53570, "N": 34644, "[nH]": 29731, "3": 22751, "O": 19695, ")": 18975, "o": 12111, "s": 10769, "-": 7754, "[C@H]": 6863, "4": 6537, "others": 6320, "S": 4362}}, "0.00": {"activatedMoleculePct": 0.5037449658826174, "activatedTokens": {"c": 677893, "C": 421035, "(": 301748, "n": 245015, "1": 152109, "2": 117960, ")": 100590, "N": 92564, "O": 48909, "3": 47984, "[nH]": 44745, "o": 28467, "others": 21381, "s": 20101, "[C@H]": 17910, "-": 16129, "[C@@H]": 12844, "4": 11874}}}