{"0.20": {"activatedMoleculePct": 0.18776388149400228, "activatedTokens": {"C": 524067, "1": 84695, "c": 51080, "2": 48298, "n": 41761, "(": 19933, "Cl": 15099, "[C@@H]": 13704, "N": 13594, "=": 13179, "O": 13080, "3": 9897, ")": 9691, "[C@H]": 8357, "others": 7165, "s": 6162, "4": 1686}}, "0.00": {"activatedMoleculePct": 0.3201907380296214, "activatedTokens": {"C": 927887, "c": 168168, "1": 144887, "n": 89168, "2": 81131, "=": 47200, "(": 47048, "O": 38039, ")": 37303, "Cl": 32563, "N": 32062, "[C@@H]": 27784, "[C@H]": 21889, "3": 18373, "others": 15043, "s": 13171, "o": 4991, "S": 3758}}}