{"0.20": {"activatedMoleculePct": 0.7263131914931015, "activatedTokens": {"C": 1599773, "c": 1422561, "1": 608448, "O": 510336, "=": 323324, "N": 313931, "2": 268441, "n": 157000, "F": 111712, "3": 104085, "[C@@H]": 96660, "[C@H]": 63182, "others": 52604, "S": 47438, "Cl": 30390, "o": 28050, "4": 21009, "[nH]": 14800, "-": 13991, "s": 13733, "[N+]": 11294, "/": 10744}}, "0.00": {"activatedMoleculePct": 0.9249373641914324, "activatedTokens": {"C": 3685347, "c": 3218723, "1": 1306566, "O": 1181760, "=": 782407, "N": 710997, "2": 616837, "n": 379786, "3": 241426, "F": 229631, "[C@@H]": 224396, "[C@H]": 147550, "others": 119165, "S": 83866, "o": 65021, "Cl": 64309, "4": 46907, "[nH]": 33936, "-": 32063, "s": 30236, "/": 20781, "[N+]": 19213}}}