{"0.20": {"activatedMoleculePct": 0.1665332535540008, "activatedTokens": {"c": 183242, "2": 86022, "C": 80452, "1": 69608, "n": 58889, "3": 48734, "O": 26354, "F": 23132, "Cl": 14606, "o": 13318, "4": 12601, "N": 12352, "s": 10100, "[nH]": 8788, "=": 8209, "-": 6663, "others": 6146, "[C@@H]": 5968, "[C@H]": 5944, "S": 4010, "Br": 3471, "(": 2212}}, "0.00": {"activatedMoleculePct": 0.3469273117025881, "activatedTokens": {"c": 451844, "C": 258156, "2": 200996, "1": 171008, "n": 114235, "3": 107601, "O": 76406, "F": 46676, "N": 45818, "4": 28418, "=": 28237, "o": 26705, "Cl": 25529, "[nH]": 17240, "s": 17117, "[C@@H]": 16730, "-": 16233, "(": 16205, "[C@H]": 15473, "others": 15218, "S": 9607, "Br": 7136, "#": 5788}}}