{"0.20": {"activatedMoleculePct": 0.33367364052282317, "activatedTokens": {")": 1214103, "others": 838}}, "0.00": {"activatedMoleculePct": 0.523238415945711, "activatedTokens": {")": 2200604, "others": 6631}}}