{"0.20": {"activatedMoleculePct": 0.24060938910953522, "activatedTokens": {")": 815498, "others": 490}}, "0.00": {"activatedMoleculePct": 0.40221453560885084, "activatedTokens": {")": 1499716, "others": 6012}}}