{"0.20": {"activatedMoleculePct": 0.07371800740131519, "activatedTokens": {"c": 26717, "n": 21733, "N": 14720, "2": 10320, "[C@H]": 10105, "(": 9336, "O": 9247, ")": 8250, "[nH]": 6860, "=": 6731, "S": 6384, "1": 5987, "3": 5787, "F": 3517, "-": 2814, "C": 2519, "4": 1736, "others": 1598, "Br": 1535, "Cl": 1525, "[C@]": 1155, "[C@@H]": 1090, ".": 795, "[S@@]": 750, "I": 715, "P": 534, "[S@]": 392, "5": 360}}, "0.00": {"activatedMoleculePct": 0.18078367814458857, "activatedTokens": {"c": 90742, "n": 59608, "N": 47633, "(": 43592, "O": 33639, ")": 30430, "[C@H]": 29052, "2": 27703, "=": 27441, "1": 22703, "S": 18204, "3": 16341, "[nH]": 13185, "C": 12387, "F": 9419, "-": 6499, "Cl": 5110, "4": 4654, "others": 4355, "Br": 4217, "[C@@H]": 3008, "[C@]": 2189, ".": 1995, "I": 1157, "5": 1044, "[S@@]": 994, "P": 833}}}