{"0.20": {"activatedMoleculePct": 0.01745160692615456, "activatedTokens": {"C": 11419, "1": 4149, ")": 3180, "=": 2479, "c": 1846, "(": 1822, "S": 1444, "2": 1309, "3": 1238, "s": 1205, "[C@H]": 1150, "[C@@H]": 1056, "[nH]": 1014, "[N+]": 395, ".": 348, "others": 346, "5": 248, "7": 247, "O": 187, "n": 172, "P": 82, "F": 78, "[Si]": 78, "N": 71}}, "0.00": {"activatedMoleculePct": 0.0799885457580123, "activatedTokens": {"C": 60783, "1": 24690, "c": 16072, "=": 12543, ")": 8902, "(": 7501, "[C@@H]": 5711, "2": 5669, "S": 5491, "3": 4861, "[C@H]": 4734, "s": 3561, "[nH]": 3526, "others": 1678, "O": 989, "n": 915, "[N+]": 864, "5": 775, ".": 730, "N": 714, "7": 574, "F": 253}}}