{"0.20": {"activatedMoleculePct": 0.29986458508033714, "activatedTokens": {"1": 457961, "C": 114226, "c": 107662, "n": 69725, "2": 38993, "O": 34326, ")": 32317, "=": 25799, "[C@H]": 14018, "(": 11506, "F": 9105, "others": 8431, "N": 6746, "[C@@H]": 6171, "3": 4301, "Cl": 3735, "o": 3176, "s": 3078, "[N+]": 3016, "S": 2605, ".": 2224}}, "0.00": {"activatedMoleculePct": 0.5227250256878221, "activatedTokens": {"1": 861801, "C": 267556, "c": 258938, "n": 137040, ")": 125165, "2": 116977, "=": 83298, "O": 83093, "(": 42930, "[C@H]": 36304, "F": 24628, "[C@@H]": 20778, "others": 19681, "3": 17226, "N": 17025, "Cl": 8258, "o": 7011, "[N+]": 6321, "S": 6161, "s": 5967, ".": 4412}}}