{"0.20": {"activatedMoleculePct": 0.2661360901633401, "activatedTokens": {"C": 452479, "O": 7506, "[C@H]": 6730, "[C@@H]": 6512, "N": 5169, "others": 3977, "#": 3704, "S": 2319, "=": 2091, "c": 1438, "-": 1147}}, "0.00": {"activatedMoleculePct": 0.5242307751460525, "activatedTokens": {"C": 982690, "c": 59304, "[C@H]": 43951, "[C@@H]": 42261, "O": 41942, "N": 30956, "2": 16248, "#": 13331, "others": 11261, "n": 9916, "1": 9716, "=": 9366, "S": 7220, "3": 6866, "F": 5173, ")": 4786, "-": 4557, ".": 2514}}}