{"0.20": {"activatedMoleculePct": 0.19935141453297234, "activatedTokens": {"(": 164523, ")": 143008, "C": 109187, "c": 79567, "O": 76974, "=": 40551, "N": 35635, "n": 20854, "1": 18913, "2": 18791, "3": 17467, "others": 7359, "-": 7148, "S": 4881, "[nH]": 3825, "4": 3698, "[O-]": 3398, "s": 3350, "5": 2620, "[N+]": 1438}}, "0.00": {"activatedMoleculePct": 0.40471264426742287, "activatedTokens": {"(": 416501, ")": 396685, "C": 344222, "c": 237374, "O": 214486, "=": 129049, "N": 97286, "n": 67586, "1": 60918, "2": 53415, "3": 42825, "others": 18635, "-": 16288, "S": 14595, "4": 8969, "[O-]": 8116, "s": 7263, "[nH]": 6686, "5": 4524, "Cl": 3271}}}