{"0.20": {"activatedMoleculePct": 0.37957849268327337, "activatedTokens": {"c": 846087, "1": 246828, "C": 245444, "2": 117908, "n": 58032, "F": 29753, "3": 29746, "others": 15052, ")": 14438, "N": 9823, "O": 9501, "=": 7620, "[nH]": 4362, "[C@H]": 3579}}, "0.00": {"activatedMoleculePct": 0.5884690058025549, "activatedTokens": {"c": 1529904, "C": 633845, "1": 432477, "2": 213961, "n": 133854, ")": 68102, "F": 63648, "3": 59324, "O": 38807, "=": 35166, "N": 32643, "others": 29796, "[C@H]": 10228, "[nH]": 9974, "o": 7358, "(": 6908}}}