{"0.20": {"activatedMoleculePct": 0.22206215903673046, "activatedTokens": {"(": 535016, "others": 1491}}, "0.00": {"activatedMoleculePct": 0.5181806796818299, "activatedTokens": {"(": 1658282, "others": 8638}}}