{"0.20": {"activatedMoleculePct": 0.11474089171713295, "activatedTokens": {"C": 167418, "[C@H]": 39081, "2": 31880, "n": 22630, "O": 20102, "1": 18081, "[C@@H]": 15164, "3": 12556, "c": 11335, "F": 8106, "others": 3109, "[C@]": 2512, "N": 2435, "(": 1932, "[nH]": 1578, "[C@@]": 1502}}, "0.00": {"activatedMoleculePct": 0.2894525033450927, "activatedTokens": {"C": 445247, "n": 89062, "c": 82023, "2": 73593, "[C@H]": 62344, "1": 48067, "O": 47315, "F": 30797, "3": 28776, "[C@@H]": 27656, "(": 16192, "N": 8589, "others": 7671, "[C@]": 6556, "[nH]": 5878, "Cl": 4190, "[C@@]": 4040, "=": 3286}}}