{"0.20": {"activatedMoleculePct": 0.5119797163244187, "activatedTokens": {"C": 870241, "c": 865569, "1": 334258, "N": 207243, "2": 192354, "O": 179127, "[C@@H]": 126558, "3": 91511, "F": 84563, "n": 73530, "[C@H]": 66788, "=": 33385, "others": 26404, "4": 17206, "-": 15454, "Cl": 15090, "s": 14967, "S": 13507, "#": 13114, "[nH]": 12092, "Br": 12044, "o": 9700}}, "0.00": {"activatedMoleculePct": 0.73717348269743, "activatedTokens": {"C": 1871149, "c": 1826011, "1": 645319, "N": 437648, "2": 379543, "O": 350615, "[C@@H]": 234867, "3": 174331, "n": 158795, "F": 155670, "[C@H]": 134602, "=": 93207, "others": 63271, "4": 33726, "S": 30733, "-": 28457, "Cl": 27296, "s": 27092, "[nH]": 24341, "#": 22343, "o": 21612, "Br": 18273}}}