{"0.20": {"activatedMoleculePct": 0.1931636338070048, "activatedTokens": {"C": 308019, "others": 1452}}, "0.00": {"activatedMoleculePct": 0.40891863606636136, "activatedTokens": {"C": 780390, "N": 9750, "others": 6763, "=": 6296, "[C@H]": 2447, "[C@@H]": 2096, "\\": 1978}}}