{"0.20": {"activatedMoleculePct": 0.16047510203722923, "activatedTokens": {"c": 333021, "n": 68034, "(": 54646, ")": 33178, "1": 31591, "O": 22715, "C": 21014, "F": 20055, "3": 12650, "2": 12046, "[nH]": 11237, "-": 7159, "s": 6693, "others": 5938, "Br": 5445, "Cl": 5264, "N": 4643, "=": 3541, "o": 3086}}, "0.00": {"activatedMoleculePct": 0.3202720309235239, "activatedTokens": {"c": 852460, "(": 152519, "n": 138792, ")": 117094, "1": 96577, "C": 65125, "O": 46881, "F": 36624, "2": 32567, "3": 30053, "[nH]": 18655, "others": 16287, "-": 15323, "s": 14705, "Cl": 12428, "N": 10068, "o": 9683, "Br": 9519, "=": 7295}}}