{"0.20": {"activatedMoleculePct": 0.21962044274600073, "activatedTokens": {"C": 402334, "O": 9683, "N": 4968, "[C@@H]": 3306, "[C@H]": 2352, "others": 2153}}, "0.00": {"activatedMoleculePct": 0.37994394452162794, "activatedTokens": {"C": 804791, "[C@@H]": 18839, "O": 17032, "[C@H]": 14005, "N": 10209, "others": 7428, "n": 5652, "[nH]": 2420, "c": 2174, "[C@]": 1948}}}