{"0.20": {"activatedMoleculePct": 0.23354862523463252, "activatedTokens": {"c": 336033, "C": 187143, "O": 79424, "=": 56644, "N": 39030, "[C@H]": 35514, "2": 26528, "1": 26033, "n": 23479, "[C@@H]": 20871, ")": 14835, "3": 8038, "others": 7974, "#": 3590, "(": 2945, "-": 2826, "S": 2075}}, "0.00": {"activatedMoleculePct": 0.4211382030462132, "activatedTokens": {"c": 749254, "C": 475083, "=": 170163, "O": 164278, "N": 94097, "[C@H]": 62475, "n": 58333, ")": 55612, "1": 55319, "2": 49033, "[C@@H]": 45148, "others": 16339, "3": 16228, "(": 13584, "#": 7826, "-": 5782, "F": 5678, "S": 4316}}}