{"0.20": {"activatedMoleculePct": 0.011795525668414342, "activatedTokens": {"C": 6292, "n": 5299, "[C@H]": 2212, ")": 1876, "=": 1782, "N": 836, "1": 740, "(": 374, "O": 351, "-": 216, "others": 204, "2": 200, "c": 172, "/": 105}}, "0.00": {"activatedMoleculePct": 0.036676277781480304, "activatedTokens": {"C": 19945, "n": 15013, "[C@H]": 9472, ")": 8920, "=": 6346, "N": 4458, "1": 2912, "(": 1932, "O": 1773, "2": 912, "-": 646, "c": 628, "others": 595, "/": 413, "\\": 321}}}