{"0.20": {"activatedMoleculePct": 0.34852533958092413, "activatedTokens": {"c": 544939, "n": 4221, "others": 1993}}, "0.00": {"activatedMoleculePct": 0.5359369518680155, "activatedTokens": {"c": 954411, "C": 24047, "n": 16245, "others": 9300, "-": 4526, "[C@H]": 3161, "N": 2850}}}