{"0.20": {"activatedMoleculePct": 0.34146018149554025, "activatedTokens": {"(": 1023460, "others": 2308}}, "0.00": {"activatedMoleculePct": 0.6321613729857122, "activatedTokens": {"(": 2323206, "others": 13513}}}