{"0.20": {"activatedMoleculePct": 0.20681498103531992, "activatedTokens": {"C": 604219, "O": 279852, "c": 273605, "n": 66828, "N": 66569, "[C@@H]": 51682, "[C@H]": 50460, "=": 40637, "1": 29191, "2": 24081, "[nH]": 20534, "(": 17123, "F": 15973, "others": 15167, "o": 14089, ")": 11990, "-": 11665, "3": 8506, "/": 5384, "[C@@]": 4705, "4": 3829}}, "0.00": {"activatedMoleculePct": 0.35554362608784174, "activatedTokens": {"C": 1121593, "O": 559454, "c": 517415, "N": 138329, "n": 114395, "=": 110033, "[C@@H]": 91791, "[C@H]": 86231, "1": 77575, "(": 71528, "2": 61181, ")": 60492, "[nH]": 31965, "F": 27558, "others": 26276, "o": 25570, "-": 22436, "3": 20724, "4": 8761, "[C@@]": 8687, "/": 8090, "Cl": 6087}}}