{"0.20": {"activatedMoleculePct": 0.06969584007417427, "activatedTokens": {")": 371427, "others": 277}}, "0.00": {"activatedMoleculePct": 0.14804827479634666, "activatedTokens": {")": 645276, "others": 2112}}}