{"0.20": {"activatedMoleculePct": 0.2589134728690459, "activatedTokens": {"C": 368368, "c": 153465, "=": 107846, "(": 60653, "1": 52843, "2": 45855, "n": 37958, "[C@H]": 18808, "[C@@H]": 15665, "3": 15022, ")": 14164, "O": 11823, "others": 8150, "N": 7530, "-": 4286, "4": 2873, "Cl": 2251, "[nH]": 2231}}, "0.00": {"activatedMoleculePct": 0.49648573016764647, "activatedTokens": {"C": 884785, "c": 324280, "=": 267569, "(": 224797, "1": 129180, "2": 98278, "n": 74052, ")": 62051, "[C@H]": 42553, "[C@@H]": 38842, "O": 30856, "3": 30383, "N": 28793, "others": 21981, "-": 12951, "4": 6380, "[nH]": 5496, "Cl": 5399}}}