{"0.20": {"activatedMoleculePct": 0.14976860819974322, "activatedTokens": {"1": 136659, "2": 66979, "c": 26578, "3": 18707, "C": 7700, "O": 3926, "4": 2804, "others": 2415, "s": 2153, "n": 1792, "Br": 635, "[C@H]": 491}}, "0.00": {"activatedMoleculePct": 0.19206215171304633, "activatedTokens": {"1": 180719, "2": 87697, "c": 46585, "C": 29029, "3": 27077, "O": 17335, "n": 6303, "s": 5237, "4": 4304, "others": 4157, "Cl": 2605, "Br": 2039, "[C@@H]": 1914, "N": 1882, "[C@H]": 1856, "F": 1674, "#": 1003, ")": 868}}}