{"0.20": {"activatedMoleculePct": 0.022844767923435278, "activatedTokens": {"c": 11791, "C": 9456, "O": 7137, "=": 6455, "n": 4350, "2": 3299, "N": 3087, "(": 2612, "[C@H]": 2448, "1": 2336, "[C@@H]": 2330, ")": 2189, "S": 1916, "/": 1104, "s": 737, "Br": 690, "others": 614, "o": 587, "#": 519, "[S@]": 313, "3": 268, ".": 258, "[S@@]": 241, "[nH]": 228, "Cl": 153}}, "0.00": {"activatedMoleculePct": 0.08659817069017667, "activatedTokens": {"C": 44161, "c": 40637, "O": 30699, "=": 23735, "n": 17973, "N": 15213, "2": 12627, "[C@@H]": 10579, "(": 8888, "[C@H]": 8754, "S": 7657, ")": 6868, "1": 6840, "o": 2370, "/": 2292, "others": 2245, "s": 2018, "Br": 1952, "#": 1477, "3": 1082, "[nH]": 928, ".": 756, "Cl": 725, "[C@]": 563, "[S@]": 547}}}