{"0.20": {"activatedMoleculePct": 0.2776372037295129, "activatedTokens": {"c": 247316, "n": 152398, "C": 112724, "1": 57157, "N": 44263, "2": 42860, "[C@H]": 40310, "O": 30922, "[C@@H]": 26765, "3": 15684, "s": 12146, "[nH]": 8048, "others": 7830, "=": 6393, "F": 6093, "o": 6076, "4": 5011, "-": 4478, "(": 3486, "S": 2897}}, "0.00": {"activatedMoleculePct": 0.7046380159260835, "activatedTokens": {"c": 1182311, "C": 589631, "n": 415207, "1": 309905, "2": 225333, "O": 187031, "N": 168282, "[C@H]": 122711, "3": 94832, "[C@@H]": 91998, "=": 57830, "F": 36705, "4": 29257, "others": 28325, "s": 26115, "-": 23790, "(": 22787, "[nH]": 21013, "Cl": 20395, "o": 14148, "S": 12788, "#": 9035}}}