{"0.20": {"activatedMoleculePct": 0.08641727569203322, "activatedTokens": {"C": 182913, "c": 2808, "others": 1564, "n": 1461, "[C@H]": 623}}, "0.00": {"activatedMoleculePct": 0.14482585377678728, "activatedTokens": {"C": 289422, "c": 13426, "n": 5227, "N": 5010, "O": 4844, "others": 2411, "[C@H]": 1607, "=": 1427, "2": 1256}}}