{"0.20": {"activatedMoleculePct": 0.24044387384807603, "activatedTokens": {"c": 366578, "(": 143586, "O": 126703, "C": 107103, "n": 74009, "N": 20968, "[nH]": 20052, "Cl": 13600, "Br": 10961, ")": 10731, "1": 10156, "[O-]": 9805, "2": 8964, "others": 8242, "o": 7122, "s": 6572, "3": 4547, "#": 2194, "=": 1485}}, "0.00": {"activatedMoleculePct": 0.4374421886683565, "activatedTokens": {"c": 784216, "(": 422820, "O": 377313, "C": 279244, "n": 151131, "N": 48214, ")": 45387, "1": 37615, "2": 29646, "[nH]": 27387, "Cl": 26669, "others": 18650, "Br": 17060, "[O-]": 16592, "3": 16226, "o": 15382, "s": 13694, "=": 8372, "4": 5803, "[C@H]": 5594, "#": 5495}}}