{"0.20": {"activatedMoleculePct": 0.42666758456841164, "activatedTokens": {"(": 1407837, "others": 3285}}, "0.00": {"activatedMoleculePct": 0.7060763874902687, "activatedTokens": {"(": 2864860, "others": 17147}}}