{"0.20": {"activatedMoleculePct": 0.18821062622625936, "activatedTokens": {"c": 292827, "o": 3390, "n": 2695, "[nH]": 2523, "others": 1921}}, "0.00": {"activatedMoleculePct": 0.29731081642233637, "activatedTokens": {"c": 518131, "n": 13209, "C": 7258, "[nH]": 6841, "o": 6487, "s": 6123, "others": 4912, "O": 2831, ".": 2054, "2": 1655}}}