{"0.20": {"activatedMoleculePct": 0.5822460713927377, "activatedTokens": {")": 2307654, "others": 915}}, "0.00": {"activatedMoleculePct": 0.8099489319505241, "activatedTokens": {")": 3889621, "others": 6564}}}