{"0.20": {"activatedMoleculePct": 0.6687966381360345, "activatedTokens": {"C": 1468250, "c": 834293, "2": 334812, "1": 327229, "N": 266923, "O": 217599, "=": 216754, "n": 211229, "[C@H]": 117378, "3": 106966, "[C@@H]": 59104, "others": 38372, "F": 37790, "-": 27773, "s": 25568, "4": 24216, "S": 18774, "Cl": 18204, "#": 13942, "[nH]": 10716, "[C@@]": 8548}}, "0.00": {"activatedMoleculePct": 0.8872006169471516, "activatedTokens": {"C": 3323220, "c": 2201131, "1": 804501, "2": 714557, "N": 645707, "O": 597660, "=": 517167, "n": 439150, "3": 239085, "[C@H]": 238177, "[C@@H]": 155664, "F": 101345, "others": 90249, "-": 56478, "4": 50670, "s": 46858, "S": 42280, "Cl": 42021, "#": 26911, "[nH]": 22839, "(": 21430, "o": 18440}}}