{"0.20": {"activatedMoleculePct": 0.5516052417072094, "activatedTokens": {"C": 974537, "1": 433669, "2": 294428, "N": 289066, "O": 284973, "c": 272838, "=": 242225, "[C@H]": 88036, "[C@@H]": 80823, "3": 64246, "F": 34191, "others": 23895, "S": 17450, "n": 13213, "#": 12598, "(": 9837, "4": 9754, "[C@@]": 7989}}, "0.00": {"activatedMoleculePct": 0.8568944796266093, "activatedTokens": {"C": 2910882, "c": 1184933, "1": 1113453, "O": 889735, "=": 788433, "N": 744754, "2": 704902, "[C@H]": 212827, "[C@@H]": 210315, "3": 177324, "F": 111541, "others": 77505, "(": 71211, "n": 64132, "S": 45062, "4": 28117, "o": 26226, "#": 20059}}}