{"0.20": {"activatedMoleculePct": 0.05154994789198738, "activatedTokens": {"C": 49430, ")": 7321, "n": 6292, "c": 5112, "[C@@H]": 4834, "3": 3978, "(": 3534, "N": 3403, "/": 3146, "O": 2293, "4": 2251, "=": 2007, "2": 1896, "[C@]": 1344, "#": 1270, "S": 946, "others": 925, "Cl": 663, "1": 506, "5": 439}}, "0.00": {"activatedMoleculePct": 0.11270930173798348, "activatedTokens": {"C": 121159, ")": 23661, "n": 18560, "c": 15520, "(": 10420, "[C@@H]": 9257, "3": 8502, "N": 7699, "O": 6334, "/": 6093, "=": 5783, "2": 4841, "4": 4534, "[C@]": 2943, "#": 2632, "others": 2308, "S": 1901, "Cl": 1558, "1": 1486, "5": 962}}}