{"0.20": {"activatedMoleculePct": 0.20848111917611484, "activatedTokens": {"=": 291412, "O": 234487, "C": 204917, "others": 6766, "N": 4532, "n": 2878, "F": 1725}}, "0.00": {"activatedMoleculePct": 0.48496850449637585, "activatedTokens": {"=": 746810, "O": 636537, "C": 558022, "N": 21719, "n": 17693, "others": 16314, "c": 9509, "F": 7229, "(": 4555, "S": 4074}}}