{"0.20": {"activatedMoleculePct": 0.0033915981230862296, "activatedTokens": {"C": 2027, "n": 858, "[C@H]": 737, ")": 558, "N": 527, "O": 335, "#": 233, "2": 230, "1": 226, "c": 208, "s": 127, "-": 123, "=": 111, "F": 65, "o": 64, "others": 48, "[C@@H]": 37, "[nH]": 37}}, "0.00": {"activatedMoleculePct": 0.01608061325601476, "activatedTokens": {"C": 9907, "n": 4341, "[C@H]": 3967, ")": 3014, "N": 2426, "c": 2327, "1": 1484, "2": 1449, "O": 1440, "#": 898, "-": 785, "=": 760, "s": 610, "o": 433, "F": 412, "others": 265, "[C@@H]": 262, "[nH]": 250, "(": 202}}}