{"0.20": {"activatedMoleculePct": 0.22152972720008965, "activatedTokens": {"C": 93931, "1": 45982, "c": 42448, "2": 40451, "O": 38683, "Cl": 32404, "N": 29153, "F": 25467, "=": 20482, "n": 16200, "3": 14119, "-": 12097, "Br": 8083, "[C@H]": 7718, "[N+]": 6575, "S": 6231, "[C@@H]": 3502, "4": 3157, "others": 3145, "#": 2335, "[nH]": 1855, "o": 1681}}, "0.00": {"activatedMoleculePct": 0.4683056583515998, "activatedTokens": {"C": 242238, "c": 194951, "1": 174208, "2": 139725, "O": 91408, "N": 82929, "Cl": 61203, "F": 51313, "=": 50630, "3": 50082, "n": 47715, "-": 24756, "[C@H]": 22158, "[C@@H]": 15582, "S": 14715, "Br": 13810, "[N+]": 12015, "others": 11047, "4": 9546, "o": 8149, "#": 7069, "(": 4080, "[nH]": 2954}}}