{"0.20": {"activatedMoleculePct": 0.22675371109384349, "activatedTokens": {"N": 331576, "n": 6454, "others": 2711, "[S@@]": 1636}}, "0.00": {"activatedMoleculePct": 0.3315395189657786, "activatedTokens": {"N": 471873, "n": 37630, "others": 4952, "[C@@H]": 3088, "[S@]": 2613, "[S@@]": 2367, "[N+]": 1532, "O": 1296}}}