{"0.20": {"activatedMoleculePct": 0.03738447803736983, "activatedTokens": {"C": 172152, "(": 67749, ")": 66686, "1": 44379, "O": 43649, "c": 42111, "2": 36199, "N": 23696, "=": 19707, "[C@H]": 18011, "[C@@H]": 17018, "3": 14640, "n": 11209, "others": 4823, "S": 2752, "4": 2248}}, "0.00": {"activatedMoleculePct": 0.15023732398440642, "activatedTokens": {"C": 355143, "(": 191156, ")": 168230, "c": 129635, "O": 105065, "1": 97976, "2": 74828, "N": 64599, "=": 50977, "n": 33668, "[C@H]": 32129, "3": 29856, "[C@@H]": 28295, "others": 13835, "S": 8109, "4": 4422, "[C@]": 2849}}}