{"0.20": {"activatedMoleculePct": 0.28396926103294706, "activatedTokens": {"C": 371890, "c": 156056, "[C@H]": 71581, "[C@@H]": 55300, "n": 29700, "1": 27829, "(": 12231, "2": 10251, "O": 9282, "=": 7197, "others": 6988, "s": 3639, "N": 3389, "S": 2918, "#": 1678, "/": 1549, "[C@]": 1375}}, "0.00": {"activatedMoleculePct": 0.553862401157728, "activatedTokens": {"C": 840461, "c": 393413, "[C@H]": 135123, "[C@@H]": 116369, "1": 112121, "(": 99875, "n": 84304, "2": 39192, "=": 38224, "O": 29217, "N": 18820, "others": 17053, "S": 8622, "F": 6428, ")": 6372, "Cl": 6364, "s": 5928, "3": 3795, "/": 3779, "-": 3215}}}