{"0.20": {"activatedMoleculePct": 0.23987628832758545, "activatedTokens": {"C": 270958, "c": 149965, "N": 107097, "[C@H]": 75480, "[C@@H]": 69472, "1": 52969, "O": 43895, "n": 20669, "=": 11077, "(": 9875, "S": 7090, "others": 7063, "[C@]": 6308, "[C@@]": 5300, "s": 3250, "2": 2967, "F": 1964}}, "0.00": {"activatedMoleculePct": 0.43414213659696227, "activatedTokens": {"C": 656762, "c": 345098, "N": 213252, "1": 142912, "O": 126857, "[C@H]": 100667, "[C@@H]": 100292, "(": 75924, "=": 57721, "n": 48027, "others": 19303, "S": 16268, "2": 15020, "[C@]": 7678, "s": 6376, "[C@@]": 6198, "F": 4664, "o": 3453, ")": 3297}}}