{"0.20": {"activatedMoleculePct": 0.1762063755599872, "activatedTokens": {"1": 103449, "2": 90946, "C": 52069, "O": 30960, "c": 30376, "3": 20625, "[C@H]": 14121, "N": 12826, "-": 10664, "(": 9573, "[C@@H]": 9371, "n": 8559, "=": 7627, ")": 4517, "F": 4402, "4": 3068, "others": 2956, "[nH]": 2819, "#": 2321, "/": 2224, "S": 2188}}, "0.00": {"activatedMoleculePct": 0.3475571485382293, "activatedTokens": {"1": 231990, "2": 185257, "C": 160477, "c": 73851, "O": 68553, "(": 60239, "3": 46159, "N": 44835, "=": 38250, "[C@H]": 33545, ")": 32990, "[C@@H]": 25126, "n": 23355, "-": 20471, "others": 9843, "F": 9757, "[nH]": 7679, "4": 7527, "#": 6750, "S": 6284, "/": 4865}}}