{"0.20": {"activatedMoleculePct": 0.39792651854759625, "activatedTokens": {")": 1101777, "others": 3503}}, "0.00": {"activatedMoleculePct": 0.6891850424004693, "activatedTokens": {")": 2558510, "others": 20505}}}