{"0.20": {"activatedMoleculePct": 0.4468721643610488, "activatedTokens": {"C": 743863, "1": 516242, "2": 379044, "N": 263137, "3": 142515, "[C@H]": 90486, "[C@@H]": 76468, "c": 73274, "O": 51299, "(": 35109, "n": 30373, "others": 20902, "4": 20596, "F": 17392, "=": 12419, ")": 9463, "#": 9213, "-": 5276}}, "0.00": {"activatedMoleculePct": 0.7310135319711769, "activatedTokens": {"C": 1828174, "1": 1095378, "2": 743470, "N": 572151, "c": 359651, "3": 287194, "[C@H]": 180442, "O": 175131, "[C@@H]": 170432, "n": 97714, "(": 87121, "F": 63648, "=": 53390, "others": 48438, ")": 46001, "4": 45173, "#": 22599, "-": 20735, "Br": 13376}}}