{"0.20": {"activatedMoleculePct": 0.34211784833089576, "activatedTokens": {"c": 604854, "1": 547353, "2": 358022, "C": 332465, "n": 156372, "3": 153141, "O": 100289, "N": 66224, "[C@H]": 63698, "4": 44337, "=": 41990, "-": 35080, "[C@@H]": 22595, "others": 21405, "o": 13476, "#": 12182, "S": 10913, "[C@@]": 8950, "s": 7517, "/": 7344, "5": 5651}}, "0.00": {"activatedMoleculePct": 0.4707839930630064, "activatedTokens": {"c": 1158616, "1": 893419, "C": 777147, "2": 580336, "n": 287240, "O": 247326, "3": 242020, "N": 161927, "=": 142414, "[C@H]": 119727, "4": 61939, "[C@@H]": 59235, "-": 51070, "others": 49657, ")": 35315, "(": 30736, "o": 26365, "#": 19162, "S": 18235, "s": 17169, "[C@@]": 13453}}}