{"0.20": {"activatedMoleculePct": 0.6467816436251358, "activatedTokens": {")": 2610973, "others": 2331}}, "0.00": {"activatedMoleculePct": 0.8322964217211684, "activatedTokens": {")": 3981355, "others": 11355}}}