{"0.20": {"activatedMoleculePct": 0.006794181772375503, "activatedTokens": {"C": 4287, "O": 2298, "2": 1234, "F": 1212, "[nH]": 726, "N": 650, "n": 647, "[C@H]": 504, "1": 500, ")": 425, "S": 326, "s": 303, "3": 223, "(": 217, "=": 168, "others": 125, ".": 90, "c": 85, "[C@]": 48, "I": 47, "o": 30, "Br": 28, "4": 20}}, "0.00": {"activatedMoleculePct": 0.02802554208079049, "activatedTokens": {"C": 21494, "O": 11006, "2": 4545, "F": 4480, "1": 3023, "[C@H]": 3014, "n": 2392, "[nH]": 2284, "N": 2187, ")": 1998, "=": 1929, "S": 1183, "s": 1161, "(": 996, "3": 749, "others": 607, "c": 458, "[C@]": 402, ".": 339, "o": 230, "I": 172}}}