{"0.20": {"activatedMoleculePct": 0.4118334623522355, "activatedTokens": {")": 1555761, "others": 3171}}, "0.00": {"activatedMoleculePct": 0.6896442373957565, "activatedTokens": {")": 3039334, "others": 18917}}}