{"0.20": {"activatedMoleculePct": 0.28081787974950073, "activatedTokens": {"c": 334145, "n": 98317, "C": 75807, "o": 13330, "[nH]": 7133, "s": 6460, "[C@H]": 4295, "others": 4138, "=": 3855, "O": 3260, "[C@@H]": 2819}}, "0.00": {"activatedMoleculePct": 0.397678978023821, "activatedTokens": {"c": 533483, "n": 127210, "C": 126823, "o": 18270, "=": 15888, "N": 11401, "[C@H]": 9743, "[nH]": 8571, "s": 8348, "[C@@H]": 8200, "others": 7457, "O": 6541, "(": 5232}}}