{"0.20": {"activatedMoleculePct": 0.014248959853760675, "activatedTokens": {"C": 13029, "(": 5006, "=": 3802, ")": 3782, "n": 3456, "O": 2260, "c": 2052, "N": 1541, "-": 1335, "2": 560, "[nH]": 493, "s": 463, "3": 441, "1": 428, "/": 409, "[C@@H]": 283, "others": 258}}, "0.00": {"activatedMoleculePct": 0.03104509704980032, "activatedTokens": {"C": 33554, "(": 13717, ")": 11940, "=": 11826, "c": 11559, "n": 8087, "O": 7795, "-": 3511, "N": 2542, "2": 2005, "1": 1739, "3": 1457, "[nH]": 1095, "s": 965, "/": 879, "others": 635, "[C@@H]": 634}}}