{"0.20": {"activatedMoleculePct": 0.042119239830881484, "activatedTokens": {"C": 302194, "c": 201274, "(": 150353, "O": 135371, ")": 106876, "1": 93088, "=": 85656, "2": 44061, "N": 35711, "n": 25573, "[C@H]": 19509, "[C@@H]": 16571, "F": 14009, "others": 10385, "3": 9248, "Cl": 7494, "S": 5958, "o": 5251, "s": 4429, "#": 3990, "Br": 3044, "-": 2669}}, "0.00": {"activatedMoleculePct": 0.16219616780903934, "activatedTokens": {"C": 501614, "c": 437293, "(": 250170, "O": 207842, ")": 200448, "1": 161117, "=": 128202, "2": 81544, "n": 57939, "N": 53853, "[C@H]": 34763, "F": 27663, "[C@@H]": 23304, "3": 21102, "others": 20536, "S": 12532, "Cl": 11530, "o": 9984, "-": 9669, "s": 9443, "#": 6958, "Br": 5815}}}