{"0.20": {"activatedMoleculePct": 0.14681496638795166, "activatedTokens": {"C": 213064, "c": 35107, "N": 33980, "(": 30590, "1": 17244, "=": 15029, "O": 10582, ")": 9450, "[C@H]": 8447, "[C@@H]": 6856, "2": 4940, "others": 3416, "n": 2943, "3": 2387}}, "0.00": {"activatedMoleculePct": 0.2985646311463104, "activatedTokens": {"C": 481985, "(": 128297, "c": 127436, "N": 90167, ")": 64103, "1": 44438, "O": 33393, "=": 31325, "[C@@H]": 19733, "[C@H]": 19300, "2": 13590, "n": 9508, "others": 8704, "3": 6514, "#": 2372}}}