{"0.20": {"activatedMoleculePct": 0.008029687286011104, "activatedTokens": {"C": 11511, "(": 10511, ")": 7926, "=": 4036, "1": 3626, "c": 2930, "O": 2094, "N": 700, ".": 504, "others": 417, "[C@@H]": 141, "Cl": 139, "2": 129, "S": 126, "F": 104, "Br": 89, "[C@H]": 59, "[Si]": 54, "n": 51}}, "0.00": {"activatedMoleculePct": 0.038716656181592216, "activatedTokens": {"C": 45612, "(": 29280, "c": 23521, "1": 22099, "=": 19347, ")": 17996, "O": 9021, "N": 2907, "others": 1634, "Cl": 1318, ".": 1307, "2": 970, "[C@@H]": 788, "F": 770, "S": 754, "n": 404, "Br": 298, "[C@H]": 220}}}