{"0.20": {"activatedMoleculePct": 0.055338489695210234, "activatedTokens": {"c": 237420, "C": 116947, "(": 71423, ")": 68346, "1": 48914, "O": 43915, "=": 38308, "2": 36691, "n": 33237, "N": 29499, "3": 18083, "o": 9934, "-": 6780, "others": 6679, "[C@@H]": 4701, "[C@H]": 4543, "4": 3360, "/": 2174, "Cl": 1601, "S": 1467}}, "0.00": {"activatedMoleculePct": 0.1736709161123248, "activatedTokens": {"c": 431538, "C": 350797, "(": 209177, ")": 190568, "1": 127883, "O": 104179, "=": 95054, "N": 80908, "2": 80288, "n": 74647, "3": 40033, "o": 29385, "others": 18532, "[C@@H]": 18524, "-": 13326, "[C@H]": 12749, "4": 6988, "/": 5376, "s": 4692, "S": 4652}}}