{"0.20": {"activatedMoleculePct": 0.27372342692757534, "activatedTokens": {"c": 389173, "C": 228351, "O": 167882, "=": 150201, "(": 112246, ")": 57575, "1": 33258, "N": 20211, "F": 20108, "n": 19989, "2": 15424, "[C@H]": 12477, "others": 11771, "-": 9726, "[C@@H]": 7824, "3": 7589}}, "0.00": {"activatedMoleculePct": 0.4742781227639877, "activatedTokens": {"c": 861471, "C": 572416, "O": 377426, "(": 333784, "=": 332011, ")": 200502, "1": 96176, "N": 52447, "F": 47361, "n": 46510, "2": 40286, "[C@H]": 27988, "others": 24430, "[C@@H]": 23116, "3": 20373, "-": 18391, "S": 7581}}}