{"0.20": {"activatedMoleculePct": 0.14581967771395593, "activatedTokens": {"C": 284236, "c": 247889, "2": 40393, "[C@H]": 26338, "[C@@H]": 21828, "3": 20946, "O": 20488, "1": 16954, "N": 14590, "n": 9123, ")": 7539, "others": 6301, "=": 5562, "4": 4817, "F": 3611, "(": 2400, "s": 2147, "Cl": 2020, "[nH]": 1361}}, "0.00": {"activatedMoleculePct": 0.2924544814721777, "activatedTokens": {"C": 647219, "c": 592500, "2": 85040, "O": 60078, "1": 53515, "N": 52659, "[C@H]": 47557, "3": 40914, ")": 34371, "[C@@H]": 33984, "n": 29386, "=": 25272, "others": 14496, "F": 9290, "(": 8683, "4": 8566, "s": 6714, "[nH]": 5082, "Cl": 4606}}}