{"0.20": {"activatedMoleculePct": 0.7089047943033455, "activatedTokens": {")": 3316179, "others": 39}}, "0.00": {"activatedMoleculePct": 0.8875257885227616, "activatedTokens": {")": 4811479, "others": 606}}}