{"0.20": {"activatedMoleculePct": 0.02044626136910416, "activatedTokens": {"c": 41878, "(": 34618, ")": 21141, "1": 19005, "C": 13154, "O": 9249, "=": 6688, "2": 6557, "n": 1881, "others": 1440, "N": 1326, "3": 1105, "Br": 1061, "S": 858, "#": 245}}, "0.00": {"activatedMoleculePct": 0.0940946937711334, "activatedTokens": {"(": 104528, "c": 90780, "C": 65962, ")": 57845, "1": 37626, "O": 37270, "=": 31932, "2": 17937, "n": 6176, "others": 4228, "Br": 3582, "3": 3356, "N": 2326, "S": 2295, "[O-]": 974, "[C@H]": 890, "#": 731}}}