{"0.20": {"activatedMoleculePct": 0.08381370598191197, "activatedTokens": {"C": 91853, "c": 75637, "N": 10559, "n": 9980, "2": 7523, "=": 6836, "-": 6622, "1": 4968, ")": 4639, "3": 4441, "s": 3944, "[C@H]": 3536, "[C@@H]": 3416, "others": 2160, "O": 1784, "4": 926, "(": 706, "S": 559, "Br": 473}}, "0.00": {"activatedMoleculePct": 0.20320440475658638, "activatedTokens": {"C": 290471, "c": 192211, ")": 29544, "2": 28680, "N": 28578, "n": 24302, "1": 19861, "=": 19045, "-": 14932, "3": 14119, "O": 12166, "[C@@H]": 11093, "[C@H]": 8723, "s": 8135, "others": 6667, "(": 4470, "4": 2617, "S": 2610, "o": 1623, "Br": 1273}}}