{"0.20": {"activatedMoleculePct": 0.11537585513166886, "activatedTokens": {"C": 282057, "[C@H]": 22066, "O": 21558, "c": 18103, "[C@@H]": 15990, "2": 9709, "N": 5992, "3": 4814, "n": 4022, "others": 3852, "[C@]": 2745, "1": 2620}}, "0.00": {"activatedMoleculePct": 0.22336357770758433, "activatedTokens": {"C": 548412, "c": 52680, "[C@H]": 42586, "O": 38412, "[C@@H]": 32581, "2": 22449, "N": 17188, "n": 16958, "3": 10601, "1": 10258, "others": 7203, "[C@]": 6821, "[C@@]": 5775, "(": 3481}}}