{"0.20": {"activatedMoleculePct": 0.1035312607795476, "activatedTokens": {"n": 144814, "others": 171}}, "0.00": {"activatedMoleculePct": 0.11442670566772592, "activatedTokens": {"n": 150647, "N": 5020, "[nH]": 2291, "others": 1424, "o": 903, "C": 662}}}