{"0.20": {"activatedMoleculePct": 0.05994728412159366, "activatedTokens": {"C": 48919, "O": 17587, "(": 13824, "[C@H]": 9468, "2": 7823, ")": 4776, "3": 3524, "F": 3325, "1": 3233, "/": 2643, "S": 2572, "N": 2167, "=": 1520, "n": 1425, "others": 1128, "[S@@]": 742, "c": 736, "[nH]": 554, "-": 289, "#": 258}}, "0.00": {"activatedMoleculePct": 0.13292852889889142, "activatedTokens": {"C": 131167, "O": 51598, "(": 38247, "2": 20919, "[C@H]": 20043, ")": 14043, "1": 11005, "F": 9602, "3": 8609, "S": 6152, "=": 5577, "N": 5336, "/": 4714, "n": 3597, "others": 3207, "c": 1904, "[nH]": 1490, "[S@@]": 1023, "#": 773}}}