{"0.20": {"activatedMoleculePct": 0.45486376848955606, "activatedTokens": {")": 1623024, "others": 651}}, "0.00": {"activatedMoleculePct": 0.7453423199820131, "activatedTokens": {")": 3275299, "others": 6275}}}