{"0.20": {"activatedMoleculePct": 0.4384880107628862, "activatedTokens": {"1": 487034, "2": 222832, "3": 63475, "4": 10403, "others": 6193}}, "0.00": {"activatedMoleculePct": 0.6990112294048848, "activatedTokens": {"1": 896188, "2": 476603, "3": 150477, "4": 27588, "others": 16062, "C": 12562, "c": 9543, "O": 9203, "(": 6207, "n": 3820}}}