{"0.20": {"activatedMoleculePct": 0.3926014678127744, "activatedTokens": {"=": 675609, "others": 723}}, "0.00": {"activatedMoleculePct": 0.6487429262365858, "activatedTokens": {"=": 1235348, "others": 9941, "N": 3330, "C": 3138}}}