{"0.20": {"activatedMoleculePct": 0.34196990991136145, "activatedTokens": {"c": 409501, "C": 152171, "O": 147731, "1": 110900, "N": 95715, "2": 62758, "3": 37025, "=": 29968, "F": 22691, "o": 22327, "n": 19362, "s": 10674, "others": 9868, "Cl": 7446, ")": 4111, "4": 3139, "[nH]": 2378}}, "0.00": {"activatedMoleculePct": 0.568541993638648, "activatedTokens": {"c": 902468, "O": 410968, "C": 410572, "1": 250539, "N": 147219, "2": 147200, "=": 122000, "3": 84312, "F": 64833, "n": 52235, "o": 33088, "others": 27185, ")": 20994, "s": 17946, "Cl": 17474, "4": 8187, "(": 8003, "[C@H]": 7674}}}