{"0.20": {"activatedMoleculePct": 0.05196593315087595, "activatedTokens": {"C": 68204, "c": 58986, "2": 23105, "-": 22269, "3": 17973, "N": 7837, "[C@@H]": 6847, "[C@H]": 6435, "O": 6048, "n": 3171, "=": 2231, "others": 1983, "(": 1829, "4": 587}}, "0.00": {"activatedMoleculePct": 0.11567759091804578, "activatedTokens": {"c": 191325, "C": 175554, "2": 39204, "-": 39114, "(": 34167, "n": 31417, "3": 28940, "N": 17694, "O": 14761, "[C@H]": 12166, "[C@@H]": 9970, "=": 7637, "others": 5454, "S": 2704, "4": 2325, "Cl": 2133, "1": 1351}}}