{"0.20": {"activatedMoleculePct": 0.11393968067272434, "activatedTokens": {"C": 127610, "1": 66177, "2": 55822, "3": 27309, "[C@@H]": 19393, "[C@H]": 12890, "4": 6284, "others": 1699}}, "0.00": {"activatedMoleculePct": 0.14816691847933952, "activatedTokens": {"C": 210121, "1": 71319, "2": 60387, "3": 30095, "[C@@H]": 25834, "[C@H]": 23217, "c": 8318, "4": 7063, "others": 3344, "N": 1967}}}