{"0.20": {"activatedMoleculePct": 0.4857147879097693, "activatedTokens": {"1": 447055, "2": 412475, "3": 190579, "C": 94892, "4": 49088, "n": 37035, "=": 33599, "[C@H]": 14981, "O": 14915, "others": 11851, "c": 10336, "N": 9695, "Cl": 7763, "F": 7353, "[C@@H]": 5534, "5": 5328, "s": 4880, "#": 4073, "S": 2671}}, "0.00": {"activatedMoleculePct": 0.8392195003343261, "activatedTokens": {"1": 1305895, "2": 998058, "C": 820834, "3": 411007, "=": 394776, "O": 258625, "n": 180909, "c": 124407, "N": 106229, "4": 92925, "[C@H]": 67629, "others": 48164, "F": 48154, "[C@@H]": 43743, "Cl": 25736, "#": 16948, "S": 16037, "s": 15421, "[O-]": 10765, "5": 10606, "o": 10481}}}