{"0.20": {"activatedMoleculePct": 0.008567978069960226, "activatedTokens": {"C": 6213, "O": 2162, "1": 2055, ")": 1746, "=": 1726, "c": 1504, "[C@@H]": 724, "n": 665, "o": 285, "N": 189, "others": 173, "3": 125, "2": 112, "[C@]": 83, "/": 42}}, "0.00": {"activatedMoleculePct": 0.03007910311234605, "activatedTokens": {"C": 24095, ")": 12936, "O": 8770, "1": 7752, "=": 7330, "c": 5440, "[C@@H]": 2473, "n": 1887, "o": 975, "N": 765, "others": 596, "2": 509, "3": 448, "S": 242, "/": 219, "[C@]": 203}}}