{"0.20": {"activatedMoleculePct": 0.012567441976281516, "activatedTokens": {"C": 10071, "c": 7512, ")": 5509, "O": 5116, "n": 3693, "=": 1630, "others": 307, "N": 260, "S": 211, "s": 192, "(": 191, "[C@H]": 113, "[C@]": 100}}, "0.00": {"activatedMoleculePct": 0.02873813654716123, "activatedTokens": {"C": 33378, ")": 21695, "c": 18854, "O": 11990, "n": 10963, "=": 5614, "(": 1005, "others": 936, "N": 805, "[C@@H]": 637, "[C@H]": 621, "s": 580, "S": 349, "[C@]": 306, "7": 177}}}