{"0.20": {"activatedMoleculePct": 0.3410361401841028, "activatedTokens": {"c": 285840, "C": 196341, "N": 163394, "[C@@H]": 53785, "O": 43603, "=": 41410, "(": 34798, "n": 32077, "1": 27281, "[C@H]": 20807, "2": 18793, ")": 12894, "others": 8523, "3": 4794, "S": 3884}}, "0.00": {"activatedMoleculePct": 0.584982199785709, "activatedTokens": {"c": 638070, "C": 450913, "N": 317940, "=": 175819, "(": 127654, "O": 101131, "[C@@H]": 100118, "1": 86851, ")": 67526, "n": 67499, "2": 55721, "[C@H]": 48530, "others": 22204, "3": 17234, "S": 7495, "o": 6364}}}