{"0.20": {"activatedMoleculePct": 0.40354158717417843, "activatedTokens": {"O": 708012, "others": 2158}}, "0.00": {"activatedMoleculePct": 0.6150254168457918, "activatedTokens": {"O": 1212103, "others": 10816, "N": 7913, "n": 3926}}}