{"0.20": {"activatedMoleculePct": 0.05041111500893856, "activatedTokens": {"Br": 69053, "I": 2528, "others": 0}}, "0.00": {"activatedMoleculePct": 0.052309413936824437, "activatedTokens": {"Br": 69127, "I": 4554, "O": 414, "others": 370}}}