{"0.20": {"activatedMoleculePct": 0.23587682442126418, "activatedTokens": {"C": 393151, "c": 235512, "1": 171396, ")": 111972, "n": 94836, "2": 77748, "3": 41109, "F": 36535, "O": 31028, "N": 27422, "=": 18887, "[C@H]": 16575, "[C@@H]": 13265, "-": 11199, "others": 11065, "s": 9319, "S": 8695, "[nH]": 6649, "/": 6353, "o": 5614, "(": 2859}}, "0.00": {"activatedMoleculePct": 0.37013899620120505, "activatedTokens": {"C": 787779, "c": 511579, ")": 321484, "1": 317281, "n": 208465, "2": 154488, "O": 100397, "3": 81813, "F": 71191, "N": 68217, "=": 42934, "[C@H]": 38112, "[C@@H]": 33740, "-": 22330, "others": 21875, "s": 17022, "S": 15734, "(": 13740, "o": 13051, "[nH]": 12924, "/": 11137}}}