{"0.20": {"activatedMoleculePct": 0.11785565457990249, "activatedTokens": {"1": 69785, "2": 66194, "3": 33222, "4": 8078, "[C@@H]": 6030, "others": 1564, "5": 957}}, "0.00": {"activatedMoleculePct": 0.17856240474633323, "activatedTokens": {"1": 104678, "2": 104008, "3": 49311, "[C@@H]": 11539, "4": 11300, "C": 9882, "[C@H]": 5037, "=": 4159, "(": 3088, "others": 2829, "5": 2237, "N": 1889, "O": 1676, "n": 610, "/": 504}}}