{"0.20": {"activatedMoleculePct": 0.5187453357286663, "activatedTokens": {"1": 723811, "2": 387467, "O": 367325, "C": 326394, "3": 233250, "N": 111602, "(": 71756, "c": 71380, "=": 59912, "F": 41600, "4": 22398, "others": 20537, "[C@@H]": 10107, "S": 9451, "Cl": 9164}}, "0.00": {"activatedMoleculePct": 0.7033593006760492, "activatedTokens": {"1": 1287502, "C": 816496, "O": 780613, "2": 696562, "3": 373019, "N": 278192, "(": 253992, "c": 238785, "=": 188722, "F": 93554, "4": 40429, "others": 39615, ")": 35743, "[C@@H]": 26492, "S": 24439, "Cl": 22069}}}