{"0.20": {"activatedMoleculePct": 0.2293660692249272, "activatedTokens": {"c": 126936, "C": 105046, "N": 81324, "O": 65417, "Cl": 58387, "1": 56981, "(": 55567, "F": 43001, ")": 35751, "2": 13899, "#": 12054, "n": 11249, "[C@H]": 9494, "=": 7521, "S": 7227, "others": 6679, "[C@@H]": 5578, "s": 3168, "Br": 1798, "3": 1653, "[C@@]": 1625, ".": 1063}}, "0.00": {"activatedMoleculePct": 0.4479311690870222, "activatedTokens": {"c": 365374, "C": 306507, "(": 236267, "O": 216153, "N": 204344, ")": 188991, "1": 156324, "F": 101872, "Cl": 88972, "2": 48227, "=": 35303, "n": 34905, "[C@H]": 23236, "#": 22455, "S": 20669, "others": 19476, "[C@@H]": 17979, "s": 7485, "3": 7056, "Br": 4591, "o": 4293, "[C@@]": 3788}}}