{"0.20": {"activatedMoleculePct": 0.20962581100647193, "activatedTokens": {"[nH]": 100003, "o": 91077, "s": 84067, "n": 35619, "others": 2144}}, "0.00": {"activatedMoleculePct": 0.28338190156529103, "activatedTokens": {"o": 114490, "[nH]": 111904, "s": 101677, "n": 93395, "-": 5093, "O": 4978, "others": 4188, "c": 4178, "S": 3077, "N": 1685}}}