{"0.20": {"activatedMoleculePct": 0.017824382448644496, "activatedTokens": {"C": 45993, "c": 23441, "(": 10486, "2": 9639, "O": 9057, ")": 7555, "N": 5986, "1": 5244, "3": 4934, "=": 4272, "[C@@H]": 4001, "[C@H]": 2629, "n": 1984, "others": 1277, "Cl": 1018, "F": 870}}, "0.00": {"activatedMoleculePct": 0.08262433967832915, "activatedTokens": {"C": 159739, "c": 48843, "O": 46598, "=": 27190, "(": 24088, ")": 22234, "2": 22058, "N": 20630, "1": 19223, "[C@@H]": 13489, "3": 9604, "[C@H]": 7561, "n": 7473, "others": 4306, "Cl": 4288, "F": 1823}}}