{"0.20": {"activatedMoleculePct": 0.09304813930819016, "activatedTokens": {"c": 214933, "(": 167325, "C": 128375, ")": 125262, "1": 69948, "O": 58896, "2": 44450, "N": 38078, "F": 37227, "=": 29718, "3": 17434, "n": 16233, "Cl": 15063, "others": 9154, "[C@H]": 8773, "S": 5548, "-": 4916, "Br": 4867, "4": 3160, "[N+]": 3159}}, "0.00": {"activatedMoleculePct": 0.3374746325890761, "activatedTokens": {"C": 442897, "c": 432546, "(": 405045, ")": 251078, "1": 178080, "O": 174155, "2": 138177, "N": 133734, "=": 100726, "F": 65778, "3": 56101, "[C@H]": 44648, "n": 37189, "Cl": 22199, "others": 21420, "S": 13883, "-": 12567, "4": 10310, "[C@@H]": 7720, "Br": 6620, "[N+]": 5497}}}