{"0.20": {"activatedMoleculePct": 0.20226184660836527, "activatedTokens": {"c": 322631, "n": 62196, "o": 12674, "[nH]": 12185, "s": 11464, "others": 4131, "C": 2838, "(": 1745, "1": 1743, "Cl": 1642, "O": 1608, "=": 1319}}, "0.00": {"activatedMoleculePct": 0.3685966283222978, "activatedTokens": {"c": 605260, "n": 161992, "C": 39293, "o": 21182, "[nH]": 19799, "s": 16179, "1": 9918, "others": 9363, "Cl": 8636, "O": 8045, "=": 7602, "2": 7003, "F": 6158, "[C@H]": 5147, "(": 4216, "N": 2695, "-": 2508, "3": 2451, "[C@@H]": 2008}}}