{"0.20": {"activatedMoleculePct": 0.18528701151942278, "activatedTokens": {"N": 270651, "n": 5661, "2": 3937, "1": 3541, "others": 2804, "C": 2189, "3": 1634}}, "0.00": {"activatedMoleculePct": 0.3011733274353264, "activatedTokens": {"N": 405296, "C": 28022, "n": 20322, "2": 13595, "1": 12377, "O": 8503, "[C@@H]": 8481, "3": 5188, "=": 5171, "others": 5015, "#": 4754, "[C@H]": 2834, "c": 2161, ")": 1874, "4": 1432, "S": 1129, "Cl": 1073}}}