{"0.20": {"activatedMoleculePct": 0.24865006192174938, "activatedTokens": {"c": 358308, "C": 208973, "n": 43708, "N": 24533, "O": 15781, "[C@@H]": 15682, "1": 12718, "2": 8756, "others": 6783, ")": 6619, "S": 3459, "[C@H]": 2840, "o": 2767, "[nH]": 2492, "(": 2049, "3": 1844}}, "0.00": {"activatedMoleculePct": 0.42630140036164355, "activatedTokens": {"c": 753653, "C": 412880, "n": 91369, "N": 81649, "[C@@H]": 43731, "O": 40171, ")": 39951, "1": 27891, "2": 20380, "others": 13658, "(": 11812, "[C@H]": 11501, "S": 6621, "o": 6070, "[nH]": 4881, "3": 4346, "#": 4122}}}