{"0.20": {"activatedMoleculePct": 0.10174647895575982, "activatedTokens": {"n": 34565, "O": 29118, "C": 25513, "2": 19171, "[C@@H]": 15868, "c": 10925, "=": 9532, ")": 9153, "1": 8608, "Cl": 6900, "3": 6024, "(": 4031, "4": 3897, "N": 3520, "[nH]": 2695, "#": 2413, "[C@H]": 2339, ".": 1976, "s": 1936, "others": 1914, "F": 1897, "-": 1891, "o": 1511, "Br": 1044, "S": 963}}, "0.00": {"activatedMoleculePct": 0.22535561979240284, "activatedTokens": {"O": 88728, "n": 78967, "C": 69819, "2": 47930, "[C@@H]": 39068, "c": 38885, "=": 36253, ")": 31195, "1": 27168, "Cl": 16896, "3": 15995, "(": 12974, "N": 11045, "4": 8910, "F": 6596, "[C@H]": 5963, "[nH]": 5627, "-": 5598, "others": 5493, "#": 5455, "o": 3399, "s": 3393, ".": 3106, "Br": 1945, "S": 1897}}}