{"0.20": {"activatedMoleculePct": 0.9926887661276679, "activatedTokens": {"1": 2040335, "2": 1326667, "3": 499849, "4": 100653, "others": 17007}}, "0.00": {"activatedMoleculePct": 0.9927283140219989, "activatedTokens": {"1": 2040668, "2": 1330057, "3": 501615, "4": 101671, "others": 19171}}}