{"0.20": {"activatedMoleculePct": 0.11488443592618605, "activatedTokens": {"C": 234312, "F": 192793, "c": 7051, "N": 4817, "others": 4310}}, "0.00": {"activatedMoleculePct": 0.21178703019481732, "activatedTokens": {"C": 425251, "F": 258124, "c": 79863, "N": 21239, "Cl": 9546, "S": 7917, "others": 7903, "O": 6525, "1": 2926, "3": 2035}}}