{"0.20": {"activatedMoleculePct": 0.3332195721064307, "activatedTokens": {"C": 371773, "1": 314877, "2": 206816, "c": 126714, "3": 55987, "(": 17940, "N": 16018, "O": 11609, "=": 10239, "[C@@H]": 8855, "4": 8684, "others": 8587, "F": 7490, "[C@H]": 6042, "o": 3779, "n": 3236}}, "0.00": {"activatedMoleculePct": 0.5272810895884309, "activatedTokens": {"C": 674738, "1": 616777, "2": 389268, "c": 387537, "3": 110776, "(": 77468, "=": 46176, "N": 43229, "O": 27823, "others": 22107, "[C@@H]": 21276, "F": 20523, "4": 18246, "[C@H]": 17295, "n": 13355, "o": 9026, ")": 8485}}}