{"0.20": {"activatedMoleculePct": 0.029006915754929023, "activatedTokens": {"C": 21443, "O": 5832, "n": 5828, "c": 4333, "(": 3659, "1": 2639, "N": 2530, "[C@@H]": 1711, "=": 1541, "7": 1340, ")": 1182, "Cl": 1170, "5": 979, "[C@H]": 960, "[nH]": 846, "s": 542, "others": 532, "o": 417, "[N+]": 362, "F": 325, "S": 224, "9": 212, "[S@@]": 211}}, "0.00": {"activatedMoleculePct": 0.08115301153553488, "activatedTokens": {"C": 69353, "O": 22700, "c": 18381, "n": 15331, "(": 12981, "1": 9872, "N": 7091, "=": 5926, ")": 5654, "[C@@H]": 5566, "Cl": 3771, "[C@H]": 2871, "5": 2082, "[nH]": 2007, "others": 1621, "7": 1616, "F": 1335, "o": 1192, "s": 1173, "[N+]": 807, "S": 647, "Br": 568, "[S@@]": 349}}}