{"0.20": {"activatedMoleculePct": 0.5069205153237105, "activatedTokens": {")": 1801701, "others": 6221}}, "0.00": {"activatedMoleculePct": 0.7389758413631426, "activatedTokens": {")": 3193172, "others": 21255}}}