{"0.20": {"activatedMoleculePct": 0.14400413641679966, "activatedTokens": {"c": 121515, "C": 101696, "n": 46234, "N": 46218, "(": 21848, "1": 21547, "-": 20152, "2": 17194, "O": 13552, "s": 9304, ")": 8965, "F": 6405, "o": 4707, "=": 4451, "others": 3568, "3": 3563, "[nH]": 3431, "Br": 2698, "S": 1792, "[C@H]": 1552, "Cl": 1056}}, "0.00": {"activatedMoleculePct": 0.2718119453682458, "activatedTokens": {"c": 268870, "C": 229458, "N": 123565, "n": 113101, "(": 67907, "1": 49228, "-": 37693, "2": 37192, "O": 36164, ")": 35993, "s": 16359, "F": 13261, "o": 11869, "=": 10341, "others": 10020, "3": 9525, "[nH]": 7668, "[C@H]": 6484, "Br": 5045, "S": 4266, "[C@@H]": 2533}}}