{"0.20": {"activatedMoleculePct": 0.006545176511773189, "activatedTokens": {")": 11961, "(": 10527, "C": 7778, "O": 7675, "c": 7242, "=": 6693, "1": 1408, "n": 995, "others": 441, "[C@@]": 374, "F": 302, "3": 253, "2": 233, "4": 208, "s": 159}}, "0.00": {"activatedMoleculePct": 0.013734104859044713, "activatedTokens": {")": 32454, "(": 26534, "C": 19639, "c": 16865, "O": 15191, "=": 13125, "1": 5075, "n": 2285, "others": 1345, "3": 1198, "[C@@]": 1169, "2": 1104, "[C@H]": 1073, "[C@]": 710, "4": 695, "F": 667, "[C@@H]": 519, "#": 317}}}