{"0.20": {"activatedMoleculePct": 0.0009564731480783019, "activatedTokens": {"C": 537, "=": 383, "O": 279, "2": 212, "[C@H]": 203, "-": 100, ".": 57, "S": 39, "3": 36, "[C@]": 28, "(": 21, ")": 20, "others": 18, "1": 15, "I": 7, "N": 5, "[nH]": 5, "Br": 4, "o": 4, "%11": 3, "[O-2]": 3, "[K+]": 2, "F": 2, "n": 2}}, "0.00": {"activatedMoleculePct": 0.01866440901897054, "activatedTokens": {"C": 11967, "O": 9141, "=": 8663, "[C@H]": 5185, "2": 3162, "-": 1179, "(": 1039, "3": 811, "1": 809, ")": 725, "[C@]": 481, "others": 379, "n": 324, "F": 294, "[C@@H]": 242, "N": 138, ".": 107, "/": 84}}}