{"0.20": {"activatedMoleculePct": 0.30499482581715837, "activatedTokens": {"C": 738902, "c": 738737, "(": 122053, "1": 96761, "O": 81298, "2": 75617, "N": 73150, "=": 36245, "[C@@H]": 29505, "F": 27173, "Cl": 23935, "3": 19654, ")": 18944, "others": 16121, "n": 14355, "[C@H]": 14315, "s": 6497, "-": 6405, "S": 5845}}, "0.00": {"activatedMoleculePct": 0.50514964849978, "activatedTokens": {"c": 1444149, "C": 1346949, "(": 309775, "1": 218504, "N": 212746, "O": 164452, "2": 160639, "=": 95662, ")": 72484, "F": 57882, "[C@@H]": 57833, "3": 48603, "Cl": 43261, "n": 37701, "others": 36023, "[C@H]": 30774, "-": 16253, "S": 12390, "s": 11186}}}