{"0.20": {"activatedMoleculePct": 0.008203258600019189, "activatedTokens": {"C": 5437, "=": 2971, "O": 1402, "2": 1202, "n": 1150, "c": 868, "(": 658, "[C@H]": 575, "[C@]": 432, "3": 324, "[C@@H]": 276, "[nH]": 264, ")": 251, "S": 239, "1": 229, "N": 211, "others": 152, "s": 139, "-": 126, "#": 54, "F": 41}}, "0.00": {"activatedMoleculePct": 0.03716842935537665, "activatedTokens": {"C": 27606, "=": 15836, "O": 6855, "c": 6471, "2": 6419, "n": 4881, "(": 3761, "[C@H]": 2378, "3": 1782, "[nH]": 1675, "1": 1625, ")": 1521, "[C@@H]": 1477, "[C@]": 1453, "S": 1014, "N": 952, "others": 882, "-": 475, "s": 430, "F": 298, "#": 288, "o": 261}}}