{"0.20": {"activatedMoleculePct": 0.03281962571579858, "activatedTokens": {"=": 48573, "c": 9251, "1": 1223, "2": 706, "others": 544}}, "0.00": {"activatedMoleculePct": 0.04087128405421577, "activatedTokens": {"=": 55545, "c": 30183, "1": 6926, "C": 4366, "2": 3402, "N": 961, "3": 944, "-": 857, "others": 279}}}