{"0.20": {"activatedMoleculePct": 0.15893932547404377, "activatedTokens": {"C": 225895, "N": 23131, "others": 594}}, "0.00": {"activatedMoleculePct": 0.2659354212180312, "activatedTokens": {"C": 455685, "N": 30924, "others": 4737, "O": 2775, "c": 2188, "1": 1765}}}