{"0.20": {"activatedMoleculePct": 0.6687329220840569, "activatedTokens": {"C": 1434362, "c": 1124558, "1": 448695, "O": 332852, "n": 263028, "N": 239607, "2": 229731, "=": 152774, "[C@@H]": 115433, "3": 75536, "F": 58270, "s": 45193, "others": 44746, "S": 30451, "[C@H]": 22677, "4": 21787, "Cl": 16948, "/": 10832}}, "0.00": {"activatedMoleculePct": 0.8860815580112682, "activatedTokens": {"C": 3331408, "c": 2634412, "1": 965568, "O": 820544, "N": 546127, "n": 519622, "2": 514110, "=": 424876, "[C@@H]": 225447, "3": 174523, "F": 137983, "others": 89892, "s": 73459, "S": 63884, "[C@H]": 55416, "4": 45399, "Cl": 43631, "(": 24685, "o": 24264, "/": 19445}}}