{"0.20": {"activatedMoleculePct": 0.25280185845808617, "activatedTokens": {"1": 181119, "c": 131683, "2": 122314, "O": 112333, "C": 51048, "3": 41421, "n": 21631, "S": 11479, "others": 6645, "4": 6057, "N": 5960, "=": 3072, "(": 2904, "F": 2832, "s": 2655}}, "0.00": {"activatedMoleculePct": 0.4487594777627317, "activatedTokens": {"1": 394162, "c": 274462, "2": 250669, "O": 218040, "C": 153235, "3": 83071, "n": 50732, "S": 28970, "N": 15678, "(": 15382, "4": 12551, "others": 12136, "F": 8358, "=": 8310, "s": 6014, ")": 5422, "[nH]": 3914}}}