{"0.20": {"activatedMoleculePct": 0.20474823737232073, "activatedTokens": {"[C@H]": 139731, "[C@@H]": 104294, "c": 30502, "C": 15901, "1": 6570, "2": 3295, "[C@]": 2280, "others": 2034}}, "0.00": {"activatedMoleculePct": 0.38045806714793035, "activatedTokens": {"[C@H]": 190400, "c": 164738, "[C@@H]": 157294, "C": 68080, "1": 38961, "2": 13391, "others": 5668, "n": 4583, "N": 4330, "[C@]": 4216, "3": 3347, "[C@@]": 2123}}}