{"0.20": {"activatedMoleculePct": 0.998149305018994, "activatedTokens": {"(": 6222187, "others": 31}}, "0.00": {"activatedMoleculePct": 0.9981976413342873, "activatedTokens": {"(": 6223912, "others": 638}}}