{"0.20": {"activatedMoleculePct": 0.30822017631037185, "activatedTokens": {"C": 604939, "(": 96449, "c": 63518, "O": 56442, "N": 31263, "1": 23383, "F": 18857, ")": 18154, "n": 17695, "[C@H]": 16945, "2": 15948, "Cl": 12806, "[C@@H]": 10697, "others": 9324, "S": 7498, "3": 6866, "s": 5913, "o": 4373, "[N+]": 2202}}, "0.00": {"activatedMoleculePct": 0.490481041545063, "activatedTokens": {"C": 1073055, "(": 248953, "c": 176042, "O": 128468, ")": 72362, "1": 58007, "N": 55930, "F": 51739, "n": 44607, "2": 43161, "[C@H]": 35901, "Cl": 32175, "[C@@H]": 27461, "S": 20981, "others": 18389, "3": 16442, "s": 14841, "o": 11778, "[N+]": 6729, "-": 5337, "=": 5194}}}