{"0.20": {"activatedMoleculePct": 0.014553625113791742, "activatedTokens": {"c": 59030, "C": 45085, "1": 35031, "2": 25824, "N": 22961, "[C@H]": 15194, "[C@@H]": 14901, "n": 11426, "(": 11105, "3": 7268, "others": 1723, "O": 930}}, "0.00": {"activatedMoleculePct": 0.03709006593512827, "activatedTokens": {"C": 86342, "c": 68829, "1": 56890, "2": 42103, "N": 33349, "[C@H]": 23782, "[C@@H]": 21390, "(": 14974, "3": 13008, "n": 12520, "O": 7433, "=": 5970, ")": 5105, "others": 2809, "4": 2159}}}