{"0.20": {"activatedMoleculePct": 0.4457347962148271, "activatedTokens": {")": 1369478, "others": 4664}}, "0.00": {"activatedMoleculePct": 0.7104486269190798, "activatedTokens": {")": 2752838, "others": 25402}}}