{"0.20": {"activatedMoleculePct": 0.03661768830839741, "activatedTokens": {"O": 13231, "C": 13083, "[C@H]": 8710, "n": 8042, "=": 5798, "N": 3582, "S": 3512, "2": 3158, "F": 2531, "/": 1725, "1": 1321, "[nH]": 1235, "others": 545, "3": 430, "s": 397, ")": 385, "c": 276, "\\": 257, "-": 187, ".": 145}}, "0.00": {"activatedMoleculePct": 0.08775238330990975, "activatedTokens": {"C": 42453, "O": 35226, "n": 21146, "=": 19371, "[C@H]": 18534, "N": 9418, "S": 8659, "2": 7617, "F": 7095, "/": 3432, "1": 3320, "[nH]": 2946, "others": 1642, ")": 1555, "3": 1343, "s": 954, "c": 849, "-": 617, "[O-]": 598, "\\": 532}}}