{"0.20": {"activatedMoleculePct": 0.2524408008302128, "activatedTokens": {"=": 446020, "others": 415}}, "0.00": {"activatedMoleculePct": 0.560292595828576, "activatedTokens": {"=": 1167765, "others": 4708}}}