{"0.20": {"activatedMoleculePct": 0.04400875033780493, "activatedTokens": {"C": 33528, "1": 11747, "=": 10958, "c": 8423, "O": 8261, ")": 8121, "2": 7422, "n": 2609, "F": 2333, "[C@H]": 1906, "[nH]": 1725, "/": 1631, "s": 1473, "(": 1310, "others": 895, "3": 892, "N": 609, "o": 512, "Cl": 356}}, "0.00": {"activatedMoleculePct": 0.10017042212982988, "activatedTokens": {"C": 102786, "=": 32248, "1": 31916, ")": 27713, "O": 24824, "c": 22738, "2": 19144, "n": 5949, "(": 5149, "F": 4711, "[C@H]": 4690, "[nH]": 3503, "/": 3161, "s": 2972, "others": 2844, "3": 2459, "N": 1527, "o": 1321, "#": 1015}}}