{"0.20": {"activatedMoleculePct": 0.7913482389835312, "activatedTokens": {"C": 2082456, "c": 1550885, "1": 530557, "2": 445187, "O": 422686, "N": 397074, "=": 314972, "n": 281209, "3": 173217, "[C@@H]": 134680, "[C@H]": 105462, "F": 99754, "others": 58116, "Cl": 46804, "4": 33073, "o": 30464, "S": 27364, "[nH]": 25252, "[O-]": 21941, "#": 18702, "s": 16732, "[C@]": 16726, "-": 16621}}, "0.00": {"activatedMoleculePct": 0.941218646392756, "activatedTokens": {"C": 4402658, "c": 3358066, "1": 1182299, "O": 1042573, "2": 889596, "N": 805717, "=": 778602, "n": 565183, "3": 337287, "[C@@H]": 264919, "F": 212297, "[C@H]": 210944, "others": 132956, "Cl": 90925, "o": 64827, "S": 64657, "4": 62259, "[nH]": 46758, "-": 35639, "#": 35159, "s": 32561, "[O-]": 28764, "Br": 26441}}}