{"0.20": {"activatedMoleculePct": 0.3519257261249728, "activatedTokens": {"C": 651871, "c": 139598, "O": 136763, "n": 49567, "=": 27224, "2": 17054, "3": 12767, "1": 11896, "others": 9341, "[C@@H]": 5779, "o": 5279, ")": 5251, "[C@H]": 5093, "N": 3962, "s": 2008}}, "0.00": {"activatedMoleculePct": 0.5612754342395416, "activatedTokens": {"C": 1139242, "O": 396725, "c": 351186, "=": 127006, "n": 123027, "2": 50367, "1": 43289, "3": 33273, ")": 32390, "others": 22548, "[C@@H]": 17096, "N": 16246, "[C@H]": 11665, "o": 9229, "F": 5527, "4": 4318}}}