{"0.20": {"activatedMoleculePct": 0.010779730678839606, "activatedTokens": {"c": 3592, "(": 2600, "N": 2446, "2": 1853, ")": 1525, "=": 1439, "[nH]": 1420, "C": 1100, "3": 913, "#": 893, "O": 883, "4": 489, "1": 423, "/": 420, "s": 376, "[C@]": 370, "F": 296, "n": 261, "o": 232, "others": 220, "[N+]": 213, ".": 210, "Br": 195, "[Si]": 183, "Cl": 103, "[C@@H]": 99, "\\": 48, "P": 48, "[C@H]": 34, "[Cl+3]": 30, "5": 25, "[S@@]": 22, "%10": 21, "6": 21, "-": 20, "%12": 20, "[O-]": 19}}, "0.00": {"activatedMoleculePct": 0.03682568093784169, "activatedTokens": {"c": 17887, "(": 11275, "N": 8261, ")": 6419, "C": 6240, "=": 6149, "2": 5850, "O": 4219, "[nH]": 4114, "3": 2794, "#": 2734, "1": 2228, "s": 1572, "4": 1456, "F": 1305, "/": 1288, "[C@]": 1274, "n": 1201, "o": 1184, "others": 875, "[N+]": 864, ".": 525, "Br": 511, "[C@@H]": 487, "Cl": 362, "[Si]": 338, "\\": 182, "P": 149, "[C@H]": 137}}}