{"0.20": {"activatedMoleculePct": 0.7789258059531299, "activatedTokens": {"C": 1748369, "c": 1470694, "1": 500327, "2": 345593, "[C@H]": 298028, "N": 246333, "n": 187092, "O": 170021, "[C@@H]": 122714, "3": 102038, "others": 54212, "o": 52138, "s": 42535, "S": 41061, "[nH]": 37329, "F": 28803, "=": 24616, "[C@@]": 23188, "4": 19699, "-": 18808}}, "0.00": {"activatedMoleculePct": 0.9417781758606977, "activatedTokens": {"C": 3548466, "c": 3262164, "1": 1124454, "2": 733222, "N": 535303, "[C@H]": 449856, "n": 407017, "O": 339627, "[C@@H]": 240540, "3": 224863, "others": 89044, "o": 82686, "S": 81297, "s": 66096, "[nH]": 61554, "F": 60164, "=": 57457, "-": 44875, "4": 43076, "[C@@]": 31333, "Br": 30915}}}