{"0.20": {"activatedMoleculePct": 0.39543719830998664, "activatedTokens": {"2": 623090, "3": 568818, "4": 99309, "5": 18922, "C": 15907, "others": 11125, "1": 5076, "c": 2664}}, "0.00": {"activatedMoleculePct": 0.5740288977928613, "activatedTokens": {"2": 1209559, "3": 793982, "C": 196200, "4": 141133, "1": 58669, "c": 53950, "5": 22546, "(": 22099, "=": 20503, "others": 19938, "[C@H]": 10119, "N": 9908, ")": 8781, "[C@@H]": 8398, "n": 7145}}}