{"0.20": {"activatedMoleculePct": 0.24677446641468312, "activatedTokens": {")": 604919, "others": 548}}, "0.00": {"activatedMoleculePct": 0.6051765264205567, "activatedTokens": {")": 2089631, "others": 5096}}}