{"0.20": {"activatedMoleculePct": 0.38456225973738734, "activatedTokens": {")": 1263181, "others": 1467}}, "0.00": {"activatedMoleculePct": 0.6465179909962627, "activatedTokens": {")": 2598003, "others": 9429}}}