{"0.20": {"activatedMoleculePct": 0.5280383585280274, "activatedTokens": {"1": 515355, "2": 350168, "3": 166115, "4": 35255, "others": 8943, "C": 8207, "5": 6619, "O": 5199, "n": 3860, "=": 3180}}, "0.00": {"activatedMoleculePct": 0.7217527333820114, "activatedTokens": {"1": 876209, "2": 568902, "3": 253381, "C": 72869, "4": 52319, "O": 47803, "F": 18939, "=": 17552, "n": 16706, "others": 16668, "c": 10732, "5": 9988, "Cl": 9830, "[C@H]": 6373}}}