{"0.20": {"activatedMoleculePct": 0.057679871513285526, "activatedTokens": {"n": 78291, "1": 2416, "2": 1635, "others": 751}}, "0.00": {"activatedMoleculePct": 0.07457121660308488, "activatedTokens": {"n": 117730, "c": 19062, "1": 13728, "2": 12398, "o": 5468, "N": 1608, "others": 1197, "s": 753}}}