{"0.20": {"activatedMoleculePct": 0.02955179785459997, "activatedTokens": {"C": 95322, "(": 40898, "c": 39479, "1": 36363, ")": 29139, "2": 22982, "O": 20799, "=": 17484, "N": 8395, "3": 8003, "F": 3942, "4": 3840, "others": 2939, "S": 2845, "Cl": 2015, "#": 1593, "s": 1300, "n": 961, "5": 897, ".": 847, "Br": 670}}, "0.00": {"activatedMoleculePct": 0.12414669925217861, "activatedTokens": {"C": 272295, "c": 190915, "1": 92472, "(": 87184, ")": 66477, "O": 65398, "2": 59082, "=": 47258, "N": 32384, "3": 22946, "F": 13298, "4": 10489, "n": 8946, "others": 8421, "Cl": 7742, "[C@@H]": 6764, "S": 6014, "s": 5241, "#": 4301, "o": 3656, "5": 2734, ".": 1893}}}