{"0.20": {"activatedMoleculePct": 0.59730722781711, "activatedTokens": {"c": 1302790, "C": 529161, "n": 355437, "1": 216874, "2": 149389, "N": 90698, "3": 86235, "O": 76785, "F": 53305, "[nH]": 44390, "o": 33070, "[C@@H]": 32073, "s": 29951, "[C@H]": 26985, "others": 26217, "=": 23839, "Cl": 22411, "4": 21583, "-": 16704, "Br": 7152, "S": 6351}}, "0.00": {"activatedMoleculePct": 0.8679634958287957, "activatedTokens": {"c": 3046214, "C": 1821014, "n": 646128, "1": 630650, "2": 382145, "N": 353834, "O": 273121, "3": 195100, "F": 145352, "[C@@H]": 113931, "[C@H]": 94322, "others": 72098, "[nH]": 68357, "o": 66581, "=": 61143, "s": 58068, "Cl": 54507, "4": 45380, "-": 36606, "(": 24256, "S": 23068, "Br": 16975}}}