{"0.20": {"activatedMoleculePct": 0.6809275885378484, "activatedTokens": {"C": 1500788, "c": 1056253, "1": 489487, "2": 424146, "O": 397796, "N": 391065, "=": 228268, "n": 210897, "3": 131558, "F": 131025, "[C@@H]": 87204, "[C@H]": 67219, "Cl": 54151, "others": 45976, "4": 41634, "s": 25294, "#": 25011, "/": 24444, "S": 23658, "[C@@]": 11472, "[nH]": 11017}}, "0.00": {"activatedMoleculePct": 0.8835622106687037, "activatedTokens": {"C": 3482868, "c": 2677164, "1": 1067725, "O": 941602, "2": 823221, "N": 762866, "=": 553604, "n": 457723, "3": 264741, "F": 239679, "[C@@H]": 205988, "[C@H]": 148851, "others": 108408, "Cl": 91911, "4": 73673, "S": 54874, "s": 44952, "#": 42335, "/": 33179, "[nH]": 26275, "o": 25118, "[C@@]": 20340}}}