{"0.20": {"activatedMoleculePct": 0.5223471235864374, "activatedTokens": {"(": 2099819, "others": 805}}, "0.00": {"activatedMoleculePct": 0.7771783749184324, "activatedTokens": {"(": 3667344, "others": 7820}}}