{"0.20": {"activatedMoleculePct": 0.7403710031909292, "activatedTokens": {"c": 1412766, "C": 1375449, "1": 433087, "O": 432692, "2": 333062, "N": 331838, "=": 254387, "n": 216627, "3": 128727, "F": 125067, "[C@H]": 81493, "[C@@H]": 81017, "S": 67845, "Cl": 57164, "-": 46517, "[nH]": 45368, "others": 44441, "s": 40546, "[C@@]": 32894, "o": 26775, "4": 25878, "#": 19775}}, "0.00": {"activatedMoleculePct": 0.9227241468457259, "activatedTokens": {"C": 3230759, "c": 3162326, "1": 1010970, "O": 982294, "2": 723590, "N": 705399, "=": 633856, "n": 498329, "3": 274841, "F": 232700, "[C@@H]": 183119, "[C@H]": 176384, "S": 108889, "others": 103317, "Cl": 102622, "-": 84371, "[nH]": 74442, "s": 69211, "o": 53864, "4": 53188, "[C@@]": 39648, "#": 33667}}}