{"0.20": {"activatedMoleculePct": 0.30556241133764894, "activatedTokens": {"c": 420470, "n": 95919, "C": 83098, "-": 55066, "2": 27267, "1": 21867, "[nH]": 20192, "s": 19547, "3": 17053, "N": 16440, "O": 15355, "F": 10331, "Cl": 8937, "others": 5392, "o": 5383, "4": 5209, "[C@@H]": 4573, "S": 4090, "=": 3965, "[C@H]": 3333}}, "0.00": {"activatedMoleculePct": 0.47447879170929663, "activatedTokens": {"c": 785511, "n": 202876, "C": 188410, "1": 85510, "2": 84518, "-": 79691, "3": 48423, "N": 43937, "[nH]": 36684, "O": 34119, "F": 29867, "s": 27196, "(": 22180, "Cl": 14864, "[C@@H]": 14668, "4": 13731, "others": 13347, "=": 13020, "S": 13018, "[C@H]": 11471, "o": 9051, "Br": 4718}}}