{"0.20": {"activatedMoleculePct": 0.21814545276113878, "activatedTokens": {"C": 383485, "c": 4577, "others": 1047}}, "0.00": {"activatedMoleculePct": 0.3852895015720288, "activatedTokens": {"C": 737349, "c": 39269, "others": 7581, "1": 5200, "2": 4127, "s": 2625}}}