{"0.20": {"activatedMoleculePct": 0.36585244387677757, "activatedTokens": {"N": 340868, "C": 100020, "O": 60154, "[C@H]": 54427, "[C@@H]": 52497, "c": 20452, "=": 18878, "F": 17213, "Cl": 14849, "n": 12596, "S": 8264, "2": 7884, "1": 7855, "others": 6940, "[C@@]": 5620, "#": 4349, "[N+]": 4132, "o": 4042, "3": 3817, "Br": 3708, "[nH]": 2770, "s": 1906, "-": 1659, "4": 1230}}, "0.00": {"activatedMoleculePct": 0.7438739213128729, "activatedTokens": {"N": 733756, "C": 681351, "c": 241957, "O": 206330, "[C@@H]": 159445, "[C@H]": 147664, "F": 91863, "=": 88895, "n": 86569, "1": 58880, "2": 49902, "Cl": 49480, "S": 30593, "3": 27499, "(": 21777, "others": 21150, "o": 19962, "Br": 15292, "-": 14420, "[C@@]": 14124, "#": 13179, "[N+]": 11002, "s": 10527, "[nH]": 9779, ")": 7634, "4": 7094}}}