{"0.20": {"activatedMoleculePct": 0.0065590915116303765, "activatedTokens": {"C": 4444, "O": 3783, "c": 3169, "=": 2637, ")": 2616, "n": 1611, "1": 1224, "(": 1067, "[C@H]": 476, "F": 466, "2": 442, "3": 368, "#": 235, "others": 150, "S": 147, "-": 126, "4": 124, "N": 86}}, "0.00": {"activatedMoleculePct": 0.020373756896164073, "activatedTokens": {"C": 12142, "c": 11293, "O": 10662, ")": 10239, "=": 7126, "n": 5490, "(": 4059, "1": 3788, "F": 2335, "[C@H]": 2240, "2": 1520, "3": 1492, "#": 1031, "S": 607, "others": 599, "4": 416, "N": 406, "/": 287, "Cl": 270}}}