{"0.20": {"activatedMoleculePct": 0.004991090738249332, "activatedTokens": {"C": 6793, "O": 1795, "=": 1775, ")": 1078, "c": 893, "[C@H]": 727, "S": 250, "(": 134, "others": 128, "1": 87, "4": 75, "n": 53, "P": 51}}, "0.00": {"activatedMoleculePct": 0.013212658548606926, "activatedTokens": {"C": 20412, "O": 6891, "=": 6283, ")": 4138, "c": 3351, "[C@H]": 2006, "S": 806, "(": 504, "others": 445, "1": 435, "n": 327, "4": 282, "2": 101, "[C@@H]": 99}}}