{"0.20": {"activatedMoleculePct": 0.2272334124047097, "activatedTokens": {"(": 770334, "others": 373}}, "0.00": {"activatedMoleculePct": 0.5447795680930518, "activatedTokens": {"(": 1991736, "others": 6006}}}