{"0.20": {"activatedMoleculePct": 0.3623568494389692, "activatedTokens": {"c": 678279, "C": 494846, "1": 430623, "2": 223348, "N": 168385, "(": 163852, "n": 77719, "O": 50844, "3": 40325, "others": 23987, "[C@H]": 13621, "[nH]": 9052, ")": 7209, "o": 6412, "F": 6307, "[C@@H]": 4198, "S": 3917}}, "0.00": {"activatedMoleculePct": 0.5424001031174727, "activatedTokens": {"c": 1296014, "C": 920666, "1": 733531, "(": 419873, "2": 397589, "N": 310679, "n": 152135, "O": 115155, "3": 85785, ")": 50718, "others": 46210, "[C@H]": 34414, "F": 21328, "[nH]": 17295, "[C@@H]": 13688, "o": 12262, "S": 11054, "Cl": 10878, "4": 9725}}}