{"0.20": {"activatedMoleculePct": 0.02473501079877226, "activatedTokens": {".": 3283, "C": 2781, "1": 2494, "4": 2402, "2": 1918, "S": 1890, "I": 1654, "#": 1522, "[S@@]": 1340, "P": 1252, "/": 1217, "N": 1185, "(": 1017, "s": 967, ")": 816, "=": 795, "-": 675, "[C@H]": 658, "6": 629, "F": 629, "[n+]": 556, "[nH]": 553, "c": 474, "8": 446, "3": 413, "[O-]": 412, "others": 401, "5": 393, "Cl": 384, "[C@]": 319, "[c-]": 294, "[C-]": 290, "[NH+]": 281, "B": 274, "[Si]": 274, "[N+]": 270, "n": 247, "[CH]": 247, "9": 198, "7": 195, "Br": 178, "[NH2+]": 175, "[P+]": 160, "[B]": 158, "[I-]": 152, "%10": 147, "[C]": 119, "[nH+]": 105, "%11": 97, "[cH-]": 92, "[CH2-]": 91, "[N-]": 79, "[CH-]": 77, "[K+]": 75, "[S@]": 67, "[HH]": 66, "[Se]": 63, "[CH3-]": 62, "[S+]": 61, "[NH3+]": 59, "%12": 58, "[B-]": 57, "[SiH2]": 56, "[SiH]": 55, "[Br-]": 54, "[Y]": 52, "[Cl-]": 51, "[S-]": 50, "%13": 48, "[W]": 48, "\\": 47, "[U+2]": 47, "[V]": 45, "[C@@]": 44, "[NH-]": 44, "[Li+]": 43, "[Sn]": 41, "[NH4+]": 40, "[Zn+2]": 37, "O": 36, "[C@@H]": 36, "[CH2]": 34, "[Na]": 33, "[Al]": 33, "[OH-]": 33, "[PH+]": 32, "[Na+]": 31, "[n-]": 27, "%14": 27, "[C+]": 26, "[H+]": 26, "[Pt+2]": 25, "[Fe+2]": 25, "[Pt]": 25, "[U]": 24, "[Ge]": 23, "[Fe]": 23, "[Ir]": 23, "[Zr+2]": 23, "[Zr]": 22, "[As]": 21, "[Cu+2]": 21, "[SiH3]": 20, "[Cl+3]": 20, "[Ti]": 20, "[OH2+]": 20, "[Ni+2]": 20, "%15": 20, "[o+]": 19, "[Mg+2]": 18, "[F-]": 17, "[NH2-]": 17, "[Re]": 16, "[Ni]": 16, "[O-2]": 16, "[O+]": 16, "[Ca+2]": 16, "[Mn]": 15, "[Zn]": 15, "%16": 15, "[P-]": 15, "[Co+2]": 14, "[Pd+2]": 14, "[P@]": 14, "[Ag+]": 14, "%17": 14, "[Rh]": 14, "[c]": 14, "[Cr]": 13, "p": 13, "[CH+]": 13, "[K]": 13, "[Co]": 13, "[Ac]": 13, "[Li]": 12, "[Mo]": 12, "%18": 12, "[OH+]": 12, "[s+]": 10, "[Cu+]": 10, "[Ti+4]": 10, "[Hg]": 10, "[Cu]": 10, "[Ba+2]": 10, "[Rb+]": 10, "[I+]": 10, "[Ru]": 10, "[se]": 10, "[Cs+]": 9, "[Fe+3]": 9, "[Tl]": 9, "[Sn+2]": 9, "[Ir+3]": 9, "[N]": 8, "[Zr+4]": 8, "[O]": 8}}, "0.00": {"activatedMoleculePct": 0.09424556166432187, "activatedTokens": {"C": 22163, "1": 18679, "2": 10218, "S": 8663, "(": 8403, "4": 7357, ")": 6639, "N": 6140, "c": 6096, ".": 5180, "s": 4575, "/": 3754, "#": 3564, "=": 3435, "-": 3163, "n": 2961, "I": 2565, "[O-]": 2552, "[C@H]": 2431, "F": 2356, "3": 2126, "[nH]": 1974, "[S@@]": 1857, "O": 1786, "P": 1640, "others": 1534, "6": 1450, "5": 1258, "[C@]": 867, "[n+]": 707, "Cl": 701, "8": 627, "[N+]": 530, "7": 452, "[Si]": 383, "Br": 378, "[NH+]": 369, "B": 339, "[C-]": 339, "[c-]": 304, "[CH]": 259, "9": 249, "[NH2+]": 201, "[P+]": 185, "[C@@H]": 181, "[S@]": 171, "[I-]": 166, "[B]": 165, "%10": 155, "[C@@]": 139, "[C]": 127, "[nH+]": 116, "[N-]": 106, "[CH2-]": 104, "%11": 99, "[cH-]": 99, "[Cl-]": 89, "[K+]": 86, "[Br-]": 81, "[B-]": 78, "[HH]": 78, "[CH-]": 78, "[S+]": 72, "[Se]": 70, "[SiH]": 66, "[S-]": 66, "[NH3+]": 66, "[CH3-]": 64, "[SiH2]": 58, "%12": 58, "[Y]": 53, "[NH-]": 51, "\\": 50, "[W]": 50, "[Sn]": 49, "[Na+]": 49, "%13": 48, "[U+2]": 48, "[V]": 45, "[Li+]": 45, "[Zn+2]": 42, "[NH4+]": 41, "[Al]": 37, "o": 36, "[OH-]": 35, "[CH2]": 35, "[Na]": 34, "[PH+]": 33, "[n-]": 32, "[C+]": 29, "[Pt+2]": 28, "[Cl+3]": 28}}}