{"0.20": {"activatedMoleculePct": 0.3383564041589737, "activatedTokens": {"C": 394380, "O": 201494, "N": 179027, "1": 136776, "2": 121824, "c": 110028, "(": 82306, "F": 46528, "3": 40035, ")": 24523, "=": 13180, "others": 11728, "n": 6043, "4": 5983, "Cl": 4548}}, "0.00": {"activatedMoleculePct": 0.5851850658362585, "activatedTokens": {"C": 1010393, "O": 505094, "N": 417390, "1": 330720, "(": 271825, "2": 269813, "c": 255313, ")": 109828, "F": 90523, "3": 87695, "=": 56890, "others": 32803, "n": 19598, "4": 13894, "-": 11179}}}