{"0.20": {"activatedMoleculePct": 0.49120242443239615, "activatedTokens": {")": 1645071, "others": 3835}}, "0.00": {"activatedMoleculePct": 0.7447066241990636, "activatedTokens": {")": 3096564, "others": 21661}}}