{"0.20": {"activatedMoleculePct": 0.5098309473991034, "activatedTokens": {"(": 1647825, "others": 9028}}, "0.00": {"activatedMoleculePct": 0.7489455725766112, "activatedTokens": {"(": 2993454, "others": 25862, "C": 6405}}}