{"0.20": {"activatedMoleculePct": 0.17083518561511257, "activatedTokens": {"N": 250542, "others": 2052, "C": 1732, "S": 1629, "2": 534, "1": 527}}, "0.00": {"activatedMoleculePct": 0.33989730730105394, "activatedTokens": {"N": 504741, "C": 9701, "O": 9618, "S": 7493, "others": 4721, "1": 4707, "n": 4370, "2": 3359, "\\": 3307, "=": 1879, "3": 1318, "[nH]": 1178}}}