{"0.20": {"activatedMoleculePct": 0.045989806896420404, "activatedTokens": {"C": 138416, "O": 8735, "2": 6543, "3": 2062, "others": 1571, "1": 936, "N": 627}}, "0.00": {"activatedMoleculePct": 0.10315189394133582, "activatedTokens": {"C": 265930, "O": 29520, "2": 17739, "3": 5691, "1": 5287, "[C@@H]": 3220, "c": 3012, "others": 2960, "N": 2916, "[C@H]": 2772, "S": 1568, "n": 1307}}}