{"0.20": {"activatedMoleculePct": 0.15689089102138296, "activatedTokens": {"(": 237027, "others": 11}}, "0.00": {"activatedMoleculePct": 0.3611704126090405, "activatedTokens": {"(": 592904, "others": 773}}}