{"0.20": {"activatedMoleculePct": 0.995227887417398, "activatedTokens": {"(": 6174079, "others": 10}}, "0.00": {"activatedMoleculePct": 0.9975626779197515, "activatedTokens": {"(": 6215285, "others": 1362}}}