{"0.20": {"activatedMoleculePct": 0.008327761230320346, "activatedTokens": {"C": 5432, "O": 2273, "2": 1138, ")": 910, "[C@H]": 878, "c": 720, "=": 669, "N": 647, "[C@]": 457, "1": 373, "s": 366, "n": 347, "4": 338, "Cl": 291, "F": 253, "others": 134, "[nH]": 131, "3": 124, "[O-]": 88}}, "0.00": {"activatedMoleculePct": 0.02333984897098576, "activatedTokens": {"C": 19238, "O": 8245, "2": 3548, ")": 3459, "c": 2719, "N": 2622, "=": 2556, "[C@H]": 2472, "1": 1259, "n": 994, "4": 854, "F": 838, "s": 779, "[C@]": 673, "Cl": 617, "others": 495, "[O-]": 432, "3": 383, "[nH]": 302}}}