{"0.20": {"activatedMoleculePct": 0.7798134364703357, "activatedTokens": {")": 4183980, "others": 195}}, "0.00": {"activatedMoleculePct": 0.9050059578170441, "activatedTokens": {")": 5183633, "others": 2314}}}