{"0.20": {"activatedMoleculePct": 0.3479079530083131, "activatedTokens": {"c": 273141, "n": 115820, "C": 115462, "O": 28396, "o": 26820, "s": 21374, "N": 11549, "F": 11477, "2": 9988, "[nH]": 9569, "others": 6423, "Cl": 5986, "=": 5543, "Br": 2271}}, "0.00": {"activatedMoleculePct": 0.4830621495159411, "activatedTokens": {"c": 419041, "C": 257250, "n": 142444, "O": 42768, "o": 28795, "s": 23990, "2": 23493, "1": 19421, "N": 19068, "=": 15444, "F": 14895, "[nH]": 10444, "Cl": 8418, "others": 7030, "[C@H]": 3951, "[C@@H]": 3648, "Br": 3607}}}