{"0.20": {"activatedMoleculePct": 0.8654097271707949, "activatedTokens": {"C": 1168214, "others": 11716, "c": 4138, "O": 3450}}, "0.00": {"activatedMoleculePct": 0.8794572857108331, "activatedTokens": {"C": 1202229, "others": 9979, "c": 9656, "O": 7515, "N": 6752, "F": 5578, "Cl": 4252}}}