{"0.20": {"activatedMoleculePct": 0.05407954839234148, "activatedTokens": {"c": 130939, "C": 87110, "(": 62818, ")": 60161, "1": 47346, "2": 37886, "n": 34174, "O": 26050, "=": 24898, "N": 11966, "3": 10262, "-": 6919, "others": 5422, "F": 2996, "o": 1697, "[C@@H]": 1676, "4": 1570, "#": 1372}}, "0.00": {"activatedMoleculePct": 0.23746313440498362, "activatedTokens": {"C": 316374, "c": 287481, ")": 152022, "(": 150295, "1": 131492, "2": 120896, "O": 113176, "=": 109026, "n": 77504, "N": 46848, "3": 32789, "-": 14048, "others": 12888, "[C@@H]": 11481, "F": 10367, "#": 8336, "[C@H]": 6886, "o": 5608, "4": 4342}}}