{"0.20": {"activatedMoleculePct": 0.3581823494818127, "activatedTokens": {"N": 454821, "-": 25269, "O": 7205, "others": 4580, "C": 4147, "c": 3921, "[C@@H]": 2553, "[C@H]": 2002}}, "0.00": {"activatedMoleculePct": 0.5368934250160938, "activatedTokens": {"N": 643717, "-": 46689, "C": 45662, "c": 36446, "O": 19067, "[C@@H]": 12895, "[C@H]": 11811, "others": 7611, "=": 4881, "n": 4419, "[nH]": 4221, "s": 3935, "1": 2456, "(": 2229, ")": 2165, "3": 1936, "Cl": 1838, "o": 1809}}}