{"0.20": {"activatedMoleculePct": 0.0758616497477357, "activatedTokens": {"C": 25157, "1": 23096, "O": 14890, "[C@H]": 14029, "n": 13698, "c": 13201, "(": 11941, ")": 9674, "=": 8215, "2": 5343, "N": 3587, "[nH]": 3042, "/": 3013, "o": 2594, "S": 2100, "s": 1811, "others": 1578, "3": 677, "-": 638, "[O-]": 522, "F": 480, "#": 388}}, "0.00": {"activatedMoleculePct": 0.15226012554259344, "activatedTokens": {"C": 66393, "1": 52728, "O": 36764, "n": 31962, "c": 31539, "(": 31444, ")": 28933, "[C@H]": 27622, "=": 25981, "2": 12603, "N": 8577, "[nH]": 6128, "/": 5839, "o": 4852, "S": 4040, "others": 3380, "s": 3195, "-": 1881, "[O-]": 1449, "3": 1435, "F": 1356, "[C@@H]": 1054}}}