{"0.20": {"activatedMoleculePct": 0.12598787344380866, "activatedTokens": {"[C@H]": 51468, "N": 48275, "[C@@H]": 41123, "C": 20769, "[C@]": 6295, "[C@@]": 5429, "O": 4862, "2": 4280, "c": 3007, "3": 2215, "others": 1270, "=": 1186, "S": 881, "n": 845}}, "0.00": {"activatedMoleculePct": 0.24956552243866964, "activatedTokens": {"[C@H]": 97603, "N": 94948, "C": 74825, "[C@@H]": 73187, "c": 23866, "O": 17686, "2": 15302, "[C@]": 11720, "[C@@]": 8859, "3": 7494, "n": 7276, "-": 2970, "others": 2720, "1": 2686, "(": 2525, "=": 2309, "F": 2114, "S": 1947}}}