{"0.20": {"activatedMoleculePct": 0.2141115675393813, "activatedTokens": {"C": 329497, "O": 28419, "n": 10159, "[nH]": 9039, "N": 5900, "[C@H]": 5183, "c": 3340, "S": 3011, "1": 2721, "s": 2654, "2": 2107, "others": 1998}}, "0.00": {"activatedMoleculePct": 0.3782411879601562, "activatedTokens": {"C": 610459, "c": 51392, "n": 48339, "O": 45818, "N": 15468, "[nH]": 14715, "[C@H]": 9327, "1": 8012, "others": 7968, "s": 7130, "o": 5872, "2": 5550, "S": 5012}}}