{"0.20": {"activatedMoleculePct": 0.025839422366384875, "activatedTokens": {"C": 7471, "c": 4101, "O": 3637, "N": 3621, "2": 3018, "3": 2981, "s": 2453, "#": 2211, "=": 1827, "n": 1741, "(": 1670, ")": 1577, "[C@]": 1270, "S": 1057, "[nH]": 949, "[C@@H]": 932, "4": 897, ".": 879, "I": 761, "[C@H]": 760, "1": 527, "others": 448, "/": 442, "P": 376, "F": 339, "[n+]": 170, "o": 145, "[C@@]": 117, "B": 68, "-": 68, "[N+]": 47, "Br": 40, "[C]": 39, "5": 37, "[NH+]": 35, "[P+]": 33}}, "0.00": {"activatedMoleculePct": 0.06252302383200055, "activatedTokens": {"C": 19189, "O": 13055, "c": 12320, "N": 11634, "2": 7738, "n": 7299, "3": 6923, ")": 5485, "(": 4825, "s": 4783, "#": 4188, "=": 3790, "[C@]": 2687, "S": 2203, "[C@@H]": 2167, "[nH]": 2004, "4": 1995, ".": 1660, "[C@H]": 1620, "1": 1416, "/": 1399, "I": 1242, "others": 1202, "F": 690, "o": 506, "P": 482, "[C@@]": 286, "[n+]": 263, "-": 197}}}