{"0.20": {"activatedMoleculePct": 0.020230212687110977, "activatedTokens": {"C": 15731, "O": 6292, "n": 3068, "F": 2811, ")": 2518, "[C@H]": 2386, "3": 2164, "2": 2046, "=": 1675, "c": 1465, "N": 616, "S": 373, "others": 335, "(": 248, "[C@]": 240, "1": 210, "4": 183, "[O-]": 161, "-": 120, "/": 96}}, "0.00": {"activatedMoleculePct": 0.05336036261024891, "activatedTokens": {"C": 50539, "O": 21994, ")": 10049, "n": 8959, "[C@H]": 7538, "=": 7188, "F": 6424, "2": 6103, "3": 5504, "c": 5239, "N": 2288, "others": 1368, "1": 1003, "(": 991, "S": 822, "[C@]": 595, "4": 571, "/": 372, "-": 339, "#": 310}}}