{"0.20": {"activatedMoleculePct": 0.2277306905575008, "activatedTokens": {"c": 523353, "C": 499382, "2": 156109, "1": 142376, "N": 118763, "O": 99899, "n": 61915, "3": 56233, "F": 44246, "=": 28375, "[C@H]": 22509, "[C@@H]": 19294, "Cl": 16439, "others": 15205, "s": 10184, "-": 9267, "(": 9066, "o": 8563, "S": 8445, "Br": 6913, "4": 6343, "[nH]": 6073}}, "0.00": {"activatedMoleculePct": 0.5087492392523104, "activatedTokens": {"C": 1147725, "c": 1053296, "2": 300100, "1": 297736, "N": 282865, "O": 247331, "n": 139240, "3": 112459, "=": 101004, "F": 85472, "[C@H]": 55726, "[C@@H]": 47165, "Cl": 34357, "others": 32247, "(": 29538, "S": 20811, "-": 19376, "o": 19289, "s": 18071, "Br": 13918, ")": 13334, "4": 12949, "[nH]": 11623}}}