{"0.20": {"activatedMoleculePct": 0.2320677763024623, "activatedTokens": {"c": 240481, "n": 117445, "[nH]": 23721, "o": 17782, "s": 6167, "others": 2793, "2": 2235}}, "0.00": {"activatedMoleculePct": 0.36124145234515354, "activatedTokens": {"c": 454998, "n": 249284, "[nH]": 30417, "o": 22535, "2": 9658, "s": 9427, "others": 6762, "3": 6722, "C": 2384, "(": 2349, "4": 2018}}}