{"0.20": {"activatedMoleculePct": 0.06269659514600863, "activatedTokens": {"(": 172544, "C": 165351, ")": 156438, "c": 83982, "O": 74041, "=": 60919, "2": 47761, "1": 46035, "N": 41117, "3": 19108, "F": 9273, "others": 7240, "n": 5892, "4": 4565, "[C@H]": 3638, "[C@@H]": 3249, "Cl": 2067, "S": 2014}}, "0.00": {"activatedMoleculePct": 0.28356279656343447, "activatedTokens": {"(": 463965, "C": 422388, ")": 342615, "c": 192643, "O": 183100, "=": 154336, "1": 115564, "2": 111555, "N": 79985, "3": 45098, "n": 32700, "[C@@H]": 20921, "others": 20740, "[C@H]": 20615, "F": 17528, "4": 10351, "[N+]": 8554, "[nH]": 6715, "S": 6285}}}