{"0.20": {"activatedMoleculePct": 0.2810295342210127, "activatedTokens": {"c": 440461, "(": 379052, "C": 301843, "O": 77349, ")": 56795, "n": 51389, "[C@H]": 47061, "[C@@H]": 45175, "2": 21640, "N": 21179, "1": 14718, "others": 13209, "-": 11894, "3": 8106, "[C@@]": 6884, "=": 6155, "s": 5655, "[C@]": 4851, "[nH]": 4376}}, "0.00": {"activatedMoleculePct": 0.4411743381037371, "activatedTokens": {"c": 879589, "(": 762129, "C": 676330, ")": 194163, "O": 159802, "n": 106280, "[C@@H]": 78292, "[C@H]": 77145, "N": 48779, "2": 45419, "1": 39719, "others": 28168, "-": 21460, "3": 17661, "=": 14752, "[C@@]": 9377, "s": 9347, "[nH]": 8158, "o": 7564}}}