{"0.20": {"activatedMoleculePct": 0.01624539614906041, "activatedTokens": {")": 28830, "O": 26943, "C": 24240, "(": 22082, "=": 17765, "c": 10222, "1": 7460, "N": 5191, "2": 2473, "[C@@H]": 2390, "others": 1516, "3": 1213, "[C@H]": 805, "4": 621, "F": 514, "n": 437}}, "0.00": {"activatedMoleculePct": 0.07105658058652457, "activatedTokens": {")": 63631, "O": 63521, "C": 57702, "=": 49754, "(": 37694, "c": 32104, "1": 16118, "N": 15142, "2": 7446, "3": 6126, "[C@@H]": 5336, "F": 4894, "others": 3062, "Cl": 2879, "4": 2809, "n": 2165, "/": 1882, "[C@H]": 1619, "-": 1158}}}