{"0.20": {"activatedMoleculePct": 0.01821839665512698, "activatedTokens": {"C": 6790, ")": 6304, "-": 4306, "N": 3960, "c": 3234, "(": 2311, "3": 2292, "2": 2194, "S": 2026, "1": 1886, "=": 1734, "O": 881, "n": 832, "4": 712, "o": 658, "F": 619, "[nH]": 519, "others": 396, "[C@H]": 359}}, "0.00": {"activatedMoleculePct": 0.04970145001622196, "activatedTokens": {"C": 20245, ")": 19928, "N": 16956, "c": 11108, "S": 8274, "(": 8002, "-": 7745, "3": 6926, "2": 6899, "1": 6344, "=": 4945, "n": 3982, "O": 2759, "4": 2240, "F": 1901, "[C@H]": 1413, "o": 1358, "[nH]": 1306, "others": 992, "Br": 460}}}