{"0.20": {"activatedMoleculePct": 0.010678663837771609, "activatedTokens": {"C": 4376, "2": 3842, "c": 2298, "F": 1325, ")": 1156, "O": 799, ".": 741, "3": 658, "n": 610, "Cl": 567, "=": 548, "/": 490, "1": 345, "-": 337, "I": 269, "[C@H]": 251, "S": 224, "[O-]": 196, "Br": 191, "others": 190, "[nH]": 160, "4": 158, "N": 94, "(": 76}}, "0.00": {"activatedMoleculePct": 0.039764675381362545, "activatedTokens": {"C": 17782, "2": 15531, "c": 10854, ")": 6914, "F": 5714, "O": 4489, "3": 3492, "n": 2441, "Cl": 2252, "=": 2080, ".": 1985, "1": 1872, "[C@H]": 1470, "/": 1364, "-": 1212, "[O-]": 1065, "S": 992, "Br": 738, "4": 695, "others": 656, "I": 633, "[nH]": 626, "N": 460, "\\": 388, "(": 294}}}