{"0.20": {"activatedMoleculePct": 0.021940292932718045, "activatedTokens": {"C": 15612, "=": 5559, "2": 4229, "(": 3646, "N": 3198, "O": 3159, "c": 3005, "1": 2263, "n": 2104, "[C@H]": 1809, ")": 1585, "[nH]": 1447, "[C@@H]": 750, "3": 740, "others": 420, "/": 409, "[C@]": 246, "[C@@]": 236, "F": 164}}, "0.00": {"activatedMoleculePct": 0.048764750815309135, "activatedTokens": {"C": 45013, "=": 12480, "(": 9738, "N": 9320, "O": 9117, "2": 8176, "c": 7830, ")": 5498, "1": 5489, "[C@H]": 4644, "n": 4416, "[nH]": 3152, "[C@@H]": 2278, "3": 1732, "others": 1283, "/": 1209, "[C@]": 643, "F": 565, "[C@@]": 428}}}