{"0.20": {"activatedMoleculePct": 0.05889780018499626, "activatedTokens": {"c": 184797, "n": 27860, "[nH]": 4511, "2": 4466, "C": 4096, "o": 3620, "s": 3126, "3": 2986, "Cl": 2451, "others": 2272, "4": 1273, "Br": 1196, "F": 1037}}, "0.00": {"activatedMoleculePct": 0.13804631937268252, "activatedTokens": {"c": 452377, "n": 54880, "2": 24920, "C": 23821, "3": 15345, "Cl": 8373, "o": 8055, "[nH]": 7556, "(": 6461, "4": 6451, "1": 5183, "s": 5172, "-": 4805, "others": 4729, "O": 4693, "Br": 3273, "F": 3216, "N": 3182, ")": 2516}}}