{"0.20": {"activatedMoleculePct": 0.27511492691329414, "activatedTokens": {"c": 430447, "o": 13337, "others": 3009}}, "0.00": {"activatedMoleculePct": 0.39550018199355075, "activatedTokens": {"c": 661214, "o": 25520, "C": 13242, "[nH]": 9438, "others": 6598, "n": 5584}}}