{"0.20": {"activatedMoleculePct": 0.5321454805911385, "activatedTokens": {")": 1583382, "others": 5151}}, "0.00": {"activatedMoleculePct": 0.7615759982364568, "activatedTokens": {")": 2881449, "others": 22133}}}