{"0.20": {"activatedMoleculePct": 0.001037033673567286, "activatedTokens": {"[C@H]": 1467, "O": 778, "1": 354, "2": 277, "3": 250, "4": 93, "others": 32, "C": 25, "=": 19}}, "0.00": {"activatedMoleculePct": 0.0045004039011800655, "activatedTokens": {"[C@H]": 2701, "3": 1172, "O": 1093, "1": 805, "2": 682, "C": 562, "4": 541, "N": 507, "=": 476, "c": 341, "Br": 312, "5": 90, "others": 89, "[C@]": 42, ")": 27}}}