{"0.20": {"activatedMoleculePct": 0.4394166539112501, "activatedTokens": {")": 1336208, "others": 12402, "c": 8953, "C": 5451}}, "0.00": {"activatedMoleculePct": 0.6996198275565334, "activatedTokens": {")": 2673796, "c": 33038, "others": 24917, "C": 20825, "1": 9567, "N": 8537}}}