{"0.20": {"activatedMoleculePct": 0.9201718429245521, "activatedTokens": {")": 5087096, "others": 219}}, "0.00": {"activatedMoleculePct": 0.978001117594199, "activatedTokens": {")": 5802039, "others": 4482}}}