{"0.20": {"activatedMoleculePct": 0.21330596228449145, "activatedTokens": {"C": 226801, "N": 71201, "O": 48730, "2": 16354, "[C@@H]": 15806, "[C@H]": 15742, "3": 10250, "=": 10222, "F": 10185, "S": 9366, "c": 8028, "n": 4761, "others": 4648, "1": 3803, "#": 2804, "[C@]": 2230, "[C@@]": 2107, ")": 1674, "s": 1432}}, "0.00": {"activatedMoleculePct": 0.4716093722650617, "activatedTokens": {"C": 642878, "N": 165280, "O": 135888, "2": 69486, "c": 65781, "[C@@H]": 50075, "=": 47986, "[C@H]": 47175, "3": 38765, "1": 28565, "F": 26654, "S": 24441, "n": 14874, "others": 13624, "(": 12336, ")": 11032, "#": 9899, "[C@]": 9822, "[C@@]": 7725, "4": 5247, "s": 4525}}}