{"0.20": {"activatedMoleculePct": 0.006977273875759558, "activatedTokens": {"C": 3949, "(": 2683, "=": 1982, "s": 1275, ")": 1207, "c": 1154, "O": 897, "N": 739, "3": 693, "1": 516, "n": 472, "2": 413, "-": 232, "4": 207, "o": 177, "[nH]": 161, "5": 120, "others": 118, "/": 105, "S": 94, "\\": 75, "F": 66, "[S@@]": 59}}, "0.00": {"activatedMoleculePct": 0.02168176688273976, "activatedTokens": {"C": 15264, "(": 6473, "=": 5970, "c": 4483, ")": 3910, "O": 2512, "N": 2491, "1": 2480, "s": 2257, "3": 2025, "n": 1618, "2": 1532, "-": 621, "4": 598, "[nH]": 502, "others": 411, "o": 344, "S": 334, "5": 323, "[C@H]": 271, "F": 261, "/": 243, "\\": 151}}}