{"0.20": {"activatedMoleculePct": 0.6172108041917839, "activatedTokens": {"C": 1016596, "O": 162310, "S": 118214, "c": 86717, "[N+]": 15300, "others": 12069, "N": 10946, "-": 10116, "n": 7918, "s": 5176, ")": 5121, "[C@@H]": 4200, "[S@]": 3806, "[nH]": 3543, "Cl": 3115, "[S@@]": 2689}}, "0.00": {"activatedMoleculePct": 0.8013875451962857, "activatedTokens": {"C": 1508471, "O": 408260, "c": 262550, "S": 133638, "N": 35078, "n": 30060, ")": 29196, "[N+]": 22685, "others": 22533, "[C@@H]": 17281, "-": 14852, "Cl": 12313, "s": 8805, "[nH]": 8328, "1": 4445, "[S@]": 4065, "[C@H]": 3654}}}