{"0.20": {"activatedMoleculePct": 0.5415110078634396, "activatedTokens": {"(": 1824617, "others": 1390}}, "0.00": {"activatedMoleculePct": 0.7841292835313047, "activatedTokens": {"(": 3260337, "others": 11338}}}