{"0.20": {"activatedMoleculePct": 0.0084683759657193, "activatedTokens": {"C": 4205, "c": 4039, "-": 1845, "[C@H]": 1362, "Cl": 714, "F": 664, "=": 459, "O": 437, "n": 251, "S": 170, "[C@]": 154, "others": 143, "(": 140, "Br": 121, "N": 120, "[nH]": 97, "#": 94, "[C@@H]": 90, ")": 43, "2": 42, "s": 35, "7": 23}}, "0.00": {"activatedMoleculePct": 0.022205410298418157, "activatedTokens": {"C": 13223, "c": 12520, "[C@H]": 3942, "-": 3586, "=": 2181, "F": 1780, "O": 1593, "Cl": 1577, "n": 886, "(": 559, "S": 465, "[C@@H]": 458, "others": 394, "N": 317, "[C@]": 306, ")": 265, "Br": 248, "[nH]": 162, "2": 153, "s": 148, "5": 131, "#": 127, "3": 94}}}