{"0.20": {"activatedMoleculePct": 0.3829129660701038, "activatedTokens": {"C": 596309, "c": 435166, "(": 239533, "1": 216924, "2": 98738, "n": 95198, "O": 27284, "Br": 24550, "3": 23840, "others": 18209, "Cl": 15071, "=": 10228, "[C@H]": 7328, ")": 6922, "N": 5215, "4": 4751, "F": 4066}}, "0.00": {"activatedMoleculePct": 0.5915420236657529, "activatedTokens": {"C": 1211299, "c": 981261, "(": 583527, "1": 428757, "2": 212180, "n": 165689, "O": 67839, "3": 56465, "=": 43604, "others": 37178, "Br": 33622, ")": 31211, "Cl": 31007, "[C@H]": 23502, "N": 14662, "[C@@H]": 13332, "F": 12292, "4": 10773}}}