{"0.20": {"activatedMoleculePct": 0.011892198299001122, "activatedTokens": {"C": 7871, "1": 3633, "c": 3319, "=": 1302, "O": 1169, "[C@]": 915, "n": 860, "s": 750, "[C@@]": 520, "2": 346, "3": 346, ".": 345, "Cl": 340, "[O-]": 334, "others": 215, "/": 182, "[nH]": 169, "F": 153, "S": 141, "4": 139, "N": 116, "#": 107, "I": 95, "(": 78, "5": 76, "[C@H]": 76}}, "0.00": {"activatedMoleculePct": 0.039523726173309126, "activatedTokens": {"C": 31322, "1": 13999, "c": 13056, "=": 6772, "O": 6171, "n": 3489, "s": 2136, "[C@]": 1663, "2": 1319, "3": 1184, "[O-]": 1006, "[C@@]": 973, ".": 835, "/": 793, "others": 716, "[nH]": 706, "F": 605, "S": 520, "N": 477, "Cl": 476, "4": 442, "(": 327, "[C@H]": 305, "I": 251, "5": 237, "#": 235}}}