{"0.20": {"activatedMoleculePct": 0.19585362298992334, "activatedTokens": {"c": 243340, "n": 104783, "s": 10181, "2": 9555, "1": 8974, "o": 7594, "[C@H]": 5169, "3": 4703, "[nH]": 4623, "others": 2932, "C": 1700}}, "0.00": {"activatedMoleculePct": 0.3453292838242521, "activatedTokens": {"c": 474537, "n": 206723, "1": 29916, "2": 26651, "o": 16507, "C": 15900, "[C@H]": 15401, "s": 14783, "3": 13208, "[nH]": 11230, "others": 7572, "O": 6354, "N": 5331, "[C@@H]": 3797, "-": 3242, "4": 3030, "F": 2753, "(": 2259}}}