{"0.20": {"activatedMoleculePct": 0.01620438351790238, "activatedTokens": {"1": 6483, "c": 4936, "C": 4210, "S": 3019, "=": 2995, "(": 1702, ")": 1230, "[N+]": 1083, "2": 982, "Br": 653, "-": 466, "N": 283, "others": 276, "[nH]": 228, ".": 206, "Cl": 121, "P": 92, "[S@]": 78, "O": 77, "3": 67, "[Si]": 58, "F": 54, "/": 46}}, "0.00": {"activatedMoleculePct": 0.0513785736832199, "activatedTokens": {"1": 21929, "c": 18696, "C": 17440, "=": 11605, "S": 10336, "(": 5642, "2": 4262, ")": 3975, "[N+]": 2981, "Br": 1717, "others": 980, "N": 970, "-": 849, "[nH]": 534, ".": 434, "Cl": 431, "O": 376, "F": 271, "3": 268, "P": 200, "[S@]": 164, "n": 160}}}