{"0.20": {"activatedMoleculePct": 0.21210268098105142, "activatedTokens": {"C": 257283, "c": 129770, "O": 76015, "1": 71926, "2": 40538, "N": 35752, "F": 18495, "[C@H]": 16464, "3": 12453, "#": 11827, "Cl": 7021, "others": 5977, "n": 5097, ")": 4852, "=": 4751, "S": 3788, "(": 2368, "[C@@]": 2248, "[C@@H]": 2221, "[C@]": 1994, "Br": 1962}}, "0.00": {"activatedMoleculePct": 0.3824449826538541, "activatedTokens": {"C": 612901, "c": 294077, "O": 192378, "1": 179659, "2": 100870, "N": 71865, "F": 45214, "[C@H]": 36920, "3": 33099, ")": 32125, "=": 29154, "#": 20542, "n": 19696, "Cl": 16553, "(": 14845, "others": 14790, "S": 10014, "[C@@H]": 5907, "Br": 4642, "4": 4594, "[C@@]": 4457}}}