{"0.20": {"activatedMoleculePct": 0.08841078251367882, "activatedTokens": {"C": 216790, "O": 15227, "others": 1832, "-": 1359}}, "0.00": {"activatedMoleculePct": 0.19794453481056926, "activatedTokens": {"C": 478453, "O": 31626, "others": 4431, "n": 3402, "3": 3050, "N": 2739, "-": 2673, "2": 2235, "c": 1644, "[C@H]": 1350, "1": 1054}}}