{"0.20": {"activatedMoleculePct": 0.010057615423092895, "activatedTokens": {"(": 11468, "c": 8495, "C": 7354, "2": 4065, ")": 3979, "1": 3300, "O": 2461, "=": 1932, "n": 1328, "-": 790, "N": 734, "o": 734, "F": 659, "3": 639, "[C@H]": 457, "others": 446, "S": 320, "[C@@H]": 176, "4": 164}}, "0.00": {"activatedMoleculePct": 0.0255325600011132, "activatedTokens": {"C": 24392, "(": 22330, "c": 22202, ")": 10051, "1": 9049, "2": 8524, "O": 7779, "=": 7057, "n": 4554, "N": 3960, "[C@H]": 2133, "-": 2011, "o": 1973, "3": 1781, "F": 1745, "[C@@H]": 1667, "others": 1152, "S": 1028, "s": 657, "[C@]": 450}}}