{"0.20": {"activatedMoleculePct": 0.4593414689699165, "activatedTokens": {")": 1383517, "others": 5735}}, "0.00": {"activatedMoleculePct": 0.7050986756581978, "activatedTokens": {")": 2740311, "others": 23617}}}