{"0.20": {"activatedMoleculePct": 0.018709083492196247, "activatedTokens": {"C": 8740, "N": 3526, "=": 3490, "n": 2663, "[C@H]": 2477, "O": 2468, "c": 2129, "2": 1603, "1": 1079, "3": 875, "s": 771, "[C@@H]": 673, "(": 554, ")": 482, "Cl": 322, "others": 263, "F": 250, "[C@]": 229, ".": 226, "-": 194, "S": 133}}, "0.00": {"activatedMoleculePct": 0.055906075215700804, "activatedTokens": {"C": 35278, "=": 15426, "N": 9374, "c": 9122, "O": 8376, "n": 7868, "[C@H]": 6794, "2": 4945, "1": 3270, "3": 2663, "[C@@H]": 2522, ")": 2413, "(": 2219, "s": 1743, "others": 958, "Cl": 777, "F": 769, ".": 756, "[C@]": 673, "S": 375, "-": 316}}}