{"0.20": {"activatedMoleculePct": 0.10468767050452128, "activatedTokens": {"C": 189166, "[C@H]": 7475, "[C@@H]": 6987, "others": 1723, "N": 712}}, "0.00": {"activatedMoleculePct": 0.20986602784611183, "activatedTokens": {"C": 377381, "[C@@H]": 15900, "[C@H]": 14355, "others": 3781, "N": 2798, "c": 2730, "1": 2012, "[C@]": 1387, "=": 1318, "[C@@]": 974}}}