{"0.20": {"activatedMoleculePct": 0.4350488086929201, "activatedTokens": {"(": 1466202, "others": 1788}}, "0.00": {"activatedMoleculePct": 0.7159252779155038, "activatedTokens": {"(": 2976801, "others": 14264}}}