{"0.20": {"activatedMoleculePct": 0.04144033431153341, "activatedTokens": {"C": 117531, "N": 75861, "1": 62031, "2": 37542, "(": 37091, "[C@@H]": 33286, "[C@H]": 24471, "3": 10319, "O": 9777, "c": 4351, "others": 3452, "n": 1862, ")": 1754}}, "0.00": {"activatedMoleculePct": 0.1322020194326635, "activatedTokens": {"C": 267566, "N": 155303, "1": 136490, "(": 111709, "2": 92867, "[C@@H]": 55700, "[C@H]": 44263, "3": 30260, "O": 19624, ")": 16986, "c": 15990, "=": 13013, "others": 8274, "n": 6046, "4": 3724, "F": 1740}}}