{"0.20": {"activatedMoleculePct": 0.29948814771577953, "activatedTokens": {"C": 407847, "c": 118017, "2": 101858, "N": 73567, "1": 62231, "n": 43654, "[C@H]": 36948, "3": 34026, "O": 30370, "=": 19887, "(": 16783, "[C@@H]": 15653, "S": 9960, "others": 9374, "-": 8032, "4": 6361, "#": 5700}}, "0.00": {"activatedMoleculePct": 0.5425817304840296, "activatedTokens": {"C": 1006466, "c": 358373, "2": 225048, "1": 202930, "N": 183418, "n": 102486, "[C@H]": 78383, "O": 77850, "3": 72183, "(": 71015, "=": 70995, "[C@@H]": 43493, "S": 23968, "others": 22655, "-": 21037, "4": 13464, "#": 12673, "F": 9000}}}