{"0.20": {"activatedMoleculePct": 0.216259604096283, "activatedTokens": {"c": 342575, "o": 6300, "n": 6027, "[nH]": 5368, "s": 4664, "others": 502}}, "0.00": {"activatedMoleculePct": 0.2786046624037943, "activatedTokens": {"c": 499640, "n": 22938, "[nH]": 11555, "o": 10215, "s": 7667, "O": 5054, "others": 4085, "N": 2136}}}