{"0.20": {"activatedMoleculePct": 0.9570583104407173, "activatedTokens": {")": 5569969, "others": 68}}, "0.00": {"activatedMoleculePct": 0.9879393569658855, "activatedTokens": {")": 6014579, "others": 2792}}}