{"0.20": {"activatedMoleculePct": 0.0496780142269888, "activatedTokens": {"C": 18517, "1": 13081, "n": 12252, "[C@H]": 8360, "O": 7458, ")": 6024, "N": 5112, "[nH]": 2733, "c": 2713, "Br": 1599, "2": 1399, "F": 1075, "S": 983, "[N+]": 833, "others": 636, "o": 535, "#": 465, "=": 430, "3": 429, "[C@@H]": 274}}, "0.00": {"activatedMoleculePct": 0.11389793567315276, "activatedTokens": {"C": 51752, "1": 35262, "n": 32038, "[C@H]": 18702, ")": 18611, "O": 16626, "N": 10715, "c": 9851, "[nH]": 4699, "2": 4071, "Br": 3773, "F": 2848, "S": 2602, "others": 2188, "[N+]": 2135, "=": 1470, "o": 1468, "#": 1241, "3": 1208}}}