{"0.20": {"activatedMoleculePct": 0.006811758614300372, "activatedTokens": {"C": 4473, "=": 1731, "[C@H]": 1538, "s": 963, "O": 864, ".": 488, "c": 388, "N": 289, "2": 207, ")": 197, "n": 181, "others": 122, "[O-]": 112, "B": 95, "P": 94, "/": 85, "4": 73, "[CH]": 61, "1": 60, "S": 59, "-": 57, "[nH]": 45, "[P+]": 38, "I": 32, "[cH-]": 31, "[N-]": 28, "F": 17, "[Se]": 15, "#": 14, "Br": 13, "[C]": 12, "3": 12, "\\": 11, "[nH+]": 11, "[c-]": 11, "[Cl+3]": 10, "6": 10, "Cl": 9, "[Si]": 8, "[I-]": 8, "[B]": 7, "[S-]": 7, "[NH2+]": 6, "5": 6, "[NH+]": 6, "[n+]": 5}}, "0.00": {"activatedMoleculePct": 0.030469455476760852, "activatedTokens": {"C": 28053, "=": 6318, "[C@H]": 5852, "O": 4465, "s": 3531, "c": 3176, "2": 1461, ".": 1430, "n": 1183, "N": 1159, ")": 758, "-": 672, "others": 624, "[O-]": 595, "4": 576, "1": 503, "[nH]": 344, "/": 318, "P": 266, "F": 179, "S": 178, "3": 161, "B": 157, "[N-]": 153, "[CH]": 115, "I": 102, "Br": 88, "6": 69, "Cl": 66, "[cH-]": 63, "[P+]": 51, "(": 43, "5": 42, "#": 35, "[c-]": 28, "[Se]": 26}}}