{"0.20": {"activatedMoleculePct": 0.7547056501490735, "activatedTokens": {"C": 2262723, "c": 1444696, "O": 550052, "1": 545611, "2": 458843, "=": 369733, "N": 354082, "3": 183456, "n": 181746, "F": 137159, "[C@@H]": 105008, "[C@H]": 86116, "others": 62204, "Cl": 43701, "o": 36127, "4": 28097, "-": 21353, "S": 20300}}, "0.00": {"activatedMoleculePct": 0.946718733178413, "activatedTokens": {"C": 4871175, "c": 3415870, "1": 1297557, "O": 1209007, "2": 960149, "=": 924320, "N": 811578, "n": 418019, "3": 367529, "F": 272896, "[C@@H]": 223582, "[C@H]": 181304, "others": 139762, "Cl": 81902, "o": 66868, "4": 58600, "-": 54307, "S": 49155}}}