{"0.20": {"activatedMoleculePct": 0.08024487470274998, "activatedTokens": {"C": 145591, "1": 69247, "c": 64959, "2": 38865, "N": 32513, "[C@H]": 11225, "[C@@H]": 10616, "O": 7913, "(": 6118, "others": 3766, "n": 3392, "-": 2528, "=": 2420, "3": 2228, "S": 2111, "[C@]": 2084, "[C@@]": 2024, "F": 1805, "#": 1442}}, "0.00": {"activatedMoleculePct": 0.2182494490758609, "activatedTokens": {"C": 349634, "c": 186315, "1": 123404, "2": 80608, "N": 64437, "[C@H]": 36173, "(": 34210, "O": 30869, "[C@@H]": 30663, "n": 14893, "=": 14749, "3": 13786, "F": 10008, "others": 9294, ")": 8445, "-": 7426, "#": 4720, "S": 4639, "[C@@]": 3869, "[C@]": 3643, "s": 1889, "Cl": 1785}}}