{"0.20": {"activatedMoleculePct": 0.4106572786800963, "activatedTokens": {"(": 1223165, "others": 1439}}, "0.00": {"activatedMoleculePct": 0.7079190264187257, "activatedTokens": {"(": 2783816, "others": 11153}}}