{"0.20": {"activatedMoleculePct": 0.33654452470388513, "activatedTokens": {")": 1137020, "others": 2795}}, "0.00": {"activatedMoleculePct": 0.5978601659693299, "activatedTokens": {")": 2360087, "others": 12443}}}