{"0.20": {"activatedMoleculePct": 0.2915771041127613, "activatedTokens": {"1": 331698, "2": 88146, "3": 17524, "[C@H]": 3562, "others": 3388, "[C@@H]": 2363}}, "0.00": {"activatedMoleculePct": 0.47877852666516774, "activatedTokens": {"1": 550959, "2": 178500, "3": 34767, "[C@H]": 10292, "[C@@H]": 7135, "others": 6413, "C": 4269, "4": 3796, "N": 2500}}}