{"0.20": {"activatedMoleculePct": 0.008425166229320663, "activatedTokens": {"C": 4784, "c": 1682, "O": 1333, "/": 978, "[C@H]": 805, "=": 763, "-": 710, "[C@]": 698, "N": 695, "[C@@H]": 619, "3": 414, "n": 324, "F": 315, "(": 286, "2": 277, "1": 243, "s": 156, "4": 148, "S": 127, "others": 102}}, "0.00": {"activatedMoleculePct": 0.024748925798629445, "activatedTokens": {"C": 15509, "O": 8498, "c": 4760, "=": 2756, "/": 2542, "[C@H]": 2069, "-": 1977, "[C@@H]": 1710, "[C@]": 1579, "N": 1464, "3": 1220, "1": 1162, "2": 1034, "(": 1033, "F": 892, "n": 775, "others": 457, "s": 340, "4": 311, "S": 274}}}