{"0.20": {"activatedMoleculePct": 0.17732104028538934, "activatedTokens": {"c": 273887, "n": 31520, "1": 27856, "C": 13842, "2": 11309, "s": 4458, "[nH]": 4426, "[C@H]": 3955, "o": 3484, "[C@@H]": 3363, "others": 3294, "N": 2126}}, "0.00": {"activatedMoleculePct": 0.30531194134021955, "activatedTokens": {"c": 465694, "1": 91651, "n": 70483, "C": 44477, "2": 29185, "[C@H]": 12419, "[C@@H]": 11675, "s": 9837, "o": 8197, "[nH]": 8179, "others": 7417, "N": 7402, "=": 4700, "(": 3659, "3": 3278, "S": 3014, "O": 2843}}}