{"0.20": {"activatedMoleculePct": 0.2574362857789434, "activatedTokens": {"c": 569165, "C": 187002, "n": 77684, "1": 32552, "(": 29327, "F": 27776, "O": 24890, "=": 15702, "2": 11962, "N": 9226, "others": 8878, "s": 8789, ")": 8675, "o": 7699, "[nH]": 5711, "Cl": 4740, "3": 4453}}, "0.00": {"activatedMoleculePct": 0.4340674350187816, "activatedTokens": {"c": 1093417, "C": 467654, "n": 167148, "(": 109993, "1": 101521, "O": 71933, "F": 64442, "=": 63027, ")": 47509, "2": 35133, "N": 28955, "others": 19144, "o": 17434, "s": 16485, "3": 13364, "[nH]": 12387, "Cl": 10568, "[C@H]": 10235}}}