{"0.20": {"activatedMoleculePct": 0.004940557317715333, "activatedTokens": {"[C@H]": 1831, "C": 1491, "2": 1174, "=": 673, "O": 643, "1": 520, "[C@]": 447, "\\": 337, "s": 287, "c": 219, "/": 195, ")": 157, "N": 153, "[nH]": 133, "3": 127, "4": 126, "Cl": 90, "others": 67}}, "0.00": {"activatedMoleculePct": 0.01918512296099479, "activatedTokens": {"C": 8054, "[C@H]": 8004, "O": 3873, "2": 3535, "=": 2943, "1": 2831, "\\": 1269, "/": 1068, "N": 881, "[C@]": 820, "s": 788, ")": 753, "Cl": 560, "3": 556, "c": 549, "[nH]": 521, "4": 403, "others": 346}}}