{"0.20": {"activatedMoleculePct": 0.02329151265569237, "activatedTokens": {"C": 28561, "c": 18571, "(": 14091, ")": 9024, "O": 8796, "F": 3737, "=": 3206, "1": 2039, ".": 1457, "S": 1324, "others": 978, "2": 804, "[N+]": 775, "o": 753, "P": 622, "N": 550, "[nH]": 536, "3": 456, "[C@@H]": 394, "[N-]": 338, "4": 336, "Br": 300, "Cl": 273, "n": 223, "s": 219, "[O-]": 186, "5": 173, "I": 163, "[Si]": 132, "6": 125, "[CH]": 89, "[C-]": 81, "[C@H]": 71, "[Na+]": 66, "7": 62, "[K+]": 61, "8": 59, "#": 53, "B": 53, "-": 53, "[B]": 47, "[Y]": 46, "[W]": 46, "9": 43, "[V]": 43, "[CH3-]": 41, "%10": 41, "[CH2-]": 40, "[P+]": 40, "[c-]": 38, "[NH4+]": 37, "[cH-]": 36, "%11": 35, "%12": 34, "[O+]": 32}}, "0.00": {"activatedMoleculePct": 0.0946344492919096, "activatedTokens": {"C": 128340, "c": 96374, "(": 39410, ")": 24656, "O": 24382, "=": 10218, "1": 9527, "F": 8649, "S": 4629, "others": 3731, "o": 3629, "2": 3333, "[C@@H]": 2843, ".": 2551, "n": 2516, "[nH]": 2493, "3": 1830, "N": 1568, "s": 1527, "[N+]": 1455, "P": 932, "4": 906, "Cl": 825, "[N-]": 731, "Br": 718, "5": 411, "[O-]": 350, "[C@H]": 313, "I": 306}}}