{"0.20": {"activatedMoleculePct": 0.030875187577859918, "activatedTokens": {"[C@H]": 8260, "C": 6818, "O": 6485, "c": 5669, "=": 4863, "[nH]": 4532, "1": 4432, "N": 2584, "o": 2205, "(": 1800, ")": 1468, "F": 1191, "Cl": 1081, "s": 1019, "2": 832, "n": 757, "others": 557, "/": 523, "[C@@H]": 486, "-": 471, "Br": 464, "#": 378, "S": 368, "[N+]": 288}}, "0.00": {"activatedMoleculePct": 0.07854065340445118, "activatedTokens": {"[C@H]": 20514, "O": 19562, "C": 19176, "c": 18882, "=": 17606, "1": 15221, "[nH]": 10235, "N": 7529, "(": 5529, "o": 4998, ")": 4805, "n": 3581, "F": 3428, "Cl": 3420, "2": 3204, "s": 2596, "[C@@H]": 1459, "-": 1317, "others": 1171, "Br": 1132, "/": 1105, "#": 1053, "S": 922, "[N+]": 816, "3": 638}}}