{"0.20": {"activatedMoleculePct": 0.6812044237981651, "activatedTokens": {"(": 2681449, "others": 54}}, "0.00": {"activatedMoleculePct": 0.9003656715488786, "activatedTokens": {"(": 4494322, "others": 1282}}}