{"0.20": {"activatedMoleculePct": 0.01851940007309037, "activatedTokens": {"O": 7218, "2": 5419, "N": 3345, "n": 2656, "1": 2316, "[C@H]": 2237, "c": 1898, "3": 1367, "=": 872, ")": 819, "-": 373, "C": 324, "o": 323, "others": 266, "4": 249, "[O-]": 210, "S": 148, "s": 118, "P": 72, "[N+]": 48}}, "0.00": {"activatedMoleculePct": 0.04145864352187182, "activatedTokens": {"O": 19948, "2": 9489, "N": 7938, "1": 7314, "c": 6610, "n": 6021, "[C@H]": 5593, ")": 2772, "3": 2394, "=": 1301, "o": 1042, "C": 1040, "[O-]": 722, "others": 670, "-": 667, "S": 507, "4": 463, "s": 319, "[nH]": 224, "F": 216, "\\": 192, "Cl": 147}}}