{"0.20": {"activatedMoleculePct": 0.91678317427512, "activatedTokens": {"N": 1782495, "O": 46427, "o": 14608, "others": 13160, "-": 8771}}, "0.00": {"activatedMoleculePct": 0.9446300184630078, "activatedTokens": {"N": 1871323, "O": 51020, "o": 18154, "n": 16864, "others": 14105, "-": 10733}}}