{"0.20": {"activatedMoleculePct": 0.40099587456872654, "activatedTokens": {")": 1277565, "others": 3946}}, "0.00": {"activatedMoleculePct": 0.665997526059499, "activatedTokens": {")": 2630711, "others": 26525}}}