{"0.20": {"activatedMoleculePct": 0.11592513144182102, "activatedTokens": {"s": 163537, "others": 1557}}, "0.00": {"activatedMoleculePct": 0.13501651124588318, "activatedTokens": {"s": 163596, "o": 20193, "n": 4966, "others": 1889, "[nH]": 1864, "S": 1292}}}