{"0.20": {"activatedMoleculePct": 0.12400242267471198, "activatedTokens": {"c": 304888, "C": 300472, "1": 143287, "O": 72222, "(": 43232, "N": 43033, "n": 42514, "2": 25182, "=": 19720, "[C@H]": 13656, ")": 13002, "F": 10278, "others": 9428, "[C@@H]": 9078, "s": 7181, "o": 7035, "S": 6003, "Cl": 4254, "-": 3695, "[C@]": 2688}}, "0.00": {"activatedMoleculePct": 0.3115290168027285, "activatedTokens": {"C": 658537, "c": 655201, "1": 296313, "O": 138304, "(": 110173, "N": 95109, "n": 80956, "2": 74497, ")": 52989, "=": 46198, "F": 33287, "[C@H]": 26259, "others": 20960, "[C@@H]": 17938, "S": 13963, "o": 11755, "Cl": 11116, "s": 10420, "-": 9517, "[C@]": 4645}}}