{"0.20": {"activatedMoleculePct": 0.1601872812507095, "activatedTokens": {"C": 250916, "O": 3191, "others": 1737}}, "0.00": {"activatedMoleculePct": 0.21454220016654058, "activatedTokens": {"C": 397669, "O": 29077, "c": 6377, "S": 4477, "(": 4234, "others": 4125, "F": 3258, "Cl": 3144, "N": 2691, "[Si]": 1271}}}