{"0.20": {"activatedMoleculePct": 0.3027369339982262, "activatedTokens": {"C": 514647, "O": 196957, "=": 56291, "1": 50797, "N": 48780, "2": 28648, "F": 21605, "others": 9424, "3": 7016, "n": 6184, "Cl": 5532, "c": 5100, "Br": 4525, "-": 4391, ")": 4371, "S": 4288, "(": 3634, "o": 3165, "[C@H]": 2762, "s": 2279, "/": 1632, "[C@@H]": 1554}}, "0.00": {"activatedMoleculePct": 0.5244102054073689, "activatedTokens": {"C": 1257941, "O": 510990, "=": 217265, "1": 158186, "N": 131067, "2": 89208, "F": 67902, "c": 55556, "(": 35742, ")": 35660, "n": 34177, "others": 26096, "3": 22277, "Cl": 14485, "S": 14392, "[C@H]": 13468, "Br": 10764, "o": 9820, "-": 9534, "[C@@H]": 8976, "s": 5574}}}