{"0.20": {"activatedMoleculePct": 0.2910476017497746, "activatedTokens": {"(": 736893, "others": 1021}}, "0.00": {"activatedMoleculePct": 0.5120295173765391, "activatedTokens": {"(": 1640502, "others": 4755}}}