{"0.20": {"activatedMoleculePct": 0.2802957010706494, "activatedTokens": {"c": 318975, "C": 150772, "[C@@H]": 87685, "[C@H]": 61794, "n": 46683, "(": 26457, "others": 6468, "[C@]": 6313, "[nH]": 6067, "O": 5234, "[C@@]": 4502, "N": 4254, "o": 3969, "1": 3474, "2": 3079}}, "0.00": {"activatedMoleculePct": 0.46435526312898545, "activatedTokens": {"c": 725212, "C": 399458, "[C@@H]": 135605, "(": 102886, "n": 99080, "[C@H]": 91993, "N": 18334, "O": 17635, "1": 15566, "others": 15081, "o": 11842, "[nH]": 11239, "2": 11188, "[C@]": 10339, ")": 9782, "[C@@]": 8433, "3": 5969}}}