{"0.20": {"activatedMoleculePct": 0.02754291129627012, "activatedTokens": {"C": 52563, "O": 33943, "(": 21020, "c": 18271, "=": 17713, ")": 14697, "n": 2845, "1": 2557, "2": 2090, "3": 1594, "[C@H]": 1342, "others": 1339, "F": 1311, "[C@@H]": 1115, "S": 948, "s": 875, "Br": 648}}, "0.00": {"activatedMoleculePct": 0.061417147527560854, "activatedTokens": {"C": 123253, "c": 55278, "O": 50563, "(": 46111, ")": 42649, "=": 32036, "n": 16231, "1": 10211, "2": 8136, "3": 5296, "N": 4682, "others": 3648, "F": 3487, "[C@H]": 3381, "[C@@H]": 2864, "[nH]": 2818, "s": 2304, "Br": 1858}}}