{"0.20": {"activatedMoleculePct": 0.27643904900496763, "activatedTokens": {"2": 365715, "3": 138810, "C": 82327, "c": 73332, "N": 56069, "1": 34015, "(": 27403, "4": 23259, "[C@@H]": 14810, "O": 13815, "n": 12821, "[C@H]": 8448, "others": 7985, "Cl": 4393, "[nH]": 3694, "s": 3364, ")": 2869, "=": 2630, "S": 2602, "F": 2600}}, "0.00": {"activatedMoleculePct": 0.4718085764735436, "activatedTokens": {"2": 685330, "3": 248136, "C": 231283, "c": 230710, "1": 166690, "N": 145543, "(": 98106, "4": 45481, "n": 39217, "[C@@H]": 38838, "O": 38091, "[C@H]": 21496, ")": 19132, "others": 17355, "=": 11070, "Cl": 10938, "s": 8242, "[nH]": 7254, "-": 6103, "F": 5968, "S": 5125}}}