{"0.20": {"activatedMoleculePct": 0.1325381765344766, "activatedTokens": {"c": 119237, "C": 47649, "O": 36906, "n": 16465, "N": 14373, "[C@H]": 9891, "s": 7771, "[nH]": 7688, "o": 5601, "[C@@H]": 5088, "1": 3669, "others": 2794, "S": 2659, "2": 1943, "(": 1341, "3": 857, "-": 734}}, "0.00": {"activatedMoleculePct": 0.28553067049060626, "activatedTokens": {"c": 360224, "C": 160332, "O": 82128, "N": 40863, "n": 39970, "[C@H]": 20560, "[nH]": 14974, "s": 14862, "[C@@H]": 12949, "o": 11713, "(": 9494, "1": 9102, "others": 7058, "=": 5855, "S": 4748, "2": 4259, "-": 3594, ")": 3227}}}