{"0.20": {"activatedMoleculePct": 0.05469839970177958, "activatedTokens": {"S": 64848, "[S@]": 4353, "[S@@]": 3970, "O": 952, "P": 894, "[N+]": 615, "others": 600, "[C@H]": 287}}, "0.00": {"activatedMoleculePct": 0.10587410733444995, "activatedTokens": {"S": 102901, "O": 13133, "N": 8400, "C": 4784, "[S@]": 4360, "[S@@]": 3971, "[C@H]": 3570, "[N+]": 2959, "n": 1608, "P": 1544, "others": 1480, "[C@]": 1293, "[C@@]": 1176, "o": 1010, "1": 763, "2": 660, "[Si]": 608, "[C@@H]": 542, "[nH]": 462}}}