{"0.20": {"activatedMoleculePct": 0.7406229379251856, "activatedTokens": {"C": 1587345, "c": 1104277, "2": 487087, "1": 433087, "N": 408017, "O": 379134, "=": 236213, "n": 213604, "F": 170123, "3": 155569, "[C@H]": 93880, "[C@@H]": 91541, "others": 50262, "-": 39558, "S": 35403, "#": 26648, "o": 26042, "4": 25579, "[nH]": 24517, "s": 12522, "Cl": 11626}}, "0.00": {"activatedMoleculePct": 0.912919198525303, "activatedTokens": {"C": 3460408, "c": 2577792, "1": 939469, "2": 868146, "O": 802483, "N": 780176, "=": 576346, "n": 430076, "F": 293545, "3": 285541, "[C@@H]": 189771, "[C@H]": 185864, "others": 95464, "-": 68551, "S": 63224, "o": 50994, "4": 47819, "#": 43585, "[nH]": 40020, "Cl": 30380, "(": 26460, "s": 26156}}}