{"0.20": {"activatedMoleculePct": 0.5264615693336839, "activatedTokens": {"=": 1107503, "others": 9975}}, "0.00": {"activatedMoleculePct": 0.692334226578675, "activatedTokens": {"=": 1554370, "#": 13677, "others": 12381, "c": 4966}}}