{"0.20": {"activatedMoleculePct": 0.16225548965053577, "activatedTokens": {"C": 199862, "O": 20768, "-": 13916, "N": 10312, "S": 5069, "others": 2488, "1": 1575, "[C@H]": 1540, "=": 1327, "[C@@H]": 1126, "c": 839}}, "0.00": {"activatedMoleculePct": 0.3602564168289473, "activatedTokens": {"C": 466720, "O": 74247, "N": 36772, "-": 28926, "c": 14982, "=": 11834, "1": 9539, "S": 8281, "[C@H]": 6990, "[C@@H]": 6665, "others": 6305, "2": 5045, "(": 4698, "o": 2455, "s": 2260, "n": 2103, ")": 1834}}}