{"0.20": {"activatedMoleculePct": 0.01801553060457745, "activatedTokens": {"C": 40820, "1": 21923, "(": 19838, "2": 14749, "=": 14735, ")": 12465, "O": 11441, "[C@H]": 6775, "[C@@H]": 6743, "N": 6739, "3": 5752, "c": 3597, "[C@]": 2145, "others": 1236, "[C@@]": 1025}}, "0.00": {"activatedMoleculePct": 0.07535558317398217, "activatedTokens": {"C": 146758, "(": 72299, "=": 62809, "1": 57006, "O": 52246, ")": 39691, "c": 31237, "2": 25156, "N": 18863, "[C@@H]": 13718, "[C@H]": 12184, "3": 10951, "others": 5103, "[C@]": 2637, "F": 2542, "[C@@]": 1953, "#": 1800}}}