{"0.20": {"activatedMoleculePct": 0.02212704687816978, "activatedTokens": {"c": 93038, "(": 71128, ")": 52123, "C": 42640, "n": 29755, "=": 29527, "1": 28090, "O": 26869, "2": 25821, "3": 8308, "N": 4605, "others": 4260, "-": 3611, "[nH]": 3209, "F": 2274, "S": 1513, "o": 1324, "s": 1289}}, "0.00": {"activatedMoleculePct": 0.11312382226004498, "activatedTokens": {"c": 183530, "(": 179744, "C": 117109, ")": 108627, "O": 65575, "=": 60175, "1": 57715, "2": 55248, "n": 49280, "3": 18135, "N": 16835, "F": 9712, "others": 8933, "-": 8005, "[nH]": 5697, "[C@@H]": 4639, "S": 4347, "s": 3043, "o": 2880, "4": 2777}}}