{"0.20": {"activatedMoleculePct": 0.19681815219055054, "activatedTokens": {"c": 261545, "n": 17104, "[C@@H]": 15878, "[C@H]": 5509, "C": 5475, "N": 3293, "others": 1610}}, "0.00": {"activatedMoleculePct": 0.2620091941530635, "activatedTokens": {"c": 352095, "[C@@H]": 28363, "[C@H]": 26219, "n": 25464, "C": 24416, "N": 4966, "others": 3583, "O": 3507, "[C@]": 1742, "s": 1533, "2": 1402}}}