{"0.20": {"activatedMoleculePct": 0.8586353193455849, "activatedTokens": {"C": 4670401, "c": 4171458, "1": 1442507, "N": 1132769, "O": 1074066, "2": 889020, "=": 593480, "n": 396203, "3": 289663, "[C@H]": 251715, "[C@@H]": 226508, "F": 198651, "others": 134697, "o": 54038, "4": 53459, "Cl": 53281, "s": 48341, "-": 30348, "#": 29959}}, "0.00": {"activatedMoleculePct": 0.988222783541924, "activatedTokens": {"C": 8545206, "c": 7180224, "1": 2583996, "O": 2097370, "N": 1892848, "2": 1593511, "=": 1339137, "n": 802211, "3": 538795, "[C@H]": 446014, "[C@@H]": 424158, "F": 348629, "others": 279352, "4": 102943, "Cl": 98736, "o": 87595, "-": 76551, "s": 76195, "S": 72120}}}