{"0.20": {"activatedMoleculePct": 0.015745920891028706, "activatedTokens": {"[C@H]": 5908, "c": 5197, "N": 3311, "F": 2819, "O": 2763, "2": 2621, "C": 2277, ")": 980, "=": 630, "[C@@]": 557, "[nH]": 556, "(": 511, "s": 491, "4": 369, "o": 340, "others": 303, "[C@]": 266, "[N+]": 228, "3": 224, "S": 212, "-": 202, "Br": 180, "[O-]": 173}}, "0.00": {"activatedMoleculePct": 0.051908808414620124, "activatedTokens": {"N": 16320, "[C@H]": 14768, "F": 13486, "c": 13421, "C": 10461, "O": 9836, "2": 8224, ")": 3415, "=": 2462, "s": 1905, "(": 1815, "[nH]": 1675, "o": 1413, "4": 1363, "[C@@]": 1318, "[N+]": 1314, "[O-]": 1124, "3": 1086, "-": 1046, "others": 864, "S": 860, "[C@@H]": 631, "[C@]": 570, "Br": 529}}}