{"0.20": {"activatedMoleculePct": 0.05952836938905095, "activatedTokens": {"c": 205886, "C": 113008, "1": 51674, "(": 51294, "n": 43837, "2": 43804, "O": 35808, ")": 35002, "=": 28540, "N": 20099, "o": 19228, "3": 18445, "-": 8577, "others": 6107, "4": 5012, "F": 4371, "Cl": 3178, "[C@H]": 3047, "[C@@H]": 2235}}, "0.00": {"activatedMoleculePct": 0.184705510999075, "activatedTokens": {"c": 426943, "C": 314692, "(": 170445, "1": 130422, ")": 110833, "O": 102391, "2": 99300, "n": 85189, "=": 83678, "N": 70956, "3": 40241, "o": 36857, "-": 20527, "[C@H]": 13201, "others": 12425, "[C@@H]": 10434, "4": 10308, "F": 10113, "S": 8644, "Cl": 7677}}}