{"0.20": {"activatedMoleculePct": 0.09125237195819934, "activatedTokens": {"c": 248600, "C": 10555, "n": 7113, "1": 4292, "s": 3212, "others": 2797, "F": 2598, "2": 2339, "[nH]": 1904, "Cl": 1835, "Br": 1584}}, "0.00": {"activatedMoleculePct": 0.2240585953320302, "activatedTokens": {"c": 610439, "C": 60311, "1": 30161, "n": 26821, "2": 17540, "[C@@H]": 10554, "others": 7901, "s": 7196, "F": 6966, "[nH]": 5785, "Cl": 5594, "3": 5113, "Br": 4282, "[C@H]": 4177, "(": 2939}}}