{"0.20": {"activatedMoleculePct": 0.002680468393542561, "activatedTokens": {"C": 59336, "O": 8840, "(": 7616, ")": 7359, "=": 6655, "1": 1766, "c": 1708, "N": 1549, "others": 952, "2": 408, "P": 365, ".": 331, "S": 291, "[N+]": 280, "[O-]": 239, "#": 177, "[N-]": 161}}, "0.00": {"activatedMoleculePct": 0.008529894912456341, "activatedTokens": {"C": 86126, "O": 17519, "(": 15001, ")": 13218, "=": 12088, "c": 10649, "1": 5425, "N": 4255, "2": 1801, "others": 1666, ".": 968, "S": 747, "3": 723, "n": 690, "[O-]": 522, "F": 482, "[N+]": 476, "P": 456, "#": 419, "[N-]": 328, "-": 206, "4": 162}}}