{"0.20": {"activatedMoleculePct": 0.04021361721886024, "activatedTokens": {"C": 103418, "N": 44307, "2": 36343, "1": 25097, "[C@H]": 24031, "[C@@H]": 23379, "3": 19821, "(": 18283, "O": 5842, "4": 5308, "others": 2270, ")": 1685, "[C@]": 1593, "c": 1243, "[C@@]": 933}}, "0.00": {"activatedMoleculePct": 0.11205895858676332, "activatedTokens": {"C": 248021, "N": 126161, "2": 76589, "1": 62287, "(": 48192, "[C@H]": 46310, "3": 44661, "[C@@H]": 43908, "O": 23284, "c": 13925, "4": 13205, ")": 10048, "others": 7133, "=": 4264, "n": 3927, "[C@]": 1987}}}