{"0.20": {"activatedMoleculePct": 0.013468255124931066, "activatedTokens": {"C": 11487, "O": 4248, "[C@H]": 2320, "2": 1717, ")": 1544, "N": 1477, "c": 1261, ".": 817, "=": 701, "n": 665, "[C@]": 585, "3": 522, "1": 430, "[C@@H]": 403, "s": 364, "[O-]": 342, "[nH]": 309, "o": 292, "others": 236, "(": 124, "4": 124, "[C@@]": 68}}, "0.00": {"activatedMoleculePct": 0.04723995977832673, "activatedTokens": {"C": 47450, "O": 15831, ")": 6578, "[C@H]": 6465, "c": 6177, "2": 6092, "N": 5242, "n": 3713, "3": 2334, "1": 2202, "=": 2136, "[O-]": 1835, ".": 1757, "[C@@H]": 1714, "[C@]": 1447, "s": 1369, "o": 1105, "others": 1067, "[nH]": 902, "4": 513, "(": 457, "F": 401}}}