{"0.20": {"activatedMoleculePct": 0.11649784354120635, "activatedTokens": {"-": 174919, "others": 447}}, "0.00": {"activatedMoleculePct": 0.13176186601612822, "activatedTokens": {"-": 182625, "O": 5339, "C": 3284, "\\": 2306, "others": 1818, "[C@H]": 1346, "N": 1029, ".": 978, "[C@@H]": 819, "2": 622, "o": 347}}}