{"0.20": {"activatedMoleculePct": 0.00617679519976447, "activatedTokens": {"c": 3190, "O": 1579, "[nH]": 1396, "n": 1005, "N": 576, ")": 421, "o": 291, "=": 276, "1": 243, "(": 239, "F": 170, "C": 155, "2": 150, "others": 92, "[C@H]": 77, "3": 77, "#": 65, "Cl": 49}}, "0.00": {"activatedMoleculePct": 0.02021556531884025, "activatedTokens": {"c": 12054, "O": 6158, "[nH]": 4121, "n": 3436, ")": 2287, "N": 1789, "1": 1186, "(": 1130, "=": 856, "o": 826, "[C@H]": 776, "C": 721, "F": 709, "2": 528, "others": 372, "#": 276, "3": 245, "s": 197}}}