{"0.20": {"activatedMoleculePct": 0.007707445184055168, "activatedTokens": {"O": 3881, "=": 2312, "c": 2125, "n": 1290, "(": 1256, ")": 1139, "C": 1056, "#": 1001, "1": 975, "2": 822, "[nH]": 757, "[C@H]": 586, "s": 367, "F": 229, "-": 161, "N": 133, "others": 59}}, "0.00": {"activatedMoleculePct": 0.02483388053459965, "activatedTokens": {"c": 13132, "O": 10348, ")": 7189, "=": 6307, "n": 5725, "C": 4762, "1": 4351, "[C@H]": 3758, "(": 3291, "[nH]": 3150, "2": 2675, "#": 2028, "s": 1142, "F": 676, "N": 585, "-": 568, "others": 416}}}