{"0.20": {"activatedMoleculePct": 0.23029910658377234, "activatedTokens": {"C": 536580, "c": 71367, "(": 32329, "1": 18918, "[C@H]": 15457, "N": 12950, "2": 12264, "O": 11313, "others": 6791, "=": 3992, "n": 3669, ")": 2909, "F": 2728}}, "0.00": {"activatedMoleculePct": 0.37346394879865946, "activatedTokens": {"C": 847890, "c": 233590, "(": 62543, "1": 53826, "N": 44344, "O": 44234, "2": 38651, "[C@H]": 34378, "n": 16715, "=": 16540, ")": 14861, "others": 11720, "3": 7907, "[C@@H]": 5562}}}