{"0.20": {"activatedMoleculePct": 0.06816445772147003, "activatedTokens": {"C": 19625, "=": 16961, "O": 16653, "n": 15764, "[C@H]": 10224, "N": 8295, "(": 6905, "c": 6737, "S": 6024, "F": 3287, "[nH]": 2935, "/": 2845, ")": 2144, "3": 1429, "others": 1187, "s": 628, "2": 627, "-": 594, "1": 575, "[C@@H]": 530, ".": 503, "Br": 475, "\\": 372}}, "0.00": {"activatedMoleculePct": 0.16145647571136776, "activatedTokens": {"C": 63519, "=": 62542, "O": 51098, "n": 39157, "(": 31173, "[C@H]": 20631, "c": 19749, "N": 17487, ")": 12066, "S": 11987, "F": 8325, "/": 5362, "[nH]": 5073, "3": 3755, "others": 2995, "2": 2163, "1": 1990, "-": 1857, "[C@@H]": 1618, "s": 1489, "Br": 1393, ".": 1063, "\\": 928}}}