{"0.20": {"activatedMoleculePct": 0.006585456774517681, "activatedTokens": {"C": 4319, "=": 1283, "n": 1133, "N": 981, "c": 717, "(": 710, "O": 568, "s": 370, "F": 333, "[C@H]": 298, "1": 164, ")": 154, "#": 147, "[nH]": 98, "others": 88, "2": 43, "3": 42}}, "0.00": {"activatedMoleculePct": 0.023216811077511675, "activatedTokens": {"C": 17523, "=": 7412, "N": 5963, "n": 3967, "(": 2734, "c": 2649, "O": 1980, "F": 1196, ")": 1103, "s": 964, "[C@H]": 916, "1": 800, "#": 574, "others": 482, "[nH]": 471, "2": 341, "3": 240}}}