{"0.20": {"activatedMoleculePct": 0.18617757151028283, "activatedTokens": {"c": 327689, "C": 143410, ")": 106052, "(": 65198, "1": 26915, "N": 17272, "[C@H]": 13525, "n": 13387, "[C@@H]": 11923, "O": 11775, "others": 7119, "S": 4854, "2": 4144, "3": 2870, "s": 1961, "o": 1809, "F": 1710}}, "0.00": {"activatedMoleculePct": 0.33504243708772236, "activatedTokens": {"c": 658687, "C": 324609, ")": 267291, "(": 194615, "1": 76636, "N": 42503, "O": 38989, "n": 34761, "[C@H]": 26123, "[C@@H]": 23996, "others": 16062, "2": 14846, "S": 13344, "3": 9001, "=": 7094, "o": 4952, "s": 4836, "F": 4727}}}