{"0.20": {"activatedMoleculePct": 0.24734278430358722, "activatedTokens": {"c": 369047, "C": 257088, "O": 23669, "n": 21130, "1": 13050, "2": 10379, "others": 6616, "s": 5271, "[nH]": 4757, "N": 4082, "3": 3528, "[C@H]": 2716, "Cl": 1546}}, "0.00": {"activatedMoleculePct": 0.54376230836665, "activatedTokens": {"c": 952275, "C": 729235, "n": 76912, "1": 59152, "O": 52040, "2": 31225, "N": 21321, "others": 17493, "[C@H]": 11820, "s": 11491, "[nH]": 11015, "3": 10436, "Cl": 8719, "F": 7767, "S": 6832, "=": 6698, "[C@@H]": 6693}}}