{"0.20": {"activatedMoleculePct": 0.27363993692843225, "activatedTokens": {"C": 220078, "O": 161549, "1": 153352, "=": 115007, "2": 85859, "n": 43327, "N": 40451, "c": 35978, "3": 24569, ")": 9036, "[O-]": 8626, "F": 8134, "(": 7895, "others": 7722, "4": 6287, "Cl": 3591, "[N+]": 2313, "/": 2148, "[N-]": 2118, "S": 1697}}, "0.00": {"activatedMoleculePct": 0.5113264436995444, "activatedTokens": {"C": 607157, "O": 448221, "=": 351975, "1": 340375, "2": 194181, "c": 122481, "N": 111741, "n": 108935, "3": 55561, ")": 46353, "(": 35142, "others": 24837, "F": 23463, "[O-]": 17254, "4": 13312, "[nH]": 8193, "Cl": 8163, "s": 4700, "-": 4681}}}