{"0.20": {"activatedMoleculePct": 0.6359308732101832, "activatedTokens": {"C": 2327371, "c": 406789, "N": 198234, "2": 37246, "others": 29756, "3": 23083, "1": 22677, "n": 19158, "[nH]": 17289, "F": 14837, "O": 13862, "=": 11172, "(": 7622}}, "0.00": {"activatedMoleculePct": 0.8334887174984053, "activatedTokens": {"C": 3962180, "c": 1094626, "N": 425312, "2": 104120, "1": 73755, "3": 60288, "others": 52330, "O": 51257, "(": 49841, "n": 49202, "F": 36914, "=": 35848, "[nH]": 33299, "4": 14308, ")": 12938, "-": 12765}}}