{"0.20": {"activatedMoleculePct": 0.7267028114891028, "activatedTokens": {"C": 1350338, "c": 1126947, "1": 593797, "N": 406234, "2": 372003, "n": 295830, "O": 198692, "3": 129341, "[C@@H]": 101149, "[C@H]": 84342, "=": 81640, "F": 77222, "o": 50736, "others": 44280, "s": 36746, "4": 28034, "-": 25889, "Br": 20459, "#": 16384, "Cl": 15947, "S": 15639, "[nH]": 13930, "[O-]": 10435}}, "0.00": {"activatedMoleculePct": 0.9218606844861666, "activatedTokens": {"C": 3143159, "c": 3000814, "1": 1285689, "N": 858702, "2": 789571, "n": 609792, "O": 456214, "3": 278541, "=": 273854, "[C@@H]": 214462, "F": 183057, "[C@H]": 179979, "others": 113967, "o": 88007, "s": 66559, "4": 59296, "-": 54454, "Cl": 43203, "(": 41495, "S": 40959, "Br": 36661, "#": 32192, "[nH]": 28531}}}