{"0.20": {"activatedMoleculePct": 0.40007821694656565, "activatedTokens": {"(": 1247200, "others": 5311}}, "0.00": {"activatedMoleculePct": 0.676560475687932, "activatedTokens": {"(": 2644336, "others": 18434, "c": 8409}}}