{"0.20": {"activatedMoleculePct": 0.47861081429846797, "activatedTokens": {")": 1691877, "others": 12851, "C": 7147}}, "0.00": {"activatedMoleculePct": 0.7058918306500576, "activatedTokens": {")": 2975103, "C": 29903, "others": 28858, "1": 8096, "N": 6826, "(": 4957}}}