{"0.20": {"activatedMoleculePct": 0.2708496132728592, "activatedTokens": {"C": 538373, "others": 2420}}, "0.00": {"activatedMoleculePct": 0.38361823685233915, "activatedTokens": {"C": 877867, "N": 7209, "S": 6444, "others": 4854}}}