{"0.20": {"activatedMoleculePct": 0.050337878167584935, "activatedTokens": {"C": 127215, "(": 44807, ")": 32713, "O": 25017, "N": 20253, "[C@H]": 15874, "c": 14650, "[C@@H]": 12325, "=": 10494, "1": 8327, "2": 4294, "[C@]": 4163, "n": 3386, "others": 3119, "[C@@]": 2967, "F": 2895, "3": 2171}}, "0.00": {"activatedMoleculePct": 0.20870229443700278, "activatedTokens": {"C": 403210, "(": 146250, ")": 110482, "O": 103222, "c": 90283, "N": 76447, "=": 66889, "1": 47574, "[C@H]": 41385, "[C@@H]": 33124, "n": 21692, "2": 21009, "3": 12103, "F": 10619, "others": 10102, "[C@]": 6881, "[C@@]": 4760, "[nH]": 2797, "S": 2754}}}