{"0.20": {"activatedMoleculePct": 0.44879756092023554, "activatedTokens": {"(": 1222120, "O": 160709, "c": 138853, "C": 70902, ")": 39444, "N": 22504, "1": 20960, "others": 16310, "2": 14690, "[C@H]": 12799, "/": 9296, "[C@@H]": 7897, "n": 5896, "3": 4428, "[nH]": 4417, "o": 4202}}, "0.00": {"activatedMoleculePct": 0.6800143251261688, "activatedTokens": {"(": 2260421, "O": 486601, "c": 366356, ")": 183480, "C": 146351, "1": 48891, "N": 46157, "2": 46065, "others": 36325, "n": 26863, "[C@H]": 26788, "[C@@H]": 18621, "/": 14006, "3": 13810, "o": 12772, "[nH]": 10833, "=": 9812}}}