{"0.20": {"activatedMoleculePct": 0.2198159851124149, "activatedTokens": {"c": 423313, "=": 141111, "C": 79598, ")": 27747, "n": 20897, "1": 13473, "F": 8027, "others": 6505, "[C@H]": 4924, "O": 3207, "N": 3135, "[C@@H]": 2053}}, "0.00": {"activatedMoleculePct": 0.43445119606747457, "activatedTokens": {"c": 869025, "=": 481331, "C": 187909, ")": 136489, "n": 70994, "1": 28217, "F": 26373, "others": 16782, "[C@H]": 14600, "O": 8717, "N": 8659, "[C@@H]": 6632, "[N+]": 4584}}}