{"0.20": {"activatedMoleculePct": 0.1862295696676439, "activatedTokens": {"c": 243733, "C": 33014, "1": 31401, "2": 15793, "[C@H]": 12563, "N": 12434, "[C@@H]": 10595, "S": 7965, "n": 4400, "(": 4324, "3": 4323, "others": 3757, "O": 2871, "[N+]": 1209, "[nH]": 949}}, "0.00": {"activatedMoleculePct": 0.3896719941586295, "activatedTokens": {"c": 542400, "C": 103963, "1": 78837, "N": 46620, "2": 34446, "(": 33415, "S": 30221, "[C@H]": 25133, "[C@@H]": 24029, "n": 19988, "O": 14088, "3": 10768, "[N+]": 8615, "others": 8089, "[nH]": 5753, "s": 3848, "-": 3481, "=": 2931, "F": 2833}}}