{"0.20": {"activatedMoleculePct": 0.018295295338548286, "activatedTokens": {"O": 20855, "C": 5193, "c": 4106, "n": 1458, "N": 1366, "2": 1176, "1": 984, "[C@H]": 981, "3": 473, "others": 379, "-": 313, "#": 227, "Cl": 193, "4": 172, "S": 95, "o": 94, "F": 76, "[nH]": 76}}, "0.00": {"activatedMoleculePct": 0.059499807020923036, "activatedTokens": {"O": 71892, "C": 19951, "c": 15872, "N": 6524, "n": 6229, "[C@H]": 4753, "2": 3725, "1": 3238, "3": 1475, "others": 1341, "-": 1054, "#": 922, "F": 694, "4": 636, ")": 554, "o": 551, "S": 451, "s": 412, "Cl": 373, "[nH]": 354, "Br": 280}}}