{"0.20": {"activatedMoleculePct": 0.2107551231001448, "activatedTokens": {"C": 799575, "c": 276467, "O": 215775, "1": 201925, "(": 189716, "=": 174598, "2": 142740, "n": 94776, "[C@H]": 93296, "[C@@H]": 88818, "3": 50271, ")": 43865, "N": 43555, "others": 17113, "F": 15001, "s": 12756, "o": 10928, "4": 8928, "/": 8782, "Cl": 8415}}, "0.00": {"activatedMoleculePct": 0.2484017890295606, "activatedTokens": {"C": 1381844, "c": 504237, "(": 457671, "O": 379094, "1": 359471, "=": 314268, "2": 240571, "n": 182477, ")": 167394, "[C@H]": 141785, "[C@@H]": 135712, "3": 86103, "N": 59498, "others": 43277, "F": 26749, "o": 22419, "s": 18957, "4": 15085, "Cl": 11837}}}