{"0.20": {"activatedMoleculePct": 0.12930110814664653, "activatedTokens": {"2": 106771, "3": 60901, "4": 17486, "5": 3342, "others": 1278, "6": 646}}, "0.00": {"activatedMoleculePct": 0.17284700164709657, "activatedTokens": {"2": 138358, "3": 81135, "4": 23898, "1": 8616, "[C@H]": 6461, "5": 4579, "c": 4432, "N": 2209, "others": 2068, "=": 965}}}