{"0.20": {"activatedMoleculePct": 0.1628347930656429, "activatedTokens": {"c": 174050, "1": 129409, "C": 73989, "N": 30331, "n": 27254, "[C@H]": 15098, "[C@@H]": 11823, "others": 4529, "O": 3348, "2": 3191, "s": 2432, "-": 2001, "S": 1920}}, "0.00": {"activatedMoleculePct": 0.37676326850164016, "activatedTokens": {"c": 377467, "1": 271875, "C": 222364, "n": 88255, "N": 80194, "[C@H]": 27670, "[C@@H]": 26187, "2": 18087, "O": 10759, "-": 10521, "S": 10363, "others": 8529, "o": 7323, "F": 6057, "=": 5366, "s": 5312, "Cl": 4060, "[nH]": 3535}}}