{"0.20": {"activatedMoleculePct": 0.23710427388235086, "activatedTokens": {"O": 527379, "=": 488920, "C": 458862, "others": 206}}, "0.00": {"activatedMoleculePct": 0.28493379023357424, "activatedTokens": {"O": 583497, "=": 556737, "C": 502872, "others": 6219}}}