{"0.20": {"activatedMoleculePct": 0.03413349464968256, "activatedTokens": {"C": 13606, "=": 13543, "c": 7501, ")": 5967, "n": 5146, "O": 5088, "(": 4197, "3": 3288, "2": 2735, "[C@H]": 2415, "1": 1746, "S": 1193, "4": 1137, "[C@@H]": 796, "[nH]": 694, "others": 677, "s": 649, "N": 495, "/": 446, "5": 255, "o": 202, ".": 188, "[S@@]": 116}}, "0.00": {"activatedMoleculePct": 0.09704394137244376, "activatedTokens": {"=": 54545, "C": 42932, ")": 25120, "O": 20536, "c": 18346, "(": 13331, "n": 12859, "3": 9102, "2": 8646, "1": 5686, "[C@H]": 5323, "S": 3026, "4": 2694, "others": 2165, "N": 1997, "[C@@H]": 1960, "[nH]": 1552, "/": 1415, "s": 1338, "o": 710, "5": 691}}}