{"0.20": {"activatedMoleculePct": 0.017051733772363784, "activatedTokens": {"c": 28795, "n": 14441, ")": 12778, "(": 12471, "C": 9217, "2": 3206, "3": 2963, "O": 2060, "F": 1998, "N": 1733, "1": 1586, "[C@@H]": 1447, "Cl": 1075, "=": 818, "others": 776, "[C@]": 572, "#": 245}}, "0.00": {"activatedMoleculePct": 0.04671997820471601, "activatedTokens": {"c": 63853, "n": 35814, ")": 29010, "C": 27859, "(": 24333, "[C@@H]": 7729, "1": 7448, "N": 6266, "2": 5982, "O": 5971, "3": 5857, "F": 3361, "=": 2994, "[C@]": 2230, "others": 2140, "Cl": 1354, "o": 547, "S": 517}}}