{"0.20": {"activatedMoleculePct": 0.24529508221933993, "activatedTokens": {"N": 339720, "others": 3395, "C": 1643, "O": 1212, "S": 1130, "[C@H]": 1029}}, "0.00": {"activatedMoleculePct": 0.37874505742866915, "activatedTokens": {"N": 516700, "C": 14792, "S": 8902, "O": 8473, "others": 5480, "n": 5311, "[C@@H]": 5120, "=": 4179, "Cl": 2900, "[C@H]": 2873, "(": 1871, "c": 1302}}}