{"0.20": {"activatedMoleculePct": 0.8912000808534729, "activatedTokens": {"=": 2247240, "others": 513}}, "0.00": {"activatedMoleculePct": 0.8951182518658917, "activatedTokens": {"=": 2262773, "others": 11644}}}