{"0.20": {"activatedMoleculePct": 0.01290945802540293, "activatedTokens": {"C": 44115, "(": 33834, ")": 29870, "c": 14961, "O": 14588, "1": 14488, "2": 13461, "N": 8251, "=": 7968, "[C@@H]": 7187, "[C@H]": 5232, "3": 4678, "n": 2640, "others": 1741, "F": 1642, "4": 941}}, "0.00": {"activatedMoleculePct": 0.07259308951812356, "activatedTokens": {"C": 93946, "(": 79312, "c": 56140, ")": 54101, "O": 42168, "2": 32002, "=": 26861, "1": 19211, "N": 14299, "3": 14258, "n": 12026, "[C@@H]": 11528, "F": 9665, "[C@H]": 8580, "others": 3986, "4": 2884, "S": 1517, "[C@]": 1079, "Cl": 870}}}