{"0.20": {"activatedMoleculePct": 0.16653984486972265, "activatedTokens": {"C": 290238, "c": 195327, "1": 139271, "N": 97002, "n": 41966, "[C@H]": 33273, "[C@@H]": 32939, "O": 30102, "2": 28702, "S": 12684, "others": 8650, "=": 7834, "s": 7238, "F": 6939, "[nH]": 5957, "Cl": 5085, "-": 4833, "/": 4645, "o": 4313, "Br": 2037}}, "0.00": {"activatedMoleculePct": 0.4127005865538624, "activatedTokens": {"C": 733483, "c": 590784, "1": 296829, "N": 209785, "n": 108525, "2": 101424, "O": 82089, "[C@@H]": 80014, "[C@H]": 78739, "S": 31649, "=": 21955, "others": 20042, "F": 17023, "(": 14893, "s": 14853, "-": 12417, "Cl": 11978, "[nH]": 11940, "o": 10615, "3": 8746, "/": 8701, ")": 6888}}}