{"0.20": {"activatedMoleculePct": 0.311580282591676, "activatedTokens": {"C": 550459, "c": 141644, "(": 132834, "=": 131785, "O": 121716, ")": 76558, "[C@@H]": 48909, "[C@H]": 46937, "N": 44399, "S": 40799, "1": 20975, "n": 17679, "others": 13526, "F": 13300, "2": 10920, "o": 5611}}, "0.00": {"activatedMoleculePct": 0.5053495850766753, "activatedTokens": {"C": 1199069, "(": 411780, "c": 392223, "=": 350652, ")": 271211, "O": 264967, "[C@@H]": 85902, "[C@H]": 81990, "N": 81381, "1": 73710, "S": 70395, "n": 45476, "2": 44241, "F": 33220, "others": 30031, "o": 10522, "3": 8673, "#": 7565}}}