{"0.20": {"activatedMoleculePct": 0.7720510636552654, "activatedTokens": {"(": 3358476, "others": 1151}}, "0.00": {"activatedMoleculePct": 0.9160390879669672, "activatedTokens": {"(": 4690925, "others": 7258}}}