{"0.20": {"activatedMoleculePct": 0.19930088111243832, "activatedTokens": {"c": 269470, "[C@@H]": 27183, "n": 21836, "[C@H]": 21779, "C": 11948, "others": 3441, "N": 2289, "[C@@]": 2029}}, "0.00": {"activatedMoleculePct": 0.2494029366508646, "activatedTokens": {"c": 388817, "C": 32478, "n": 32201, "[C@@H]": 31493, "[C@H]": 28062, "N": 4570, "others": 4001, "s": 3575, "[C@@]": 3303, "O": 2303, "[C@]": 2293, "1": 1662}}}