{"0.20": {"activatedMoleculePct": 0.08619683279955882, "activatedTokens": {"C": 356259, "c": 64308, "1": 42872, "O": 42379, "N": 36271, "=": 22011, "n": 11208, "[C@H]": 9639, "[C@@H]": 7576, "others": 6188, "#": 5681, ")": 5527, "2": 2872, "(": 2600, "S": 2565, "o": 1939, "s": 1663, "[nH]": 1354}}, "0.00": {"activatedMoleculePct": 0.2540520113399925, "activatedTokens": {"C": 754580, "c": 174558, "O": 148758, "1": 139027, "N": 114903, "=": 66125, "n": 38686, "2": 31442, "[C@H]": 29285, ")": 23736, "[C@@H]": 20753, "(": 16303, "others": 13660, "#": 12344, "3": 8449, "Cl": 7930, "F": 7626, "S": 7101, "s": 6550, "[nH]": 4462, "o": 4136}}}