{"0.20": {"activatedMoleculePct": 0.464567649968911, "activatedTokens": {")": 1557863, "others": 7992}}, "0.00": {"activatedMoleculePct": 0.71129158296306, "activatedTokens": {")": 2926309, "others": 26075, "C": 6784}}}