{"0.20": {"activatedMoleculePct": 0.019034987436219866, "activatedTokens": {"O": 5307, "c": 4691, "N": 4212, ")": 4126, "F": 2945, "[C@H]": 2352, "1": 2137, "Br": 1690, "[nH]": 1680, "=": 1327, "#": 1220, "C": 1158, "Cl": 606, "[C@@]": 516, "s": 499, "2": 487, "[C@@H]": 331, "others": 326, "o": 233, "4": 212, "3": 144, "(": 97, "I": 65}}, "0.00": {"activatedMoleculePct": 0.06763056114800213, "activatedTokens": {"c": 24317, "O": 20085, ")": 16566, "N": 14206, "F": 11834, "[C@H]": 9597, "1": 8800, "=": 7334, "C": 6315, "[nH]": 4373, "Br": 3853, "#": 3416, "[C@@]": 2104, "[C@@H]": 1974, "2": 1963, "s": 1858, "Cl": 1745, "others": 1088, "o": 820, "3": 649, "4": 584, "n": 423, "(": 387}}}