{"0.20": {"activatedMoleculePct": 0.08934381987252396, "activatedTokens": {"c": 306066, "C": 201888, "1": 93249, "O": 90723, "=": 66132, "2": 63251, "n": 50853, "N": 36755, "(": 31970, "3": 27698, "F": 20693, "others": 10388, "o": 9893, "[nH]": 9124, "[C@@H]": 8441, "s": 7205, "Cl": 6169, "4": 6018, "[C@H]": 5786, ")": 5231}}, "0.00": {"activatedMoleculePct": 0.25584558158474274, "activatedTokens": {"c": 596110, "C": 543424, "O": 212818, "1": 211244, "2": 143090, "=": 138869, "N": 125065, "n": 116034, "(": 81891, "3": 55148, "F": 39003, "[C@@H]": 27159, ")": 24738, "others": 24083, "[C@H]": 19025, "o": 15920, "[nH]": 15603, "Cl": 14489, "4": 10661, "s": 10230}}}