{"0.20": {"activatedMoleculePct": 0.06885947534591591, "activatedTokens": {"C": 108641, "[C@H]": 18367, "[C@@H]": 10713, "O": 6962, "N": 4818, "others": 1313, "[C@]": 579, "[C@@]": 478, "c": 404}}, "0.00": {"activatedMoleculePct": 0.20400927764306268, "activatedTokens": {"C": 313378, "[C@H]": 48394, "N": 47694, "[C@@H]": 37234, "O": 20143, "c": 14045, "=": 10510, "1": 5586, "s": 5190, "(": 4438, "others": 4305, "[C@]": 3534, "[C@@]": 2483, "2": 2159, "n": 1711, "/": 1257, "F": 1090}}}