{"0.20": {"activatedMoleculePct": 0.8800160828103613, "activatedTokens": {"(": 4469620, "others": 267}}, "0.00": {"activatedMoleculePct": 0.9623745727545767, "activatedTokens": {"(": 5483026, "others": 3201}}}