{"0.20": {"activatedMoleculePct": 0.2503374387465368, "activatedTokens": {"C": 395354, "[C@@H]": 15189, "c": 7088, "n": 4800, "others": 2737, "[C@H]": 2179}}, "0.00": {"activatedMoleculePct": 0.46319445919353053, "activatedTokens": {"C": 862576, "c": 45208, "[C@@H]": 42824, "n": 20326, "others": 7586, "[C@H]": 7359, "[nH]": 4267}}}