{"0.20": {"activatedMoleculePct": 0.25350932634556217, "activatedTokens": {"C": 136353, "N": 110850, "(": 100553, "1": 85287, ")": 72234, "c": 63791, "O": 39218, "2": 33140, "n": 27533, "=": 23740, "[C@@H]": 23516, "3": 23330, "[C@H]": 17444, "Cl": 11305, "s": 11081, "F": 7332, "others": 6707, "#": 5977, "4": 5798, "[nH]": 5266, "Br": 5141, "-": 4335, "S": 3668, "/": 3576}}, "0.00": {"activatedMoleculePct": 0.5062884813828288, "activatedTokens": {"C": 411534, "(": 339492, ")": 299348, "N": 256114, "1": 239983, "c": 224119, "O": 114029, "n": 86971, "=": 82357, "2": 81754, "[C@@H]": 55694, "3": 55243, "[C@H]": 41100, "Cl": 27219, "F": 26241, "s": 23071, "others": 22154, "[nH]": 14993, "-": 14554, "#": 13055, "4": 12361, "Br": 11062, "S": 8513}}}