{"0.20": {"activatedMoleculePct": 0.3565894481823714, "activatedTokens": {"[C@@H]": 477588, "[C@]": 38739, "[C@H]": 31455, "[C@@]": 24736, "C": 7456, "others": 3597}}, "0.00": {"activatedMoleculePct": 0.5011721556458647, "activatedTokens": {"[C@@H]": 631152, "[C@H]": 87786, "[C@]": 44027, "c": 43593, "C": 40269, "[C@@]": 32882, "N": 25835, "others": 1856}}}