{"0.20": {"activatedMoleculePct": 0.32910805583283836, "activatedTokens": {"c": 477882, "C": 366709, "=": 238882, "1": 84811, "2": 53278, "(": 49895, "N": 44382, "n": 36660, "O": 26696, "[C@@H]": 24709, "[C@H]": 21747, "3": 14398, "others": 12320}}, "0.00": {"activatedMoleculePct": 0.5737205706907625, "activatedTokens": {"c": 1125651, "C": 855720, "=": 575927, "1": 211764, "(": 197257, "2": 138917, "O": 118575, "n": 101059, "N": 94525, "[C@@H]": 57757, "[C@H]": 50623, "3": 38380, "others": 31325, ")": 9227}}}