{"0.20": {"activatedMoleculePct": 0.27129855511035694, "activatedTokens": {"C": 656491, "[C@H]": 11749, "others": 5689, "O": 5107, "N": 1849}}, "0.00": {"activatedMoleculePct": 0.4771497393134632, "activatedTokens": {"C": 1318747, "c": 24813, "[C@H]": 23575, "O": 17905, "others": 13328, "n": 10848, "N": 5556, "=": 5282}}}