{"0.20": {"activatedMoleculePct": 0.13349318494572784, "activatedTokens": {"n": 230514, "c": 8821, "others": 1883, "=": 1296}}, "0.00": {"activatedMoleculePct": 0.2227762182399283, "activatedTokens": {"n": 376176, "c": 47047, "C": 15191, "1": 12177, "N": 6187, "2": 5087, "[nH]": 4558, "=": 4069, "others": 3790, "o": 2755}}}