{"0.20": {"activatedMoleculePct": 0.25737989341110107, "activatedTokens": {"c": 345987, "C": 341454, "n": 55257, "O": 34329, "[nH]": 19274, "N": 17950, "s": 10434, "o": 9660, "F": 8323, "others": 7274, "S": 5611, "2": 3561, "[C@H]": 3531, "3": 3254, "=": 3121, "Cl": 2591, "Br": 2265, "[C@@H]": 1633}}, "0.00": {"activatedMoleculePct": 0.5506692748747101, "activatedTokens": {"c": 884909, "C": 773665, "n": 150173, "O": 92963, "N": 66940, "F": 62669, "[nH]": 32533, "2": 24722, "s": 22406, "o": 21863, "3": 19900, "others": 18283, "=": 16873, "[C@H]": 15617, "Cl": 14342, "1": 14074, "S": 13511, "[C@@H]": 12078, "-": 11069, "[O-]": 10300, "4": 8322, "Br": 7019, "#": 5745}}}