{"0.20": {"activatedMoleculePct": 0.35998470814752537, "activatedTokens": {"C": 296191, "c": 109791, "[C@@H]": 101318, "[C@H]": 99707, "O": 60978, "1": 38134, "n": 24738, "2": 21344, "N": 20924, "=": 11820, "[C@@]": 8908, "[C@]": 7950, "F": 7255, "others": 7188, "#": 5429, "s": 5234, "S": 4383, "(": 3130, "o": 2504, "Cl": 1976}}, "0.00": {"activatedMoleculePct": 0.6586342940298059, "activatedTokens": {"C": 747910, "c": 320971, "[C@@H]": 190769, "[C@H]": 163487, "1": 156800, "O": 127179, "2": 77236, "n": 65089, "N": 55497, "=": 46397, "(": 29346, "F": 18747, ")": 17095, "others": 16169, "[C@@]": 14909, "[C@]": 13981, "3": 11743, "#": 10553, "S": 9804, "s": 9559, "o": 5602, "Cl": 4983}}}