{"0.20": {"activatedMoleculePct": 0.017049536667123177, "activatedTokens": {"C": 25178, ")": 8496, "c": 7654, "(": 6636, "O": 4247, "=": 3710, "1": 2982, "n": 2932, "3": 794, "N": 766, "2": 628, "others": 539, "S": 524, "Cl": 275, "[C@@H]": 214, "s": 213}}, "0.00": {"activatedMoleculePct": 0.05719211414987041, "activatedTokens": {"C": 77774, "c": 23463, ")": 21474, "(": 15085, "O": 13803, "=": 12541, "n": 10931, "1": 7177, "N": 4063, "3": 3005, "2": 2180, "others": 1690, "S": 1577, "[C@@H]": 1238, "F": 852, "Cl": 738, "[nH]": 729}}}