{"0.20": {"activatedMoleculePct": 0.32704497401190685, "activatedTokens": {"C": 574489, "2": 21288, "c": 18374, "[C@H]": 18229, "[C@@H]": 14212, "3": 8949, "others": 6173, "O": 5466, "=": 5417, "1": 4800, "(": 4677, "S": 3523, "n": 3053, "N": 2912}}, "0.00": {"activatedMoleculePct": 0.45135938563078526, "activatedTokens": {"C": 823497, "c": 71230, "(": 42623, "2": 39410, "[C@H]": 35561, "[C@@H]": 34773, ")": 30764, "1": 19751, "=": 18977, "n": 18091, "3": 17055, "O": 16887, "N": 10653, "others": 10402, "S": 7517}}}