{"0.20": {"activatedMoleculePct": 0.21739916934774536, "activatedTokens": {"c": 397116, "C": 68770, "n": 26002, "[C@H]": 10386, "s": 3614, "others": 3196, "o": 2966, "[C@@H]": 2148}}, "0.00": {"activatedMoleculePct": 0.3697252080475571, "activatedTokens": {"c": 637467, "C": 128060, "n": 69684, "[C@H]": 32335, "1": 9212, "o": 8987, "[C@@H]": 8094, "others": 7719, "s": 7716, "=": 5581, "N": 5482, "[nH]": 4913, "O": 3817}}}