{"0.20": {"activatedMoleculePct": 0.1384483896317139, "activatedTokens": {"C": 208872, "c": 197283, "1": 120249, "n": 37230, "s": 13568, "O": 11298, "o": 9128, "others": 6091, "2": 5472, "(": 5166, "-": 4609, "F": 3565, "Br": 2673, "=": 2539, "Cl": 1914}}, "0.00": {"activatedMoleculePct": 0.3236768116780538, "activatedTokens": {"C": 542664, "c": 468920, "1": 264988, "n": 81312, "O": 32603, "(": 29962, "s": 21219, "o": 16939, "2": 15127, "others": 12956, "-": 10773, "F": 8222, "[C@H]": 6984, "=": 6428, ")": 5658, "N": 5476, "Br": 5377, "[C@@H]": 4342, "Cl": 3625}}}