{"0.20": {"activatedMoleculePct": 0.0013167984075381216, "activatedTokens": {"n": 1026, "O": 376, "C": 335, "=": 96, "s": 70, "[nH]": 58, "o": 53, "[C@H]": 48, "(": 34, "c": 26, ".": 24, "others": 20, "S": 19, ")": 13, "N": 7}}, "0.00": {"activatedMoleculePct": 0.023814423702957232, "activatedTokens": {"n": 17297, "C": 7806, "O": 5829, "=": 3972, "[C@H]": 2685, "[nH]": 1550, "(": 1263, "s": 936, "S": 691, "o": 686, "c": 663, ")": 635, "1": 375, "others": 330, ".": 164, "N": 124}}}