{"0.20": {"activatedMoleculePct": 0.2531570571386513, "activatedTokens": {"1": 220365, "2": 121802, "3": 39465, "O": 15038, "N": 11603, "4": 5117, "C": 4996, "others": 3751}}, "0.00": {"activatedMoleculePct": 0.4597091179135117, "activatedTokens": {"1": 429758, "2": 246672, "3": 81653, "O": 33155, "C": 27917, "N": 23221, "4": 11214, "=": 8607, "others": 7743, "o": 7500, "s": 6368, "[C@@H]": 3141, ".": 2962, "n": 2236, "-": 1975}}}