{"0.20": {"activatedMoleculePct": 0.007222617294294191, "activatedTokens": {")": 4946, "(": 4132, "O": 3938, "C": 3820, "=": 2409, "c": 2177, "3": 927, "4": 517, "N": 424, "n": 329, "o": 276, "others": 193, "[C@@H]": 184, "#": 169, "1": 151, "[nH]": 147, "S": 116, "5": 68}}, "0.00": {"activatedMoleculePct": 0.02429266027699638, "activatedTokens": {")": 18246, "(": 17212, "C": 15171, "c": 13081, "O": 12930, "=": 6405, "3": 3480, "n": 3016, "4": 2074, "[C@@H]": 1507, "o": 1396, "N": 1239, "[nH]": 1125, "others": 985, "1": 609, "#": 595, "S": 519, "5": 415, "2": 348}}}