{"0.20": {"activatedMoleculePct": 0.012261311979423378, "activatedTokens": {"C": 8974, "c": 2333, "(": 1557, "N": 1198, "O": 1179, ")": 1079, "=": 881, "s": 880, "3": 782, "F": 779, "[C@H]": 694, "1": 660, "n": 623, "S": 509, "I": 480, "2": 462, "others": 221, "[Si]": 165, "o": 143, "[C@]": 142, "4": 121, "[n+]": 106, "[nH]": 99, "[C@@H]": 91, "/": 46, "Br": 44, "Cl": 39}}, "0.00": {"activatedMoleculePct": 0.036661630413209585, "activatedTokens": {"C": 30878, "c": 7466, "(": 5246, "O": 5041, "=": 4728, "N": 4340, ")": 3940, "1": 2573, "s": 2445, "F": 2423, "n": 2259, "[C@H]": 2235, "3": 2128, "S": 1904, "2": 1291, "I": 918, "others": 744, "o": 393, "[C@]": 388, "4": 351, "[C@@H]": 310, "[Si]": 255, "[nH]": 213, "Cl": 201, "[n+]": 190, "/": 183, "#": 162}}}