{"0.20": {"activatedMoleculePct": 0.5535804393185165, "activatedTokens": {"(": 1896594, "others": 2532}}, "0.00": {"activatedMoleculePct": 0.8042489085879717, "activatedTokens": {"(": 3442430, "others": 14324}}}