{"0.20": {"activatedMoleculePct": 0.05875059413387548, "activatedTokens": {"(": 19523, "=": 19064, "2": 18186, "C": 10414, "3": 9198, "4": 2850, "[C@@H]": 1752, "O": 1748, "[C@H]": 1701, "others": 591, "s": 474, "S": 471, "F": 420, "5": 375}}, "0.00": {"activatedMoleculePct": 0.15834098048018466, "activatedTokens": {"C": 86430, "(": 70662, "=": 26900, "2": 21633, "3": 10645, "[C@@H]": 5261, "O": 4681, "n": 3676, "s": 3666, "[C@H]": 3615, "4": 3206, "1": 2446, "N": 2409, "F": 1860, "others": 1731, "o": 987, "S": 878, "c": 845}}}