{"0.20": {"activatedMoleculePct": 0.14068797224030766, "activatedTokens": {"C": 82605, "F": 47689, "O": 37019, "Cl": 31980, "Br": 9213, "=": 6995, "N": 5722, "c": 2546, "others": 2103, "#": 1406, "[O-]": 1259, "I": 1030, "[C@H]": 551}}, "0.00": {"activatedMoleculePct": 0.2735930653499659, "activatedTokens": {"C": 173396, "F": 84674, "O": 74937, "Cl": 61413, "c": 49481, "N": 21342, "=": 21301, "Br": 13919, "n": 5632, "others": 4335, "#": 4255, "(": 4171, "[nH]": 3939, "[C@H]": 3768, "[O-]": 3436, "[C@@H]": 2232, "S": 2193, "I": 1991, "[C@]": 1415, "[N+]": 1314}}}