{"0.20": {"activatedMoleculePct": 0.23694168809454583, "activatedTokens": {"C": 288941, "2": 89056, "1": 64008, "N": 49707, "3": 47269, "O": 18397, "[C@H]": 13535, "n": 12827, "[C@@H]": 12439, "4": 11460, "=": 9751, "c": 5792, "others": 5524, "(": 4059, "5": 1042}}, "0.00": {"activatedMoleculePct": 0.35527045266959273, "activatedTokens": {"C": 551135, "2": 147598, "1": 106535, "N": 90460, "3": 76030, "O": 32672, "c": 31858, "n": 29787, "[C@@H]": 27093, "[C@H]": 26855, "4": 19632, "(": 18391, "=": 13843, "others": 11474, "-": 3752, ")": 3202, "F": 3101, "[nH]": 2556, "s": 2510}}}