{"0.20": {"activatedMoleculePct": 0.2166089438295398, "activatedTokens": {"C": 420737, "O": 27619, "=": 16074, "[C@@H]": 5991, "S": 5110, "others": 4645, "[C@H]": 4319, "#": 4014, "N": 3340}}, "0.00": {"activatedMoleculePct": 0.5067235082204693, "activatedTokens": {"C": 1126285, "O": 107194, "=": 60765, "c": 58725, "[C@@H]": 23549, "N": 22077, "[C@H]": 18123, "others": 14400, "F": 13028, "S": 9847, "Cl": 9295, "2": 8536, "1": 7603, "#": 7442, "Br": 3032, "/": 2661}}}