{"0.20": {"activatedMoleculePct": 0.4674033804661232, "activatedTokens": {"2": 356186, "1": 327679, "3": 159344, "4": 35358, "c": 26115, "C": 21477, "F": 20569, "O": 16193, "Cl": 15930, "others": 9153, "n": 7849, "-": 7489, "N": 6173, "Br": 4195, "5": 3916, "s": 2278}}, "0.00": {"activatedMoleculePct": 0.6829130393069451, "activatedTokens": {"1": 655856, "2": 598875, "3": 266866, "c": 207565, "C": 103658, "O": 69784, "4": 57003, "F": 45767, "Cl": 38906, "N": 32345, "-": 22929, "n": 22839, "others": 21545, "=": 15057, "Br": 11033, "(": 8997, "5": 6898, "s": 5830, "#": 2794}}}