{"0.20": {"activatedMoleculePct": 0.017172574560597263, "activatedTokens": {"C": 14090, "c": 9074, ")": 8240, "1": 7528, "O": 5908, "=": 5222, "2": 2679, "n": 1299, "Cl": 954, "4": 856, "(": 708, "F": 494, "s": 484, "3": 470, "others": 461, "-": 457, "[C@@H]": 339, "[C@H]": 288, "N": 283, "#": 272, "Br": 181, "o": 162}}, "0.00": {"activatedMoleculePct": 0.05130533684186628, "activatedTokens": {"C": 42423, ")": 27051, "=": 21197, "c": 20831, "O": 20374, "1": 18872, "2": 9257, "Cl": 4057, "n": 3264, "4": 2328, "(": 2132, "3": 1823, "others": 1457, "F": 1424, "[C@@H]": 1314, "N": 1197, "s": 1187, "[O-]": 1049, "-": 973, "[C@H]": 901, "#": 524, "o": 482}}}