{"0.20": {"activatedMoleculePct": 0.06785686298778483, "activatedTokens": {"C": 87950, "=": 81861, "O": 59458, "(": 16635, "others": 2064, "[C@@H]": 1790, "N": 1521, "[C@H]": 1390, "P": 966, "S": 933}}, "0.00": {"activatedMoleculePct": 0.18045630946373786, "activatedTokens": {"C": 228540, "=": 170199, "O": 88331, "(": 44129, "N": 6679, "others": 5520, "[C@@H]": 5099, "[N+]": 4256, "[C@H]": 3296, "n": 3085, "S": 3075, "c": 2563, ")": 2164, "2": 1442}}}