{"0.20": {"activatedMoleculePct": 0.0038969323284262208, "activatedTokens": {"C": 14219, "O": 2690, "(": 2572, "1": 2406, ")": 1616, "=": 1007, "N": 837, "c": 829, "S": 610, "#": 609, "2": 556, ".": 325, "others": 297, "[C@H]": 152, "F": 147, "Cl": 116, "[C@@H]": 114, "3": 113, "n": 105, "[N-]": 69, "[Si]": 68, "[C-]": 64, "4": 55, "[N+]": 51, "P": 49, "Br": 36, "6": 35, "s": 31, "[O+]": 31, "I": 30, "[nH]": 30, "%10": 28, "8": 27, "%12": 27, "[V]": 27, "5": 26, "9": 25, "%11": 24, "[B]": 23, "%13": 23, "-": 22, "7": 22, "[CH2-]": 20, "[O-]": 19, "[c-]": 18, "o": 18, "[SiH2]": 17, "[CH]": 16, "[Cl-]": 15, "%15": 14, "%16": 14, "%14": 12, "[CH-]": 11, "[I-]": 11, "%17": 11, "[NH2+]": 9, "[Ag+]": 9, "[W]": 9, "%18": 9, "[SiH]": 8, "B": 8}}, "0.00": {"activatedMoleculePct": 0.034755275432774804, "activatedTokens": {"C": 71091, "O": 12887, "(": 10597, "1": 7570, ")": 7479, "c": 4757, "2": 3717, "=": 3477, "N": 2658, "#": 2459, "S": 1911, "[C@H]": 1628, "F": 1541, "[C@@H]": 1403, "others": 1400, "-": 1378, "n": 1189, ".": 553, "3": 523, "Cl": 339, "[nH]": 299, "[Si]": 183, "[C-]": 158, "o": 150, "[N-]": 143, "[N+]": 129, "4": 123, "P": 120, "s": 92, "[O+]": 70, "Br": 58, "5": 58}}}