{"0.20": {"activatedMoleculePct": 0.057287322043630115, "activatedTokens": {")": 374336, "others": 4}}, "0.00": {"activatedMoleculePct": 0.08051072443686362, "activatedTokens": {")": 428981, "others": 556}}}