{"0.20": {"activatedMoleculePct": 0.14355299747406133, "activatedTokens": {"C": 301080, "1": 177638, "2": 169337, "N": 146162, "3": 58062, "[C@@H]": 44483, "[C@H]": 37336, "(": 22790, "O": 20127, "c": 9205, "4": 7895, ")": 6420, "others": 5394, "=": 5365, "n": 5197}}, "0.00": {"activatedMoleculePct": 0.40451490479576807, "activatedTokens": {"C": 839365, "1": 541002, "2": 440527, "N": 348828, "3": 155474, "c": 110258, "[C@@H]": 98223, "[C@H]": 84859, "O": 69175, "(": 67529, ")": 50680, "=": 49680, "n": 38749, "4": 25964, "others": 22926, "S": 7162, "F": 6689}}}