{"0.20": {"activatedMoleculePct": 0.4456146877950071, "activatedTokens": {")": 1427189, "others": 5117}}, "0.00": {"activatedMoleculePct": 0.7026005669996258, "activatedTokens": {")": 2786786, "others": 25784}}}