{"0.20": {"activatedMoleculePct": 0.24722780246266202, "activatedTokens": {"=": 389295, "others": 48}}, "0.00": {"activatedMoleculePct": 0.5451926238782863, "activatedTokens": {"=": 1028623, "others": 4956}}}