{"0.20": {"activatedMoleculePct": 0.30437963634978793, "activatedTokens": {"O": 560123, "F": 10007, "C": 9007, "N": 7847, "S": 6787, "others": 5698, "#": 3792, "Cl": 1918, "=": 1803}}, "0.00": {"activatedMoleculePct": 0.5964283857208665, "activatedTokens": {"O": 1277551, "C": 69750, "N": 63651, "F": 51904, "=": 40486, "c": 31836, "others": 14962, "S": 10858, "#": 7775, "n": 7454, "Cl": 6724, "Br": 5100, "[C@H]": 4972, "[C@@H]": 4334, "(": 3826}}}