{"0.20": {"activatedMoleculePct": 0.545027108616827, "activatedTokens": {"C": 968213, "others": 6732}}, "0.00": {"activatedMoleculePct": 0.7079160969450716, "activatedTokens": {"C": 1527308, "c": 20279, "others": 15375, "N": 13557, "n": 11470, "O": 10452, "s": 5834, "S": 5275}}}