{"0.20": {"activatedMoleculePct": 0.34180000043942105, "activatedTokens": {"c": 405558, "C": 252219, "n": 122314, "1": 68843, "2": 56265, "(": 44761, "F": 41721, "3": 27486, "s": 15056, "O": 12646, "Cl": 11717, "4": 10856, "[nH]": 10589, "others": 9258, "o": 7488, "N": 6287, "Br": 6179, "=": 6154, "-": 6006, "[C@H]": 4567, ")": 3089}}, "0.00": {"activatedMoleculePct": 0.5628434350129227, "activatedTokens": {"c": 801026, "C": 717575, "(": 205903, "n": 203935, "1": 161343, "2": 111302, "F": 92533, "O": 55215, "=": 53306, "3": 52513, ")": 30876, "Cl": 27946, "s": 25414, "N": 20465, "others": 19702, "4": 18947, "[nH]": 17795, "[C@H]": 16045, "o": 16011, "-": 14619, "Br": 11927, "[C@@H]": 9624}}}