{"0.20": {"activatedMoleculePct": 0.5351445292445693, "activatedTokens": {"=": 656783, "O": 366719, "C": 351489, "c": 295691, "1": 274141, "[C@@H]": 124418, "2": 107938, "F": 81564, "(": 66156, "N": 65831, "[C@H]": 58214, "3": 38476, "[C@]": 37871, "others": 24258, ")": 24224, "[C@@]": 18952, "n": 12435, "/": 10127, "#": 9293, "s": 8434, "Cl": 6450, "4": 5866}}, "0.00": {"activatedMoleculePct": 0.7584370672160407, "activatedTokens": {"=": 1123122, "C": 957468, "O": 817723, "c": 755941, "1": 508738, "(": 256910, "2": 237881, "[C@@H]": 226935, "F": 164688, "N": 131729, "[C@H]": 120755, ")": 115342, "3": 90854, "others": 57496, "[C@]": 43509, "n": 36776, "[C@@]": 27919, "s": 17710, "#": 17472, "-": 16658, "Cl": 15384, "/": 14423}}}