{"0.20": {"activatedMoleculePct": 0.005373387050115238, "activatedTokens": {"C": 4227, "=": 1633, "c": 1565, "n": 1293, "1": 1110, ")": 981, "F": 600, "[nH]": 210, "others": 101, "s": 83, "N": 39, "#": 39, "o": 36}}, "0.00": {"activatedMoleculePct": 0.018405882968992253, "activatedTokens": {"C": 16635, "=": 7436, "c": 5301, ")": 4335, "n": 4163, "1": 3732, "F": 1906, "[nH]": 685, "others": 369, "o": 311, "(": 289, "s": 255, "#": 241, "N": 200, "[C@@H]": 186}}}