{"0.20": {"activatedMoleculePct": 0.005133170210475359, "activatedTokens": {"C": 3413, "2": 1238, "[C@H]": 1158, "O": 1133, "1": 951, "[C@@H]": 844, "Cl": 471, "n": 406, "=": 383, "c": 327, ")": 305, "3": 276, "s": 267, "(": 207, "others": 105}}, "0.00": {"activatedMoleculePct": 0.011101240412382007, "activatedTokens": {"C": 9219, "O": 3056, "1": 2888, "2": 2518, "[C@H]": 1719, "[C@@H]": 1351, "=": 1216, "c": 1141, "Cl": 1010, "n": 943, ")": 927, "3": 564, "s": 537, "(": 420, "others": 152, "S": 135}}}