{"0.20": {"activatedMoleculePct": 0.024071485016108445, "activatedTokens": {"C": 87620, "c": 46349, "(": 38764, "2": 24637, ")": 21822, "1": 18017, "N": 15955, "O": 15353, "3": 10235, "=": 7006, "[C@@H]": 6813, "[C@H]": 5708, "F": 4689, "others": 3101, "n": 2929, "4": 1616, "Cl": 956, "s": 669}}, "0.00": {"activatedMoleculePct": 0.11290923831487887, "activatedTokens": {"C": 229961, "c": 133838, "(": 119107, ")": 55734, "2": 55293, "1": 49047, "O": 48797, "N": 45645, "=": 33640, "3": 21841, "[C@@H]": 16353, "F": 14452, "[C@H]": 12852, "n": 11429, "others": 7308, "s": 3749, "4": 3317, "-": 2542, "S": 1984, "Br": 1889}}}