{"0.20": {"activatedMoleculePct": 0.02903035154416218, "activatedTokens": {"[C@H]": 26406, "1": 13099, "2": 7126, "[C@@H]": 7029, "C": 4276, "3": 3008, "O": 2070, "[C@]": 1066, "[C@@]": 1050, "/": 1040, "others": 599}}, "0.00": {"activatedMoleculePct": 0.06243880146444388, "activatedTokens": {"[C@H]": 41679, "C": 32825, "1": 18530, "[C@@H]": 12709, "2": 11311, "/": 10347, "O": 5463, "3": 5095, "\\": 2809, "[C@]": 1421, "N": 1414, "[C@@]": 1378, "others": 1360, "4": 889, "n": 755}}}