{"0.20": {"activatedMoleculePct": 0.023484125548452396, "activatedTokens": {"C": 8078, "N": 5179, "2": 4882, "c": 3951, "/": 3621, "3": 2299, "S": 2216, "=": 2085, "n": 1968, "O": 1897, ")": 1125, "s": 1058, "1": 1049, "[C@@H]": 808, "F": 773, "4": 600, "[nH]": 499, "[C@H]": 459, "others": 377, "(": 121}}, "0.00": {"activatedMoleculePct": 0.06191296094352487, "activatedTokens": {"C": 28365, "c": 15042, "N": 14469, "2": 12531, "=": 10441, "O": 7529, "/": 6645, "3": 5587, "n": 5135, ")": 4695, "S": 4241, "1": 4008, "F": 2880, "s": 2185, "[C@@H]": 2133, "[C@H]": 1504, "4": 1483, "others": 944, "[nH]": 782, "(": 541}}}