{"0.20": {"activatedMoleculePct": 0.44840501145058015, "activatedTokens": {"1": 638540, "2": 191454, "3": 137348, "C": 93774, "c": 66194, "O": 34352, "=": 25233, "(": 15633, "N": 15149, ")": 14107, "others": 10529, "n": 5456, "4": 5208}}, "0.00": {"activatedMoleculePct": 0.6905633597547445, "activatedTokens": {"1": 1179296, "2": 426688, "c": 308786, "C": 281103, "3": 251706, "O": 172213, "=": 149245, "(": 108431, ")": 70852, "N": 36400, "others": 27262, "n": 18341, "4": 13211, "5": 6614}}}