{"0.20": {"activatedMoleculePct": 0.24858854297501232, "activatedTokens": {"C": 386654, "c": 252181, "1": 171130, "2": 106172, "(": 77750, "3": 38641, "n": 37400, "F": 34011, "O": 31882, "=": 17494, "-": 15432, "others": 11447, "[C@@H]": 10479, "N": 10390, "[C@H]": 8968, ")": 4365, "4": 3660, "Br": 3233}}, "0.00": {"activatedMoleculePct": 0.4335540447608927, "activatedTokens": {"C": 837295, "c": 552383, "1": 342340, "(": 210345, "2": 203156, "3": 78131, "n": 75450, "F": 74082, "O": 65933, "-": 29282, "=": 28574, "N": 24031, "others": 23214, "[C@@H]": 21456, "[C@H]": 19136, ")": 15540, "4": 8005, "o": 5683}}}