{"0.20": {"activatedMoleculePct": 0.4340681673871951, "activatedTokens": {"=": 681607, "O": 532373, "C": 417717, "others": 4847}}, "0.00": {"activatedMoleculePct": 0.6456735702154555, "activatedTokens": {"=": 1160583, "O": 1029478, "C": 799750, "others": 23030, "c": 7885}}}