{"0.20": {"activatedMoleculePct": 0.022846965028675885, "activatedTokens": {"C": 13327, "O": 6059, "n": 4692, "(": 3374, "1": 2233, "=": 1894, "N": 1420, "c": 1274, "#": 1134, "[C@H]": 1111, ".": 656, "o": 420, "s": 419, ")": 415, "others": 347, "[C@]": 236, "Br": 210, "[Si]": 206, "Cl": 184, "[N+]": 171, "2": 169, "P": 169, "3": 138, "-": 124, "S": 100, "[nH]": 91, "F": 84}}, "0.00": {"activatedMoleculePct": 0.06853064192823814, "activatedTokens": {"C": 54932, "O": 19463, "n": 14512, "(": 11734, "1": 8192, "=": 4801, "c": 4521, "N": 3072, "[C@H]": 2826, "#": 2296, ")": 1909, ".": 1786, "o": 1546, "others": 1287, "s": 916, "2": 790, "[N+]": 706, "Br": 679, "[C@]": 606, "Cl": 587, "3": 578, "-": 513, "S": 412, "[Si]": 380, "P": 334, "[C@@H]": 308}}}