{"0.20": {"activatedMoleculePct": 0.4859454839600332, "activatedTokens": {"(": 1555777, "others": 6713}}, "0.00": {"activatedMoleculePct": 0.7322622201162562, "activatedTokens": {"(": 2937333, "others": 27795, "C": 7168}}}