{"0.20": {"activatedMoleculePct": 0.20278475765563012, "activatedTokens": {"C": 626904, "c": 141230, "1": 99793, "N": 83362, "2": 65118, "(": 41095, "n": 39949, "=": 26582, "[C@@H]": 20977, "3": 20239, "[C@H]": 17166, "o": 13841, "others": 12012, "O": 9780, "[nH]": 5096, "s": 4138, "/": 3229}}, "0.00": {"activatedMoleculePct": 0.2834375615647198, "activatedTokens": {"C": 1147186, "c": 321475, "1": 197875, "N": 178604, "(": 160911, "2": 126449, "=": 99689, "n": 90588, "[C@@H]": 41679, "[C@H]": 39549, "3": 38008, "O": 32534, "o": 25644, "others": 20578, "[nH]": 13200, "s": 9966, "/": 6093, ")": 5634, "F": 5563}}}