{"0.20": {"activatedMoleculePct": 0.32574648481470714, "activatedTokens": {"c": 703557, "1": 160651, "C": 102115, "2": 53619, "(": 49142, "n": 37741, "3": 23120, "N": 15414, "others": 9598, "O": 7160, "Cl": 6031, "[nH]": 5170, "s": 5041, "4": 3020, "[C@@H]": 2874}}, "0.00": {"activatedMoleculePct": 0.5608096479285326, "activatedTokens": {"c": 1352336, "C": 393430, "1": 351291, "(": 196942, "2": 129574, "n": 94850, "3": 56466, "N": 52734, "O": 37889, "others": 27109, "=": 19013, "Cl": 15980, "[C@@H]": 13565, "s": 10636, "[nH]": 10332, "[C@H]": 9023, "4": 8147}}}