{"0.20": {"activatedMoleculePct": 0.10974687150522948, "activatedTokens": {"c": 257514, "C": 112187, "2": 70302, "n": 63954, "1": 59672, "3": 36022, "(": 35475, "N": 25599, "O": 20059, "-": 12784, "=": 11937, ")": 9785, "s": 9045, "4": 7036, "others": 6319, "[nH]": 5921, "[C@H]": 5039, "[C@@H]": 3739, "Cl": 2448, ".": 1754, "S": 1744}}, "0.00": {"activatedMoleculePct": 0.35480539872699723, "activatedTokens": {"c": 685586, "C": 456484, "2": 178434, "1": 170291, "n": 139537, "N": 128047, "(": 112388, "O": 90995, "3": 83888, "=": 47683, ")": 32057, "[C@H]": 27972, "-": 25805, "[C@@H]": 19954, "others": 18327, "s": 17478, "4": 15583, "[nH]": 13023, "S": 9784, "Cl": 8064, "F": 6353, ".": 4729}}}