{"0.20": {"activatedMoleculePct": 0.39393291358858323, "activatedTokens": {"(": 1252799, "others": 5867}}, "0.00": {"activatedMoleculePct": 0.6693503086566679, "activatedTokens": {"(": 2615251, "others": 23500, "C": 7239}}}