{"0.20": {"activatedMoleculePct": 0.15247251238251897, "activatedTokens": {"N": 211396, "C": 17174, "1": 12782, "2": 3871, "/": 2745, "others": 2095, "3": 1874, "O": 1261, "c": 1121, "[nH]": 613}}, "0.00": {"activatedMoleculePct": 0.3195338035626794, "activatedTokens": {"N": 362008, "C": 81937, "1": 55029, "c": 26488, "2": 26004, "3": 19534, "O": 9188, "n": 7805, "=": 6304, "others": 5616, "/": 5276, ")": 2895, "[nH]": 2419, "4": 2223, "-": 2181, "Cl": 2150, "S": 2028, "(": 1695}}}