{"0.20": {"activatedMoleculePct": 0.04626517741991002, "activatedTokens": {"c": 88620, "C": 81531, "(": 45643, "n": 34110, ")": 31286, "O": 26285, "=": 24297, "1": 18273, "2": 15631, "N": 6573, "3": 5976, "-": 5321, "F": 4139, "others": 3691, "s": 814}}, "0.00": {"activatedMoleculePct": 0.16100094255814823, "activatedTokens": {"C": 256682, "c": 172960, "(": 110979, ")": 83233, "O": 77218, "=": 68663, "n": 65541, "1": 54250, "2": 39808, "N": 28548, "3": 17045, "-": 11027, "F": 9516, "others": 9365, "s": 3248, "Cl": 2351, "S": 2261}}}