{"0.20": {"activatedMoleculePct": 0.004452799954300211, "activatedTokens": {"C": 3183, "O": 1897, "c": 619, "[C@H]": 598, "[C@]": 539, "N": 495, "(": 451, "o": 228, "[nH]": 135, ")": 123, "[C@@]": 114, "=": 107, "[C@@H]": 89, "others": 89, "Cl": 61, "1": 52, "S": 41, "n": 39, "/": 29, "[Si]": 25, ".": 24, "[O-]": 24}}, "0.00": {"activatedMoleculePct": 0.018550891914872424, "activatedTokens": {"C": 18454, "O": 9985, "c": 3160, "N": 2918, "[C@H]": 2450, "(": 2145, "[C@]": 1336, "o": 1246, ")": 1221, "=": 856, "[C@@H]": 727, "[nH]": 600, "1": 538, "others": 443, "S": 415, "[C@@]": 379, "Cl": 362, "n": 316, "[O-]": 158, "2": 103, "/": 93, "s": 72}}}