{"0.20": {"activatedMoleculePct": 0.390369208888316, "activatedTokens": {"1": 330443, "2": 205923, "3": 72082, "4": 16605, "others": 4398}}, "0.00": {"activatedMoleculePct": 0.4833060281976487, "activatedTokens": {"1": 440922, "2": 274724, "3": 108054, "4": 24326, "others": 7066, "5": 5112, "C": 5078, "n": 3025}}}