{"0.20": {"activatedMoleculePct": 0.04700340478075453, "activatedTokens": {"C": 119204, "c": 92510, "1": 63591, "2": 29931, "N": 9365, "[C@H]": 8172, "O": 8102, "[C@@H]": 7578, "(": 7390, "3": 6184, "n": 3462, "others": 3092, "=": 2454, "F": 1898, "4": 1818, ")": 1100, "Cl": 1057, "[nH]": 999, "Br": 709, "s": 685, "o": 679, ".": 665}}, "0.00": {"activatedMoleculePct": 0.10150552974770641, "activatedTokens": {"C": 271574, "c": 208031, "1": 122281, "2": 66278, "(": 26610, "O": 24875, "N": 21065, "[C@H]": 19783, "[C@@H]": 18602, "3": 15342, "n": 9060, "=": 7702, "others": 7147, ")": 6001, "4": 5100, "F": 4657, "[nH]": 2374, "Cl": 2357, ".": 2336, "[C@]": 2161, "[O-]": 2139, "-": 1567}}}