{"0.20": {"activatedMoleculePct": 0.20573986420424875, "activatedTokens": {"C": 230123, "c": 162516, "(": 86728, "O": 55320, ")": 40779, "1": 34505, "N": 31093, "[C@@H]": 27629, "[C@H]": 22241, "=": 13419, "others": 7210, "2": 5878, "n": 4514, "Cl": 3905, "S": 1847, "s": 1742, ".": 1399, "[nH]": 1125, "3": 766, "[O-]": 687, "F": 637}}, "0.00": {"activatedMoleculePct": 0.43717487419741574, "activatedTokens": {"C": 569700, "c": 531130, "(": 294959, ")": 154475, "O": 153694, "1": 150644, "N": 86728, "[C@@H]": 68159, "=": 62981, "[C@H]": 52230, "2": 31319, "others": 21120, "n": 15498, "Cl": 11581, "s": 6738, "S": 5471, "3": 5043, "o": 4612, "[nH]": 3459}}}