{"0.20": {"activatedMoleculePct": 0.01284574197342528, "activatedTokens": {"O": 5323, "c": 5031, "C": 4990, "N": 2974, ")": 1762, "1": 1075, "=": 896, "[C@H]": 846, "#": 796, "F": 507, "n": 507, "3": 406, "(": 249, "others": 239, "2": 210, "-": 210, "[nH]": 146, "[C@@H]": 66}}, "0.00": {"activatedMoleculePct": 0.033709453338245085, "activatedTokens": {"O": 18698, "C": 16993, "c": 14270, ")": 8440, "N": 7173, "=": 3771, "1": 3598, "[C@H]": 2574, "F": 1726, "3": 1363, "#": 1263, "n": 1139, "2": 898, "(": 864, "others": 820, "-": 612, "[nH]": 351, "[C@@H]": 295}}}