{"0.20": {"activatedMoleculePct": 0.05174182841633387, "activatedTokens": {"c": 135566, "C": 88361, "3": 45299, "2": 40470, "O": 17400, "n": 15829, "(": 13383, "N": 9734, "=": 8136, "F": 6793, "4": 4231, "Cl": 3913, "others": 3642, "S": 3215, "[nH]": 2238, "o": 1949, "#": 1821, "Br": 1719, "[C@H]": 1711}}, "0.00": {"activatedMoleculePct": 0.11073263938984923, "activatedTokens": {"c": 216798, "C": 185179, "2": 61068, "3": 60506, "(": 52891, "n": 44804, "O": 37424, "F": 27688, "=": 17745, "N": 17639, ")": 14408, "4": 11468, "Cl": 7987, "others": 7604, "S": 6343, "[C@H]": 4728, "o": 4670, "[C@@H]": 4565, "s": 3780, "[nH]": 3559, "#": 2519}}}