{"0.20": {"activatedMoleculePct": 0.5800431072048208, "activatedTokens": {"O": 1198737, "others": 10269, "C": 7626, "=": 6183}}, "0.00": {"activatedMoleculePct": 0.7391874958346546, "activatedTokens": {"O": 1633055, "C": 66533, "=": 52994, "F": 19399, "others": 16667, "N": 9525, "n": 8078, "Cl": 5461, "c": 4730}}}