{"0.20": {"activatedMoleculePct": 0.0062844533565542945, "activatedTokens": {"C": 5429, "=": 1645, ")": 1481, "[C@H]": 1136, "2": 780, "O": 714, "(": 700, "1": 519, "c": 271, "3": 239, "others": 131, "S": 68, "n": 57}}, "0.00": {"activatedMoleculePct": 0.020862978996406267, "activatedTokens": {"C": 20822, "=": 7684, ")": 7325, "[C@H]": 3815, "O": 3687, "(": 3208, "2": 2914, "1": 2293, "c": 1481, "3": 552, "others": 500, "n": 409, "S": 326, "F": 185}}}