{"0.20": {"activatedMoleculePct": 0.7450925823529971, "activatedTokens": {"C": 1764022, "c": 1160432, "1": 640029, "N": 581827, "O": 382527, "2": 349286, "=": 216229, "3": 183772, "[C@H]": 157133, "n": 143859, "[C@@H]": 126474, "F": 48758, "others": 48563, "4": 44475, "-": 33781, "/": 28633, "Br": 27101, "s": 23381, "Cl": 22335, "S": 20017, "[C@]": 18515, "#": 15025, "[C@@]": 13721, "o": 12975}}, "0.00": {"activatedMoleculePct": 0.9096762711901646, "activatedTokens": {"C": 3565739, "c": 2548545, "1": 1252208, "N": 1009680, "O": 803285, "2": 679796, "=": 524062, "n": 341248, "3": 332655, "[C@H]": 266916, "[C@@H]": 241851, "F": 127754, "others": 108646, "4": 76408, "-": 64952, "Cl": 49831, "s": 44902, "S": 44568, "Br": 42002, "/": 37953, "(": 30054, "#": 29042, "o": 28070, "[C@]": 25912}}}