{"0.20": {"activatedMoleculePct": 0.3387804454704112, "activatedTokens": {"N": 457658, "O": 28074, "S": 10223, "others": 4192}}, "0.00": {"activatedMoleculePct": 0.5264520485443079, "activatedTokens": {"N": 767911, "O": 47049, "S": 14917, "C": 13973, "others": 7320, "-": 5891, "n": 5827, "=": 4559, "[C@H]": 3179, "[C@@H]": 2258, "o": 2205}}}