{"0.20": {"activatedMoleculePct": 0.14895055268182328, "activatedTokens": {"C": 215530, "c": 130764, "N": 55237, "O": 46698, ")": 46536, "1": 31165, "2": 25268, "n": 23387, "=": 21560, "(": 17188, "[C@@H]": 15459, "S": 14439, "[C@H]": 13808, "3": 5865, "others": 5673, "/": 4321, "#": 3328, "-": 2435, "s": 2292, "[O-]": 1790}}, "0.00": {"activatedMoleculePct": 0.302075605320803, "activatedTokens": {"C": 468464, "c": 347335, "N": 143266, ")": 143129, "O": 141344, "1": 55522, "=": 54121, "n": 51972, "(": 49970, "2": 46535, "S": 37909, "[C@@H]": 33587, "[C@H]": 26180, "others": 14684, "3": 13258, "#": 7244, "-": 5459, "[O-]": 5250, "/": 5129, "s": 3462}}}