{"0.20": {"activatedMoleculePct": 0.2860550462746982, "activatedTokens": {"c": 646640, "others": 1209}}, "0.00": {"activatedMoleculePct": 0.3498948685142369, "activatedTokens": {"c": 878906, "C": 16279, "s": 7727, "others": 5534, "o": 5281, "O": 4713}}}