{"0.20": {"activatedMoleculePct": 0.24522038064115925, "activatedTokens": {"c": 437638, "C": 126471, "N": 68506, "(": 55473, "n": 32175, "1": 27281, "[C@H]": 22130, "2": 18034, "[C@@H]": 15388, "-": 9513, "O": 7613, "Br": 7234, "others": 7000, "3": 5334, "F": 3843, "[nH]": 2821, "s": 2223, ")": 1988, "/": 1757}}, "0.00": {"activatedMoleculePct": 0.4363429036796386, "activatedTokens": {"c": 945021, "C": 329133, "N": 179097, "(": 165539, "n": 78029, "1": 77940, "2": 49698, "[C@H]": 48391, "[C@@H]": 37359, "O": 25071, "-": 23652, "others": 19904, "3": 15314, "Br": 13948, "F": 13423, ")": 9972, "[nH]": 6129, "s": 5368, "[O-]": 5123}}}