{"0.20": {"activatedMoleculePct": 0.616141546308021, "activatedTokens": {"C": 989209, "c": 888602, "(": 638804, ")": 461749, "1": 354892, "O": 275504, "=": 272669, "2": 247491, "N": 170908, "n": 117190, "[C@@H]": 81785, "[C@H]": 80943, "3": 74902, "S": 46210, "others": 42941, "Cl": 37669, "s": 32038, "-": 27014, "o": 22134, "4": 18843, "\\": 7959, "[N+]": 6925}}, "0.00": {"activatedMoleculePct": 0.8364504153627458, "activatedTokens": {"C": 2699637, "c": 2165045, "(": 1554267, ")": 1228900, "1": 833869, "O": 751075, "=": 693945, "2": 555822, "N": 448741, "n": 300002, "[C@@H]": 189314, "3": 176873, "[C@H]": 174645, "others": 117018, "S": 85127, "Cl": 65799, "s": 55827, "-": 49854, "o": 43723, "4": 40071}}}