{"0.20": {"activatedMoleculePct": 0.603260650650746, "activatedTokens": {"(": 2232526, "others": 828}}, "0.00": {"activatedMoleculePct": 0.8347791506430561, "activatedTokens": {"(": 3828765, "others": 6549}}}