{"0.20": {"activatedMoleculePct": 0.047895429508441646, "activatedTokens": {"C": 181710, "c": 105973, "(": 60431, "1": 57861, ")": 48213, "=": 47652, "O": 45327, "2": 42170, "N": 32235, "3": 18018, "n": 8079, "others": 6189, "#": 4503, "4": 4475, "S": 4264, "/": 4071, "F": 3991, ".": 3492, "[C@H]": 3322, "Cl": 2752, "[C@@H]": 2395, "[N+]": 1855, "[nH]": 1733, "-": 1727, "s": 1653, "5": 1631, "Br": 1395, "[O-]": 927, "o": 857}}, "0.00": {"activatedMoleculePct": 0.18811175649043196, "activatedTokens": {"C": 413208, "c": 336894, "(": 165246, "1": 142264, "O": 129158, ")": 105081, "=": 104094, "2": 97880, "N": 87911, "3": 41322, "n": 33186, "others": 17660, "[C@H]": 17116, "[C@@H]": 13393, "F": 12838, "#": 10256, "4": 9207, "S": 9072, "/": 9059, "Cl": 8146, ".": 6025, "[nH]": 5183, "-": 4905, "[N+]": 4750, "Br": 4242, "s": 3776, "5": 3665}}}