{"0.20": {"activatedMoleculePct": 0.28175677605565413, "activatedTokens": {"c": 361972, "N": 142069, "C": 107088, "(": 79729, "n": 67648, "O": 56732, "1": 49484, "2": 47305, ")": 44846, "o": 27365, "3": 25565, "[C@@H]": 13952, "s": 8704, "others": 8452, "4": 6583, "[C@@]": 6043, "S": 5178, "[C@H]": 3434, "=": 3247, "[nH]": 2867, "F": 2261}}, "0.00": {"activatedMoleculePct": 0.469683975705875, "activatedTokens": {"c": 784304, "C": 293022, "N": 288965, "(": 278918, ")": 193898, "1": 160997, "n": 136317, "2": 130460, "O": 120516, "3": 63936, "o": 46306, "[C@@H]": 32173, "others": 25939, "4": 15679, "s": 13936, "S": 12095, "[C@@]": 11769, "F": 11432, "[C@H]": 9907, "=": 8871, "[nH]": 5946}}}