{"0.20": {"activatedMoleculePct": 0.05084614184657907, "activatedTokens": {"C": 298991, "N": 65873, "2": 61267, "1": 43093, "(": 38724, "O": 31433, "3": 24487, ")": 15570, "c": 10094, "=": 8750, "[C@@H]": 8183, "[C@H]": 7612, "[C@@]": 5017, "others": 4904, "4": 4805, "[C@]": 4215}}, "0.00": {"activatedMoleculePct": 0.1464766121808979, "activatedTokens": {"C": 559783, "N": 135547, "2": 122001, "1": 88946, "O": 79911, "(": 79621, "3": 56102, ")": 54070, "c": 46262, "=": 39515, "[C@@H]": 18479, "[C@H]": 15729, "others": 12212, "4": 11704, "n": 10608, "[C@@]": 9106, "[C@]": 8304}}}