{"0.20": {"activatedMoleculePct": 0.06821059693152282, "activatedTokens": {"C": 294211, "c": 143347, "(": 121205, "O": 60934, "N": 53398, "=": 46960, "1": 41806, "2": 25988, ")": 12984, "n": 11598, "[C@H]": 10980, "[C@@H]": 9604, "others": 8376, "3": 8040, "S": 4614, "F": 2846, "o": 1877}}, "0.00": {"activatedMoleculePct": 0.229251087384002, "activatedTokens": {"C": 680170, "c": 337513, "(": 286568, "O": 149088, "N": 140208, "1": 125510, "=": 122917, "2": 76861, ")": 44750, "n": 41242, "[C@H]": 25112, "[C@@H]": 24683, "3": 24261, "others": 18292, "S": 11902, "F": 7422, "-": 6980, "o": 6149, "s": 5203}}}