{"0.20": {"activatedMoleculePct": 0.037964513820890514, "activatedTokens": {"C": 37776, "c": 8702, ")": 6448, "1": 5739, "[C@@H]": 4981, "[C@H]": 4735, "n": 4654, "2": 3945, "N": 2637, "O": 2561, "(": 2029, "others": 808, "3": 807, "s": 743, "S": 622, "[nH]": 574, "F": 441, "[n+]": 284, "o": 276, "#": 235}}, "0.00": {"activatedMoleculePct": 0.09797771109970244, "activatedTokens": {"C": 101191, "c": 29413, ")": 28236, "1": 20470, "n": 14619, "2": 11972, "[C@@H]": 11160, "[C@H]": 10541, "N": 8216, "O": 6000, "(": 4343, "3": 2763, "others": 2553, "[nH]": 1929, "s": 1856, "S": 1788, "F": 1704, "=": 1174, "#": 1005, "o": 848}}}