{"0.20": {"activatedMoleculePct": 0.0701110929646493, "activatedTokens": {"C": 202789, "(": 97232, "1": 67756, "c": 65105, "O": 58643, "2": 48389, "=": 42595, "N": 37779, "3": 14739, "n": 14382, ")": 13535, "[C@H]": 11068, "[C@@H]": 9885, "others": 6907, "S": 2408, "F": 2395, "4": 2131}}, "0.00": {"activatedMoleculePct": 0.2579482113000052, "activatedTokens": {"C": 638156, "(": 267792, "O": 202003, "c": 199774, "1": 186246, "=": 147608, "2": 119958, "N": 116996, ")": 49008, "n": 40636, "3": 34341, "[C@H]": 27182, "[C@@H]": 27058, "others": 19734, "S": 8953, "F": 6942, "4": 6028, "[nH]": 5371}}}