{"0.20": {"activatedMoleculePct": 0.16789472643476466, "activatedTokens": {"C": 260080, "c": 84411, "(": 47056, "=": 30456, "N": 27758, "n": 24468, "F": 21479, "O": 18862, "Br": 11699, "[C@H]": 6752, "Cl": 6179, "1": 4439, "others": 4334, "[C@@H]": 3595, "2": 3362, "s": 3006, "o": 2099, "S": 2024, "-": 1847, "[O-]": 1818}}, "0.00": {"activatedMoleculePct": 0.3328651057942792, "activatedTokens": {"C": 611665, "c": 240300, "(": 178466, "=": 113546, "N": 99349, "O": 63482, "n": 61497, "F": 47592, "Br": 20531, "[C@H]": 19362, "1": 18325, "2": 17365, "Cl": 12984, "others": 12444, "[C@@H]": 11842, "s": 7429, "S": 5576, "-": 5469, "o": 5458, "[O-]": 4016, "3": 3601}}}