{"0.20": {"activatedMoleculePct": 0.040008554063070106, "activatedTokens": {"(": 72243, ")": 48656, "O": 31905, "=": 26612, "C": 23643, "c": 16231, "2": 13422, "1": 8490, "n": 3638, "3": 2762, "others": 2020, "o": 1622, "F": 1619, "[C@H]": 1581, "4": 1207, "-": 1047}}, "0.00": {"activatedMoleculePct": 0.11828775194388887, "activatedTokens": {"(": 137870, ")": 101905, "O": 77373, "C": 64387, "=": 57588, "c": 52801, "2": 29608, "1": 20833, "n": 15310, "F": 12118, "[C@H]": 8860, "3": 7821, "o": 5794, "others": 5531, "4": 3255, "-": 2755, "[nH]": 1330, "[C@@H]": 1313}}}