{"0.20": {"activatedMoleculePct": 0.20967707679541947, "activatedTokens": {"O": 308999, "S": 8068, "others": 1356}}, "0.00": {"activatedMoleculePct": 0.30244325426439816, "activatedTokens": {"O": 446002, "S": 16990, "N": 8715, "C": 8210, "-": 6306, "others": 4478, "[C@H]": 4054, "[C@@H]": 1426, "Br": 1291}}}