{"0.20": {"activatedMoleculePct": 0.2611376757409554, "activatedTokens": {"c": 355393, "C": 148747, "n": 79963, "N": 24371, "[C@H]": 22707, "[C@@H]": 18674, "O": 13066, "1": 11707, "o": 9638, "s": 7921, "F": 6778, "others": 5687, "2": 5638, "[nH]": 5460, "-": 4927, "(": 4119, "[C@]": 3570, "Cl": 3252, "[C@@]": 2225}}, "0.00": {"activatedMoleculePct": 0.43800391524153875, "activatedTokens": {"c": 684624, "C": 343074, "n": 155844, "(": 102963, "N": 66783, "[C@H]": 46048, "[C@@H]": 43717, "1": 39821, "O": 27755, "2": 22714, "o": 15062, "others": 13706, "-": 13342, "F": 10634, "s": 10301, "[nH]": 8555, "S": 8024, "[C@]": 6940, "=": 5550}}}