{"0.20": {"activatedMoleculePct": 0.03471572753844385, "activatedTokens": {"c": 109794, "C": 37821, "(": 28868, ")": 26676, "1": 26472, "O": 19096, "n": 16726, "2": 16258, "N": 12959, "=": 7812, "F": 6208, "3": 5041, "others": 3261, "Cl": 2632, "s": 2246, "Br": 1488, "-": 1443, "o": 1441, "#": 1361, "[C@@H]": 1182, "S": 1084, "[N+]": 750}}, "0.00": {"activatedMoleculePct": 0.16154362755257856, "activatedTokens": {"c": 346182, "C": 136404, "(": 113779, "1": 95189, ")": 77026, "O": 61772, "2": 44931, "N": 43914, "n": 42560, "=": 32135, "F": 17001, "3": 14869, "[C@@H]": 11895, "others": 9247, "s": 7121, "Cl": 6552, "-": 5998, "o": 5512, "S": 3970, "#": 3915, "Br": 3636, "[N+]": 2697, ".": 2273}}}