{"0.20": {"activatedMoleculePct": 0.531618907701806, "activatedTokens": {"O": 897591, "=": 594546, "C": 497118, "others": 6308}}, "0.00": {"activatedMoleculePct": 0.7344644519357596, "activatedTokens": {"O": 1433958, "=": 1112267, "C": 921712, "others": 26947, "N": 14066}}}