{"0.20": {"activatedMoleculePct": 0.12855995131214787, "activatedTokens": {"c": 280744, "C": 208718, "1": 86021, "2": 79162, "n": 64214, "O": 39750, "3": 38194, "=": 27440, "N": 20634, "F": 20143, "(": 10804, "[nH]": 8107, "others": 8080, "4": 7908, "o": 7298, "s": 7038, "Cl": 6493, "[C@H]": 4142, "S": 3615, ")": 3355, "[C@@H]": 3238, "-": 2980}}, "0.00": {"activatedMoleculePct": 0.340767360976335, "activatedTokens": {"c": 589939, "C": 558651, "1": 185154, "2": 167375, "n": 112802, "O": 110452, "N": 76290, "3": 75769, "=": 62888, "(": 51386, "F": 45278, ")": 22801, "others": 18284, "Cl": 16207, "4": 15743, "[C@@H]": 14071, "o": 13469, "[nH]": 13119, "[C@H]": 12899, "s": 12864, "S": 8619, "-": 8169, "#": 5420}}}