{"0.20": {"activatedMoleculePct": 0.4053710434711919, "activatedTokens": {"c": 817023, "C": 278203, "1": 246529, "2": 131492, "n": 121908, "N": 82658, "O": 56503, "3": 50157, "=": 28004, "F": 21899, "others": 19497, "S": 18053, "[C@H]": 18048, "[C@@H]": 14984, "-": 14695, "4": 9056, "[nH]": 7222, "s": 6284, "[O-]": 5503, "o": 5228, "#": 5160}}, "0.00": {"activatedMoleculePct": 0.7864530885074551, "activatedTokens": {"c": 2599195, "C": 1263095, "1": 753270, "2": 401497, "n": 379430, "N": 292648, "O": 221498, "3": 162210, "=": 120858, "F": 74027, "[C@H]": 69268, "[C@@H]": 64411, "others": 56136, "S": 50240, "-": 43792, "4": 30655, ")": 21648, "[nH]": 19554, "(": 19266, "o": 17756, "#": 17235, "s": 14892}}}