{"0.20": {"activatedMoleculePct": 0.0724605308352735, "activatedTokens": {"C": 140550, "c": 138228, "(": 83317, ")": 62828, "O": 42326, "2": 32826, "1": 31621, "=": 30765, "3": 15905, "F": 12771, "N": 10565, "[C@H]": 6873, "n": 6694, "others": 5922, "[C@@H]": 4340, "4": 2645, "Cl": 2209}}, "0.00": {"activatedMoleculePct": 0.2718998295778702, "activatedTokens": {"C": 439208, "c": 283707, "(": 258256, ")": 232076, "O": 148959, "=": 118769, "1": 99180, "2": 70191, "N": 57913, "3": 33994, "n": 25489, "F": 25438, "[C@H]": 22746, "others": 15905, "[C@@H]": 14346, "S": 6247, "4": 5885, "Cl": 4324, "[nH]": 3990}}}