{"0.20": {"activatedMoleculePct": 0.0158206224692094, "activatedTokens": {"C": 13328, "c": 2723, "=": 2684, "2": 2466, "[C@@H]": 1345, ")": 1244, "3": 663, "N": 603, "[C@]": 567, "(": 490, "S": 369, "4": 350, "others": 225, "F": 204, "[S@@]": 192, "/": 169, "Cl": 141, "1": 140, "n": 76, "#": 74, "s": 62}}, "0.00": {"activatedMoleculePct": 0.04707737399052169, "activatedTokens": {"C": 48553, "=": 11063, "c": 9254, ")": 7100, "2": 5962, "[C@@H]": 4936, "(": 3459, "N": 2946, "3": 1799, "[C@]": 1152, "4": 950, "others": 923, "S": 868, "1": 579, "Cl": 526, "/": 459, "F": 372, "[C@H]": 293, "#": 288, "[S@@]": 265, "s": 257}}}