{"0.20": {"activatedMoleculePct": 0.024903455533885586, "activatedTokens": {"C": 32785, "c": 29557, "(": 26996, ")": 11875, "1": 9344, "O": 5730, "=": 5125, "N": 4218, "n": 3202, "2": 3108, "others": 1324, "Br": 799, "[C@H]": 751, "[C@@H]": 481, "S": 451, "F": 429, "[N+]": 428, "#": 407, "4": 371}}, "0.00": {"activatedMoleculePct": 0.10233969737072415, "activatedTokens": {"C": 112853, "(": 93732, "c": 62536, ")": 29918, "=": 24586, "1": 24553, "O": 22027, "N": 20156, "2": 15854, "n": 12016, "others": 4265, "[C@H]": 3716, "S": 2866, "F": 2629, "Br": 2324, "[C@@H]": 2266, "[N+]": 1680, "4": 1638, "[O-]": 1475}}}