{"0.20": {"activatedMoleculePct": 0.03060933784374627, "activatedTokens": {"C": 16827, "c": 10289, "O": 8606, "=": 5408, ")": 4875, "N": 2466, "S": 2171, "2": 2134, "1": 1717, "F": 1665, "-": 1461, "(": 1330, "[C@@]": 938, "[C@@H]": 552, "others": 442, "n": 405, "[C@H]": 371}}, "0.00": {"activatedMoleculePct": 0.09753316347268595, "activatedTokens": {"C": 66779, "O": 35157, "c": 32325, "=": 28341, ")": 14955, "2": 6758, "N": 6564, "F": 5956, "S": 5467, "(": 5203, "1": 4405, "-": 3005, "[C@@H]": 2255, "others": 2135, "[C@@]": 2005, "n": 1627, "[C@H]": 954}}}