{"0.20": {"activatedMoleculePct": 0.11120281991133948, "activatedTokens": {"c": 240374, "C": 129012, "1": 110892, "O": 32754, "n": 26880, "N": 21921, "2": 21814, "F": 21768, "=": 9311, "Cl": 8193, "s": 6363, "others": 4923, "o": 4492, "S": 3383, "[C@H]": 3162, "-": 2800, "Br": 2734, "[nH]": 2613, "[C@@H]": 2135}}, "0.00": {"activatedMoleculePct": 0.23079052578925513, "activatedTokens": {"c": 447926, "C": 297193, "1": 205128, "O": 74779, "n": 56984, "2": 56335, "N": 51909, "F": 38157, "=": 26655, "(": 16985, "Cl": 13258, "others": 12965, ")": 11278, "s": 11197, "-": 9807, "[C@H]": 8429, "o": 8013, "[C@@H]": 7812, "[nH]": 5963, "S": 5250, "Br": 4823}}}