{"0.20": {"activatedMoleculePct": 0.36177754602386203, "activatedTokens": {"O": 602730, "C": 262570, "=": 220299, "others": 10137}}, "0.00": {"activatedMoleculePct": 0.598985816220935, "activatedTokens": {"O": 1086147, "C": 641157, "=": 586431, "c": 38813, "others": 18622, "N": 8821}}}