{"0.20": {"activatedMoleculePct": 0.3869102328711845, "activatedTokens": {")": 1137515, "others": 2739}}, "0.00": {"activatedMoleculePct": 0.6722160662588351, "activatedTokens": {")": 2532042, "others": 15321}}}