{"0.20": {"activatedMoleculePct": 0.2942773464534693, "activatedTokens": {"c": 315713, "C": 217165, "1": 149379, "2": 86415, "N": 77581, "n": 72089, "O": 44389, "3": 35412, "F": 26135, "(": 9259, "others": 9197, "4": 7093, "[C@H]": 5180, "[C@@H]": 5000, "S": 1991}}, "0.00": {"activatedMoleculePct": 0.4838611634551091, "activatedTokens": {"c": 613801, "C": 571297, "1": 297488, "N": 205183, "2": 175184, "n": 111255, "O": 100276, "3": 71180, "F": 48810, "(": 36784, "others": 22633, "[C@H]": 15424, "[C@@H]": 15136, "4": 14160, ")": 9197, "o": 6615, "S": 6040}}}