{"0.20": {"activatedMoleculePct": 0.13445258756746029, "activatedTokens": {"O": 144275, "N": 31147, "C": 4275, "Cl": 2663, "others": 1814, "I": 1156, "[N-]": 631, "[Na+]": 255}}, "0.00": {"activatedMoleculePct": 0.17539637609461614, "activatedTokens": {"O": 185411, "N": 37925, "C": 28388, "Cl": 3816, "others": 2644, "n": 1874, "c": 1545, "I": 1165, "[N-]": 696, "=": 672, "S": 359, "[Na+]": 279}}}