{"0.20": {"activatedMoleculePct": 0.15955451494141418, "activatedTokens": {"O": 112498, "N": 98842, "S": 15315, "=": 4140, "others": 2179}}, "0.00": {"activatedMoleculePct": 0.2609582454796391, "activatedTokens": {"N": 173857, "O": 158816, "S": 26498, "=": 12111, "n": 7866, "C": 5891, "2": 3953, "others": 3465, "1": 3013, "#": 1830, "o": 1181, "c": 1150, "[C@]": 1139, "[C@@H]": 858, "3": 774, "[C@H]": 680, "Cl": 658}}}