{"0.20": {"activatedMoleculePct": 0.049723421068628045, "activatedTokens": {"C": 107724, "O": 15902, "[C@@H]": 15440, "2": 5044, "3": 2765, "n": 1522, "others": 1127}}, "0.00": {"activatedMoleculePct": 0.12619220423118527, "activatedTokens": {"C": 258595, "O": 32808, "[C@@H]": 25211, "2": 14868, "c": 8611, "n": 8505, "3": 8428, "[C@H]": 4654, "others": 2963, "N": 2537, "[nH]": 2510, "[C@]": 2129, "o": 1996, "[C@@]": 1349, "4": 1221, "s": 1023}}}