{"0.20": {"activatedMoleculePct": 0.32490572587596755, "activatedTokens": {"c": 742544, "1": 283444, "2": 230140, "C": 94266, "n": 58930, "3": 58336, "O": 21999, "(": 15490, "others": 13326, "4": 11458, "N": 11118, "[C@@H]": 10580, "-": 8520, "=": 4686, "F": 3449}}, "0.00": {"activatedMoleculePct": 0.5365177200199497, "activatedTokens": {"c": 1663562, "1": 550776, "2": 424798, "C": 293860, "n": 123411, "3": 121016, "O": 55515, "(": 37773, "[C@@H]": 34896, "others": 33227, "N": 30159, "4": 24163, "-": 18191, "[C@H]": 14221, ")": 13684, "=": 12277}}}