{"0.20": {"activatedMoleculePct": 0.11576474275925659, "activatedTokens": {"O": 74865, "c": 71458, "C": 70510, "(": 50440, "N": 47115, "=": 36328, "1": 16002, "n": 9274, "2": 5955, "others": 3393, "3": 3180, ")": 3125, "-": 2199, "S": 2197, "F": 1530, "s": 1454, "Cl": 1403, "4": 1340, "[nH]": 1113, "#": 901, "5": 762}}, "0.00": {"activatedMoleculePct": 0.3087555376206669, "activatedTokens": {"c": 311229, "(": 193528, "O": 192771, "C": 188129, "N": 163076, "=": 160658, "1": 64189, "n": 36430, "2": 26478, "3": 15017, "others": 14151, ")": 13074, "S": 7602, "s": 6369, "F": 6024, "-": 5754, "[C@@H]": 5318, "4": 5062, "Cl": 4584, "[nH]": 4242, "[C@H]": 3202}}}