{"0.20": {"activatedMoleculePct": 0.39067607125358766, "activatedTokens": {")": 1334212, "others": 306}}, "0.00": {"activatedMoleculePct": 0.71540676107872, "activatedTokens": {")": 3112766, "others": 3059}}}