{"0.20": {"activatedMoleculePct": 0.036482932520306745, "activatedTokens": {"c": 83268, "C": 57973, "(": 50668, ")": 37484, "n": 26632, "1": 25875, "O": 19565, "2": 18148, "=": 15092, "N": 14520, "3": 6032, "-": 5540, "others": 3382, "[C@@H]": 3326, "[C@H]": 2634, "[nH]": 1840, "S": 1075}}, "0.00": {"activatedMoleculePct": 0.18433420021341215, "activatedTokens": {"C": 232448, "c": 195391, "(": 185894, ")": 108463, "n": 84301, "1": 82257, "O": 79321, "=": 63416, "N": 56020, "2": 50712, "[C@@H]": 15094, "-": 14757, "3": 14118, "others": 11020, "[nH]": 6505, "[C@H]": 6441, "S": 6305, "Cl": 2574, "o": 2477}}}