{"0.20": {"activatedMoleculePct": 0.010295635157492166, "activatedTokens": {"C": 6134, "n": 1581, "[C@H]": 1111, "#": 980, "s": 962, "(": 840, "/": 803, "1": 786, "S": 710, "[O-]": 681, "=": 569, ")": 510, "5": 437, "Cl": 416, "7": 410, "c": 303, "N": 216, "[C@@H]": 215, ".": 188, "others": 180, "[C@]": 177, "3": 131, "2": 102, "B": 97, "9": 70, "4": 22, "-": 19, "F": 17, "P": 15, "[N-]": 14}}, "0.00": {"activatedMoleculePct": 0.036263954364659415, "activatedTokens": {"C": 23446, "n": 7796, "[C@H]": 4508, "[O-]": 3333, "s": 3084, "(": 2982, "=": 2936, "1": 2888, "#": 2451, ")": 2120, "/": 2119, "5": 1589, "S": 1446, "c": 1376, "[C@@H]": 900, "7": 848, "Cl": 824, "N": 737, "[C@]": 708, "others": 618, "3": 471, "2": 400, ".": 349, "[nH]": 163, "B": 136, "9": 129, "o": 110, "-": 86, "4": 80}}}