{"0.20": {"activatedMoleculePct": 0.5041155442998668, "activatedTokens": {"1": 506636, "2": 264733, "3": 36383, "others": 5085}}, "0.00": {"activatedMoleculePct": 0.645805396529892, "activatedTokens": {"1": 703721, "2": 369961, "3": 64412, "C": 22666, "n": 11955, "others": 10816, "[C@H]": 6944, "[C@@H]": 6277}}}