{"0.20": {"activatedMoleculePct": 0.29269103646974987, "activatedTokens": {"C": 145892, "N": 55351, "O": 54287, "F": 42956, "Cl": 37049, "-": 20974, "n": 18697, "c": 18580, "[C@@H]": 11017, "S": 10990, "Br": 10640, "[C@H]": 9158, "2": 7085, "o": 7005, "s": 6395, "[nH]": 6340, "1": 6333, "[N+]": 5421, "3": 4521, "others": 4460, "#": 4314, "=": 2507, "4": 2373, ")": 1382, "I": 1132}}, "0.00": {"activatedMoleculePct": 0.511559336855049, "activatedTokens": {"C": 332514, "N": 141442, "O": 104711, "F": 73775, "c": 64622, "Cl": 52496, "n": 47658, "1": 34495, "-": 33421, "2": 27937, "S": 24150, "[C@@H]": 22950, "3": 18334, "[C@H]": 16948, "Br": 16841, ")": 15315, "o": 14254, "#": 11431, "others": 10661, "=": 10400, "s": 10367, "[N+]": 10029, "(": 8358, "[nH]": 8336, "4": 6776, "5": 1817}}}