{"0.20": {"activatedMoleculePct": 0.26723976936253924, "activatedTokens": {"C": 247269, "c": 78103, "[C@H]": 58155, "[C@@H]": 50049, "1": 31317, "2": 14160, "=": 13615, "n": 12436, "N": 7956, "[C@]": 6183, "[C@@]": 5507, "others": 4706, "3": 3378, "F": 2371, "Cl": 2340, "-": 2036}}, "0.00": {"activatedMoleculePct": 0.6305582185284815, "activatedTokens": {"C": 839747, "c": 399607, "1": 141905, "[C@@H]": 125466, "[C@H]": 124330, "n": 93020, "=": 91930, "2": 67876, "N": 36473, "others": 18688, "F": 18014, "3": 17334, "Cl": 16355, "[C@]": 13785, "-": 13647, "O": 11935, "[C@@]": 11269, "S": 4819, "4": 3493}}}