{"0.20": {"activatedMoleculePct": 0.23448239496189122, "activatedTokens": {"C": 472247, "c": 127148, "1": 109148, ")": 70392, "O": 46488, "2": 38233, "[C@@H]": 34970, "[C@H]": 33746, "n": 32655, "N": 28473, "3": 16988, "F": 10897, "others": 9724, "=": 8919, "o": 3612, "Cl": 3039, "[C@]": 2689, "s": 2676}}, "0.00": {"activatedMoleculePct": 0.3944660777936376, "activatedTokens": {"C": 950355, "c": 314678, "1": 237378, ")": 226463, "O": 99271, "2": 90161, "N": 79737, "n": 72962, "[C@@H]": 69496, "[C@H]": 61814, "=": 42623, "3": 40624, "F": 22343, "others": 18839, "o": 8650, "(": 7604, "-": 5977, "s": 5932, "[C@]": 5305}}}