{"0.20": {"activatedMoleculePct": 0.012368237767799665, "activatedTokens": {"C": 5822, "c": 5525, "O": 3751, "2": 3407, "=": 2496, ")": 1822, "[nH]": 815, "N": 696, "3": 678, "s": 636, "(": 605, "#": 515, "/": 495, "[C@]": 343, "4": 331, "others": 265, "n": 255, "F": 255, "1": 210, "[S@@]": 210, "[C@@H]": 187, "-": 129}}, "0.00": {"activatedMoleculePct": 0.035265003848596016, "activatedTokens": {"C": 22082, "c": 15054, "O": 12164, "2": 10790, "=": 7849, ")": 7261, "N": 2312, "(": 2283, "3": 1782, "[nH]": 1581, "/": 1577, "[C@@H]": 1478, "s": 1449, "[C@H]": 1359, "#": 1338, "1": 1257, "n": 1236, "F": 1001, "others": 810, "4": 676, "[C@]": 552, "-": 363}}}