{"0.20": {"activatedMoleculePct": 0.4569407653103448, "activatedTokens": {"(": 1363477, "others": 1566}}, "0.00": {"activatedMoleculePct": 0.7505436004549473, "activatedTokens": {"(": 2988607, "others": 11767}}}