{"0.20": {"activatedMoleculePct": 0.13435445020004644, "activatedTokens": {"c": 513418, "C": 11798, "others": 3832, "O": 3800, "n": 2879}}, "0.00": {"activatedMoleculePct": 0.2639199433439795, "activatedTokens": {"c": 843913, "C": 93992, "n": 17971, "O": 17880, "others": 10134, "F": 7406, "[nH]": 7080, "#": 6819, "o": 6094, "2": 3643}}}