{"0.20": {"activatedMoleculePct": 0.01210751461258077, "activatedTokens": {"C": 7535, "c": 5317, "1": 3494, "=": 3015, "2": 2629, ")": 2362, "F": 1976, "n": 1220, "-": 1122, "O": 976, "(": 894, "N": 556, "Br": 314, "others": 298, "I": 265, "#": 239, "s": 221, "[nH]": 211, "3": 186, "Cl": 167, "[C@H]": 165, "[C@]": 164, "S": 160, "4": 144, ".": 136, "[C@@]": 58, "o": 52}}, "0.00": {"activatedMoleculePct": 0.03577912647489844, "activatedTokens": {"C": 27635, "=": 17209, "c": 17111, "1": 9386, "2": 7259, ")": 6354, "O": 4978, "F": 4577, "n": 3529, "(": 2751, "-": 2312, "N": 1829, "others": 1079, "Br": 833, "#": 799, "s": 702, "3": 641, "[C@H]": 612, "[nH]": 542, "Cl": 497, "I": 459, "4": 426, ".": 424, "S": 381, "[C@]": 363}}}