{"0.20": {"activatedMoleculePct": 0.3091180599853673, "activatedTokens": {"C": 479746, "O": 11913, "[C@@H]": 9759, "[C@H]": 4305, "others": 3172, "N": 2463}}, "0.00": {"activatedMoleculePct": 0.41553265520900695, "activatedTokens": {"C": 737683, "O": 21927, "[C@@H]": 19292, "N": 9168, "[C@H]": 8251, "2": 7195, "others": 6122, "S": 3000, "3": 2455, "c": 2226}}}