{"0.20": {"activatedMoleculePct": 0.10261726499945438, "activatedTokens": {"F": 131837, "Cl": 14553, "others": 1247, "O": 1071}}, "0.00": {"activatedMoleculePct": 0.1666584885527155, "activatedTokens": {"F": 193574, "Cl": 37720, "O": 9467, "c": 9340, "C": 7046, "Br": 4684, "-": 3023, "N": 2834, "others": 2140, "o": 1170, "[nH]": 1039, "S": 833, "n": 706}}}