{"0.20": {"activatedMoleculePct": 0.98095256230075, "activatedTokens": {"(": 5538506, "others": 84}}, "0.00": {"activatedMoleculePct": 0.9951978603124431, "activatedTokens": {"(": 6005859, "others": 2725}}}