{"0.20": {"activatedMoleculePct": 0.34928773509941535, "activatedTokens": {"C": 673020, "F": 67393, "O": 58913, "N": 32559, "=": 30586, "others": 8086, "Cl": 5523, "[C@H]": 5044, "1": 4117, "Br": 3513, "2": 1794}}, "0.00": {"activatedMoleculePct": 0.6244612514857925, "activatedTokens": {"C": 1291738, "=": 204759, "O": 184538, "F": 170948, "N": 92617, "1": 24757, "others": 19485, "[C@H]": 17238, "Cl": 12967, "2": 11133, "S": 9988, "c": 9790, "Br": 9475, "(": 8665, "3": 4277}}}