{"0.20": {"activatedMoleculePct": 0.2916459467436337, "activatedTokens": {"N": 417911, "others": 766}}, "0.00": {"activatedMoleculePct": 0.3468196535457983, "activatedTokens": {"N": 498154, "others": 3691, "[C@H]": 3173, "[C@@H]": 3050, "n": 2210, "O": 1733, "C": 1649}}}