{"0.20": {"activatedMoleculePct": 0.7232086817881215, "activatedTokens": {"C": 1956496, "c": 761483, "n": 471068, "N": 326730, "1": 294900, "O": 264507, "2": 158018, "[C@H]": 122431, "=": 112308, "o": 85319, "[C@@H]": 84623, "3": 83174, "s": 81325, "F": 47882, "[nH]": 45976, "others": 41669, "4": 23076, "[O-]": 21803, "#": 9741}}, "0.00": {"activatedMoleculePct": 0.9196833531927234, "activatedTokens": {"C": 4188654, "c": 2229346, "O": 798796, "1": 779322, "N": 776885, "n": 743725, "2": 422497, "=": 393761, "[C@H]": 242925, "3": 207644, "[C@@H]": 183498, "F": 160728, "o": 122647, "s": 107816, "others": 102692, "[nH]": 65391, "4": 51477, "[O-]": 28988, "S": 25811, "Br": 22902}}}