{"0.20": {"activatedMoleculePct": 0.8508333986361836, "activatedTokens": {"(": 4107234, "others": 35}}, "0.00": {"activatedMoleculePct": 0.9485745547383138, "activatedTokens": {"(": 5290374, "others": 736}}}