{"0.20": {"activatedMoleculePct": 0.10395603445939859, "activatedTokens": {"c": 186412, "C": 83584, "n": 47141, "(": 34223, "=": 29345, "N": 29146, "O": 21195, "1": 17462, ")": 15650, "[nH]": 15253, "2": 9898, "3": 8287, "[C@H]": 7000, "s": 5904, "[C@@H]": 5528, "others": 5261, "4": 3205, "-": 2810, "F": 1909, "#": 1367}}, "0.00": {"activatedMoleculePct": 0.18436642442360776, "activatedTokens": {"c": 355844, "C": 219891, "(": 118308, "=": 84457, "n": 81409, ")": 67144, "N": 66118, "O": 47895, "1": 46671, "[nH]": 23233, "2": 21337, "3": 17123, "[C@H]": 14698, "[C@@H]": 13643, "others": 11811, "s": 11468, "F": 6082, "-": 5600, "4": 5392, "/": 2877}}}