{"0.20": {"activatedMoleculePct": 0.007442327818355057, "activatedTokens": {"C": 6411, "c": 2193, ")": 837, "F": 797, "O": 730, "[C@H]": 556, "n": 469, "s": 392, "2": 370, "/": 315, "others": 130, "[C@@H]": 127, "[C@@]": 80, "S": 74, "3": 61, "N": 61, "4": 60, "(": 48}}, "0.00": {"activatedMoleculePct": 0.024962777375382023, "activatedTokens": {"C": 25671, "c": 8071, ")": 3334, "O": 3129, "2": 1960, "[C@H]": 1923, "n": 1703, "F": 1419, "[C@@H]": 857, "/": 760, "s": 703, "others": 487, "3": 478, "[C@@]": 309, "N": 287, "(": 282, "S": 282, "4": 193, "1": 139, "[C@]": 131}}}