{"0.20": {"activatedMoleculePct": 0.006704100457510548, "activatedTokens": {"C": 6650, "[C@@H]": 751, "2": 452, "3": 447, "=": 403, "S": 364, "N": 310, "4": 306, "n": 173, "1": 133, "c": 131, "/": 85, "others": 82, "F": 76, "[O-]": 71, "#": 61, ")": 57, "s": 38, "5": 37, "[C@]": 35}}, "0.00": {"activatedMoleculePct": 0.03097918389258206, "activatedTokens": {"C": 34904, "[C@@H]": 3194, "2": 2487, "=": 2380, "N": 2134, "S": 2131, "3": 2106, "n": 977, "4": 964, "c": 913, "1": 876, "others": 505, ")": 449, "/": 434, "s": 403, "F": 402, "#": 357, "[O-]": 242, "[C@]": 157}}}