{"0.20": {"activatedMoleculePct": 0.17138153245161059, "activatedTokens": {"C": 299284, "[C@@H]": 27331, "[C@@]": 18023, "c": 16445, "[C@H]": 16265, "2": 14671, "[C@]": 14639, "O": 12851, "1": 9846, "n": 8444, "N": 7537, "others": 3815, "3": 2341, "=": 1367}}, "0.00": {"activatedMoleculePct": 0.39227336676351016, "activatedTokens": {"C": 711064, "c": 125691, "[C@@H]": 75394, "1": 62040, "N": 51771, "2": 51692, "[C@H]": 51369, "n": 49920, "O": 29122, "[C@@]": 23463, "[C@]": 20204, "others": 10812, "3": 9947, "=": 7279, "(": 6762, "S": 4475, "s": 3806, "F": 2747}}}