{"0.20": {"activatedMoleculePct": 0.7119001811147087, "activatedTokens": {"C": 1766853, "c": 1320159, "1": 574928, "O": 411580, "2": 385011, "=": 306299, "N": 292375, "n": 173212, "3": 155189, "[C@@H]": 147836, "[C@H]": 109455, "F": 93689, "others": 55600, "o": 48243, "S": 30416, "Cl": 26888, "[nH]": 23863, "s": 21349, "Br": 15793, "#": 13320}}, "0.00": {"activatedMoleculePct": 0.9009537633849483, "activatedTokens": {"C": 3832051, "c": 3013397, "1": 1209270, "O": 971250, "2": 769810, "=": 745469, "N": 645578, "n": 396150, "3": 297334, "[C@@H]": 283292, "[C@H]": 224218, "F": 195031, "others": 109711, "o": 79796, "S": 63442, "Cl": 62597, "[nH]": 44744, "s": 41158, "Br": 29487, "4": 24776, "#": 23411}}}