{"0.20": {"activatedMoleculePct": 0.04290140929653817, "activatedTokens": {"C": 23413, "n": 13373, "1": 8542, "2": 3997, "O": 3863, "[C@]": 3290, "o": 3290, "c": 2639, "3": 1582, "[C@H]": 1403, "=": 929, "F": 782, "N": 702, "[S@@]": 686, "(": 612, "others": 568, "[nH]": 462, "s": 424, "4": 414, "/": 254, "S": 149}}, "0.00": {"activatedMoleculePct": 0.1058931489132019, "activatedTokens": {"C": 74572, "n": 38527, "1": 25331, "O": 9829, "2": 9622, "c": 8275, "o": 5612, "[C@]": 4921, "[C@H]": 4328, "3": 3428, "=": 3327, "(": 2336, "others": 1979, "F": 1948, "N": 1829, "[nH]": 1161, "s": 972, "[S@@]": 937, "4": 874, "/": 737}}}