{"0.20": {"activatedMoleculePct": 0.003442863912033765, "activatedTokens": {"=": 2310, "O": 1187, "C": 814, "2": 753, "3": 409, "F": 95, ")": 79, "others": 57, "1": 42, "/": 31, "S": 30, "4": 25, ".": 23, "N": 9}}, "0.00": {"activatedMoleculePct": 0.02419012869910131, "activatedTokens": {"=": 17307, "O": 11472, "C": 7401, "2": 4197, "3": 2702, "F": 1163, "1": 661, ")": 655, "others": 425, "4": 240, "/": 209, "n": 185, "[C@]": 169, "S": 163}}}