{"0.20": {"activatedMoleculePct": 0.1706462345644202, "activatedTokens": {"n": 209607, "c": 133619, "2": 7586, "=": 4853, "3": 4494, "others": 3747, "1": 3245, "C": 3079, "[nH]": 2844, "o": 2225, "4": 1574}}, "0.00": {"activatedMoleculePct": 0.3236365314153093, "activatedTokens": {"c": 344390, "n": 325931, "C": 45492, "2": 40913, "1": 36272, "3": 23848, "=": 21798, "o": 19560, "[nH]": 19509, "[C@@H]": 13290, "others": 8813, "s": 7415, "[C@H]": 6733, "4": 6051, "N": 3992, "O": 2419, "(": 2141}}}