{"0.20": {"activatedMoleculePct": 0.41520601889656983, "activatedTokens": {"C": 710601, "c": 207993, "N": 111267, "[C@@H]": 94127, "[C@H]": 72263, "(": 50807, "n": 45212, "F": 44320, "2": 43119, "O": 32102, "1": 30232, "=": 19624, ")": 17103, "others": 12545, "/": 9214, "3": 8339, "[nH]": 8155, "#": 6722, "s": 5613, "[C@]": 4919, "S": 4499, "o": 3788}}, "0.00": {"activatedMoleculePct": 0.6396901202768646, "activatedTokens": {"C": 1461280, "c": 523455, "N": 266906, "(": 218915, "[C@@H]": 180905, "[C@H]": 137531, "2": 115702, "n": 115490, ")": 102997, "F": 93767, "1": 92397, "O": 81749, "=": 68995, "others": 28431, "3": 25923, "[nH]": 17576, "/": 16341, "#": 13212, "o": 12125, "s": 10781, "S": 9063, "[C@]": 8509}}}