{"0.20": {"activatedMoleculePct": 0.8843231414503677, "activatedTokens": {"O": 2218394, "others": 1163}}, "0.00": {"activatedMoleculePct": 0.8879219998344847, "activatedTokens": {"O": 2234333, "others": 18995}}}