{"0.20": {"activatedMoleculePct": 0.6946983118175699, "activatedTokens": {"C": 1665481, "c": 783249, "O": 434145, "N": 380797, "1": 363301, "2": 304367, "=": 251878, "3": 158241, "n": 133162, "[C@@H]": 129373, "[C@H]": 123663, "S": 47999, "others": 47795, "/": 32923, "4": 32523, "F": 31299, "#": 21115, "-": 18849, "s": 16023, "o": 15180}}, "0.00": {"activatedMoleculePct": 0.9183013739963807, "activatedTokens": {"C": 3942831, "c": 2469888, "O": 1092602, "1": 982527, "N": 860430, "2": 720216, "=": 674794, "n": 379319, "3": 341828, "[C@@H]": 263775, "[C@H]": 244377, "others": 111394, "F": 99218, "S": 93528, "4": 67711, "-": 50514, "/": 42385, "#": 40422, "o": 38459, "s": 35859, "Cl": 33275}}}