{"0.20": {"activatedMoleculePct": 0.40999814710791377, "activatedTokens": {"1": 275049, "n": 246702, "N": 230043, "C": 217020, "c": 205361, "2": 113166, "=": 89131, "(": 57213, "O": 24448, "3": 20143, "[C@@H]": 13422, "others": 11658, "[C@H]": 7649, "-": 5795, ")": 4466}}, "0.00": {"activatedMoleculePct": 0.6425741870893702, "activatedTokens": {"1": 591164, "c": 580627, "C": 539060, "N": 431548, "n": 399225, "=": 324102, "2": 237525, "(": 211804, "O": 93766, "3": 45951, "[C@@H]": 39702, "others": 29134, ")": 23019, "[C@H]": 22071, "-": 16112, "o": 8051}}}