{"0.20": {"activatedMoleculePct": 0.16796356906563706, "activatedTokens": {"c": 190607, "1": 172522, "C": 137628, "n": 44929, "O": 31635, "2": 23649, "N": 13603, "others": 5393, "-": 4203, "=": 3336, "[nH]": 2660, "[C@H]": 2379, "S": 1818, "F": 1798, "o": 1734, "[C@@H]": 1520, "3": 1382, "s": 1296}}, "0.00": {"activatedMoleculePct": 0.4136819602280009, "activatedTokens": {"c": 490151, "C": 444874, "1": 417498, "n": 107875, "O": 78542, "2": 61497, "N": 49919, "=": 17004, "others": 16371, "-": 13161, "[C@H]": 11392, "(": 11059, "[C@@H]": 9764, "3": 9087, "o": 6826, "F": 6679, "[nH]": 5418, "Cl": 5200, "S": 4237, ")": 3706, "Br": 3424}}}