{"0.20": {"activatedMoleculePct": 0.17564757846045906, "activatedTokens": {"n": 302797, "others": 3003}}, "0.00": {"activatedMoleculePct": 0.2714450287930642, "activatedTokens": {"n": 475933, "C": 19299, "s": 5960, "others": 4740, "c": 3539, "O": 2986, "=": 2317, "o": 2267, "2": 1973, "[nH]": 1760, "[C@H]": 1595, "3": 1507}}}