{"0.20": {"activatedMoleculePct": 0.009203673852909664, "activatedTokens": {"=": 3598, "C": 3553, "[C@H]": 2588, "1": 985, "(": 869, "O": 779, "s": 715, "[nH]": 604, "[C@@H]": 473, ")": 471, "S": 450, "/": 409, "Cl": 250, "2": 242, "c": 217, "3": 211, "others": 154, "F": 149, "n": 134}}, "0.00": {"activatedMoleculePct": 0.029153389437636266, "activatedTokens": {"C": 16402, "=": 13170, "(": 5465, "[C@H]": 5264, "1": 4848, "O": 3213, ")": 2764, "s": 2105, "c": 1883, "S": 1667, "2": 1580, "[nH]": 1553, "/": 1447, "[C@@H]": 1084, "3": 1049, "Cl": 828, "F": 782, "n": 552, "others": 547, "N": 541}}}