{"0.20": {"activatedMoleculePct": 0.025287216582578566, "activatedTokens": {"C": 27433, "c": 5218, ")": 3529, "n": 2667, "O": 2315, ".": 1858, "(": 1296, "[C@@H]": 435, "2": 406, "others": 397, "3": 278, "=": 246, "4": 133, "1": 123}}, "0.00": {"activatedMoleculePct": 0.08066012759322501, "activatedTokens": {"C": 101308, "c": 16955, ")": 13800, "O": 11627, "n": 8966, "(": 5777, ".": 2934, "2": 1473, "others": 1377, "3": 1084, "[C@@H]": 765, "=": 676, "N": 625, "4": 518}}}