{"0.20": {"activatedMoleculePct": 0.06468131354669178, "activatedTokens": {"C": 58736, "(": 32833, "c": 25306, "=": 23326, "n": 13971, "N": 10358, "-": 8260, "1": 6304, "2": 4461, "S": 3590, "O": 3196, "[C@H]": 2547, "others": 1883, "\\": 1491, "3": 999, "/": 980}}, "0.00": {"activatedMoleculePct": 0.16846450906049582, "activatedTokens": {"(": 147780, "C": 133280, "c": 79882, "n": 35298, "N": 33031, "=": 32381, "-": 26139, "1": 21586, "O": 17479, "2": 14493, "[C@H]": 9144, "S": 8287, "others": 5140, "3": 4010, "/": 3872, ")": 3811, "\\": 3516, "[C@@H]": 3209}}}