{"0.20": {"activatedMoleculePct": 0.013310063547607243, "activatedTokens": {"C": 9109, "O": 2714, "N": 2521, "c": 1696, "s": 1209, "3": 1139, "S": 1106, "2": 910, "1": 682, "=": 647, "(": 645, ".": 336, "[C@@H]": 331, "Br": 330, "F": 294, "others": 245, "Cl": 238, "o": 219, "n": 206, "4": 193, "I": 178, ")": 105, "[nH]": 90, "[N+]": 77, "[S@]": 67}}, "0.00": {"activatedMoleculePct": 0.04621757347303017, "activatedTokens": {"C": 41505, "O": 11528, "N": 7936, "c": 6350, "3": 4795, "2": 4193, "=": 4012, "S": 3241, "1": 2858, "(": 2799, "s": 2351, "[C@@H]": 2185, "F": 1173, "Br": 975, "4": 879, "others": 820, ".": 754, "n": 636, "Cl": 613, "o": 504, "I": 421, ")": 414, "[nH]": 353, "[N+]": 276}}}