{"0.20": {"activatedMoleculePct": 0.584903103997047, "activatedTokens": {")": 2079150, "others": 3202}}, "0.00": {"activatedMoleculePct": 0.8015596517734668, "activatedTokens": {")": 3542460, "others": 18376}}}