{"0.20": {"activatedMoleculePct": 0.011990335666414977, "activatedTokens": {"C": 4851, "n": 4075, "c": 2934, "=": 1281, "O": 1173, "[C@H]": 1082, ")": 1010, "[nH]": 970, "N": 815, "2": 750, "/": 493, "S": 429, "(": 366, "1": 362, "\\": 219, "others": 210, "F": 154, "4": 141, "[Si]": 129, ".": 128, "3": 126}}, "0.00": {"activatedMoleculePct": 0.04177795615017361, "activatedTokens": {"C": 22871, "n": 13601, "c": 13141, "O": 5668, ")": 4702, "=": 4582, "N": 3759, "[nH]": 3508, "[C@H]": 2916, "2": 2849, "1": 1921, "/": 1703, "S": 1593, "(": 1536, "F": 967, "others": 826, "3": 732, "\\": 642, "4": 515, ".": 338, "[Si]": 207}}}