{"0.20": {"activatedMoleculePct": 0.029451463381945507, "activatedTokens": {"1": 9243, "n": 7577, "C": 5233, "c": 4745, "s": 4152, ")": 3246, "O": 3057, "=": 2996, "[C@@H]": 2521, "F": 2447, "N": 2444, "[C@H]": 1405, "(": 1103, "S": 681, "-": 554, "[nH]": 552, "others": 545, "#": 376, ".": 297, "[Si]": 266, "Br": 201, "/": 168, "2": 120, "o": 115, "P": 111, "[O-]": 90, "I": 86, "3": 76, "[N+]": 65, "[NH+]": 61, "[P+]": 58}}, "0.00": {"activatedMoleculePct": 0.07710374657709312, "activatedTokens": {"1": 28314, "n": 22030, "c": 19373, "C": 18519, "O": 12460, ")": 11407, "=": 10693, "F": 7876, "s": 7876, "N": 6744, "[C@@H]": 6512, "(": 4474, "[C@H]": 3914, "-": 1742, "others": 1624, "S": 1497, "[nH]": 1263, "#": 1020, "Br": 653, ".": 592, "o": 512, "[O-]": 421, "2": 400, "[Si]": 377, "/": 319, "3": 307}}}