{"0.20": {"activatedMoleculePct": 0.22576574610398314, "activatedTokens": {"c": 220916, "C": 177210, "n": 65438, "1": 51473, "[C@@H]": 31181, "[C@H]": 26526, "2": 20010, "=": 14856, "(": 13990, "N": 11612, "O": 9946, ")": 6590, "3": 5470, "others": 5288, "/": 4902, "-": 3662, "s": 2701, "F": 2442, "[nH]": 1760, "4": 1499}}, "0.00": {"activatedMoleculePct": 0.4359613397361862, "activatedTokens": {"C": 563354, "c": 459655, "n": 141222, "1": 135617, "=": 77074, "[C@@H]": 71152, "(": 69199, "[C@H]": 56308, "2": 53581, ")": 48885, "O": 35433, "N": 33366, "others": 14911, "3": 14579, "-": 11162, "/": 10232, "F": 6296, "s": 5562, "[nH]": 5281, "4": 3846}}}