{"0.20": {"activatedMoleculePct": 0.3343452223580359, "activatedTokens": {"c": 271091, "C": 252924, "n": 177993, "(": 157031, "1": 133977, "2": 115448, "3": 40589, "[C@H]": 19788, "s": 13069, "=": 12788, "[C@@H]": 10325, "others": 9876, "4": 8043, "O": 7488, "[nH]": 6676, "F": 3199}}, "0.00": {"activatedMoleculePct": 0.5661317691897003, "activatedTokens": {"C": 742155, "c": 713298, "(": 472186, "1": 359365, "n": 324886, "2": 255737, "3": 92995, "=": 81627, "[C@H]": 57450, "[C@@H]": 37861, "O": 26295, "others": 22780, "s": 22276, "4": 17631, "[nH]": 12354, "N": 12170, ")": 10217}}}