{"0.20": {"activatedMoleculePct": 0.008625835174629587, "activatedTokens": {"C": 8247, "(": 7420, "s": 1774, ")": 1335, "O": 1172, "1": 1073, "N": 876, "S": 858, "=": 792, "n": 719, ".": 716, "[nH]": 631, "c": 463, "3": 458, "2": 429, "o": 310, "others": 287, "4": 221, "5": 184, "/": 165, "[N+]": 162, "[C@H]": 151, "[S@@]": 148, "[O-]": 100, "6": 73, "P": 67, "7": 62, "I": 60, "9": 57, "%11": 53, "%10": 49, "F": 44, "-": 42, "8": 41, "[n+]": 37, "[NH+]": 37, "%12": 34, "[S@]": 32, "Cl": 27, "%13": 26, "Br": 25, "[NH3+]": 20, "[Cl-]": 19, "[I-]": 14, "[P+]": 14, "%17": 13}}, "0.00": {"activatedMoleculePct": 0.037974766978680026, "activatedTokens": {"C": 37904, "(": 18771, "O": 6489, "s": 5814, "n": 5025, "N": 4720, ")": 3534, "1": 3358, "c": 3225, "[nH]": 2898, "=": 2787, "S": 2605, "o": 1814, "2": 1683, "3": 1650, ".": 1529, "[C@H]": 1494, "others": 1089, "/": 836, "4": 705, "5": 483, "F": 466, "-": 421, "[S@@]": 341, "[N+]": 298, "[O-]": 274, "P": 177, "6": 170, "I": 158, "Br": 141, "[S@]": 140, "[C@@H]": 117, "7": 112, "[n+]": 93, "9": 80, "Cl": 77, "8": 68}}}