{"0.20": {"activatedMoleculePct": 0.7408902523961264, "activatedTokens": {"C": 1327235, "c": 974791, "2": 694564, "N": 352340, "3": 340505, "O": 321082, "1": 193387, "4": 156644, "=": 120961, "n": 99945, "F": 96457, "[C@H]": 88662, "[C@@H]": 54087, "others": 50193, "S": 45833, "[nH]": 39529, "Cl": 18507, "-": 18489, "Br": 18008, "#": 11809, "5": 10122, "[O-]": 10068}}, "0.00": {"activatedMoleculePct": 0.938864081943237, "activatedTokens": {"C": 3744944, "c": 2825243, "2": 1157519, "O": 1014079, "N": 868448, "1": 659481, "3": 558117, "=": 450317, "n": 325690, "F": 241620, "[C@H]": 231207, "4": 183949, "[C@@H]": 139828, "others": 114615, "S": 102387, "[nH]": 80128, "-": 53391, "Cl": 49457, "o": 37132, "Br": 33067, "#": 31912, "[O-]": 22899, "[N+]": 21040}}}