{"0.20": {"activatedMoleculePct": 0.7270462922750512, "activatedTokens": {"N": 1296167, "O": 50919, "n": 16340, "-": 13025, "o": 11335, "others": 8602, "C": 6099}}, "0.00": {"activatedMoleculePct": 0.8333129490791565, "activatedTokens": {"N": 1467126, "O": 61878, "C": 27081, "n": 26944, "-": 16578, "o": 14433, "others": 13566, "c": 12609, "S": 7826, "[C@H]": 3014, "1": 2983}}}