{"0.20": {"activatedMoleculePct": 0.16989921878261327, "activatedTokens": {"n": 242828, "[nH]": 7874, "others": 981}}, "0.00": {"activatedMoleculePct": 0.28179339447633095, "activatedTokens": {"n": 417753, "[nH]": 19520, "O": 8188, "others": 4294, "C": 2975, "s": 1519, "c": 1503}}}