{"0.20": {"activatedMoleculePct": 0.8553579706950103, "activatedTokens": {"N": 1643309, "C": 788601, "c": 554543, "O": 351581, "1": 273427, "2": 152498, "F": 108682, "n": 93179, "=": 88166, "3": 68309, "[C@H]": 68117, "[C@@H]": 47244, "others": 41555, "S": 34158, "Cl": 29219, "/": 26044, "4": 21771, "s": 10802, "[nH]": 8741, "-": 8594}}, "0.00": {"activatedMoleculePct": 0.965017690359029, "activatedTokens": {"C": 3182609, "c": 2604351, "N": 2039277, "O": 1132361, "1": 1071074, "2": 574756, "n": 406379, "=": 403951, "F": 298325, "3": 236998, "[C@H]": 211834, "[C@@H]": 179157, "others": 126366, "S": 88395, "Cl": 82467, "4": 59717, "-": 43969, "/": 39408, "s": 36909, "[nH]": 27803, "#": 21762}}}