{"0.20": {"activatedMoleculePct": 0.014124457223459518, "activatedTokens": {"O": 9940, "C": 5482, "[C@H]": 2423, "N": 2413, "n": 2196, "=": 956, "-": 762, "#": 691, "c": 479, "(": 227, "others": 223, "3": 105, "F": 94, "\\": 85, "2": 84, "5": 62, "1": 61}}, "0.00": {"activatedMoleculePct": 0.04029491011276277, "activatedTokens": {"O": 33039, "C": 19989, "N": 7995, "[C@H]": 7416, "n": 6875, "=": 3743, "-": 1555, "c": 1428, "#": 1399, "(": 1158, "others": 785, "3": 426, "\\": 344, "2": 319, "1": 242, "F": 212}}}