{"0.20": {"activatedMoleculePct": 0.021150799782926003, "activatedTokens": {"C": 12958, "2": 3850, "3": 2555, "=": 2263, "O": 2033, "[C@H]": 2030, "n": 1656, "-": 1063, "c": 966, "F": 831, ")": 817, "N": 815, "S": 595, "1": 581, "(": 422, "I": 269, ".": 266, "4": 262, "others": 252, "/": 208, "Br": 183, "[C@]": 145, "[N+]": 130, "s": 102}}, "0.00": {"activatedMoleculePct": 0.06489443275503082, "activatedTokens": {"C": 46043, "2": 11196, "=": 10248, "3": 6974, "O": 6277, "[C@H]": 6104, "n": 5197, "c": 4807, ")": 4258, "N": 4129, "-": 3516, "F": 2855, "S": 2552, "1": 2302, "(": 1979, "others": 1129, "4": 745, ".": 657, "/": 568, "I": 555, "[N+]": 504, "Br": 484, "s": 434}}}