{"0.20": {"activatedMoleculePct": 0.13947077593701046, "activatedTokens": {"C": 214039, "1": 41798, "n": 27362, "c": 25755, "N": 19486, "[C@H]": 10216, "2": 4902, "O": 3703, "[C@@H]": 3301, "others": 3242, "[nH]": 758}}, "0.00": {"activatedMoleculePct": 0.25481147738482957, "activatedTokens": {"C": 318469, "c": 93195, "1": 79973, "n": 79832, "N": 56249, "[C@H]": 20456, "2": 16968, "O": 13210, "[C@@H]": 9896, "others": 5357, "o": 4907, "(": 4307, "S": 2590, "[nH]": 2423, "=": 1830, "3": 1808}}}