{"0.20": {"activatedMoleculePct": 0.02570100473622653, "activatedTokens": {"n": 82613, "[nH]": 15278, "2": 5053, "3": 3487, "1": 1322, "4": 1224, "others": 971}}, "0.00": {"activatedMoleculePct": 0.05223105051657606, "activatedTokens": {"n": 138879, "[nH]": 15903, "c": 12708, "2": 12515, "3": 7794, "-": 4436, "1": 4052, "4": 2152, "others": 1601, "=": 1480}}}