{"0.20": {"activatedMoleculePct": 0.2515912534705108, "activatedTokens": {"C": 413744, "O": 5388, "others": 3246}}, "0.00": {"activatedMoleculePct": 0.31239540863594184, "activatedTokens": {"C": 557046, "O": 32065, "=": 17555, "F": 7167, "others": 4223, "N": 2063}}}