{"0.20": {"activatedMoleculePct": 0.34159347254680383, "activatedTokens": {")": 1009742, "others": 1126}}, "0.00": {"activatedMoleculePct": 0.5296012327225137, "activatedTokens": {")": 1833028, "others": 10349}}}