{"0.20": {"activatedMoleculePct": 0.11413302593389789, "activatedTokens": {"c": 490210, "C": 301878, "n": 179691, "1": 172342, "2": 110233, "(": 104269, "O": 75713, "=": 59641, "N": 57126, ")": 56426, "3": 34024, "-": 22581, "others": 15376, "[C@H]": 11219, "[C@@H]": 11057, "F": 9818, "4": 9394, "S": 5982, "Cl": 4235}}, "0.00": {"activatedMoleculePct": 0.24709451141139843, "activatedTokens": {"c": 720619, "C": 591505, "1": 285645, "(": 271591, "n": 261257, "2": 195155, ")": 183292, "O": 160019, "N": 146004, "=": 135158, "3": 59291, "-": 33365, "others": 29261, "[C@@H]": 25704, "[C@H]": 23765, "F": 21025, "4": 15329, "S": 8550, "Cl": 6732}}}