{"0.20": {"activatedMoleculePct": 0.09532434033746072, "activatedTokens": {"C": 325034, "c": 127570, "1": 121538, "(": 113154, "2": 103041, "O": 88971, "N": 70251, "=": 65534, "3": 47774, "n": 45913, ")": 25065, "[C@H]": 23100, "[C@@H]": 22331, "others": 10374, "4": 9754, "o": 6279, "F": 4520, "s": 2854, "S": 2796, "/": 2190}}, "0.00": {"activatedMoleculePct": 0.22525382058292132, "activatedTokens": {"C": 703728, "(": 249647, "c": 240318, "1": 231260, "O": 184478, "2": 175210, "N": 154015, "=": 141760, ")": 88511, "3": 74674, "n": 72257, "[C@H]": 45035, "[C@@H]": 44276, "others": 23947, "F": 15677, "4": 14838, "o": 9693, "S": 5024}}}