{"0.20": {"activatedMoleculePct": 0.04841980529253358, "activatedTokens": {"c": 110841, "C": 86539, "(": 74687, "O": 38625, "1": 38378, ")": 37496, "N": 34439, "2": 25442, "=": 20722, "[C@@H]": 10540, "3": 10411, "n": 8936, "[C@H]": 7207, "others": 4497, "F": 3272, "-": 2309, "Cl": 2299, "4": 1324, "S": 1122, "Br": 1010, ".": 953}}, "0.00": {"activatedMoleculePct": 0.22449288980125717, "activatedTokens": {"C": 313388, "c": 260354, "(": 214517, "O": 125938, "N": 116383, ")": 90417, "1": 88604, "=": 88379, "2": 66085, "3": 32278, "n": 29508, "[C@@H]": 24303, "[C@H]": 20574, "F": 16963, "others": 13755, "Cl": 9191, "-": 9092, "o": 5023, "#": 4130, "S": 4079, ".": 3559, "4": 3352}}}