{"0.20": {"activatedMoleculePct": 0.022605283452208934, "activatedTokens": {"1": 5056, "O": 3995, "=": 3010, "[C@H]": 2894, "[nH]": 2824, "2": 2026, "s": 1797, "N": 1715, "3": 1506, "c": 1130, "F": 1031, "o": 1030, "C": 1022, "[C@]": 914, "/": 877, "#": 875, "S": 792, "(": 707, "\\": 628, "others": 322, "[C@@H]": 272, "-": 269, "[C@@]": 218, "Br": 194, "4": 192, "n": 192, "5": 189, ".": 158, ")": 152, "[S@@]": 137, "[S@]": 99, "[O-]": 92, "I": 53, "7": 47}}, "0.00": {"activatedMoleculePct": 0.07060251217013211, "activatedTokens": {"1": 20214, "=": 14968, "O": 13339, "2": 8797, "[C@H]": 8383, "C": 6889, "[nH]": 6544, "N": 6125, "c": 5064, "3": 4970, "s": 4750, "o": 4452, "F": 3580, "#": 2710, "S": 2682, "(": 2531, "[C@]": 2302, "/": 2243, "n": 1236, "\\": 1222, "others": 1208, "[C@@H]": 1188, ")": 823, "-": 755, "Br": 690, "[C@@]": 604, "[O-]": 582, "4": 559, "5": 447, ".": 287, "[S@@]": 249}}}