{"0.20": {"activatedMoleculePct": 0.03722042751273772, "activatedTokens": {"C": 157637, "c": 89144, "(": 52689, "1": 43227, ")": 41806, "2": 40416, "O": 29020, "n": 14021, "N": 13850, "F": 11154, "=": 10402, "[C@@H]": 8369, "[C@H]": 7878, "others": 5299, "S": 4625, "s": 3292, "3": 2460, "[C@]": 1733, "[C@@]": 1673}}, "0.00": {"activatedMoleculePct": 0.07608648685069132, "activatedTokens": {"C": 218236, "c": 154728, "(": 91845, ")": 90398, "1": 65757, "n": 50148, "2": 49712, "O": 40134, "N": 21605, "F": 16768, "=": 16082, "[C@@H]": 10577, "[C@H]": 9996, "others": 8021, "-": 6329, "S": 5415, "3": 5391, "Cl": 3872, "s": 3727, "o": 2879}}}