{"0.20": {"activatedMoleculePct": 0.062162698572540726, "activatedTokens": {"c": 79145, "1": 47942, "2": 43523, "3": 20820, "n": 13898, "C": 9678, "[C@H]": 6061, "[C@@H]": 4599, "4": 3912, "O": 3216, "[nH]": 2342, "others": 2317, "-": 1974, "s": 941, "5": 903, "F": 522}}, "0.00": {"activatedMoleculePct": 0.09021680302145912, "activatedTokens": {"c": 109330, "2": 63097, "1": 54686, "3": 30103, "C": 22860, "n": 17891, "O": 15181, "[C@H]": 11384, "4": 8320, "[C@@H]": 8033, "[nH]": 3837, "others": 3334, "-": 2775, "N": 2233, "F": 1871, "s": 1660, "5": 1566, "o": 899, "Br": 795}}}