{"0.20": {"activatedMoleculePct": 0.7325441819554676, "activatedTokens": {"C": 1588314, "c": 1267319, "1": 527825, "N": 383112, "O": 349486, "2": 318471, "=": 266024, "n": 249260, "[C@H]": 169133, "[C@@H]": 151281, "3": 132980, "-": 51000, "others": 50268, "F": 41152, "o": 38181, "4": 32031, "[nH]": 29222, "s": 25809, "Br": 14355, "S": 13494, "Cl": 12441, "[C@@]": 12279}}, "0.00": {"activatedMoleculePct": 0.9095664159281341, "activatedTokens": {"C": 3540466, "c": 2761455, "1": 1087466, "O": 859820, "N": 758905, "2": 679642, "=": 630387, "n": 521299, "[C@H]": 286609, "[C@@H]": 279636, "3": 278964, "others": 114567, "F": 103767, "-": 87528, "o": 72208, "4": 63770, "[nH]": 55558, "s": 46976, "S": 36337, "Cl": 27941, "Br": 26104, "#": 25029}}}