{"0.20": {"activatedMoleculePct": 0.1750660779401113, "activatedTokens": {"C": 250961, "1": 185345, "2": 158115, "3": 51904, "N": 42739, "(": 25854, "=": 17248, "[C@H]": 11440, "O": 10945, ")": 8457, "4": 7155, "others": 6316, "n": 2566, "[C@@H]": 2130, "[nH]": 2084, "#": 1905}}, "0.00": {"activatedMoleculePct": 0.465467730749147, "activatedTokens": {"C": 765539, "1": 593287, "2": 435517, "N": 150064, "3": 149413, "=": 128698, "(": 112191, "O": 81855, "[C@H]": 33870, ")": 33000, "others": 23945, "4": 22586, "n": 22353, "[nH]": 11769, "S": 6954, "[C@@H]": 5992, "#": 5737, "o": 5558}}}