{"0.20": {"activatedMoleculePct": 0.5149392170835185, "activatedTokens": {")": 1722844, "others": 3113}}, "0.00": {"activatedMoleculePct": 0.7618879871806233, "activatedTokens": {")": 3198326, "others": 14980}}}