{"0.20": {"activatedMoleculePct": 0.2724542324669171, "activatedTokens": {"[C@@H]": 151774, "[C@H]": 141696, "C": 60813, "S": 23711, "c": 7767, "[C@]": 6389, "[C@@]": 4849, "others": 1205}}, "0.00": {"activatedMoleculePct": 0.42223968514017163, "activatedTokens": {"[C@@H]": 219977, "[C@H]": 188559, "C": 102960, "c": 90723, "S": 41489, "[C@]": 10673, "[C@@]": 7960, "others": 6226}}}