{"0.20": {"activatedMoleculePct": 0.0056048154687926835, "activatedTokens": {"C": 1784, "O": 1369, "=": 997, "[C@@H]": 815, "(": 544, "[C@H]": 452, "n": 452, "1": 409, "S": 385, "[C@]": 354, "3": 347, ")": 318, "c": 306, "2": 237, "Cl": 224, "F": 196, "[nH]": 168, "#": 150, "N": 117, "s": 105, "others": 65, "[O-]": 40}}, "0.00": {"activatedMoleculePct": 0.03004541416532338, "activatedTokens": {"C": 11991, "O": 9480, "=": 8524, "(": 4453, "[C@@H]": 3418, "1": 2808, ")": 2805, "[C@H]": 2137, "n": 1957, "c": 1859, "3": 1857, "Cl": 1745, "2": 1449, "F": 1353, "[C@]": 1230, "S": 1112, "N": 862, "#": 738, "s": 556, "others": 528, "[nH]": 500, "[O-]": 238}}}