{"0.20": {"activatedMoleculePct": 0.02069453426129294, "activatedTokens": {"c": 8111, "C": 6186, "(": 3794, "n": 3605, "[C@@H]": 3066, "N": 2427, "=": 2312, "2": 2193, "F": 1985, "[C@H]": 1954, "O": 1927, "[nH]": 1335, "s": 1066, "1": 947, ")": 635, "3": 454, "/": 448, "Cl": 374, "\\": 355, "others": 352, "#": 305, "4": 259}}, "0.00": {"activatedMoleculePct": 0.05716721362381018, "activatedTokens": {"c": 25785, "C": 23088, "(": 12718, "n": 10722, "[C@@H]": 9723, "O": 7519, "N": 6774, "2": 6608, "[C@H]": 6596, "=": 6188, "F": 5498, "[nH]": 3514, "1": 3234, ")": 2330, "s": 2247, "3": 1554, "/": 1387, "others": 1143, "\\": 1041, "#": 930, "4": 810, "Cl": 659}}}