{"0.20": {"activatedMoleculePct": 0.13849233173652606, "activatedTokens": {"C": 314023, "c": 51216, "1": 47856, "2": 34840, "N": 27736, ")": 21317, "n": 20483, "(": 13502, "3": 10295, "Cl": 4759, "others": 4356, "Br": 4303, "O": 3996, "F": 3796, "[nH]": 3225, "[C@H]": 3114, "=": 2564, "4": 2323, "o": 2040}}, "0.00": {"activatedMoleculePct": 0.2592393768130696, "activatedTokens": {"C": 556510, "c": 165118, "1": 86386, ")": 73000, "2": 65264, "N": 48397, "n": 47876, "(": 35624, "3": 22161, "O": 13457, "=": 11758, "F": 9968, "Br": 9282, "Cl": 9268, "[C@H]": 8209, "others": 7698, "[nH]": 7272, "o": 5997, "4": 5092, "-": 4427}}}