{"0.20": {"activatedMoleculePct": 0.4216933383036736, "activatedTokens": {"C": 1368867, "c": 314777, "n": 94996, "[C@@H]": 83067, "[C@H]": 68703, "N": 38513, "S": 23612, "[nH]": 19462, "others": 19214, "O": 13518, ")": 9474, "o": 8682, "[C@]": 6446, "s": 6028}}, "0.00": {"activatedMoleculePct": 0.6143919181680829, "activatedTokens": {"C": 2521977, "c": 776873, "n": 221477, "[C@@H]": 166548, "[C@H]": 139993, "N": 84869, ")": 59732, "S": 46355, "others": 39132, "O": 35603, "[nH]": 31676, "1": 28508, "o": 20336, "2": 18161, "(": 12324, "[C@]": 11301}}}