{"0.20": {"activatedMoleculePct": 0.04317238560954657, "activatedTokens": {"C": 175352, "O": 57014, "N": 55700, "=": 52125, "(": 20240, "c": 10472, "1": 10323, "[C@H]": 10275, "2": 8972, "[C@@H]": 8416, "others": 4041, "3": 3647}}, "0.00": {"activatedMoleculePct": 0.08712767305316335, "activatedTokens": {"C": 428710, "O": 106371, "N": 85003, "(": 74944, "=": 72273, "c": 40547, "1": 32505, "2": 20134, "[C@H]": 19386, "[C@@H]": 17398, "3": 8412, "others": 7945, ")": 6404, "n": 5238, "F": 2523}}}