{"0.20": {"activatedMoleculePct": 0.4600027976473397, "activatedTokens": {"(": 1459038, "others": 13438, "C": 7836}}, "0.00": {"activatedMoleculePct": 0.7017934970079088, "activatedTokens": {"(": 2795199, "C": 31354, "others": 27843, ")": 9383, "c": 9197}}}