{"0.20": {"activatedMoleculePct": 0.07679029289609962, "activatedTokens": {"C": 280480, "(": 102656, ")": 101581, "c": 96769, "1": 77453, "2": 65904, "N": 59703, "O": 58464, "=": 41281, "3": 26641, "n": 14709, "[C@H]": 10766, "[C@@H]": 7999, "others": 6694, "4": 5961, "F": 3408, "S": 2944}}, "0.00": {"activatedMoleculePct": 0.3271269992742229, "activatedTokens": {"C": 696309, "c": 317996, "(": 302818, ")": 286647, "O": 202710, "1": 190374, "=": 153820, "N": 142942, "2": 136292, "n": 67755, "3": 50647, "[C@H]": 32230, "others": 25837, "[C@@H]": 20902, "4": 12135, "F": 9188, "-": 7607}}}