{"0.20": {"activatedMoleculePct": 0.4006223666778231, "activatedTokens": {")": 1458025, "others": 2739}}, "0.00": {"activatedMoleculePct": 0.6687775965572825, "activatedTokens": {")": 2860658, "others": 19889}}}