{"0.20": {"activatedMoleculePct": 0.0165647087773622, "activatedTokens": {"C": 14774, ")": 4142, "F": 3450, "O": 2954, "c": 2645, "[C@@H]": 2423, "[C@H]": 2320, "1": 2025, "=": 1995, "N": 1487, "2": 1420, "(": 1346, "3": 678, "S": 643, "others": 340, "4": 277, "/": 96}}, "0.00": {"activatedMoleculePct": 0.04557382163753183, "activatedTokens": {"C": 46032, ")": 14972, "c": 11809, "O": 9106, "N": 7268, "=": 7230, "F": 6441, "[C@H]": 6412, "1": 5951, "(": 4440, "2": 4215, "[C@@H]": 3310, "3": 1810, "S": 1266, "others": 1151, "4": 824, "[nH]": 444}}}