{"0.20": {"activatedMoleculePct": 0.6377998774015275, "activatedTokens": {"C": 1114886, "c": 822161, "1": 326236, "N": 199382, "2": 193520, "n": 169140, "=": 125757, "O": 125200, "3": 109306, "[C@H]": 98582, "[C@@H]": 83224, "F": 81727, "others": 32154, "o": 28626, "Cl": 24402, "4": 20626, "S": 12826, "s": 11948, "-": 10755, "[nH]": 10143, "/": 7453}}, "0.00": {"activatedMoleculePct": 0.8937230900381051, "activatedTokens": {"C": 2997923, "c": 2422117, "1": 879007, "2": 535158, "N": 519955, "n": 447763, "O": 411965, "=": 410815, "3": 262620, "[C@H]": 216607, "[C@@H]": 208552, "F": 197546, "others": 77015, "Cl": 62780, "o": 59733, "4": 46046, ")": 32825, "(": 29256, "-": 29120, "s": 26669, "S": 25762, "[nH]": 24160}}}