{"0.20": {"activatedMoleculePct": 0.4192047504344776, "activatedTokens": {"C": 468159, "n": 405431, "c": 299570, "2": 126334, "1": 124841, "=": 121058, "O": 81907, "N": 69600, "3": 52473, "F": 45519, "[C@H]": 22754, "others": 15653, "(": 15447, "[C@@H]": 14170, "/": 14066, "#": 13928, "-": 7064, "4": 6544, ")": 4929, "[nH]": 4439}}, "0.00": {"activatedMoleculePct": 0.6173960934004085, "activatedTokens": {"C": 1105807, "c": 691046, "n": 610749, "=": 339674, "1": 322215, "2": 292549, "O": 241676, "N": 170882, "3": 116260, "F": 101367, "(": 58269, "[C@H]": 49469, "others": 37721, ")": 35058, "[C@@H]": 32259, "#": 24703, "/": 20507, "-": 14562, "4": 14496, "S": 12359}}}