{"0.20": {"activatedMoleculePct": 0.7530783275341961, "activatedTokens": {"C": 1720334, "c": 1351751, "N": 559053, "1": 554328, "O": 462869, "2": 351801, "=": 340428, "n": 159012, "3": 147641, "F": 92967, "[C@@H]": 86133, "[C@H]": 79845, "others": 59084, "-": 44046, "S": 34032, "4": 28275, "s": 24984, "Cl": 17344, "[N+]": 17054, "/": 8204}}, "0.00": {"activatedMoleculePct": 0.9148585100843468, "activatedTokens": {"C": 3585214, "c": 2837477, "1": 1093199, "N": 969279, "O": 921747, "=": 687800, "2": 684114, "n": 322186, "3": 277971, "[C@@H]": 184085, "F": 172613, "[C@H]": 164971, "others": 106532, "-": 78578, "S": 59574, "4": 53000, "s": 42722, "(": 38460, "Cl": 36568, "[N+]": 23616, ")": 23172}}}