{"0.20": {"activatedMoleculePct": 0.27554995375093466, "activatedTokens": {"C": 578070, "[C@H]": 14970, "O": 12967, "N": 9683, "others": 6349, "[C@@H]": 4410, "n": 2952, "S": 2547, "#": 1710, "1": 1583}}, "0.00": {"activatedMoleculePct": 0.5480759583223783, "activatedTokens": {"C": 1306097, "O": 52290, "[C@H]": 48738, "N": 37279, "[C@@H]": 31729, "n": 29902, "c": 29036, "1": 18438, "others": 15180, "S": 11170, "(": 8475, "s": 7907, "#": 5946, "=": 3316, "F": 3247, "2": 3209, "o": 3200, "[C@]": 2954, "-": 2764}}}