{"0.20": {"activatedMoleculePct": 0.16168863649845874, "activatedTokens": {"c": 233390, "n": 44181, "C": 5833, "=": 3294, "others": 2154, "O": 1706, "[nH]": 1143, "N": 786}}, "0.00": {"activatedMoleculePct": 0.2651085772791488, "activatedTokens": {"c": 368618, "n": 88726, "C": 34476, "=": 10259, "O": 6557, "N": 3857, "others": 3623, "[C@@H]": 3122, "[C@H]": 2460, "[nH]": 2354, "s": 2090, "F": 1803}}}