{"0.20": {"activatedMoleculePct": 0.18093747551143116, "activatedTokens": {"C": 486873, "O": 20881, "F": 17270, "others": 2581}}, "0.00": {"activatedMoleculePct": 0.243921159075546, "activatedTokens": {"C": 634277, "F": 43007, "O": 37184, "others": 7136, "N": 6590, "=": 5539, "n": 1716, "[C@]": 1367, "[C@@]": 1255, "(": 1240}}}