{"0.20": {"activatedMoleculePct": 0.3450019151434014, "activatedTokens": {"C": 413459, "c": 246836, "O": 74004, "n": 72568, "[C@H]": 40735, "N": 40251, "[C@@H]": 31396, "s": 16278, "o": 15134, "=": 13673, "[nH]": 12734, "F": 10996, "1": 10880, "others": 9769, "2": 8902, "Cl": 5277, "S": 3566}}, "0.00": {"activatedMoleculePct": 0.5658864257711657, "activatedTokens": {"C": 943427, "c": 608532, "O": 161732, "n": 156367, "N": 83804, "[C@H]": 78452, "[C@@H]": 63697, "=": 52230, "1": 35811, "o": 28779, "s": 27741, "F": 26163, "2": 22055, "[nH]": 21933, "others": 20194, "Cl": 14886, "S": 8085, "(": 6161, ")": 5544, "[N+]": 4517}}}