{"0.20": {"activatedMoleculePct": 0.3115443965394128, "activatedTokens": {"1": 202068, "2": 186136, "3": 73403, "C": 14015, "4": 10987, "[C@H]": 9704, "N": 5122, "[C@@H]": 4659, "=": 4468, "others": 4027, "\\": 3188, "[C@@]": 1715, "(": 1584, "S": 1567}}, "0.00": {"activatedMoleculePct": 0.48387288134972567, "activatedTokens": {"1": 335375, "2": 295096, "3": 111104, "C": 83161, "N": 33429, "[C@H]": 27013, "[C@@H]": 20762, "(": 19962, "4": 16969, "=": 16502, "others": 9513, "\\": 7561, "c": 5729, "O": 5612, "S": 5055, "#": 3174, "/": 2816, "[C@@]": 2659, ")": 2437}}}