{"0.20": {"activatedMoleculePct": 0.037162570408068356, "activatedTokens": {"C": 126161, "(": 62419, "c": 42180, ")": 40140, "1": 34410, "O": 27140, "N": 21200, "=": 15488, "2": 14504, "n": 9983, "[C@]": 9836, "[C@@]": 7563, "F": 6793, "3": 5501, "others": 3904, "[C@H]": 3232, "o": 1998, "[C@@H]": 1162}}, "0.00": {"activatedMoleculePct": 0.1824988849690904, "activatedTokens": {"C": 352632, "c": 156533, "(": 132806, "1": 116482, ")": 79343, "O": 75385, "=": 69227, "N": 57513, "n": 45175, "2": 42806, "3": 25859, "[C@H]": 17469, "F": 13878, "o": 12738, "[C@]": 12612, "[C@@]": 9675, "others": 9152, "[C@@H]": 5253, "s": 3667, "4": 3546}}}