{"0.20": {"activatedMoleculePct": 0.21478241700618045, "activatedTokens": {"c": 653384, "1": 102224, "2": 62157, "n": 45836, "C": 39259, "N": 18114, "3": 10578, "s": 8244, "O": 8204, "others": 7990, "S": 7049, "-": 5532, "F": 5138, "=": 2969, "(": 2275, "[nH]": 1854}}, "0.00": {"activatedMoleculePct": 0.45888666818511054, "activatedTokens": {"c": 1325552, "1": 253953, "C": 245006, "2": 140345, "n": 122617, "N": 62519, "O": 41578, "3": 28570, "others": 22935, "(": 22282, "F": 20914, "-": 19578, "S": 18404, "s": 15614, "=": 12438, "[C@@H]": 8022, ")": 7342, "4": 5122}}}