{"0.20": {"activatedMoleculePct": 0.5281504108952985, "activatedTokens": {"(": 1725382, "others": 3548}}, "0.00": {"activatedMoleculePct": 0.7656567550366806, "activatedTokens": {"(": 3140952, "others": 18105}}}