{"0.20": {"activatedMoleculePct": 0.08546153491236846, "activatedTokens": {"n": 139567, "others": 228}}, "0.00": {"activatedMoleculePct": 0.12888878472982562, "activatedTokens": {"n": 209083, "[nH]": 5439, "others": 1744, "C": 1361, "c": 1257, "o": 903, "(": 869, "s": 639}}}