{"0.20": {"activatedMoleculePct": 0.014191102749091314, "activatedTokens": {"c": 5871, "O": 3945, "C": 3335, "N": 3286, "(": 2312, "[C@H]": 1888, "/": 1239, "F": 1066, "S": 771, "Cl": 598, ")": 503, "2": 489, "[C@@H]": 392, "n": 385, "1": 365, "=": 349, "others": 230, "-": 207, "[nH]": 190, "[O-]": 169, "s": 108, "3": 99, "4": 90}}, "0.00": {"activatedMoleculePct": 0.04458219480560379, "activatedTokens": {"c": 19659, "O": 15278, "N": 12532, "C": 11910, "(": 7909, "[C@H]": 5741, "F": 3030, "Cl": 2583, "S": 2522, "/": 2455, ")": 2203, "2": 1688, "=": 1665, "n": 1572, "[C@@H]": 1523, "1": 1297, "[O-]": 826, "others": 814, "[nH]": 604, "-": 464, "s": 443, "3": 330, "Br": 296}}}