{"0.20": {"activatedMoleculePct": 0.5654660463017959, "activatedTokens": {"c": 987380, "C": 285518, "1": 162763, "=": 84139, "[C@H]": 57550, "2": 48122, "[C@@H]": 46137, "N": 39078, "O": 33711, "n": 32218, "others": 15703, "3": 15224, "(": 4612, "S": 4478, "F": 3877}}, "0.00": {"activatedMoleculePct": 0.7586853401082294, "activatedTokens": {"c": 1614367, "C": 652572, "1": 404928, "=": 280781, "O": 146423, "2": 138125, "N": 125717, "[C@H]": 100442, "[C@@H]": 86955, "n": 73817, "3": 43849, "others": 32017, "(": 21602, "S": 15330, "F": 11586, "[C@]": 6648, "s": 6244}}}