{"0.20": {"activatedMoleculePct": 0.23668975336028938, "activatedTokens": {"C": 305794, "[C@H]": 114230, "[C@@H]": 109071, "2": 55388, "1": 51299, "O": 36476, "c": 32405, "n": 32194, "N": 31948, "3": 14560, "[nH]": 8631, "=": 7178, "others": 6899, "[C@@]": 4918, "[C@]": 3654, "4": 3060, "s": 2605, ".": 2442}}, "0.00": {"activatedMoleculePct": 0.5465650822852531, "activatedTokens": {"C": 954429, "[C@@H]": 211702, "[C@H]": 201879, "N": 177617, "1": 166244, "2": 156959, "c": 151184, "n": 133705, "O": 107354, "3": 43098, "=": 42504, "others": 23441, ")": 22815, "(": 21238, "[nH]": 12103, "F": 10126, "[C@@]": 10059, "s": 9850, "4": 8718, "[C@]": 8275, "o": 7471}}}