{"0.20": {"activatedMoleculePct": 0.04255206956328139, "activatedTokens": {")": 36144, "C": 34498, "c": 26385, "(": 24969, "1": 18450, "=": 18065, "O": 17699, "N": 4855, "3": 3277, "Cl": 2354, "others": 1893, "2": 1523, "[C@@H]": 1389, "5": 1305, "S": 1283, "#": 973, "4": 819, "[C@H]": 688}}, "0.00": {"activatedMoleculePct": 0.1596519199404145, "activatedTokens": {")": 127340, "C": 117467, "c": 94599, "(": 78544, "=": 66345, "O": 64590, "1": 54280, "N": 28851, "3": 14441, "Cl": 8921, "[C@@H]": 8272, "2": 7526, "others": 4880, "5": 3602, "[C@H]": 3233, "S": 3213, "4": 2868, "#": 2461, "F": 2105}}}