{"0.20": {"activatedMoleculePct": 0.354638418728711, "activatedTokens": {"1": 296402, "2": 195084, "3": 54651, "[C@H]": 9196, "[C@@H]": 6795, "4": 6788, "others": 2757}}, "0.00": {"activatedMoleculePct": 0.5280449498437492, "activatedTokens": {"1": 487136, "2": 317311, "3": 102073, "[C@H]": 27072, "[C@@H]": 19903, "4": 13631, "C": 10595, "others": 8329, "-": 7893, "N": 4390, "F": 4368, "s": 3597, "n": 2600, "Cl": 2103, "O": 2015}}}