{"0.20": {"activatedMoleculePct": 0.6408267560546728, "activatedTokens": {")": 2842623, "others": 112}}, "0.00": {"activatedMoleculePct": 0.8587349214498258, "activatedTokens": {")": 4436140, "others": 1794}}}