{"0.20": {"activatedMoleculePct": 0.22034036089650683, "activatedTokens": {"c": 233281, "C": 156127, "N": 86559, "[C@H]": 56268, "n": 45913, ")": 37339, "O": 34914, "[C@@H]": 19336, "(": 16083, "1": 13598, "2": 12629, "-": 9929, "=": 8753, "others": 6788, "o": 5432, "3": 4352, "[nH]": 3362, "F": 1975, "4": 1496}}, "0.00": {"activatedMoleculePct": 0.41471972626998177, "activatedTokens": {"c": 528252, "C": 458726, "N": 195303, ")": 130451, "n": 101548, "[C@H]": 100668, "O": 70586, "(": 52321, "[C@@H]": 47122, "1": 42031, "=": 33304, "2": 33123, "-": 25601, "others": 18002, "3": 11287, "o": 10881, "F": 8704, "[nH]": 6995, "4": 3981}}}