{"0.20": {"activatedMoleculePct": 0.3161553880710368, "activatedTokens": {"c": 552441, "C": 452777, "=": 86089, "[C@H]": 41892, "O": 41367, "[C@@H]": 21005, "(": 19614, "-": 19318, "N": 14584, "Cl": 14431, "F": 11496, "others": 10859, "n": 7996, "2": 3438}}, "0.00": {"activatedMoleculePct": 0.5258888572342986, "activatedTokens": {"C": 1029706, "c": 1024123, "=": 279979, "O": 95839, "(": 83017, "[C@H]": 82816, "[C@@H]": 48508, "N": 46001, "-": 37436, "F": 29862, "Cl": 28162, "others": 27537, "n": 22148, "1": 14265, "2": 12009}}}