{"0.20": {"activatedMoleculePct": 0.15152336291857602, "activatedTokens": {"C": 121829, "N": 32378, "c": 30116, "O": 27957, "n": 18603, "[C@@H]": 11136, "[C@H]": 10559, "S": 9551, "=": 2883, "2": 2385, "others": 2300, "1": 1818, "#": 1466, "3": 1170, "F": 881, "o": 621, "[C@@]": 472}}, "0.00": {"activatedMoleculePct": 0.26905238118604136, "activatedTokens": {"C": 263908, "c": 61218, "N": 57478, "O": 47439, "n": 27029, "1": 24661, "2": 24096, "[C@@H]": 22212, "[C@H]": 21419, "S": 13437, "3": 11842, "=": 10900, "others": 5477, "(": 3494, "o": 3243, "F": 3203, "4": 2233, "s": 1854, "/": 1709, "#": 1609, "[C@@]": 1580}}}