{"0.20": {"activatedMoleculePct": 0.008137345442800929, "activatedTokens": {")": 4301, "(": 3413, "c": 3230, "C": 3165, "O": 1849, "1": 1301, "S": 1103, "N": 1016, "2": 813, "n": 708, ".": 472, "[C@H]": 277, "s": 264, "[O-]": 260, "F": 243, "[N+]": 193, "others": 186, "=": 182, "-": 87, "3": 54, "[nH]": 52, "Br": 50, "#": 50}}, "0.00": {"activatedMoleculePct": 0.045118288484312305, "activatedTokens": {"c": 18813, "C": 16075, "(": 12856, ")": 11993, "N": 9817, "n": 9670, "1": 9226, "O": 7057, "2": 6866, "S": 3662, "[O-]": 2133, "=": 1937, ".": 1782, "[C@H]": 1716, "[N+]": 1409, "F": 1190, "s": 1048, "others": 1027, "3": 590, "Br": 260, "[nH]": 255, "Cl": 250, "#": 235}}}