{"0.20": {"activatedMoleculePct": 0.020331279528178973, "activatedTokens": {"C": 5405, "=": 3867, "[C@@H]": 3519, "o": 2400, "[C@H]": 2146, "O": 2110, ")": 1943, "[nH]": 1837, "F": 1575, "(": 1412, "1": 1379, "-": 1150, "n": 1056, "c": 960, "S": 662, "3": 614, "s": 540, "2": 536, "[C@]": 520, "N": 424, "others": 254, "[O-]": 167, ".": 138}}, "0.00": {"activatedMoleculePct": 0.08200329126365043, "activatedTokens": {"=": 30582, "C": 27454, ")": 16172, "[C@@H]": 12524, "O": 11686, "o": 8075, "[C@H]": 7398, "F": 6654, "1": 6133, "[nH]": 5549, "(": 5322, "n": 4943, "c": 4149, "-": 2995, "2": 2811, "3": 2761, "S": 2352, "s": 2086, "N": 2059, "[C@]": 1526, "others": 1526, "[O-]": 734}}}