{"0.20": {"activatedMoleculePct": 0.08685083779284666, "activatedTokens": {"C": 209968, "c": 87191, "N": 47253, "O": 40337, "2": 24406, "3": 13642, "=": 13176, "F": 12162, "1": 6161, "others": 4555, "n": 4048, "S": 3511, "4": 3457, "#": 2736, "Cl": 1851, "[C@@H]": 1347, "[C@H]": 1188, "(": 1090, ")": 897}}, "0.00": {"activatedMoleculePct": 0.2011464495145496, "activatedTokens": {"C": 568997, "c": 180208, "O": 106246, "N": 98570, "=": 62875, "2": 60948, "1": 37075, "3": 28503, "F": 21608, "n": 19491, "others": 12075, "(": 11406, "[C@@H]": 9621, "S": 8369, "[C@H]": 7091, "4": 7052, "#": 6286, ")": 5000, "[C@@]": 4352, "[C@]": 2633}}}