{"0.20": {"activatedMoleculePct": 0.2789752408210436, "activatedTokens": {"C": 543810, "c": 173499, "n": 47185, "1": 46685, ")": 46059, "N": 16849, "O": 16148, "2": 15666, "[nH]": 10517, "others": 7977, "s": 4669, "=": 4084, "3": 3754, "(": 3468, "[C@@H]": 3330}}, "0.00": {"activatedMoleculePct": 0.4964102962210522, "activatedTokens": {"C": 1215622, "c": 428478, ")": 168137, "1": 113673, "n": 100696, "O": 64895, "N": 61731, "2": 40336, "others": 20042, "[nH]": 19988, "(": 15354, "=": 11629, "3": 10467, "s": 8016, "[C@H]": 7483, "[C@@H]": 7477}}}