{"0.20": {"activatedMoleculePct": 0.08669337858393637, "activatedTokens": {"N": 48900, "O": 45305, "S": 40180, "(": 36534, "C": 36098, ")": 9097, "1": 3648, "others": 1819, "c": 1779, "2": 1736, "=": 1173, "[C@H]": 536}}, "0.00": {"activatedMoleculePct": 0.16175674676091759, "activatedTokens": {"N": 118740, "O": 106880, "(": 97669, "S": 68973, "C": 66845, ")": 35265, "1": 11641, "c": 6387, "2": 5340, "=": 4626, "others": 4063, "[N+]": 1801, "3": 1546}}}