{"0.20": {"activatedMoleculePct": 0.27508563217675275, "activatedTokens": {"c": 632231, "n": 39233, "s": 6249, "others": 5227}}, "0.00": {"activatedMoleculePct": 0.4119359939301306, "activatedTokens": {"c": 942554, "n": 68359, "C": 29747, "o": 12930, "s": 10442, "others": 10176, "O": 3942}}}