{"0.20": {"activatedMoleculePct": 0.24715163614765426, "activatedTokens": {"C": 340819, "[C@H]": 9649, "[C@@H]": 9364, "s": 6703, "O": 4272, "others": 2753, "[nH]": 2721, "n": 2375, "N": 2124, "o": 2115, "c": 1726}}, "0.00": {"activatedMoleculePct": 0.391035664144634, "activatedTokens": {"C": 537082, "n": 38610, "[C@@H]": 20189, "[C@H]": 19187, "c": 15202, "s": 11095, "O": 8087, "[nH]": 7511, "o": 7506, "N": 6053, "others": 5387, "1": 3752, "=": 3464}}}