{"0.20": {"activatedMoleculePct": 0.09403244245598283, "activatedTokens": {"C": 276245, "N": 67977, "c": 63723, "O": 39718, "-": 21690, "=": 17087, "F": 10197, "n": 10079, "1": 8469, "S": 8159, "[C@@H]": 6065, "[C@H]": 6024, "others": 4661, "2": 2647, "#": 2130, ".": 1707, "[C@]": 1076, "[C@@]": 985, "(": 887, "[nH]": 848}}, "0.00": {"activatedMoleculePct": 0.191519466718616, "activatedTokens": {"C": 519640, "c": 240387, "N": 131211, "O": 74225, "=": 40291, "1": 39393, "-": 36500, "n": 31371, "F": 29509, "[C@@H]": 22602, "[C@H]": 18361, "S": 17330, "2": 13912, "others": 12251, "(": 9084, "#": 4245, ".": 3290, ")": 3195, "o": 2811, "[C@]": 2748, "3": 2477, "[C@@]": 2403, "[nH]": 2318}}}