{"0.20": {"activatedMoleculePct": 0.516212805754658, "activatedTokens": {"O": 1079189, "C": 28547, "others": 10426, "Cl": 5773, "2": 3099}}, "0.00": {"activatedMoleculePct": 0.6998490588699702, "activatedTokens": {"O": 1569374, "C": 117550, "Cl": 20637, "=": 16643, "others": 16556, "1": 15611, "F": 15575, "2": 14496, "n": 6766, "S": 3755}}}