{"0.20": {"activatedMoleculePct": 0.029395803382516756, "activatedTokens": {"C": 162014, "1": 43151, "O": 16528, "(": 15966, "N": 12329, "c": 9652, "[C@]": 3840, "=": 3820, "2": 3568, "[C@@]": 3549, "others": 2583, ")": 1621, "S": 1389, "[C@@H]": 1007, "[C@H]": 947}}, "0.00": {"activatedMoleculePct": 0.07866076182427113, "activatedTokens": {"C": 279745, "1": 66386, "(": 35852, "O": 33691, "c": 33124, "N": 30523, ")": 14703, "2": 12568, "=": 11626, "n": 6245, "[C@]": 5542, "others": 5119, "[C@@]": 4892, "[C@@H]": 4885, "[C@H]": 4375, "S": 2459, "F": 1907}}}