{"0.20": {"activatedMoleculePct": 0.04289555034922988, "activatedTokens": {"O": 58522, "N": 1739, "[O-]": 563, "others": 507, "S": 302}}, "0.00": {"activatedMoleculePct": 0.07705980447228096, "activatedTokens": {"O": 87754, "N": 15615, "C": 3168, "[O-]": 1567, "S": 1392, "[nH]": 1189, "others": 1024, "[C@H]": 964, "Cl": 481, "[N-]": 440}}}