{"0.20": {"activatedMoleculePct": 0.6466461554686316, "activatedTokens": {")": 2748183, "others": 54}}, "0.00": {"activatedMoleculePct": 0.8724170281515095, "activatedTokens": {")": 4456840, "others": 1106}}}