{"0.20": {"activatedMoleculePct": 0.19349832617199086, "activatedTokens": {"C": 365204, "O": 3894, "others": 2070}}, "0.00": {"activatedMoleculePct": 0.2805959721201992, "activatedTokens": {"C": 581385, "n": 13682, "O": 9579, "others": 5967, "c": 4897, "[C@H]": 2952, "N": 2063}}}