{"0.20": {"activatedMoleculePct": 0.20253648476344133, "activatedTokens": {"c": 205036, "C": 60091, "n": 36061, "N": 31959, "[C@H]": 29007, "[C@@H]": 16101, "O": 8499, "others": 3244, "2": 1939, "=": 1772, "[C@]": 1766, "[C@@]": 1467, "[nH]": 1330, "S": 981, "3": 950, "-": 941}}, "0.00": {"activatedMoleculePct": 0.31526848992224443, "activatedTokens": {"c": 330303, "C": 127903, "N": 54090, "n": 53098, "[C@H]": 47685, "[C@@H]": 33179, "O": 12771, "2": 10310, "(": 9485, "others": 5565, "3": 4723, "=": 4642, "[C@]": 3958, "s": 2994, "o": 2970, "[C@@]": 2617, "[nH]": 2181, "S": 1622}}}