{"0.20": {"activatedMoleculePct": 0.06906014429122484, "activatedTokens": {"C": 133671, "[C@H]": 1417, "[C@@H]": 1259, "others": 1248, "1": 314, "[N+]": 259, "N": 259}}, "0.00": {"activatedMoleculePct": 0.12120770480865777, "activatedTokens": {"C": 241461, "c": 11226, "N": 4680, "#": 4464, "[C@H]": 4281, "1": 3890, "[C@@H]": 3753, "others": 2633, "2": 2058, "[N+]": 1629, "O": 1095, "n": 627, "(": 623, "3": 508}}}