{"0.20": {"activatedMoleculePct": 0.4168077086169735, "activatedTokens": {")": 1387561, "others": 1301}}, "0.00": {"activatedMoleculePct": 0.7084741616761863, "activatedTokens": {")": 2922263, "others": 8440}}}