{"0.20": {"activatedMoleculePct": 0.024591466589719158, "activatedTokens": {"O": 8711, "C": 7318, "c": 7088, "3": 4890, "=": 4341, "(": 2966, "N": 2325, "#": 2077, "[C@H]": 1837, ")": 1690, "[nH]": 1431, "1": 1365, "F": 1221, "S": 697, "2": 695, "others": 500, "n": 354, "[C@]": 281, "5": 218, "s": 153, "[S@@]": 136, "I": 124}}, "0.00": {"activatedMoleculePct": 0.08878575514140935, "activatedTokens": {"C": 41378, "O": 30895, "c": 24793, "=": 22391, ")": 15845, "N": 12059, "(": 11657, "3": 10966, "[C@H]": 8972, "1": 8069, "#": 4726, "S": 4534, "[nH]": 3474, "F": 3449, "2": 2978, "others": 1968, "n": 1885, "[C@]": 1688, "5": 636, "s": 580, "4": 408}}}