{"0.20": {"activatedMoleculePct": 0.20309454949455594, "activatedTokens": {"C": 378578, "1": 90612, "2": 64120, "3": 9230, "others": 3955, "n": 3053, "[C@H]": 2892}}, "0.00": {"activatedMoleculePct": 0.3061805302786735, "activatedTokens": {"C": 543717, "1": 150051, "2": 103506, "n": 19484, "3": 19328, "[C@H]": 10932, "[C@@H]": 10525, "others": 7234, "c": 6236, ")": 3551, "[nH]": 2355}}}