{"0.20": {"activatedMoleculePct": 0.09907992556207444, "activatedTokens": {"c": 94037, "C": 84950, "n": 35790, "O": 16687, "1": 9721, "(": 7626, "s": 7473, "2": 4465, ")": 4277, "others": 2249, "=": 2067, "o": 1892, "[C@@H]": 1813, "F": 1401, "3": 1129, "[nH]": 882}}, "0.00": {"activatedMoleculePct": 0.234174800228206, "activatedTokens": {"c": 276587, "C": 214880, "n": 85853, "O": 35664, "1": 32839, "(": 21702, ")": 17155, "s": 16582, "2": 15137, "=": 12169, "[C@@H]": 7002, "others": 6302, "o": 6058, "F": 5533, "3": 3643, "N": 2990}}}