{"0.20": {"activatedMoleculePct": 0.23584386784265504, "activatedTokens": {"C": 545138, "others": 2934}}, "0.00": {"activatedMoleculePct": 0.4046372103208286, "activatedTokens": {"C": 1058924, "n": 10882, "others": 10544, "c": 4936, "[nH]": 2146, "S": 2007}}}