{"0.20": {"activatedMoleculePct": 0.31919544935562566, "activatedTokens": {"N": 775508, "O": 35637, "others": 1005}}, "0.00": {"activatedMoleculePct": 0.3404019091379804, "activatedTokens": {"N": 806053, "O": 41871, "others": 3484}}}