{"0.20": {"activatedMoleculePct": 0.21566052673401037, "activatedTokens": {"c": 358778, "C": 168427, "N": 91945, "(": 70191, "n": 58361, ")": 54811, "1": 35957, "=": 34414, "2": 32932, "F": 15060, "3": 14619, "/": 11942, "O": 11567, "Cl": 10622, "others": 9862, "s": 6835, "-": 6048, "4": 3126, "Br": 3004, "[C@H]": 2945}}, "0.00": {"activatedMoleculePct": 0.39847433012092137, "activatedTokens": {"c": 745512, "C": 387272, "N": 223007, "(": 207733, ")": 185466, "n": 154523, "=": 102315, "1": 95675, "2": 75260, "3": 32813, "F": 31663, "O": 29346, "others": 20964, "Cl": 20400, "/": 17470, "s": 13154, "-": 11661, "4": 6774, "[C@H]": 6764, "Br": 6467, "[nH]": 5556}}}