{"0.20": {"activatedMoleculePct": 0.37047295619777754, "activatedTokens": {"c": 481721, "C": 206419, "N": 191708, "2": 144659, "=": 108052, "1": 107597, "F": 88501, "O": 71708, "n": 70433, "3": 60117, "4": 28471, "o": 16160, "others": 15504, "-": 13776, "Cl": 10553, ")": 8399, "/": 8114, "s": 7295, "[nH]": 6337}}, "0.00": {"activatedMoleculePct": 0.6234015143914056, "activatedTokens": {"c": 1136232, "C": 551261, "N": 459142, "=": 367912, "2": 362724, "1": 348950, "O": 236733, "n": 210922, "F": 181535, "3": 147985, ")": 59784, "4": 53464, "o": 39288, "others": 35936, "-": 34640, "Cl": 23153, "s": 14759, "[nH]": 14733, "/": 14216, "[C@H]": 12992, "[O-]": 12147}}}