{"0.20": {"activatedMoleculePct": 0.5467686807042161, "activatedTokens": {"(": 2137057, "others": 432}}, "0.00": {"activatedMoleculePct": 0.8031628062306975, "activatedTokens": {"(": 3781695, "others": 4501}}}