{"0.20": {"activatedMoleculePct": 0.009380907008985428, "activatedTokens": {"c": 3989, "C": 2644, "=": 1524, ")": 1155, "O": 1129, "F": 1024, "(": 904, "n": 854, "1": 813, "3": 797, "[C@H]": 738, "2": 574, "N": 451, "-": 327, "[C@]": 317, "[C@@H]": 291, "4": 265, "o": 162, "others": 131, "[O-]": 84, "Cl": 58, "[C@@]": 57, "s": 53}}, "0.00": {"activatedMoleculePct": 0.04714255477932641, "activatedTokens": {"c": 22646, "C": 18415, "O": 10057, "=": 9002, ")": 7997, "(": 6557, "F": 6393, "1": 5592, "3": 4329, "n": 3702, "2": 3601, "[C@H]": 3484, "N": 2209, "-": 1706, "[C@@H]": 1339, "[C@]": 1337, "4": 1106, "o": 985, "[O-]": 900, "others": 847, "Cl": 472, "s": 421}}}