{"0.20": {"activatedMoleculePct": 0.13154581733413503, "activatedTokens": {"n": 186413, "[nH]": 5551, "others": 46}}, "0.00": {"activatedMoleculePct": 0.21798652881540143, "activatedTokens": {"n": 309005, "[nH]": 17289, "C": 3511, "others": 2179, "N": 2002, "s": 1931, "Cl": 1408}}}