{"0.20": {"activatedMoleculePct": 0.3936304454337928, "activatedTokens": {")": 1462275, "others": 457}}, "0.00": {"activatedMoleculePct": 0.6883442834617297, "activatedTokens": {")": 3072044, "others": 3988}}}