{"0.20": {"activatedMoleculePct": 0.04632376689299292, "activatedTokens": {"c": 105744, "O": 66552, "C": 53356, "(": 39677, ")": 35592, "=": 35430, "N": 31977, "1": 27519, "n": 10512, "S": 7873, "2": 5766, "Cl": 5718, "F": 4624, "others": 3960, "s": 2213, "[C@H]": 1521, "Br": 1519, "3": 1501, "o": 1483, "[O-]": 1156, "[nH]": 1062}}, "0.00": {"activatedMoleculePct": 0.19051905146572554, "activatedTokens": {"c": 223276, "O": 160299, "C": 160062, ")": 112632, "(": 101139, "N": 96979, "=": 79579, "1": 65333, "n": 25835, "S": 25194, "2": 21741, "Cl": 10732, "F": 10710, "others": 10448, "3": 9812, "[C@H]": 9677, "[C@@H]": 8031, "o": 5263, "s": 4348, "[O-]": 3048, "Br": 2495}}}