{"0.20": {"activatedMoleculePct": 0.39853951090972606, "activatedTokens": {"C": 399389, "=": 207269, "c": 168563, "S": 78549, "n": 71998, "O": 61029, "[C@]": 22355, "[C@@]": 20822, "[nH]": 20718, ")": 17138, "others": 10819, "-": 10142, "[C@H]": 5493, "Cl": 4691, "N": 3956, "s": 3128, "[N+]": 2954, "#": 1964, "F": 1883}}, "0.00": {"activatedMoleculePct": 0.5986818833293175, "activatedTokens": {"C": 679927, "=": 521011, "c": 509852, "O": 229793, "n": 144827, "S": 112820, ")": 83270, "[C@]": 33334, "-": 30852, "[C@@]": 29348, "[nH]": 26321, "others": 23846, "N": 17258, "[C@H]": 14275, "Cl": 13739, "[N+]": 9337, "s": 7759, "F": 5829, "#": 5450, "Br": 4634, "[C@@H]": 4483}}}