{"0.20": {"activatedMoleculePct": 0.12195618532729179, "activatedTokens": {"c": 602801, "C": 265721, "1": 97510, "O": 84284, "N": 49651, "n": 27903, "2": 18691, "=": 18409, "others": 11897, "[C@H]": 11331, "[C@@H]": 11235, "F": 10175, "-": 7585, "Cl": 7158, "S": 6380, "(": 4997, "Br": 3847, "s": 3764}}, "0.00": {"activatedMoleculePct": 0.29312459857056333, "activatedTokens": {"c": 1027585, "C": 584992, "1": 247289, "O": 183489, "N": 114270, "=": 70322, "2": 70070, "n": 63619, "(": 49688, "[C@@H]": 24807, "[C@H]": 24712, "others": 22074, "F": 18517, "S": 14381, ")": 13861, "-": 12247, "Cl": 11752, "3": 11662, "o": 9021, "s": 9015}}}