{"0.20": {"activatedMoleculePct": 0.03299173229297959, "activatedTokens": {"(": 40677, "O": 38074, ")": 34049, "=": 31786, "C": 29326, "c": 5002, "1": 4937, "N": 4532, "2": 4427, "4": 3118, "n": 2801, "F": 2537, "3": 2444, "others": 2049, "[C@H]": 754}}, "0.00": {"activatedMoleculePct": 0.10489566313396556, "activatedTokens": {"O": 100036, "=": 81089, "(": 78092, ")": 69947, "C": 66472, "c": 30173, "2": 15264, "n": 13782, "F": 12808, "N": 12369, "1": 11406, "4": 8857, "3": 7545, "others": 3897, "[C@H]": 2416, "s": 1928, "S": 1760}}}