{"0.20": {"activatedMoleculePct": 0.9797609988919266, "activatedTokens": {")": 5938671, "others": 65}}, "0.00": {"activatedMoleculePct": 0.9941073637446876, "activatedTokens": {")": 6157370, "others": 3074}}}