{"0.20": {"activatedMoleculePct": 0.018008206920442086, "activatedTokens": {"C": 71920, "(": 28724, ")": 24310, "1": 22098, "c": 20427, "2": 16984, "O": 14482, "N": 12319, "[C@@H]": 12036, "[C@H]": 11031, "=": 8671, "3": 6144, "n": 4091, "others": 2540, "4": 1154, "[C@@]": 878}}, "0.00": {"activatedMoleculePct": 0.10815323783737467, "activatedTokens": {"C": 217357, "(": 90490, "c": 70320, "1": 62292, ")": 59063, "N": 47082, "O": 43282, "2": 41756, "=": 38969, "[C@@H]": 27309, "[C@H]": 23055, "n": 15344, "3": 12193, "others": 5730, "S": 2905, "4": 2843, "[C@@]": 2648}}}