{"0.20": {"activatedMoleculePct": 0.22292855086994381, "activatedTokens": {"O": 318757, "N": 13147, "S": 6842, "F": 4392, "others": 2239}}, "0.00": {"activatedMoleculePct": 0.32036430934362947, "activatedTokens": {"O": 446499, "N": 31300, "S": 14792, "#": 9084, "F": 8821, "C": 5864, "others": 4817, "=": 4705, "n": 3052, "[C@H]": 3046, "c": 2334}}}