{"0.20": {"activatedMoleculePct": 0.009115789643285317, "activatedTokens": {"(": 11257, "C": 8432, "O": 4858, "=": 4645, ")": 2167, "[C@@H]": 494, "P": 474, "N": 444, "2": 411, "S": 403, "[N+]": 341, "others": 277, "1": 223, "Br": 170, "#": 144, "[C@H]": 135, "[C@]": 121, "[C@@]": 117, "3": 116, "4": 108}}, "0.00": {"activatedMoleculePct": 0.02469399816761423, "activatedTokens": {"(": 31770, "C": 27996, "O": 16496, "=": 14864, ")": 8319, "[C@@H]": 1907, "N": 1896, "S": 1855, "1": 1231, "2": 1070, "[N+]": 922, "others": 821, "P": 753, "Br": 564, "3": 488, "[C@H]": 482, "c": 364, "4": 353, "[C@]": 342, "#": 319, "[C@@]": 312}}}