{"0.20": {"activatedMoleculePct": 0.017879310079659712, "activatedTokens": {"C": 69778, "(": 41260, ")": 35347, "O": 30588, "c": 19688, "1": 12313, "=": 8340, "2": 7114, "3": 3023, "others": 2162, "N": 1963, "4": 1423, "[C@H]": 1222, "o": 1103, "[C@@H]": 1011, "-": 840, ".": 765, "F": 701, "n": 532, "S": 485}}, "0.00": {"activatedMoleculePct": 0.035805491737785744, "activatedTokens": {"C": 124931, "(": 72671, ")": 61426, "O": 53265, "c": 48663, "1": 22182, "=": 14869, "2": 11340, "N": 6747, "3": 4588, "others": 3533, "n": 2440, "F": 2212, "[C@H]": 1912, "4": 1897, "o": 1677, "-": 1594, "[C@@H]": 1539, ".": 1380, "S": 1246, "Cl": 1033}}}