{"0.20": {"activatedMoleculePct": 0.3050849071320233, "activatedTokens": {"c": 609959, "(": 185859, "C": 150720, "1": 95563, "2": 45744, "n": 45649, ")": 34025, "O": 26990, "o": 18823, "-": 16997, "N": 16094, "others": 12574, "3": 10937, "S": 10815, "[nH]": 8191, "=": 7226}}, "0.00": {"activatedMoleculePct": 0.5081999629421583, "activatedTokens": {"c": 1221004, "(": 525004, "C": 373698, "1": 215073, ")": 178989, "2": 97765, "n": 90756, "O": 63106, "=": 44852, "N": 41361, "o": 32933, "-": 32161, "S": 28459, "3": 25418, "others": 25394, "[nH]": 17107, "F": 7459}}}