{"0.20": {"activatedMoleculePct": 0.4571648700448869, "activatedTokens": {"C": 1086426, "c": 220640, "O": 55340, "n": 36239, "1": 31540, "[C@@H]": 25357, "2": 23958, "=": 16272, "others": 12906, "(": 11028, ")": 7740, "[C@H]": 5922, "3": 4421}}, "0.00": {"activatedMoleculePct": 0.6982312570444686, "activatedTokens": {"C": 2152184, "c": 648367, "O": 185009, "1": 100073, "n": 96376, "2": 68809, "[C@@H]": 60008, "(": 59932, "=": 59437, ")": 48491, "others": 29485, "[C@H]": 18822, "3": 15388, "N": 11943}}}