{"0.20": {"activatedMoleculePct": 0.8584800572419152, "activatedTokens": {")": 2717633, "others": 462}}, "0.00": {"activatedMoleculePct": 0.9280609154751643, "activatedTokens": {")": 4015339, "others": 2648}}}