{"0.20": {"activatedMoleculePct": 0.02887801891414665, "activatedTokens": {"C": 10247, "c": 8013, "N": 6390, "1": 4154, "O": 4118, "=": 2959, "s": 2208, "[nH]": 1967, "[C@]": 1964, "(": 1833, "2": 1547, "[C@H]": 1477, "3": 1294, "4": 768, ")": 747, "n": 724, "[C@@H]": 606, "#": 596, "o": 559, "F": 538, "5": 476, "others": 453, "S": 191, "6": 171, "Cl": 142}}, "0.00": {"activatedMoleculePct": 0.07821035524994635, "activatedTokens": {"c": 31765, "C": 29366, "O": 17307, "=": 15980, "N": 15732, "1": 15318, "[C@H]": 6194, "2": 4918, "s": 4864, ")": 4530, "(": 4347, "[nH]": 3851, "[C@]": 3768, "3": 3678, "[C@@H]": 3001, "n": 2976, "F": 2775, "o": 2323, "4": 2148, "others": 1661, "#": 1496, "5": 1133, "[O-]": 591, "S": 577, "Cl": 575}}}