{"0.20": {"activatedMoleculePct": 0.5039727324592272, "activatedTokens": {"(": 1512656, "others": 1600}}, "0.00": {"activatedMoleculePct": 0.7746685483652438, "activatedTokens": {"(": 3044919, "others": 9833}}}