{"0.20": {"activatedMoleculePct": 0.33113378686467954, "activatedTokens": {"O": 440652, "C": 158607, "N": 67400, "c": 55645, "2": 55494, "3": 41568, ")": 36135, "1": 30470, "n": 28308, "(": 10509, "4": 9932, "others": 9425, "[nH]": 6590, "S": 4431, "[C@H]": 2839, "[C@@H]": 2430, "F": 1645}}, "0.00": {"activatedMoleculePct": 0.55166749302236, "activatedTokens": {"O": 909744, "C": 430289, ")": 163290, "c": 137133, "N": 118576, "2": 116302, "1": 77979, "3": 76667, "n": 58150, "(": 41163, "others": 19142, "4": 17408, "S": 14566, "[nH]": 13489, "[C@H]": 7960, "[C@@H]": 6500, "F": 4509, "#": 4035}}}