{"0.20": {"activatedMoleculePct": 0.1759251460891893, "activatedTokens": {"C": 256117, "c": 28088, "[C@@H]": 25376, "2": 24761, "1": 12499, "[C@H]": 10707, "O": 9046, "-": 7355, "n": 6257, "F": 6136, "3": 5563, ")": 4278, "others": 3615, "(": 2612, "=": 2195, "N": 1447, "[nH]": 1282, "S": 701}}, "0.00": {"activatedMoleculePct": 0.3588187776331757, "activatedTokens": {"C": 617027, "c": 83269, "2": 55022, "1": 40649, "O": 39783, "[C@@H]": 36651, ")": 32323, "F": 24203, "n": 21369, "-": 21353, "[C@H]": 18967, "(": 14803, "3": 14584, "others": 10194, "=": 9392, "N": 8968, "[nH]": 5205, "S": 2628, "Cl": 2473}}}