{"0.20": {"activatedMoleculePct": 0.12288995505455046, "activatedTokens": {"C": 222402, "N": 119412, "1": 85409, "[C@H]": 69884, "2": 61828, "[C@@H]": 48607, "(": 46368, "O": 18571, "3": 15148, "others": 6307, ")": 4286}}, "0.00": {"activatedMoleculePct": 0.30351617399022873, "activatedTokens": {"C": 576898, "N": 263227, "1": 221531, "2": 179995, "(": 121485, "[C@H]": 116625, "[C@@H]": 98682, "3": 58669, "O": 37027, ")": 27398, "=": 23169, "c": 22706, "others": 13241, "n": 6956, "F": 5709}}}