{"0.20": {"activatedMoleculePct": 0.16889221221400097, "activatedTokens": {"c": 525861, "n": 16375, "[nH]": 6364, "s": 5845, "others": 4960, "o": 4813, "F": 4097}}, "0.00": {"activatedMoleculePct": 0.31638901359495486, "activatedTokens": {"c": 927695, "n": 62473, "C": 35061, "s": 13275, "[nH]": 10910, "O": 10673, "o": 9781, "others": 9111, "F": 7297, "[C@@H]": 4494, "=": 4124, "N": 3348, "Cl": 3165, "2": 3074, "-": 2337, "(": 2250}}}