{"0.20": {"activatedMoleculePct": 0.05799552229951964, "activatedTokens": {"C": 16708, "n": 13201, "c": 12377, "O": 12031, "=": 8277, "(": 6337, "N": 6263, "s": 5942, "[C@H]": 5895, "[C@@H]": 3918, "F": 3706, "[C@]": 2423, "o": 2096, "1": 1374, "S": 1252, ")": 1214, "[nH]": 1053, "3": 1017, "others": 994, "2": 987, "-": 362, "Br": 276, "P": 263, "[O-]": 227, "Cl": 211, "4": 208, "I": 192}}, "0.00": {"activatedMoleculePct": 0.1413661453912422, "activatedTokens": {"C": 49262, "c": 44956, "n": 38019, "O": 34494, "N": 22399, "(": 20076, "=": 17239, "[C@H]": 15808, "s": 11866, "[C@@H]": 11118, "F": 9935, "o": 4972, ")": 4699, "[C@]": 4556, "1": 4488, "2": 3065, "S": 2833, "others": 2810, "[nH]": 2658, "3": 2463, "-": 1118, "[O-]": 1061, "Br": 741, "Cl": 696, "4": 461}}}