{"0.20": {"activatedMoleculePct": 0.2449706430121434, "activatedTokens": {"C": 628531, "others": 2374}}, "0.00": {"activatedMoleculePct": 0.33894083415297566, "activatedTokens": {"C": 849295, "1": 9302, "others": 6535, "2": 4000}}}