{"0.20": {"activatedMoleculePct": 0.064938374859843, "activatedTokens": {"4": 119870, "c": 117794, "C": 105137, "(": 80727, "=": 33727, "O": 33362, "2": 23964, "n": 16057, "F": 8783, "N": 8698, "others": 5558, "6": 5090, "1": 5043, "[C@@H]": 3509, "[C@H]": 3486, "Cl": 2545, "[nH]": 2336, "o": 2035, "-": 1711, ")": 1135, "#": 992, "s": 991}}, "0.00": {"activatedMoleculePct": 0.17906700658325966, "activatedTokens": {"C": 404020, "c": 380104, "(": 269898, "4": 169985, "O": 138660, "=": 118670, "2": 111212, "n": 70433, "N": 48919, "1": 47693, "F": 21776, "[C@@H]": 16046, "others": 15560, "[C@H]": 13091, "-": 9554, "Cl": 6684, "[nH]": 6517, "o": 5471, "6": 5097, ")": 3919, "5": 3420, "s": 3218}}}