{"0.20": {"activatedMoleculePct": 0.38851778153889643, "activatedTokens": {"C": 1107325, "c": 950135, "1": 319097, "O": 233368, "N": 153621, "2": 146220, "n": 129411, "=": 111631, "F": 60107, "[C@@H]": 56249, "[C@H]": 54724, "3": 42355, "others": 32270, "S": 27014, "Cl": 20629, "s": 16664, "-": 8711, "4": 7328, "o": 7277}}, "0.00": {"activatedMoleculePct": 0.7540120972614548, "activatedTokens": {"C": 2603478, "c": 2211899, "1": 730805, "O": 585850, "N": 398457, "2": 386262, "n": 351227, "=": 317777, "[C@@H]": 139406, "3": 128037, "F": 127966, "[C@H]": 123000, "others": 76420, "S": 64060, "Cl": 43105, "s": 31972, "4": 24845, "o": 20356, "-": 19598, "(": 15927}}}