{"0.20": {"activatedMoleculePct": 0.11661282538213152, "activatedTokens": {"c": 329129, "others": 465}}, "0.00": {"activatedMoleculePct": 0.23835735623791135, "activatedTokens": {"c": 785542, "others": 5944, "C": 4437, "N": 2849, "n": 2710}}}