{"0.20": {"activatedMoleculePct": 0.9973766563427132, "activatedTokens": {"(": 6145425, "others": 20}}, "0.00": {"activatedMoleculePct": 0.9981317281770691, "activatedTokens": {"(": 6216309, "others": 1316}}}