{"0.20": {"activatedMoleculePct": 0.1129443919987286, "activatedTokens": {"C": 249589, "N": 4592, "O": 3656, "others": 2546, "\\": 2275, "[C@@H]": 2150, "[C@H]": 1776, "/": 1274, "=": 1060}}, "0.00": {"activatedMoleculePct": 0.27153950431841034, "activatedTokens": {"C": 614453, "N": 28655, "O": 20656, "n": 20116, "c": 19222, "=": 14286, "1": 14049, "[C@@H]": 13550, "[C@H]": 9555, "others": 7614, "2": 6732, "#": 5441, "\\": 5237, "F": 3622, "/": 3356, "S": 2599, "3": 1897}}}