{"0.20": {"activatedMoleculePct": 0.16695216828654352, "activatedTokens": {"C": 292435, "N": 2639, "others": 1563}}, "0.00": {"activatedMoleculePct": 0.2749472145465944, "activatedTokens": {"C": 571471, "N": 16146, "c": 5907, "O": 5597, "others": 5182, "[C@@H]": 4205, "=": 3752, "[C@H]": 1683}}}