{"0.20": {"activatedMoleculePct": 0.23755101861460798, "activatedTokens": {"c": 343048, "[C@@H]": 17855, "C": 4163, "[C@H]": 3872, "1": 3668, "others": 1709}}, "0.00": {"activatedMoleculePct": 0.38738773707681007, "activatedTokens": {"c": 583604, "[C@@H]": 49894, "[C@H]": 22499, "1": 17977, "C": 16760, "others": 6191, "2": 4968, "-": 3861, "[C@@]": 3462, "n": 2206, "[C@]": 2140, "o": 1642}}}