{"0.20": {"activatedMoleculePct": 0.31469797492809976, "activatedTokens": {"1": 244544, "2": 185125, "3": 56914, "4": 10453, "others": 2912}}, "0.00": {"activatedMoleculePct": 0.48999035470799374, "activatedTokens": {"1": 419483, "2": 308221, "3": 99637, "4": 18634, "C": 15203, "N": 9177, "O": 8083, "others": 7513, "[C@H]": 2895, "5": 2346, "(": 2226}}}