{"0.20": {"activatedMoleculePct": 0.27749658899411395, "activatedTokens": {"c": 330080, "C": 243790, "n": 42929, "O": 7235, "[C@@H]": 6626, "others": 6093, "[C@H]": 4448, "N": 3603, "(": 2826, "=": 2580, "s": 2016, "S": 1780}}, "0.00": {"activatedMoleculePct": 0.4750910517030129, "activatedTokens": {"c": 616454, "C": 472023, "n": 75264, "[C@@H]": 18707, "[C@H]": 18562, "O": 18294, "N": 15483, "=": 14884, "(": 13788, "others": 12760, "1": 6027, "o": 4024, "S": 3914, "s": 3283, "3": 2797}}}