{"0.20": {"activatedMoleculePct": 0.007432807028979086, "activatedTokens": {"C": 5361, "n": 2003, "O": 1561, "c": 929, "1": 585, "N": 498, "[C@H]": 402, "[C@]": 387, "3": 374, "I": 345, "o": 294, "F": 225, "2": 199, "s": 176, ")": 159, "S": 157, "others": 142, "[C@@H]": 136, "=": 130, "[S@@]": 86, "5": 53, "9": 45, "#": 43, "4": 33, "(": 28, "7": 28, "%11": 21, ".": 20, "%12": 19, "Cl": 17}}, "0.00": {"activatedMoleculePct": 0.03474868411705298, "activatedTokens": {"C": 34537, "n": 10883, "O": 8085, "c": 4327, "1": 2604, "3": 1747, "N": 1596, "[C@H]": 1555, "[C@]": 1429, ")": 1169, "s": 1087, "o": 1018, "2": 973, "=": 825, "F": 823, "I": 805, "S": 736, "others": 657, "[C@@H]": 485, "5": 245, "[S@@]": 226, "(": 190, "4": 173, "7": 160, "#": 147, "Br": 120}}}