{"0.20": {"activatedMoleculePct": 0.2900625662335684, "activatedTokens": {"(": 830300, "others": 5489}}, "0.00": {"activatedMoleculePct": 0.5822145795509557, "activatedTokens": {"(": 2063762, "others": 19246, "C": 8692}}}