{"0.20": {"activatedMoleculePct": 0.1366328483345576, "activatedTokens": {")": 310974, "c": 13538, "(": 9210, "1": 8912, "n": 6525, "2": 5345, "others": 2885, "3": 2244, "F": 2126}}, "0.00": {"activatedMoleculePct": 0.3798934111010939, "activatedTokens": {")": 1100996, "c": 35309, "1": 23963, "(": 18398, "2": 12868, "C": 9624, "n": 9589, "N": 9137, "others": 8922, "F": 7317}}}