{"0.20": {"activatedMoleculePct": 0.8907137882268849, "activatedTokens": {"(": 4289568, "others": 52}}, "0.00": {"activatedMoleculePct": 0.9650945890424503, "activatedTokens": {"(": 5384750, "others": 1386}}}