{"0.20": {"activatedMoleculePct": 0.20132587977586597, "activatedTokens": {"n": 345075, "c": 3353, "others": 3025, "s": 1585}}, "0.00": {"activatedMoleculePct": 0.2781784239871162, "activatedTokens": {"n": 471781, "c": 44722, "1": 9888, "s": 6723, "2": 6483, "others": 4353, "o": 4172, "C": 3453, "[nH]": 1759, "O": 1688, "[C@H]": 1339}}}