{"0.20": {"activatedMoleculePct": 0.3078290915775435, "activatedTokens": {"C": 358022, "c": 309796, "1": 105182, "2": 69133, "(": 60878, ")": 54922, "N": 42880, "O": 39877, "n": 24565, "[C@H]": 22293, "[C@@H]": 16520, "3": 15536, "o": 15116, "s": 10357, "others": 9243, "=": 5260, "[nH]": 4740}}, "0.00": {"activatedMoleculePct": 0.5157008802335963, "activatedTokens": {"C": 852122, "c": 684966, "1": 257181, ")": 190471, "(": 186388, "2": 174387, "N": 93124, "O": 66214, "n": 59952, "[C@H]": 52865, "[C@@H]": 44245, "3": 41351, "o": 31491, "=": 26806, "others": 23273, "s": 18006, "[nH]": 9701}}}