{"0.20": {"activatedMoleculePct": 0.16220935044048299, "activatedTokens": {"1": 128261, "2": 79190, "3": 24328, "4": 3825, "others": 926}}, "0.00": {"activatedMoleculePct": 0.25253014977666427, "activatedTokens": {"1": 195723, "2": 121270, "3": 42004, "O": 15264, "4": 6836, "C": 3582, "others": 3325, "N": 3318, "S": 1486, "=": 1414, "[C@@H]": 1394, "5": 828}}}