{"0.20": {"activatedMoleculePct": 0.08104755048398567, "activatedTokens": {"Cl": 89172, "Br": 18216, ".": 5458, "F": 3447, "I": 2684, "c": 1278, "others": 1096, "s": 882, "\\": 793, "N": 434, "[O-]": 381, "#": 330, "[Na+]": 282, "[Cl-]": 258}}, "0.00": {"activatedMoleculePct": 0.1441667222046047, "activatedTokens": {"Cl": 120919, "Br": 24378, "F": 22399, "c": 21488, ".": 8238, "s": 6684, "O": 6145, "#": 5557, "=": 4584, "[O-]": 3706, "I": 3011, "\\": 2767, "n": 2535, "o": 2498, "C": 2426, "N": 2423, "others": 2275, "/": 872, "[N+]": 863, "2": 702, "[C@H]": 599, "1": 464, "[Na+]": 282, "[Cl-]": 266, "[C@]": 254, "[C@@]": 208}}}