{"0.20": {"activatedMoleculePct": 0.5499918340921891, "activatedTokens": {"O": 1051767, "C": 23614, "others": 7642, "N": 7066}}, "0.00": {"activatedMoleculePct": 0.7447996349875827, "activatedTokens": {"O": 1553962, "C": 131435, "c": 30292, "N": 24534, "Cl": 15110, "others": 10775}}}