{"0.20": {"activatedMoleculePct": 0.3315937142283803, "activatedTokens": {"2": 268388, "3": 152582, "c": 68775, "1": 46903, "4": 42893, "others": 5757, "n": 5039, "C": 4819, "5": 4679, "[C@H]": 4582, "[C@@H]": 2911}}, "0.00": {"activatedMoleculePct": 0.546260417025222, "activatedTokens": {"2": 450315, "c": 266356, "3": 236764, "1": 178645, "4": 60162, "C": 41671, "n": 24671, "-": 16863, "[C@H]": 11121, "[C@@H]": 9846, "others": 9816, "(": 8191, "5": 7226, "O": 5403}}}