{"0.20": {"activatedMoleculePct": 0.15182656344178, "activatedTokens": {"c": 227407, "C": 76141, ")": 43315, "(": 33730, "[O-]": 19247, "n": 17514, "N": 17328, "1": 13544, "O": 11237, "[N+]": 9372, "=": 8284, "[C@H]": 7543, "[C@@H]": 6497, "2": 6273, "S": 6088, "s": 5636, "[nH]": 5036, "others": 4492, "3": 3148, "Cl": 2313, "F": 2203}}, "0.00": {"activatedMoleculePct": 0.303349926360356, "activatedTokens": {"c": 477137, "C": 207459, ")": 183629, "(": 95467, "n": 45924, "1": 39702, "N": 38911, "O": 37236, "[O-]": 25552, "[C@H]": 20985, "2": 20573, "=": 20026, "[C@@H]": 19808, "[N+]": 16186, "S": 14382, "others": 12801, "[nH]": 11757, "s": 10681, "3": 10393, "F": 9259, "Cl": 7240}}}