{"0.20": {"activatedMoleculePct": 0.41426712259041637, "activatedTokens": {"c": 716936, "C": 466775, "=": 303007, "O": 294118, "1": 108659, "(": 80645, "n": 71874, "N": 57049, "F": 43757, "3": 41863, "2": 34233, "[C@H]": 28103, "others": 20668, "[C@@H]": 18161, ")": 12965, "o": 10324, "Br": 4569, "Cl": 4429}}, "0.00": {"activatedMoleculePct": 0.665228539225286, "activatedTokens": {"c": 1481352, "C": 1181382, "O": 723708, "=": 696670, "1": 298823, "(": 288576, "n": 160325, "N": 138063, "F": 114356, "2": 110932, "3": 101902, ")": 84161, "[C@H]": 54112, "others": 52530, "[C@@H]": 41130, "o": 21178, "S": 12611, "Cl": 12157}}}