{"0.20": {"activatedMoleculePct": 0.060957952532273645, "activatedTokens": {"(": 119758, "C": 101239, "c": 60195, "O": 45184, "=": 44280, ")": 16116, "2": 10130, "1": 5501, "N": 4275, "others": 4061, "n": 4035, "F": 3109, "4": 2806, "[C@@H]": 2631, "-": 2294, "s": 2105, "o": 1499, "[C@]": 1452, "6": 1402}}, "0.00": {"activatedMoleculePct": 0.24687260378209697, "activatedTokens": {"C": 442227, "(": 378416, "c": 296551, "O": 155627, "=": 155333, "2": 48479, ")": 41947, "N": 23794, "n": 22602, "F": 17940, "[C@@H]": 16463, "1": 16086, "others": 13640, "-": 9615, "s": 8380, "o": 6733, "Cl": 6653, "4": 5521, "[C@]": 4538}}}