{"0.20": {"activatedMoleculePct": 0.10166884790392498, "activatedTokens": {"C": 211121, "O": 12988, "[C@H]": 9373, "[C@@H]": 7203, "=": 5667, "S": 2191, "others": 1599, "/": 1593, "#": 1291, "N": 985}}, "0.00": {"activatedMoleculePct": 0.26445969886475573, "activatedTokens": {"C": 542076, "O": 47946, "[C@H]": 26552, "=": 24886, "[C@@H]": 24059, "N": 11807, "1": 9427, "#": 6904, "/": 6212, "others": 6070, "(": 5887, "S": 5430, "c": 5424, "o": 3413, "\\": 1870, "n": 1653}}}