{"0.20": {"activatedMoleculePct": 0.5670867776009515, "activatedTokens": {"(": 2005017, "others": 2117}}, "0.00": {"activatedMoleculePct": 0.7984324386476671, "activatedTokens": {"(": 3500174, "others": 11912}}}