{"0.20": {"activatedMoleculePct": 0.5171780673236988, "activatedTokens": {")": 1846475, "others": 7333}}, "0.00": {"activatedMoleculePct": 0.7362140800756976, "activatedTokens": {")": 3126786, "others": 31293}}}