{"0.20": {"activatedMoleculePct": 0.26629647884590457, "activatedTokens": {"C": 629459, "F": 5290, "others": 2891}}, "0.00": {"activatedMoleculePct": 0.3659520459810185, "activatedTokens": {"C": 942142, "F": 29909, "=": 12175, "N": 10892, "Cl": 9403, "others": 6770, "S": 5584}}}