{"0.20": {"activatedMoleculePct": 0.9508156020837346, "activatedTokens": {"(": 5098210, "others": 181}}, "0.00": {"activatedMoleculePct": 0.9865749546114676, "activatedTokens": {"(": 5766350, "others": 3502}}}