{"0.20": {"activatedMoleculePct": 0.3621078441783669, "activatedTokens": {"[C@H]": 288854, "[C@@H]": 252871, "[C@@]": 12167, "[C@]": 9657, "others": 1709}}, "0.00": {"activatedMoleculePct": 0.5091080997749432, "activatedTokens": {"[C@H]": 414376, "[C@@H]": 400082, "[C@@]": 21640, "[C@]": 19744, "C": 9766, "others": 8102, "c": 7815, "O": 3641, "1": 3362, "F": 1342}}}