{"0.20": {"activatedMoleculePct": 0.1532275842168748, "activatedTokens": {"c": 289094, "C": 193113, "1": 149052, "n": 128349, "2": 56367, "N": 45935, "O": 42111, "=": 24384, "(": 20994, "3": 20125, "s": 18883, "o": 12587, "F": 11702, "others": 10554, "-": 8688, ")": 7513, "[nH]": 7055, "Cl": 6512, "4": 4286, "#": 3473, "S": 2970}}, "0.00": {"activatedMoleculePct": 0.3519352469143488, "activatedTokens": {"c": 685354, "C": 564474, "1": 336784, "n": 265773, "2": 152914, "N": 149821, "O": 135595, "=": 84693, "(": 57545, "3": 56998, "F": 34310, "s": 33107, ")": 27731, "o": 24361, "others": 21149, "-": 19165, "[nH]": 17534, "[C@@H]": 15552, "[C@H]": 13075, "Cl": 12061, "4": 12017, "S": 8326}}}