{"0.20": {"activatedMoleculePct": 0.5009202209116083, "activatedTokens": {")": 1663793, "others": 478}}, "0.00": {"activatedMoleculePct": 0.7741031599499939, "activatedTokens": {")": 3340737, "others": 4838}}}