{"0.20": {"activatedMoleculePct": 0.3901502307326687, "activatedTokens": {")": 1352939, "others": 630}}, "0.00": {"activatedMoleculePct": 0.670948336535004, "activatedTokens": {")": 2824985, "others": 3824}}}