{"0.20": {"activatedMoleculePct": 0.21850870749425275, "activatedTokens": {"C": 329736, "others": 183}}, "0.00": {"activatedMoleculePct": 0.3493778164142803, "activatedTokens": {"C": 572605, "N": 5572, "others": 4426}}}