{"0.20": {"activatedMoleculePct": 0.3753812893052973, "activatedTokens": {"c": 601571, "C": 94052, "-": 31049, "others": 6810, "N": 3626, "F": 3554}}, "0.00": {"activatedMoleculePct": 0.5808889927224551, "activatedTokens": {"c": 1023088, "C": 229269, "-": 60222, "N": 15247, "others": 9880, "O": 9350, "F": 9153, "[C@H]": 8613, "[C@@H]": 7624, "#": 7438, "Cl": 5311}}}