{"0.20": {"activatedMoleculePct": 0.23414916733373223, "activatedTokens": {"N": 347356, "n": 3055, "others": 512}}, "0.00": {"activatedMoleculePct": 0.40491624268638593, "activatedTokens": {"N": 623458, "n": 9724, "C": 8856, "others": 5083}}}