{"0.20": {"activatedMoleculePct": 0.17848623843132544, "activatedTokens": {"C": 167225, "N": 48588, "O": 32134, "n": 31322, "[C@@H]": 22267, "[C@H]": 21730, "1": 15239, "c": 13327, "o": 5996, "S": 4134, "=": 3085, "s": 2932, "[C@]": 2714, "[C@@]": 2592, "others": 2446, "[nH]": 2269, "F": 1601, "/": 1554}}, "0.00": {"activatedMoleculePct": 0.39903239485203595, "activatedTokens": {"C": 379594, "c": 113545, "N": 103428, "n": 93111, "1": 68235, "O": 57336, "[C@@H]": 40029, "[C@H]": 37638, "o": 16976, "=": 16582, "(": 9873, "others": 8502, "S": 8316, "s": 7781, "[nH]": 6471, "[C@]": 4224, "[C@@]": 3830, "/": 3522, "F": 2735, "Cl": 2650}}}