{"0.20": {"activatedMoleculePct": 0.020447726105931232, "activatedTokens": {"C": 11792, "O": 5629, "=": 2501, "1": 2422, "2": 2323, "c": 1685, "[C@H]": 1505, "F": 1484, "n": 1471, "-": 1180, "N": 601, "[nH]": 531, "(": 394, "others": 296, ")": 290, "Cl": 246, "s": 233, "3": 172, "4": 56}}, "0.00": {"activatedMoleculePct": 0.0669948653650527, "activatedTokens": {"C": 43739, "O": 18894, "=": 12240, "1": 9950, "c": 7221, "n": 6310, "2": 6020, "[C@H]": 5504, "F": 4181, "-": 3265, "N": 2328, ")": 1755, "(": 1736, "[nH]": 1504, "Cl": 1187, "others": 1095, "s": 821, "3": 655, "S": 289, "[N+]": 258}}}