{"0.20": {"activatedMoleculePct": 0.34725614512026587, "activatedTokens": {"(": 957712, "others": 1987}}, "0.00": {"activatedMoleculePct": 0.64153861815263, "activatedTokens": {"(": 2353055, "others": 12291}}}