{"0.20": {"activatedMoleculePct": 0.01677343377522002, "activatedTokens": {"C": 10967, "O": 4432, "c": 2011, ")": 2006, "=": 1505, "[C@H]": 1385, "F": 1316, "n": 1276, "[nH]": 1231, "N": 1114, "#": 1053, "o": 999, "2": 792, "3": 673, "(": 591, "4": 343, "others": 322, "S": 278, "[C@@H]": 178, "1": 141}}, "0.00": {"activatedMoleculePct": 0.04791007687671237, "activatedTokens": {"C": 38763, "O": 17381, ")": 8501, "c": 5340, "=": 5333, "n": 4278, "[nH]": 4196, "N": 3699, "[C@H]": 3522, "F": 3257, "o": 2784, "2": 2632, "#": 2344, "(": 1962, "3": 1788, "others": 883, "4": 875, "[C@@H]": 586, "S": 563, "1": 319, "s": 315}}}