{"0.20": {"activatedMoleculePct": 0.026183635520746897, "activatedTokens": {"C": 52709, "=": 36009, "\\": 3496, "N": 752, "/": 650, "others": 413}}, "0.00": {"activatedMoleculePct": 0.04787345845603556, "activatedTokens": {"C": 73800, "=": 51525, "/": 14904, "\\": 9822, "O": 5611, "(": 3695, "N": 1908, "others": 1404, "Cl": 1059, "[C@H]": 755, "Br": 548, "2": 350, "c": 293, "F": 258}}}