{"0.20": {"activatedMoleculePct": 0.7549495288307811, "activatedTokens": {"C": 1778753, "c": 1282886, "2": 474278, "1": 473906, "O": 378831, "N": 353337, "=": 226157, "3": 209134, "n": 158077, "[C@H]": 106411, "[C@@H]": 96104, "F": 87607, "4": 78041, "others": 59394, "S": 35301, "Cl": 35005, "-": 34686, "s": 23445, "o": 18998, "[N+]": 15596, "5": 14018}}, "0.00": {"activatedMoleculePct": 0.9253387020820502, "activatedTokens": {"C": 3802900, "c": 2934689, "1": 1040980, "2": 870657, "O": 853700, "N": 736522, "=": 580351, "n": 365490, "3": 360782, "[C@@H]": 214509, "[C@H]": 211297, "F": 176685, "4": 113103, "others": 111432, "S": 72637, "-": 71981, "Cl": 70204, "s": 44635, "o": 39842, "(": 30300, "[N+]": 23504, "Br": 23023}}}