{"0.20": {"activatedMoleculePct": 0.07990212628521502, "activatedTokens": {"[C@@H]": 49824, "[C@H]": 48318, "1": 24547, "C": 15509, "2": 14543, "3": 2211, "N": 2176, "[C@@]": 2076, "o": 1833, "[C@]": 1492, "others": 1075}}, "0.00": {"activatedMoleculePct": 0.22515495084709392, "activatedTokens": {"[C@@H]": 120711, "[C@H]": 115768, "C": 70042, "1": 45729, "c": 38499, "2": 26582, "o": 11131, "N": 10884, "[C@@]": 8258, "[C@]": 6510, "3": 5430, "others": 3486, "=": 1642}}}