{"0.20": {"activatedMoleculePct": 0.18390356758625287, "activatedTokens": {"C": 683133, "c": 298671, "1": 180614, "N": 115734, "O": 91562, "n": 75059, "=": 61995, "[C@H]": 39952, "[C@@H]": 37264, "2": 24507, "others": 13757, "o": 12409, "s": 8389, "F": 8161, "S": 6029, "[nH]": 3955, "Cl": 3675, "3": 3150}}, "0.00": {"activatedMoleculePct": 0.34346174436973476, "activatedTokens": {"C": 1314204, "c": 575203, "1": 366995, "N": 263362, "O": 230623, "=": 178965, "n": 140483, "2": 105728, "[C@H]": 71879, "[C@@H]": 70185, "others": 30048, "3": 19404, "F": 16469, "o": 16205, "S": 14878, "s": 14621, "Cl": 9401, ")": 5790, "[nH]": 5313}}}