{"0.20": {"activatedMoleculePct": 0.006338648619155974, "activatedTokens": {"O": 2592, "=": 1840, "C": 1689, "N": 1276, "c": 1170, "2": 1045, "1": 989, "(": 926, "[nH]": 734, ".": 444, ")": 345, "[C@H]": 242, "3": 174, "others": 125, "4": 95, "#": 91, "/": 86, "[N+]": 82, "F": 79, "S": 52, "Cl": 43}}, "0.00": {"activatedMoleculePct": 0.026588635253432427, "activatedTokens": {"O": 10066, "=": 8799, "N": 7931, "c": 7507, "C": 6135, "(": 4770, "2": 4759, "1": 3797, "[nH]": 3052, ")": 2006, ".": 1395, "[C@H]": 897, "F": 709, "3": 559, "S": 523, "others": 506, "4": 368, "[N+]": 358, "/": 278, "Cl": 249, "n": 174, "s": 167}}}