{"0.20": {"activatedMoleculePct": 0.6669627876285398, "activatedTokens": {"C": 1615621, "c": 1423554, "1": 382242, "2": 362355, "N": 301601, "n": 135946, "3": 131634, "O": 129593, "[C@H]": 94026, "[C@@H]": 81161, "others": 48289, "F": 47121, "4": 42434, "o": 22834, "S": 19644, "=": 18623, "Br": 17857, "s": 17729, "-": 14969, "[C@]": 6631}}, "0.00": {"activatedMoleculePct": 0.8618335722074976, "activatedTokens": {"C": 3072179, "c": 2862239, "1": 823571, "2": 704033, "N": 620276, "O": 266524, "n": 265062, "3": 258348, "[C@H]": 180133, "[C@@H]": 166211, "F": 113389, "others": 95850, "4": 72103, "=": 45423, "S": 45293, "o": 44555, "s": 32285, "Br": 29054, "-": 26462, "(": 24321, "[C@]": 13676}}}