{"0.20": {"activatedMoleculePct": 0.03923444064996232, "activatedTokens": {"O": 23801, "[C@H]": 12384, "N": 5609, "1": 5252, "c": 4812, "(": 4466, "=": 4143, "C": 3902, "-": 1916, "[C@@H]": 1819, "2": 1405, "n": 1338, ")": 751, "others": 624, "[nH]": 472, ".": 428, "o": 396, "S": 262, "[C@@]": 208}}, "0.00": {"activatedMoleculePct": 0.10754976626462082, "activatedTokens": {"O": 75398, "[C@H]": 28682, "c": 21175, "=": 19587, "1": 18900, "(": 18380, "C": 13541, "N": 13417, "[C@@H]": 6736, "-": 6367, "n": 6299, ")": 4508, "2": 4132, "others": 2277, "[nH]": 1234, "o": 1227, ".": 1048, "S": 694}}}