{"0.20": {"activatedMoleculePct": 0.03730172040664024, "activatedTokens": {"O": 18282, "c": 10860, "(": 7832, "=": 6390, ")": 5027, "n": 4044, "1": 2756, "N": 2387, "C": 1772, "[C@H]": 1748, "/": 1443, "Cl": 1206, "S": 1063, "Br": 869, "F": 819, "others": 644, "[nH]": 497, "[C@]": 461, "#": 418, "s": 341, "I": 190, "2": 179, "-": 171, "3": 157, "5": 104}}, "0.00": {"activatedMoleculePct": 0.09622661822293734, "activatedTokens": {"O": 54107, "c": 34402, "(": 29896, ")": 21201, "=": 14295, "n": 12150, "1": 10604, "N": 9490, "C": 6746, "[C@H]": 5763, "/": 3261, "S": 3077, "Cl": 3039, "others": 2004, "Br": 1984, "F": 1734, "[nH]": 1236, "#": 1083, "[C@]": 1020, "s": 888, "2": 796, "3": 479, "[C@@H]": 330, "I": 330}}}