{"0.20": {"activatedMoleculePct": 0.2074206497133144, "activatedTokens": {"c": 345599, "C": 98894, "2": 81301, "n": 68275, "1": 62720, "3": 43101, "-": 26470, "N": 19629, "O": 12971, "4": 12798, "[C@@H]": 11602, "[C@H]": 9895, "F": 8981, "others": 7010, "Cl": 5744, "=": 4308, "s": 3912, "(": 3897, "Br": 3396, "o": 2590, "[nH]": 2438, "S": 2055, "5": 1814}}, "0.00": {"activatedMoleculePct": 0.5297689450892135, "activatedTokens": {"c": 937171, "C": 370604, "2": 208353, "1": 191060, "n": 160238, "3": 110048, "N": 105441, "O": 83398, "[C@@H]": 65737, "[C@H]": 45090, "-": 44608, "=": 39471, "4": 29900, "F": 28755, "others": 24602, "(": 24583, "Cl": 16450, "S": 8810, ")": 8397, "/": 8165, "[nH]": 8090, "s": 7624, "[C@@]": 7256, "o": 6832}}}