{"0.20": {"activatedMoleculePct": 0.029726833905435127, "activatedTokens": {"C": 79604, "c": 69207, "1": 47230, "(": 35166, "2": 32710, ")": 26020, "N": 22321, "O": 18248, "n": 12048, "=": 11075, "[C@@H]": 8728, "[C@H]": 8333, "3": 6801, "[nH]": 4506, "others": 3581, "F": 3231, "o": 1649, "Cl": 1180}}, "0.00": {"activatedMoleculePct": 0.14501187535382548, "activatedTokens": {"C": 220431, "c": 168809, "(": 131166, "1": 114771, ")": 76727, "2": 69964, "O": 69666, "N": 58867, "=": 48565, "n": 33565, "[C@H]": 20837, "[C@@H]": 20668, "3": 17791, "others": 8756, "F": 7565, "[nH]": 5647, "o": 3362, "Cl": 3331, "S": 2591}}}