{"0.20": {"activatedMoleculePct": 0.00791617018191299, "activatedTokens": {"C": 4245, "O": 2466, "n": 1541, "s": 1292, "[C@H]": 1084, "2": 894, "1": 720, ")": 698, "(": 450, "c": 388, "3": 255, "N": 231, "[C@@H]": 181, "[nH]": 148, "others": 142, "[C@]": 133, "/": 69, "F": 65, "#": 60}}, "0.00": {"activatedMoleculePct": 0.03372117123286166, "activatedTokens": {"C": 25166, "O": 12725, "[C@H]": 6186, "n": 6129, "2": 5156, ")": 4262, "1": 4061, "(": 2846, "c": 2797, "s": 2757, "3": 1671, "N": 1670, "[C@@H]": 963, "[nH]": 732, "others": 649, "F": 440, "#": 362, "Cl": 339, "[C@]": 313, "/": 208}}}