{"0.20": {"activatedMoleculePct": 0.5309334108667361, "activatedTokens": {"C": 1143301, "c": 639494, "(": 380786, "O": 343662, "=": 279689, "1": 252050, "2": 240947, "3": 111844, "n": 111318, "[C@H]": 52299, "others": 35858, "F": 33110, "N": 31098, "-": 30807, "[C@@H]": 16308, "4": 15011, "Br": 12872, "o": 9916, "[C@@]": 9704, "[C@]": 9507}}, "0.00": {"activatedMoleculePct": 0.755957267767807, "activatedTokens": {"C": 2496348, "c": 1480075, "(": 937129, "O": 742377, "=": 650070, "1": 562163, "2": 480254, "n": 220089, "3": 213348, "[C@H]": 119952, "N": 95857, "F": 79039, "others": 74571, "[C@@H]": 55075, "-": 49500, "4": 29517, "o": 21243, "Br": 21021, "[nH]": 15626, "[C@]": 14885, "[C@@]": 14302}}}