{"0.20": {"activatedMoleculePct": 0.2546606094916411, "activatedTokens": {"c": 403133, "C": 108401, "2": 59466, "N": 37779, "O": 37190, "n": 26385, ")": 21511, "3": 20827, "1": 17722, "4": 7012, "others": 6941, "[C@H]": 5900, "[nH]": 5774, "o": 4344, "s": 3853, "[C@@H]": 2385, "Cl": 1494, "[C@]": 1312}}, "0.00": {"activatedMoleculePct": 0.4870513602644729, "activatedTokens": {"c": 901408, "C": 313669, "2": 130893, "N": 127332, ")": 105829, "O": 86316, "n": 82084, "1": 62424, "3": 48673, "others": 19237, "[C@H]": 17371, "4": 15500, "[nH]": 10432, "(": 7608, "[C@@H]": 7301, "s": 7266, "o": 6965, "-": 4270, "F": 3982}}}