{"0.20": {"activatedMoleculePct": 0.3478222659039294, "activatedTokens": {"C": 586062, "c": 321097, "O": 52019, "n": 26538, "1": 25358, "2": 17539, "-": 13996, "N": 12709, "=": 10964, "others": 9634, "3": 9257, ")": 5645, "F": 4871, "(": 4022, "Br": 3355, "S": 3227, "Cl": 2622}}, "0.00": {"activatedMoleculePct": 0.5252304580305295, "activatedTokens": {"C": 998796, "c": 685246, "O": 130690, "1": 71293, "n": 63628, "2": 49345, "=": 43650, ")": 37413, "N": 33586, "-": 26970, "3": 25954, "others": 19325, "(": 16917, "F": 12183, "S": 7806, "Br": 7677, "Cl": 7623, "[C@H]": 6645, "4": 4290}}}