{"0.20": {"activatedMoleculePct": 0.01459683485019038, "activatedTokens": {"C": 4913, "c": 4002, "=": 3636, "1": 3065, "(": 2441, "N": 1734, ")": 1314, "[C@H]": 1259, "n": 1225, "O": 1212, "o": 919, "3": 300, "[nH]": 263, "S": 227, "others": 226, "[C@@H]": 166, ".": 164, "#": 106, "-": 96, "[N+]": 70}}, "0.00": {"activatedMoleculePct": 0.04672437241519723, "activatedTokens": {"C": 18841, "c": 15966, "=": 12440, "1": 11122, "(": 8275, ")": 6807, "N": 5234, "O": 4398, "n": 4246, "[C@H]": 3991, "o": 2838, "[nH]": 1411, "3": 1067, "others": 831, "[C@@H]": 774, "S": 652, "-": 429, "#": 351, ".": 323, "2": 320}}}