{"0.20": {"activatedMoleculePct": 0.22786837581924563, "activatedTokens": {"c": 437456, "C": 221997, "1": 143708, "n": 89258, "2": 63777, "=": 46011, "O": 42878, "-": 28196, "N": 25080, "s": 11749, "others": 9470, "3": 8707, "S": 7305, "(": 7074, "#": 5698, "F": 4421, "[nH]": 4390, "o": 4101, "Br": 3282, "[C@@H]": 3072, ".": 2677}}, "0.00": {"activatedMoleculePct": 0.5370530813302447, "activatedTokens": {"c": 1311837, "C": 771597, "1": 362724, "O": 205338, "n": 190866, "=": 152487, "2": 136614, "N": 99584, "-": 58297, "others": 31614, "(": 27231, "S": 26003, "3": 25124, "s": 23755, "[C@@H]": 18884, "F": 18720, "#": 14244, "Br": 11055, "[nH]": 10551, "o": 10026, ")": 8219}}}