{"0.20": {"activatedMoleculePct": 0.21707985671944358, "activatedTokens": {"C": 266532, "N": 176474, "(": 167398, "n": 94297, "c": 91396, "O": 71955, ")": 60218, "1": 33288, "2": 26064, "o": 20360, "=": 10952, "s": 9569, "others": 8996, "[C@H]": 8047, "3": 7364, "#": 5472, "F": 3289, "S": 3273}}, "0.00": {"activatedMoleculePct": 0.31981796250713146, "activatedTokens": {"C": 567887, "(": 405987, "N": 338439, ")": 210351, "c": 198703, "n": 153940, "O": 137604, "1": 87115, "2": 56867, "=": 32769, "o": 31155, "[C@H]": 22108, "others": 21635, "3": 20563, "s": 14095, "F": 9463, "#": 9344, "[C@@H]": 7724}}}