{"0.20": {"activatedMoleculePct": 0.42976989716815106, "activatedTokens": {"O": 532343, "=": 524873, "C": 505843, "others": 15703, "N": 10972}}, "0.00": {"activatedMoleculePct": 0.6255297770011418, "activatedTokens": {"O": 951900, "=": 926276, "C": 869130, "N": 34082, "others": 22070, "1": 20972, "c": 7336, "3": 6552}}}