{"0.20": {"activatedMoleculePct": 0.021268711097505333, "activatedTokens": {"[C@H]": 8487, "O": 3677, "c": 3625, "o": 2487, "N": 2380, "n": 2374, "=": 1784, "F": 1538, "2": 1453, "C": 1266, "#": 1164, "[nH]": 1045, "1": 643, "4": 507, "[C@]": 368, "Cl": 352, "s": 350, "others": 287, "3": 247, "(": 204, "\\": 197, "[C@@]": 150, ")": 124}}, "0.00": {"activatedMoleculePct": 0.06070455306119011, "activatedTokens": {"[C@H]": 22563, "c": 13182, "O": 13014, "N": 10429, "n": 9469, "=": 7376, "o": 6694, "C": 6011, "2": 6005, "F": 4321, "1": 3425, "[nH]": 2623, "#": 2615, "4": 1271, "Cl": 1248, "s": 1247, "(": 1215, "others": 973, ")": 905, "\\": 894, "[C@]": 886, "3": 733, "[C@@]": 411}}}