{"0.20": {"activatedMoleculePct": 0.24184123278110314, "activatedTokens": {"(": 607423, "others": 804}}, "0.00": {"activatedMoleculePct": 0.5187812217809296, "activatedTokens": {"(": 1664158, "others": 6217}}}