{"0.20": {"activatedMoleculePct": 0.24784372429844598, "activatedTokens": {"C": 243131, "(": 101061, "1": 89191, "O": 66227, ")": 52191, "N": 47603, "c": 30779, "S": 23317, "2": 20577, "[C@@H]": 17606, "=": 13602, "[C@H]": 7638, "others": 6664, "n": 4839, "/": 3807, "o": 3615, "3": 2933, "[C@]": 2052}}, "0.00": {"activatedMoleculePct": 0.47835448535373026, "activatedTokens": {"C": 574973, "(": 269504, "1": 241677, "O": 190021, ")": 183518, "c": 119334, "N": 118323, "2": 65642, "=": 55839, "[C@@H]": 48927, "S": 41943, "[C@H]": 22785, "others": 19380, "n": 17769, "o": 16032, "3": 9772, "/": 9098, "s": 6538}}}