{"0.20": {"activatedMoleculePct": 0.6158683728897719, "activatedTokens": {"(": 2253706, "others": 1743}}, "0.00": {"activatedMoleculePct": 0.8330698027658625, "activatedTokens": {"(": 3782411, "others": 9626}}}