{"0.20": {"activatedMoleculePct": 0.2886754604583308, "activatedTokens": {"C": 498361, ")": 11862, "others": 1824}}, "0.00": {"activatedMoleculePct": 0.42616591220513933, "activatedTokens": {"C": 799090, ")": 70779, "others": 7949}}}