{"0.20": {"activatedMoleculePct": 0.10025464449738654, "activatedTokens": {"C": 204698, "c": 188738, "2": 72305, "3": 45518, "n": 40998, "O": 31416, "N": 26217, "=": 23178, "F": 15514, "4": 13567, "1": 9541, "(": 8612, "others": 6661, "[nH]": 4010, "[C@H]": 3147, "Cl": 2907, "-": 2760, "S": 2434, ")": 2383, "[C@@H]": 2381, "o": 2202}}, "0.00": {"activatedMoleculePct": 0.28341339340707306, "activatedTokens": {"C": 525539, "c": 510820, "2": 154735, "O": 100916, "n": 98355, "3": 84806, "N": 81976, "=": 71681, "1": 64278, "F": 43619, "(": 36169, "4": 25542, "others": 16162, ")": 12978, "[C@H]": 11090, "-": 9333, "Cl": 9299, "[nH]": 9242, "[C@@H]": 7316, "o": 6164, "S": 5281, "s": 4764}}}