{"0.20": {"activatedMoleculePct": 0.06821499114200404, "activatedTokens": {"N": 74286, "C": 50393, "O": 1286, "S": 1004, "=": 956, "others": 939, "[C@H]": 714}}, "0.00": {"activatedMoleculePct": 0.13105513049706577, "activatedTokens": {"C": 164761, "N": 120263, "O": 9566, "1": 3270, "S": 3160, "(": 2451, "2": 2382, "=": 2247, "[C@H]": 2227, "others": 2051, "[C@@H]": 1967, "c": 1745}}}