{"0.20": {"activatedMoleculePct": 0.024566566063658927, "activatedTokens": {"=": 7762, "S": 6625, "C": 5559, "n": 4560, "O": 3617, ")": 3380, "[nH]": 2331, "1": 2037, "[C@]": 1472, "c": 1036, "s": 1035, "2": 945, "F": 824, "N": 736, "#": 479, "others": 424, "3": 209, "o": 197, "[C@H]": 193, "[C@@H]": 168, ".": 154, "(": 123, "Cl": 95, "/": 79}}, "0.00": {"activatedMoleculePct": 0.06036326938048223, "activatedTokens": {"=": 20779, "C": 19526, "S": 14248, "n": 13394, ")": 10915, "O": 10030, "1": 5854, "[nH]": 4172, "c": 3778, "[C@]": 3370, "2": 2589, "s": 2284, "N": 2231, "F": 2109, "#": 1212, "others": 1103, "3": 633, "[C@@H]": 515, "[C@H]": 502, "o": 497, "(": 409, ".": 374, "Cl": 248}}}