{"0.20": {"activatedMoleculePct": 0.2669563427865007, "activatedTokens": {"C": 133483, "N": 105319, "c": 94723, "1": 52568, "[C@H]": 20893, "[C@@H]": 19853, "O": 11089, "n": 9929, "=": 6088, "S": 5417, "others": 3974, "2": 1627, "s": 1166, "o": 983}}, "0.00": {"activatedMoleculePct": 0.35169063586422766, "activatedTokens": {"C": 222182, "c": 165779, "N": 127288, "1": 110327, "[C@H]": 31430, "=": 29943, "[C@@H]": 29443, "n": 23835, "O": 16672, "2": 8753, "others": 7651, "S": 7523, "s": 5012, "(": 4735, "o": 2547, "F": 2488, ")": 2015}}}