{"0.20": {"activatedMoleculePct": 0.2079223220765867, "activatedTokens": {"N": 255628, "n": 44713, "C": 5742, "others": 2765, "O": 1702, "[C@H]": 916}}, "0.00": {"activatedMoleculePct": 0.36669759702599836, "activatedTokens": {"N": 428550, "n": 74268, "C": 32382, "O": 25018, "[C@@H]": 13391, "[C@H]": 8350, "=": 6316, "others": 5588, "S": 4138, "[C@]": 2498, "#": 2352}}}