{"0.20": {"activatedMoleculePct": 0.17140863008291143, "activatedTokens": {"n": 83620, "C": 64198, "c": 53526, "s": 41513, "O": 26070, "o": 25137, "[nH]": 21240, "Cl": 19526, "F": 12140, "N": 10573, "-": 4679, "S": 4584, "Br": 4397, "1": 4097, "2": 3288, "others": 3253, "3": 2950, "=": 1184}}, "0.00": {"activatedMoleculePct": 0.3655397225641976, "activatedTokens": {"c": 238804, "n": 222596, "C": 190318, "s": 67223, "O": 59568, "o": 47630, "[nH]": 41544, "Cl": 35994, "N": 35646, "F": 31008, "1": 30124, "2": 26970, "3": 18625, "(": 17091, "-": 16972, "S": 11335, "Br": 10474, "others": 7921, ")": 6401, "=": 4519, "#": 4386, "[C@H]": 4271}}}