{"0.20": {"activatedMoleculePct": 0.11825918957576095, "activatedTokens": {"C": 127800, "(": 103810, "O": 66880, ")": 56364, "c": 48205, "N": 27605, "=": 18755, "n": 16058, "s": 8991, "1": 7752, "2": 6843, "[C@H]": 6668, "others": 4397, "3": 3528, "[C@@H]": 3033, "-": 1936, "/": 1259, "F": 1191}}, "0.00": {"activatedMoleculePct": 0.25211782635984337, "activatedTokens": {"(": 320799, "C": 294507, "O": 203468, ")": 203121, "c": 141437, "N": 91189, "=": 36472, "n": 29451, "1": 21382, "s": 19581, "2": 17454, "[C@H]": 15329, "others": 12260, "[C@@H]": 9510, "3": 8068, "-": 5561, "F": 3868, "/": 3534}}}