{"0.20": {"activatedMoleculePct": 0.3685072793758463, "activatedTokens": {"c": 515718, "C": 451289, "=": 162803, "F": 102950, "N": 65722, "(": 30741, "1": 30311, "2": 23172, "n": 14641, ")": 11665, "[C@@H]": 11126, "others": 10165, "O": 9839, "[C@H]": 7600, "#": 7279, "3": 5508, "Cl": 5104}}, "0.00": {"activatedMoleculePct": 0.605679663520656, "activatedTokens": {"C": 1022256, "c": 1003425, "=": 476224, "F": 190314, "N": 152518, "(": 139013, "1": 94059, ")": 62549, "2": 61880, "n": 38064, "others": 31925, "[C@@H]": 24830, "O": 20216, "[C@H]": 17595, "3": 16474, "Cl": 15224, "#": 14806}}}