{"0.20": {"activatedMoleculePct": 0.28683794810876845, "activatedTokens": {"c": 387148, "C": 257696, "N": 158625, "n": 127677, "1": 126385, "O": 82322, "[C@@H]": 39152, ")": 35289, "2": 34578, "[C@H]": 24993, "F": 18438, "=": 15448, "others": 13410, "(": 9569, "S": 5871, "s": 5864, "3": 4758, "#": 4588}}, "0.00": {"activatedMoleculePct": 0.49368881519635166, "activatedTokens": {"c": 879541, "C": 609190, "1": 333704, "N": 315009, "n": 232624, "O": 199003, ")": 138194, "2": 107805, "[C@@H]": 84727, "=": 64436, "[C@H]": 52039, "F": 46519, "(": 42482, "others": 28693, "3": 16146, "S": 15173, "s": 13100, "#": 9975, "Cl": 5807}}}