{"0.20": {"activatedMoleculePct": 0.1754322621468794, "activatedTokens": {"N": 203853, "C": 27575, "[C@@H]": 5855, "[C@H]": 5716, "O": 5036, "others": 2104, "c": 811, "n": 523}}, "0.00": {"activatedMoleculePct": 0.35827975448081306, "activatedTokens": {"N": 407559, "C": 67519, "O": 20118, "c": 17915, "[C@@H]": 17904, "[C@H]": 15542, "others": 5158, "n": 2192, "=": 2076, "o": 1754, "[C@]": 1320, "[C@@]": 1270, "-": 1169, "F": 912}}}