{"0.20": {"activatedMoleculePct": 0.5858083113561778, "activatedTokens": {"C": 1563868, "O": 583058, "c": 505841, "=": 424913, "(": 323971, ")": 260164, "1": 214347, "2": 113970, "N": 103439, "n": 78302, "[C@H]": 73021, "others": 36753, "3": 27226, "s": 26223, "S": 21146, "[C@@H]": 17695, "4": 13212, "o": 12391, "F": 10312}}, "0.00": {"activatedMoleculePct": 0.7796464564720496, "activatedTokens": {"C": 3229687, "c": 1236168, "O": 1106021, "(": 912203, "=": 870424, ")": 760275, "1": 591029, "N": 313325, "2": 310687, "n": 250204, "[C@H]": 167183, "others": 88021, "3": 76453, "[C@@H]": 54740, "s": 47447, "S": 44061, "F": 32709, "4": 30743, "o": 25708}}}