{"0.20": {"activatedMoleculePct": 0.05002808632865911, "activatedTokens": {"C": 53342, "1": 17114, ")": 12933, "c": 10165, "N": 9125, "(": 8425, "O": 4615, "n": 4463, "[C@@H]": 3959, "s": 3805, "2": 3672, "=": 3434, "3": 2976, "4": 1954, "others": 1258, "-": 1098, "[C@H]": 880, "F": 596, "/": 308}}, "0.00": {"activatedMoleculePct": 0.13031836787304832, "activatedTokens": {"C": 149155, "1": 45104, ")": 40246, "c": 29899, "N": 24253, "(": 23667, "n": 15939, "[C@@H]": 11987, "O": 11859, "2": 11463, "=": 10603, "3": 9603, "s": 9504, "4": 5393, "others": 3456, "[C@H]": 2892, "-": 2855, "F": 1862, "/": 831, "5": 691}}}