{"0.20": {"activatedMoleculePct": 0.39298522886146736, "activatedTokens": {"c": 795568, "C": 454825, "2": 195944, "1": 139627, "O": 118477, "3": 76671, "=": 75478, "n": 63170, "N": 60849, "F": 52564, "others": 21347, "[C@H]": 19894, "[C@@H]": 18263, "4": 15670, "Cl": 12191, "S": 10039, "(": 7878, "[nH]": 5918, "s": 4915, "-": 4148, "Br": 4145}}, "0.00": {"activatedMoleculePct": 0.7286831356793046, "activatedTokens": {"c": 2020664, "C": 1504094, "2": 462071, "1": 427715, "O": 400881, "=": 293556, "N": 245110, "3": 179532, "n": 161212, "F": 134703, "[C@@H]": 69468, "[C@H]": 65206, "others": 57425, "4": 34432, "S": 31924, "Cl": 31195, "(": 30654, ")": 18494, "[nH]": 15567, "-": 12075, "s": 11220}}}