{"0.20": {"activatedMoleculePct": 0.2640319957112506, "activatedTokens": {"c": 179523, "C": 114467, "1": 81423, "(": 69489, "[C@H]": 31977, "[C@@H]": 27350, "2": 7291, "O": 5487, "others": 4504, "/": 3285, ")": 2942, "F": 2091, "\\": 1970, "3": 1185, "S": 1129, "n": 1018}}, "0.00": {"activatedMoleculePct": 0.382584132652426, "activatedTokens": {"c": 271591, "C": 194986, "(": 177684, "1": 113431, "[C@H]": 45892, "[C@@H]": 40219, ")": 27298, "O": 17101, "2": 16252, "S": 13557, "others": 9381, "n": 7824, "-": 7729, "N": 7583, "3": 5086, "/": 4504, "\\": 3338, "F": 2817}}}