{"0.20": {"activatedMoleculePct": 0.1781068715931137, "activatedTokens": {"N": 156219, "O": 44963, "1": 43683, "(": 43227, "c": 34478, "C": 31751, "n": 30735, ")": 30618, "2": 21899, "=": 18287, "o": 8270, "-": 6319, "others": 4468, "3": 3688, "S": 2576, "[C@H]": 1435, "/": 1413}}, "0.00": {"activatedMoleculePct": 0.28365141314147235, "activatedTokens": {"N": 261628, "(": 126475, "C": 109472, "c": 106774, "1": 104382, ")": 98080, "O": 81112, "n": 75612, "2": 53959, "=": 53065, "-": 12604, "o": 12228, "others": 9840, "3": 9825, "[C@H]": 4704, "S": 4261, "[C@@H]": 3844, "/": 2342}}}