{"0.20": {"activatedMoleculePct": 0.16250962149003284, "activatedTokens": {"N": 68731, "n": 64324, "c": 61249, "C": 51591, "1": 35058, "2": 20125, "[C@H]": 16576, "O": 15904, "(": 11476, "[C@@H]": 7754, "S": 6560, "s": 5204, "3": 4899, "[C@@]": 4370, "=": 4116, "[C@]": 3894, "others": 3439, "o": 1910, "Cl": 764}}, "0.00": {"activatedMoleculePct": 0.30055594086271537, "activatedTokens": {"n": 157231, "c": 155412, "C": 151416, "N": 123265, "1": 73122, "2": 44387, "O": 33903, "[C@H]": 33018, "(": 30458, "[C@@H]": 18903, "S": 15507, "3": 11846, "=": 11086, "s": 7885, "others": 7225, "[C@@]": 6706, "[C@]": 6597, ")": 3427, "o": 3403, "Cl": 2463, "F": 2055}}}