{"0.20": {"activatedMoleculePct": 0.26222817230871087, "activatedTokens": {"n": 376534, "N": 13787, "others": 286}}, "0.00": {"activatedMoleculePct": 0.2890028291391815, "activatedTokens": {"n": 377323, "N": 45516, "[nH]": 4703, "others": 4223, "C": 2862}}}