{"0.20": {"activatedMoleculePct": 0.08391257571773936, "activatedTokens": {"C": 141457, "c": 85264, "n": 34720, "1": 33800, "O": 33224, "=": 19340, "N": 14799, "(": 12623, "[C@H]": 6244, "[C@@H]": 5245, ")": 4791, "#": 4756, "o": 4689, "others": 3510, "F": 3299, "Cl": 2450, "s": 1907, "/": 1668, "S": 1617}}, "0.00": {"activatedMoleculePct": 0.21888880670087804, "activatedTokens": {"C": 331868, "c": 231364, "1": 88969, "O": 87075, "n": 74335, "=": 45179, "N": 42570, "(": 41005, "[C@H]": 18105, ")": 16731, "[C@@H]": 16046, "o": 11166, "F": 11165, "others": 9274, "2": 6996, "#": 6029, "Cl": 4657, "S": 4237, "s": 3257, "/": 3156}}}