{"0.20": {"activatedMoleculePct": 0.01699094719404028, "activatedTokens": {"C": 9908, "1": 5127, "N": 3374, "O": 2633, "c": 1923, "F": 1153, "n": 1086, "[C@@H]": 1038, "[C@H]": 750, "[C@]": 477, "(": 455, "Cl": 320, "S": 238, "others": 202, "#": 175, "2": 108, "s": 104, "=": 93}}, "0.00": {"activatedMoleculePct": 0.06670484747329236, "activatedTokens": {"C": 48932, "1": 20596, "N": 15046, "O": 14913, "c": 12941, "F": 5411, "n": 4950, "[C@@H]": 3908, "[C@H]": 2662, "(": 2078, "[C@]": 1509, "S": 1212, "others": 1021, ")": 876, "=": 765, "Cl": 729, "s": 604, "#": 564}}}