{"0.20": {"activatedMoleculePct": 0.014713281427942638, "activatedTokens": {"C": 5191, "O": 3618, "[C@H]": 3314, "c": 2572, "n": 2092, ".": 1682, "N": 1562, "2": 1368, "1": 1329, "[nH]": 969, "3": 924, ")": 658, "=": 545, "Cl": 455, "/": 448, "o": 274, "others": 272, "s": 210, "#": 141, "[C@@H]": 137, "4": 95, "F": 78, "-": 66, "(": 64}}, "0.00": {"activatedMoleculePct": 0.05024267027382523, "activatedTokens": {"C": 19014, "O": 15154, "c": 11857, "n": 9388, "[C@H]": 8978, "N": 6889, "1": 6610, "2": 5965, ".": 3376, "=": 3200, "3": 3032, ")": 2687, "[nH]": 2645, "Cl": 1913, "/": 1293, "o": 1020, "others": 835, "-": 533, "[C@@H]": 484, "F": 480, "s": 461, "#": 423, "4": 397, "(": 350}}}