{"0.20": {"activatedMoleculePct": 0.30591175107090574, "activatedTokens": {"[C@H]": 217789, "[C@@H]": 216035, "[C@]": 12642, "[C@@]": 11359, "others": 3516, "c": 1844, "C": 1170}}, "0.00": {"activatedMoleculePct": 0.44693734514985356, "activatedTokens": {"[C@@H]": 331132, "[C@H]": 317820, "C": 22643, "c": 21834, "[C@]": 19621, "[C@@]": 16869, "N": 8294, "others": 7134, "O": 5755, "=": 3249, "-": 3111, "2": 2913, "/": 2583, "1": 2573}}}