{"0.20": {"activatedMoleculePct": 0.17056201219686357, "activatedTokens": {"O": 206792, "N": 30766, "C": 10448, "F": 5100, "S": 1469, "others": 1415}}, "0.00": {"activatedMoleculePct": 0.25286777161530444, "activatedTokens": {"O": 258594, "C": 53601, "N": 42592, "Cl": 11362, "F": 10667, "Br": 7345, "S": 4402, "others": 3901, "[C@H]": 3550, "#": 2568}}}