{"0.20": {"activatedMoleculePct": 0.06504310354297868, "activatedTokens": {"S": 93026, "others": 663}}, "0.00": {"activatedMoleculePct": 0.07112542321739697, "activatedTokens": {"S": 95900, "I": 3490, "#": 1235, "others": 997, "s": 540, "O": 303, "P": 176}}}