{"0.20": {"activatedMoleculePct": 0.7172816242173728, "activatedTokens": {"C": 1367083, "c": 1279845, "O": 439797, "1": 415204, "N": 305221, "n": 259538, "=": 259524, "2": 238861, "3": 91290, "[C@H]": 87290, "[C@@H]": 64025, "others": 44774, "F": 43015, "S": 42505, "o": 32277, "s": 30854, "4": 22258, "Cl": 21279, "Br": 14047, "[nH]": 12703, "/": 11085, "-": 9994}}, "0.00": {"activatedMoleculePct": 0.922351371323236, "activatedTokens": {"C": 3258351, "c": 2912161, "1": 1020623, "O": 983831, "N": 681944, "=": 638346, "2": 576550, "n": 466327, "[C@H]": 212057, "3": 210742, "[C@@H]": 180989, "others": 115658, "F": 107496, "S": 75343, "o": 54338, "s": 47059, "4": 46177, "Cl": 45601, "(": 30332, "-": 27467, ")": 26100, "Br": 23809}}}