{"0.20": {"activatedMoleculePct": 0.12938459814578965, "activatedTokens": {"C": 262266, "O": 28472, "N": 6426, "=": 5202, "[C@H]": 3628, "S": 3125, "others": 2930, "c": 2771, "[C@@H]": 1874}}, "0.00": {"activatedMoleculePct": 0.2405566585837606, "activatedTokens": {"C": 510753, "O": 64569, "c": 30911, "N": 17200, "S": 9287, "[C@H]": 9161, "=": 9111, "2": 8445, "[C@@H]": 7128, "others": 5619, "1": 3042, "3": 2698, "4": 1586, "(": 1307}}}