{"0.20": {"activatedMoleculePct": 0.9999377486848494, "activatedTokens": {"C": 11091504, "c": 5992738, "1": 3771722, "2": 2547270, "O": 2516834, "N": 2244757, "(": 1864752, "n": 1493131, "=": 1490004, "3": 962509, "[C@H]": 717042, "[C@@H]": 514016, "F": 512816, "others": 364821, "S": 233578, "4": 186179, "-": 156916, "s": 154961, "Cl": 144378, "o": 125478, "[nH]": 125320, ")": 106217}}, "0.00": {"activatedMoleculePct": 0.9999868173685563, "activatedTokens": {"C": 12734773, "c": 8501246, "(": 4115336, "1": 4043152, "O": 3270266, "2": 2647033, "N": 2617442, "=": 2207439, "n": 1664836, "3": 997939, "[C@H]": 787177, "[C@@H]": 695115, ")": 570139, "F": 567745, "others": 427613, "S": 238149, "4": 200124, "Cl": 179046, "-": 177788, "o": 162701, "s": 162231, "[nH]": 138391}}}