{"0.20": {"activatedMoleculePct": 0.023201431340827416, "activatedTokens": {"#": 31829, "C": 2955, "=": 209, "others": 160}}, "0.00": {"activatedMoleculePct": 0.029811788641405327, "activatedTokens": {"#": 34046, "C": 18802, "=": 4313, "S": 1321, ".": 561, "others": 424, "O": 290}}}