{"0.20": {"activatedMoleculePct": 0.33023297371603, "activatedTokens": {"(": 949646, "others": 1674}}, "0.00": {"activatedMoleculePct": 0.6246494701680713, "activatedTokens": {"(": 2269941, "others": 11701}}}