{"0.20": {"activatedMoleculePct": 0.22305671534231267, "activatedTokens": {"C": 326394, "c": 128893, "[C@H]": 18724, "[C@@H]": 13103, "(": 12792, "N": 8708, "others": 5311, "1": 4649, "[nH]": 4570, "=": 4521, "n": 4484, "[N+]": 3608, "2": 3433, "S": 2862, "3": 1332, "P": 1030, "s": 956, "[C@@]": 810}}, "0.00": {"activatedMoleculePct": 0.44713508462150836, "activatedTokens": {"C": 744022, "c": 334693, "(": 60825, "[C@H]": 50789, "[C@@H]": 46220, "N": 24265, "n": 19551, "1": 17538, "others": 12487, "S": 11983, "2": 11925, "=": 11918, "[nH]": 9821, "[N+]": 8386, "3": 5939, "O": 4449, ")": 3263, "[C@@]": 2452, "s": 2378}}}