{"0.20": {"activatedMoleculePct": 0.1411618146038656, "activatedTokens": {"O": 357180, "others": 402}}, "0.00": {"activatedMoleculePct": 0.2280434118700808, "activatedTokens": {"O": 516491, "others": 5070, "C": 3916, "N": 1545, "n": 1459}}}