{"0.20": {"activatedMoleculePct": 0.1901389522591002, "activatedTokens": {"c": 288477, "=": 2950, "others": 2754}}, "0.00": {"activatedMoleculePct": 0.2830574623580945, "activatedTokens": {"c": 473349, "=": 10174, "others": 4189, "o": 2761, "[nH]": 2088, "s": 1829, "C": 1649}}}