{"0.20": {"activatedMoleculePct": 0.015370215894884626, "activatedTokens": {"C": 10421, ")": 3636, "2": 2811, "s": 1969, "O": 1404, "(": 1283, "3": 1135, "c": 1055, "Cl": 1041, "F": 958, "[C@H]": 939, "[C@@H]": 924, "=": 872, "[nH]": 801, "/": 786, "4": 584, "1": 541, "N": 489, "n": 481, "others": 209, "\\": 155}}, "0.00": {"activatedMoleculePct": 0.04497327953843213, "activatedTokens": {"C": 36953, ")": 13702, "2": 8550, "(": 5741, "O": 4762, "c": 4525, "3": 4324, "[C@@H]": 4108, "s": 3916, "[C@H]": 3894, "=": 3353, "[nH]": 2828, "F": 2342, "Cl": 2251, "4": 1903, "/": 1824, "1": 1807, "N": 1785, "n": 974, "others": 820, "o": 514}}}