{"0.20": {"activatedMoleculePct": 0.050297597904840445, "activatedTokens": {"C": 25829, "c": 12833, "2": 9498, "1": 8480, "[C@@H]": 6815, "=": 6758, "O": 5793, "N": 4695, "F": 3920, ")": 2470, "n": 1905, "3": 1810, "[C@H]": 1672, "s": 1576, "(": 1552, "others": 889, "/": 851, "S": 505, "4": 348, "Cl": 315, "o": 253}}, "0.00": {"activatedMoleculePct": 0.13171645917448896, "activatedTokens": {"C": 80338, "c": 39611, "=": 36820, "1": 24688, "2": 24451, "O": 21405, "[C@@H]": 16049, ")": 12297, "N": 11221, "F": 9087, "n": 5277, "3": 4651, "(": 4600, "s": 3721, "[C@H]": 3152, "others": 2394, "/": 2198, "S": 1211, "Cl": 1185, "#": 908, "4": 876, "o": 778}}}