{"0.20": {"activatedMoleculePct": 0.2517113618903308, "activatedTokens": {"1": 207714, "2": 162989, "3": 81953, "C": 23019, "4": 16057, "others": 3888, "c": 1874, "N": 1422, "5": 1182}}, "0.00": {"activatedMoleculePct": 0.470331389383441, "activatedTokens": {"1": 516662, "2": 323347, "3": 140037, "C": 99087, "c": 60236, "N": 33213, "4": 28762, "O": 14925, "others": 12030, "[C@H]": 6402, "(": 6214, ")": 3498, "o": 3449, "=": 2982}}}