{"0.20": {"activatedMoleculePct": 0.43169675846416483, "activatedTokens": {"1": 418182, "2": 267046, "3": 94326, "c": 92362, "4": 20321, "C": 19877, "n": 9330, "N": 9301, "others": 8904, "[C@@H]": 8699, "s": 3657, "o": 2656, "[C@]": 2491, "5": 2478, "=": 2061, "[C@@]": 2047}}, "0.00": {"activatedMoleculePct": 0.6948755449736457, "activatedTokens": {"1": 862119, "2": 520736, "c": 363753, "3": 181836, "C": 128473, "4": 36737, "[C@@H]": 31676, "n": 29374, "N": 29118, "others": 22407, "(": 17925, "=": 13995, "o": 10988, "s": 10202, ")": 9185, "O": 7945, "F": 7037, "[C@H]": 6534, "-": 5442}}}