{"0.20": {"activatedMoleculePct": 0.3758331606164491, "activatedTokens": {"O": 579282, "C": 284517, "=": 205228, "c": 30064, "N": 27375, "1": 14310, "[C@@H]": 10943, "[C@H]": 10285, "F": 8999, "n": 8349, "others": 8036, ")": 7061}}, "0.00": {"activatedMoleculePct": 0.6015176138265298, "activatedTokens": {"O": 1047558, "=": 557900, "C": 546407, "c": 102073, "N": 50579, "[C@@H]": 29245, "1": 28923, "[C@H]": 26797, "F": 23898, "n": 23152, "others": 21222, ")": 19013}}}