{"0.20": {"activatedMoleculePct": 0.2684371917186709, "activatedTokens": {"C": 328440, "c": 270923, "1": 144574, "2": 79921, "3": 39443, "N": 36324, "[C@H]": 32769, "[C@@H]": 27344, "n": 19660, "=": 18796, "(": 15326, "O": 11982, "[nH]": 9029, "others": 8214, "o": 5468, "[C@@]": 4628, "s": 3902, ")": 3315, "[C@]": 3276}}, "0.00": {"activatedMoleculePct": 0.50237031037041, "activatedTokens": {"C": 857373, "c": 589438, "1": 352410, "2": 176283, "=": 113741, "N": 94577, "3": 83884, "[C@H]": 67804, "(": 67502, "[C@@H]": 57315, "n": 45988, "O": 37230, "others": 24623, ")": 19564, "[nH]": 15136, "o": 10678, "[C@@]": 8134, "[C@]": 6994, "4": 6908}}}