{"0.20": {"activatedMoleculePct": 0.09793303662647673, "activatedTokens": {"O": 127847, "C": 19036, "S": 4294, "N": 2806, "=": 1449, "others": 126}}, "0.00": {"activatedMoleculePct": 0.15380249342150074, "activatedTokens": {"O": 181155, "C": 56606, "S": 7824, "N": 6541, "=": 3233, ".": 2713, "others": 1930, "/": 1150}}}