{"0.20": {"activatedMoleculePct": 0.0008751802541757816, "activatedTokens": {"C": 557, "=": 421, "[C@H]": 266, "c": 205, "O": 151, "(": 141, ".": 121, ")": 106, "[C-]": 76, "n": 73, "S": 71, "1": 68, "2": 43, "3": 38, "[O+]": 25, "[C@]": 24, "others": 24, "N": 21, "[C@@H]": 19, "#": 15, "I": 14, "s": 12, "P": 9, "-": 8, "[nH]": 7}}, "0.00": {"activatedMoleculePct": 0.004915656791655102, "activatedTokens": {"C": 3637, "=": 2693, "c": 1718, "O": 1101, "[C@H]": 883, "(": 651, "1": 519, "n": 510, ")": 469, "S": 451, "N": 408, "2": 200, "#": 193, "3": 183, ".": 161, "s": 145, "others": 124, "[C-]": 105, "[C@]": 100, "[nH]": 91, "-": 80, "[C@@H]": 65, "Br": 48, "[O-]": 43, "F": 40, "[O+]": 37}}}