{"0.20": {"activatedMoleculePct": 0.006978006244173094, "activatedTokens": {"C": 3221, "c": 1991, "2": 1336, "S": 997, "N": 989, "n": 681, "1": 678, "-": 469, "O": 461, "s": 378, "[nH]": 357, "/": 344, "[C@H]": 180, "3": 146, "others": 121, "o": 114, ")": 100, "4": 69, "F": 57, ".": 55, "I": 24, "\\": 23}}, "0.00": {"activatedMoleculePct": 0.03268999650660267, "activatedTokens": {"C": 21075, "c": 11688, "N": 8033, "2": 6135, "S": 4079, "n": 3742, "1": 3513, "O": 2245, "-": 1889, "/": 1678, "[nH]": 1402, ")": 1180, "s": 971, "3": 910, "[C@H]": 864, "others": 654, "F": 620, "o": 442, "4": 354, ".": 207, "Br": 152}}}