{"0.20": {"activatedMoleculePct": 0.4427906751924115, "activatedTokens": {"=": 739882, "C": 421535, "O": 412995, "others": 12470}}, "0.00": {"activatedMoleculePct": 0.6732574941428836, "activatedTokens": {"=": 1231434, "O": 933292, "C": 856024, "others": 28614, "[C@@H]": 13624, "F": 10991, "c": 9969, "[C@H]": 8231}}}