{"0.20": {"activatedMoleculePct": 0.049642860543139065, "activatedTokens": {"C": 35683, "O": 17078, "[C@H]": 10377, "n": 9364, ")": 3977, "2": 3773, "=": 3422, "s": 3123, "c": 2861, "3": 2631, "1": 2117, "#": 1606, "4": 1585, "N": 1100, "[nH]": 1050, "others": 917, "S": 762, "[C@]": 724, "F": 647, "[C@@H]": 534, "5": 367, "o": 366, "(": 351}}, "0.00": {"activatedMoleculePct": 0.11842616957404721, "activatedTokens": {"C": 120632, "O": 62237, "n": 26137, "[C@H]": 20021, ")": 16579, "=": 15010, "c": 10106, "2": 9831, "3": 6815, "s": 5958, "1": 5821, "4": 3677, "#": 3564, "N": 3440, "S": 3104, "F": 2540, "others": 2393, "(": 2069, "[nH]": 1913, "[C@@H]": 1708, "[C@]": 1425, "Cl": 1165, "o": 1117}}}