{"0.20": {"activatedMoleculePct": 0.19304279301877134, "activatedTokens": {"N": 244391, "C": 17808, "n": 6908, "[C@H]": 2835, "others": 1780, "S": 1778}}, "0.00": {"activatedMoleculePct": 0.302247711897984, "activatedTokens": {"N": 336679, "C": 67192, "n": 22586, "[C@H]": 13056, "[C@@H]": 11047, "S": 7145, "O": 4062, "others": 3827, "c": 1260}}}