{"0.20": {"activatedMoleculePct": 0.5577791074333197, "activatedTokens": {")": 2158801, "others": 1548}}, "0.00": {"activatedMoleculePct": 0.7846602506311184, "activatedTokens": {")": 3617140, "others": 10919}}}