{"0.20": {"activatedMoleculePct": 0.06840320982428284, "activatedTokens": {"C": 51045, "c": 24772, "3": 12061, ")": 9484, "O": 8101, "=": 7414, "n": 7334, "S": 6772, "N": 6340, "[C@@H]": 5028, "2": 4207, "5": 3382, "4": 3111, "s": 1884, "/": 1799, "(": 1684, "others": 1290, "F": 803, "1": 660, "[C@]": 533, "Cl": 389}}, "0.00": {"activatedMoleculePct": 0.16399779410633844, "activatedTokens": {"C": 163835, "c": 74187, ")": 33163, "3": 26564, "O": 24529, "=": 24210, "n": 19837, "N": 17973, "S": 14695, "[C@@H]": 11947, "2": 9846, "4": 6598, "(": 5854, "5": 5537, "others": 4188, "F": 3977, "/": 3966, "s": 3904, "1": 2546, "Cl": 1384}}}