{"0.20": {"activatedMoleculePct": 0.03430340412162296, "activatedTokens": {"C": 50629, ")": 37786, "(": 35967, "=": 30964, "O": 28468, "c": 17242, "2": 6472, "N": 5939, "1": 5220, "F": 3034, "3": 2999, "others": 2114, "n": 1779, "[C@@H]": 1227, "S": 860, "Cl": 489, "/": 453}}, "0.00": {"activatedMoleculePct": 0.09234653036802246, "activatedTokens": {"C": 110069, "c": 64721, ")": 62419, "(": 61324, "=": 56315, "O": 49924, "N": 17708, "2": 14683, "1": 13756, "F": 12722, "n": 8937, "3": 7246, "[C@@H]": 4545, "others": 4003, "S": 2119, "Cl": 1524, "o": 1019, "[nH]": 963, "/": 961}}}