{"0.20": {"activatedMoleculePct": 0.3678488801720773, "activatedTokens": {"(": 1085574, "others": 10280}}, "0.00": {"activatedMoleculePct": 0.6430714652421613, "activatedTokens": {"(": 2326921, "others": 19147, "N": 7816, "O": 7141, "C": 5682, "=": 5297}}}