{"0.20": {"activatedMoleculePct": 0.04818471503178845, "activatedTokens": {"(": 22478, "O": 20505, "[C@H]": 8000, "/": 5242, "c": 4703, "n": 4202, "C": 3904, "F": 3139, "2": 2587, "1": 2398, "Br": 2370, "[C@@H]": 2113, "S": 1440, "3": 1131, "N": 829, "others": 708, "I": 685, "[S@@]": 652, ")": 641, "o": 454, "[C@]": 375, "-": 346, "[nH]": 255, "=": 235, "4": 206}}, "0.00": {"activatedMoleculePct": 0.10599714522792404, "activatedTokens": {"(": 68632, "O": 49246, "[C@H]": 16414, "c": 14955, "C": 13715, "n": 10256, "F": 7763, "/": 7552, "1": 6343, "2": 5808, "[C@@H]": 5575, "Br": 5067, "S": 3094, ")": 3047, "3": 2294, "others": 2094, "N": 2005, "o": 1127, "I": 1101, "-": 1097, "[C@]": 920, "[S@@]": 901, "=": 662, "[nH]": 579}}}