{"0.20": {"activatedMoleculePct": 0.19914635137718217, "activatedTokens": {"C": 218671, "N": 74130, "O": 42080, "c": 39185, "2": 31311, "n": 30468, "1": 28828, "[C@H]": 25817, "[C@@H]": 23940, "3": 15801, "=": 10415, "(": 8502, "4": 4306, "others": 4135, "o": 3495, "[C@@]": 3352, "F": 2842, "s": 2732, "[nH]": 2339, "[C@]": 2295, "S": 1940}}, "0.00": {"activatedMoleculePct": 0.4138753054891745, "activatedTokens": {"C": 479630, "c": 162232, "N": 153938, "O": 103487, "2": 84915, "1": 84006, "n": 83169, "[C@@H]": 67471, "[C@H]": 61448, "(": 43641, "=": 42365, "3": 40110, "others": 12529, "4": 11021, "F": 9697, "-": 8715, ")": 8391, "[C@@]": 7389, "o": 5699, "[C@]": 5308, "s": 5045, "[nH]": 4453, "S": 3933, "Cl": 3538}}}