{"0.20": {"activatedMoleculePct": 0.16951985194440153, "activatedTokens": {"c": 236822, "O": 78813, "C": 46605, "1": 36930, "=": 35041, "F": 25140, "(": 22304, "n": 20296, "N": 16786, "S": 14510, "2": 12075, "-": 11832, ")": 7757, "[N+]": 5660, "others": 5478, "[C@H]": 2898, "/": 2725, "3": 2269, "[O-]": 2162, "Br": 2138, "[C@]": 1599, "s": 1560, "o": 1509}}, "0.00": {"activatedMoleculePct": 0.33609338576114683, "activatedTokens": {"c": 511884, "O": 167043, "C": 149554, "=": 111931, "1": 99782, "(": 77123, "n": 61197, "N": 53134, "F": 49453, ")": 37235, "2": 34935, "S": 30837, "-": 26769, "others": 13943, "[C@H]": 10619, "[N+]": 9257, "3": 7165, "[C@@H]": 6328, "o": 5386, "[O-]": 5103, "Br": 4830, "/": 4516, "#": 4042}}}