{"0.20": {"activatedMoleculePct": 0.08906478750696666, "activatedTokens": {"C": 194251, "[C@H]": 22572, "O": 14200, "2": 12880, "c": 11579, "3": 9129, "1": 8125, "=": 7010, "[C@@H]": 5190, "N": 3467, "4": 3083, "others": 2530, "n": 1145, "S": 868}}, "0.00": {"activatedMoleculePct": 0.24177458725547135, "activatedTokens": {"C": 511195, "c": 85259, "[C@H]": 39399, "2": 38494, "O": 36841, "3": 23607, "=": 23271, "1": 20423, "n": 13226, "N": 12335, "[C@@H]": 10727, "others": 7317, "4": 6510, "s": 4652, "S": 3852, "F": 2924, "(": 2147}}}