{"0.20": {"activatedMoleculePct": 0.05011011159097517, "activatedTokens": {"o": 64517, "[nH]": 4609, "others": 366}}, "0.00": {"activatedMoleculePct": 0.08936579092493004, "activatedTokens": {"o": 88267, "[nH]": 27174, "s": 4761, "n": 2744, "c": 1075, "[C@@H]": 915, "others": 734}}}