{"0.20": {"activatedMoleculePct": 0.5731910683277759, "activatedTokens": {"C": 932508, "others": 576}}, "0.00": {"activatedMoleculePct": 0.6484353315029006, "activatedTokens": {"C": 1129700, "others": 7823}}}