{"0.20": {"activatedMoleculePct": 0.04240925772264183, "activatedTokens": {"C": 27664, "n": 14046, "c": 10214, "1": 5861, "3": 4067, "N": 3528, "2": 3116, "[C@@H]": 2997, "s": 2284, ")": 906, "(": 809, "others": 740, "#": 738, "Cl": 387, "-": 350, "o": 259, "F": 249}}, "0.00": {"activatedMoleculePct": 0.11888243509568028, "activatedTokens": {"C": 91333, "c": 40142, "n": 36469, "1": 20254, "N": 17559, "3": 11613, "[C@@H]": 9964, "2": 9269, "s": 5082, ")": 4677, "(": 3396, "others": 2501, "Cl": 1526, "#": 1281, "O": 1242, "-": 1134, "F": 1063}}}