{"0.20": {"activatedMoleculePct": 0.7209376073377456, "activatedTokens": {"C": 1483943, "c": 1179061, "1": 516795, "O": 447953, "=": 401258, "2": 379762, "N": 370477, "[C@@H]": 211304, "n": 200619, "3": 154222, "[C@H]": 109215, "o": 55501, "others": 51894, "F": 44083, "4": 32145, "s": 31837, "-": 31350, "[nH]": 23632, "[C@@]": 21966, "#": 15203}}, "0.00": {"activatedMoleculePct": 0.8973051039487108, "activatedTokens": {"C": 3324007, "c": 2573240, "1": 1052697, "O": 1015655, "=": 890851, "N": 745227, "2": 710384, "n": 420007, "[C@@H]": 351641, "3": 279932, "[C@H]": 207852, "F": 115666, "others": 110598, "o": 92029, "-": 59796, "4": 57830, "s": 52542, "[nH]": 45979, "[C@@]": 31548, "#": 29648, "S": 27083}}}