{"0.20": {"activatedMoleculePct": 0.23419603891219853, "activatedTokens": {"c": 481982, "n": 25156, "o": 6776, "s": 6140, "[nH]": 3496, "others": 2563}}, "0.00": {"activatedMoleculePct": 0.41555023205093183, "activatedTokens": {"c": 959678, "n": 82068, "o": 21690, "C": 13735, "s": 11982, "[nH]": 10766, "others": 8798, "O": 4600, "N": 4296, "F": 3211, "=": 3005, "[C@@H]": 2751}}}