{"0.20": {"activatedMoleculePct": 0.5034688629907142, "activatedTokens": {")": 1862381, "others": 2299}}, "0.00": {"activatedMoleculePct": 0.7439090749967227, "activatedTokens": {")": 3343977, "others": 14484}}}