{"0.20": {"activatedMoleculePct": 0.9332431543693466, "activatedTokens": {")": 5118482, "others": 127}}, "0.00": {"activatedMoleculePct": 0.9788433412697657, "activatedTokens": {")": 5814126, "others": 2486}}}