{"0.20": {"activatedMoleculePct": 0.029616246274991157, "activatedTokens": {"C": 19824, "=": 8267, "c": 6687, "(": 6027, "n": 5362, "2": 3790, ")": 2582, "N": 1855, "[nH]": 1366, "[C@H]": 827, "S": 681, "s": 606, "others": 547, "1": 386, "3": 300, "F": 284, "[C@@H]": 284, "O": 182}}, "0.00": {"activatedMoleculePct": 0.09150723616610995, "activatedTokens": {"C": 70838, "=": 31535, "c": 29924, "(": 21081, "n": 17611, ")": 10729, "2": 10319, "N": 7553, "[nH]": 4671, "[C@H]": 2030, "S": 1804, "others": 1781, "s": 1405, "1": 1279, "F": 1231, "[C@@H]": 956, "3": 816, "O": 800}}}