{"0.20": {"activatedMoleculePct": 0.22269053113554454, "activatedTokens": {"C": 371235, "c": 275992, "N": 81200, "O": 62368, "(": 23757, "F": 18035, "2": 13421, "n": 11209, "1": 10582, "[C@H]": 9460, "others": 8471, "3": 7935, ")": 7196, "=": 6999, "S": 6589, "#": 4640, "[C@@H]": 3786, "Br": 2433, "-": 1960}}, "0.00": {"activatedMoleculePct": 0.4007578548343273, "activatedTokens": {"C": 883241, "c": 652598, "O": 168677, "N": 142023, "(": 100379, "F": 45919, "2": 39551, ")": 34758, "1": 33038, "n": 32832, "=": 25240, "[C@H]": 23431, "3": 23285, "others": 18775, "S": 14485, "[C@@H]": 10091, "#": 9567, "-": 5992, "Br": 5067, "o": 4691}}}