{"0.20": {"activatedMoleculePct": 0.99182969797859, "activatedTokens": {"1": 3751947, "others": 27621}}, "0.00": {"activatedMoleculePct": 0.9934233316464448, "activatedTokens": {"1": 4034847, "2": 206426, "3": 60668, "others": 38913, "c": 32371, "C": 16110, "N": 8115}}}