{"0.20": {"activatedMoleculePct": 0.06599152063850808, "activatedTokens": {"c": 247574, "C": 141836, "(": 124535, "1": 103442, ")": 93293, "2": 64229, "n": 53341, "O": 36961, "=": 29729, "N": 25041, "o": 16292, "3": 15852, "-": 11489, "others": 9065, "[C@H]": 6235, "[C@@H]": 5396, "S": 3147}}, "0.00": {"activatedMoleculePct": 0.180994600247687, "activatedTokens": {"c": 441890, "C": 333085, "(": 275318, ")": 194477, "1": 181124, "2": 131166, "O": 102978, "n": 94383, "=": 91739, "N": 76815, "3": 41040, "o": 28206, "-": 21187, "others": 16744, "[C@H]": 14765, "[C@@H]": 12487, "F": 5215, "4": 4845, "S": 4359}}}