{"0.20": {"activatedMoleculePct": 0.026118454731942176, "activatedTokens": {"c": 87606, "C": 76498, ")": 25839, "1": 21969, "(": 21686, "O": 12569, "N": 9145, "2": 7602, "n": 5745, "=": 4757, "others": 2229, "Cl": 1863, "s": 1398, "F": 1392, "Br": 1198, "3": 957, "S": 718}}, "0.00": {"activatedMoleculePct": 0.11008742281752382, "activatedTokens": {"c": 315956, "C": 232876, "1": 67154, ")": 67142, "(": 62000, "O": 45867, "N": 29164, "2": 28463, "=": 21477, "n": 20987, "others": 7952, "3": 6073, "Cl": 5732, "S": 4880, "[C@H]": 4172, "s": 3801, "F": 3417, "-": 3350}}}