{"0.20": {"activatedMoleculePct": 0.3054708652859569, "activatedTokens": {"c": 525631, "C": 360069, "1": 62254, "2": 46909, "O": 35732, ")": 35383, "(": 17721, "3": 16597, "n": 11844, "others": 10607, "N": 9841, "Cl": 7010, "o": 5359, "[C@@H]": 3857, "F": 3488, "4": 3460}}, "0.00": {"activatedMoleculePct": 0.5053422613925399, "activatedTokens": {"c": 1006494, "C": 852353, ")": 143194, "1": 135788, "O": 96885, "2": 96597, "(": 73131, "n": 41978, "3": 31210, "N": 25995, "others": 25666, "[C@@H]": 17669, "Cl": 14066, "F": 11822, "o": 11605, "s": 8731}}}