{"0.20": {"activatedMoleculePct": 0.09947686924221108, "activatedTokens": {"c": 778872, "n": 166439, "(": 134562, "2": 110304, "1": 87981, "C": 67840, ")": 51681, "3": 50549, "O": 32599, "o": 20511, "s": 18574, "N": 16954, "=": 15897, "-": 14613, "F": 13586, "others": 12624, "4": 10887, "[nH]": 9765, "Cl": 9239}}, "0.00": {"activatedMoleculePct": 0.31041435207732637, "activatedTokens": {"c": 1413838, "(": 337392, "n": 307169, "C": 287803, "1": 222627, "2": 220981, ")": 161494, "O": 140649, "3": 105002, "=": 72280, "N": 68401, "-": 38557, "others": 35714, "o": 34151, "F": 33498, "s": 24620, "4": 20769, "Cl": 20693, "[nH]": 19183, "[C@H]": 10077, "[C@@H]": 8279}}}