{"0.20": {"activatedMoleculePct": 0.3366411973344719, "activatedTokens": {")": 1013844, "others": 1274}}, "0.00": {"activatedMoleculePct": 0.5238924209389988, "activatedTokens": {")": 1867550, "others": 8405}}}