{"0.20": {"activatedMoleculePct": 0.1850768217847379, "activatedTokens": {"[C@@H]": 68247, "[C@H]": 61533, "N": 57514, "n": 27938, "C": 21934, "S": 5257, "[C@]": 4417, "[C@@]": 3905, "1": 3305, "others": 2565, "F": 929}}, "0.00": {"activatedMoleculePct": 0.2891163462432796, "activatedTokens": {"C": 103651, "[C@@H]": 85857, "[C@H]": 76637, "N": 76572, "n": 38124, "1": 27438, "S": 10962, "#": 8507, "c": 7871, "[C@]": 6016, "[C@@]": 4998, "=": 4683, "others": 3811, "F": 3385, "/": 2799, "O": 995}}}