{"0.20": {"activatedMoleculePct": 0.6538138451319105, "activatedTokens": {"C": 1285626, "c": 1087247, "1": 408123, "O": 329729, "N": 296142, "2": 280100, "=": 190096, "n": 163616, "[C@H]": 103130, "3": 97325, "[C@@H]": 81384, "F": 77527, "others": 43784, "o": 27545, "s": 26439, "Cl": 25629, "-": 16562, "4": 16465, "[O-]": 12473, "S": 9018, "/": 8947}}, "0.00": {"activatedMoleculePct": 0.8916102071650531, "activatedTokens": {"C": 3195562, "c": 2695111, "1": 1002995, "O": 842840, "N": 691601, "2": 652509, "=": 545637, "n": 390567, "3": 227176, "[C@H]": 209835, "[C@@H]": 194597, "F": 178164, "others": 96998, "Cl": 61076, "o": 53682, "s": 48309, "-": 41857, "4": 38056, "S": 27807, ")": 27685, "[O-]": 21649, "Br": 17632}}}