{"0.20": {"activatedMoleculePct": 0.24717726904212803, "activatedTokens": {"c": 351008, "C": 276260, "O": 111655, "n": 94804, "(": 81413, ")": 70469, "N": 45630, "1": 29213, "=": 14251, "o": 13788, "2": 13343, "Cl": 12765, "F": 12314, "others": 11668, "3": 8827, "Br": 7455, "s": 7346, "[nH]": 6111, "4": 4423, "[C@H]": 3834}}, "0.00": {"activatedMoleculePct": 0.4147563446906586, "activatedTokens": {"c": 655123, "C": 588522, "O": 245456, "(": 202537, ")": 184117, "n": 173281, "N": 119722, "1": 78376, "=": 43132, "2": 41266, "F": 28911, "o": 25323, "Cl": 23479, "3": 23197, "others": 21555, "s": 13515, "Br": 13303, "[nH]": 12309, "[C@H]": 11263, "4": 10920, "/": 5591}}}