{"0.20": {"activatedMoleculePct": 0.2998579937646153, "activatedTokens": {"C": 473569, "others": 1016}}, "0.00": {"activatedMoleculePct": 0.5135433228873185, "activatedTokens": {"C": 821961, "c": 12771, "others": 8234}}}