{"0.20": {"activatedMoleculePct": 0.4651733186469054, "activatedTokens": {"C": 459989, "1": 361999, "2": 269685, "=": 221437, "O": 145976, "N": 134537, "(": 90679, "3": 74749, "[C@H]": 71141, "S": 30742, "[C@@H]": 30226, "-": 20689, "others": 16907, "4": 14202, "F": 8948, "[C@]": 4800, ")": 4453, "/": 4237, "#": 4218}}, "0.00": {"activatedMoleculePct": 0.7122919982159506, "activatedTokens": {"C": 1162439, "1": 700656, "=": 524683, "2": 513091, "O": 360978, "N": 314334, "(": 281305, "3": 148268, "[C@H]": 141679, "[C@@H]": 77873, "S": 58192, "-": 43052, "others": 38127, "4": 28093, "F": 26886, ")": 25054, "c": 20012, "#": 9417, "[C@]": 9239, "/": 8232}}}