{"0.20": {"activatedMoleculePct": 0.5099510558189234, "activatedTokens": {"(": 1907623, "others": 231}}, "0.00": {"activatedMoleculePct": 0.7699147449929803, "activatedTokens": {"(": 3519951, "others": 2542}}}