{"0.20": {"activatedMoleculePct": 0.005176379946873995, "activatedTokens": {"C": 2611, "O": 2048, "N": 1290, "c": 979, "=": 719, "[C@H]": 641, "2": 493, "F": 388, "(": 325, "3": 309, "-": 208, ")": 192, "n": 176, "/": 134, "others": 98, "[nH]": 97, "s": 65, "1": 53, "S": 44, "4": 41, "[C@@H]": 22}}, "0.00": {"activatedMoleculePct": 0.021098069257151394, "activatedTokens": {"C": 11171, "O": 6727, "N": 6284, "c": 4773, "=": 3853, "[C@H]": 2982, "2": 2960, "(": 2141, "3": 1740, "F": 1597, ")": 864, "n": 746, "-": 701, "/": 560, "S": 533, "1": 499, "others": 473, "[C@@H]": 388, "[nH]": 311, "4": 288, "s": 192, "[O-]": 147}}}