{"0.20": {"activatedMoleculePct": 0.4515102535239737, "activatedTokens": {"1": 536437, "2": 152506, "3": 42652, "4": 5797, "others": 2063}}, "0.00": {"activatedMoleculePct": 0.731136569864651, "activatedTokens": {"1": 972942, "2": 331408, "3": 91768, "4": 12389, "others": 11489, "5": 3190}}}