{"0.20": {"activatedMoleculePct": 0.17841300158997184, "activatedTokens": {"C": 62241, "F": 51442, "Cl": 35383, "O": 35222, "Br": 31861, "N": 23828, "#": 22282, "=": 6915, "I": 5181, "S": 2971, "others": 1908, "-": 1889, "[O-]": 1701, "\\": 1486, "/": 1035}}, "0.00": {"activatedMoleculePct": 0.4309299687351924, "activatedTokens": {"C": 248331, "F": 144811, "O": 143808, "Cl": 90368, "N": 70617, "Br": 50031, "=": 40993, "#": 37722, "[O-]": 11859, "S": 10314, "others": 8149, "2": 7221, "c": 6972, "-": 6571, "I": 5444, "n": 5160, "3": 4187, "[N+]": 3752, "(": 3421, "\\": 3312, "[C@H]": 2892, "1": 2539, "/": 2017}}}