{"0.20": {"activatedMoleculePct": 0.19767575560280146, "activatedTokens": {"c": 160612, "O": 137823, "C": 112908, "(": 61316, "N": 45823, ")": 20662, "n": 17393, "-": 13923, "1": 11736, "2": 6951, "F": 6715, "others": 6203, "=": 5817, "Cl": 4395, "[C@H]": 3487, "[nH]": 3443, "S": 3127, "s": 2289}}, "0.00": {"activatedMoleculePct": 0.3460308927644198, "activatedTokens": {"c": 393761, "O": 274042, "C": 269297, "(": 173533, "N": 90679, ")": 73332, "1": 40538, "n": 35192, "-": 29240, "2": 23334, "F": 16813, "=": 14981, "others": 13919, "Cl": 10140, "[C@H]": 9913, "S": 8334, "3": 6453, "[nH]": 5461, "s": 4853}}}