{"0.20": {"activatedMoleculePct": 0.3114858070663299, "activatedTokens": {"c": 429262, "n": 50307, "[nH]": 7769, "o": 5174, "others": 1743}}, "0.00": {"activatedMoleculePct": 0.4118656865624311, "activatedTokens": {"c": 595807, "n": 82832, "C": 11828, "[nH]": 9040, "o": 8272, "others": 5043, "s": 4443}}}