{"0.20": {"activatedMoleculePct": 0.2439131030229971, "activatedTokens": {"c": 392552, "o": 8184, "others": 884}}, "0.00": {"activatedMoleculePct": 0.30336091188655906, "activatedTokens": {"c": 529418, "n": 30199, "o": 16304, "others": 4830, "C": 2021}}}