{"0.20": {"activatedMoleculePct": 0.07012793743816065, "activatedTokens": {"C": 160265, "c": 88319, "O": 64817, "=": 61645, "1": 41994, "N": 34255, "2": 27091, "n": 24270, "[C@H]": 8859, "3": 8717, "[C@@H]": 8218, "others": 4794, "s": 3075, "S": 1724, "F": 1556, "(": 1522, "o": 1203}}, "0.00": {"activatedMoleculePct": 0.15199720528213395, "activatedTokens": {"C": 392529, "c": 196479, "O": 136692, "=": 135441, "1": 98377, "N": 80670, "2": 62749, "n": 44640, "[C@H]": 21163, "3": 20813, "[C@@H]": 19285, "others": 10511, "s": 5977, "(": 5331, "F": 4329, ")": 3305, "S": 3098}}}