{"0.20": {"activatedMoleculePct": 0.9202780363445149, "activatedTokens": {"1": 1304691, "2": 823025, "3": 308606, "4": 58201, "others": 22314, "C": 6981}}, "0.00": {"activatedMoleculePct": 0.9402321461397227, "activatedTokens": {"1": 1309739, "2": 842440, "3": 321106, "4": 63084, "C": 35709, "O": 29472, "F": 26675, "others": 21073, "Cl": 13740, "N": 8823, "c": 8718, "5": 7006}}}