{"0.20": {"activatedMoleculePct": 0.1854957365172806, "activatedTokens": {"c": 136112, "C": 59469, "n": 48032, "(": 42280, "N": 41012, "2": 40345, "O": 30490, "3": 10444, "[C@@H]": 9406, "[C@H]": 9143, "1": 9005, "s": 5496, "others": 4525, "Cl": 3307, "F": 3139, "4": 2788, "[C@@]": 2557, "-": 2275, "[nH]": 2048, "Br": 1948}}, "0.00": {"activatedMoleculePct": 0.3255655898165637, "activatedTokens": {"c": 312811, "C": 138401, "(": 110743, "N": 97447, "n": 90859, "2": 84399, "O": 45035, "1": 37531, "3": 22942, "[C@H]": 20593, "[C@@H]": 15748, "s": 11121, "Cl": 8535, "F": 7770, "others": 7101, "-": 6273, "4": 6128, "Br": 4720, "[C@@]": 4679, "[C@]": 3714, "[nH]": 3524}}}