{"0.20": {"activatedMoleculePct": 0.40439845821801584, "activatedTokens": {"c": 599980, "C": 286839, "n": 150480, "N": 101392, "[C@H]": 40487, "2": 28808, "[C@@H]": 28273, "O": 22984, "1": 22262, "3": 16180, "others": 10342, "S": 10300, "s": 9330, "o": 8905, "[C@@]": 6961, "[nH]": 5485, "[C@]": 5110, "=": 5013, "F": 4600, "-": 3842}}, "0.00": {"activatedMoleculePct": 0.6349421758519093, "activatedTokens": {"c": 1102465, "C": 664354, "n": 266689, "N": 176081, "2": 106581, "1": 99791, "[C@H]": 89297, "[C@@H]": 74212, "O": 62702, "3": 51178, "others": 27975, "(": 27210, "S": 26270, "-": 16133, "=": 15949, "s": 15641, "o": 13775, "[C@@]": 12598, "4": 10195, "F": 9792, "[C@]": 9755}}}