{"0.20": {"activatedMoleculePct": 0.2451566645891816, "activatedTokens": {"c": 549772, "others": 5053}}, "0.00": {"activatedMoleculePct": 0.41827024833880533, "activatedTokens": {"c": 1128475, "[C@@H]": 11407, "C": 11334, "others": 11010, "Cl": 9256, "F": 5463, "n": 5106, "[C@H]": 3906, "2": 3817, "N": 3063, "3": 2849, "O": 1872, "(": 1821, "s": 1803}}}