{"0.20": {"activatedMoleculePct": 0.08508290044257023, "activatedTokens": {"O": 31769, "[C@H]": 25762, "C": 20143, "n": 19470, ")": 9947, "S": 8896, "c": 8461, "=": 7054, "N": 5964, "2": 4207, "[nH]": 3586, "3": 3387, "4": 1993, "Cl": 1879, "s": 1768, "others": 1328, "/": 1097, "F": 764, "[C@]": 739, "[O-]": 605, "[C@@H]": 526, ".": 470, "Br": 403}}, "0.00": {"activatedMoleculePct": 0.18788252517699514, "activatedTokens": {"O": 100768, "C": 54517, "n": 50234, "[C@H]": 50136, ")": 33511, "=": 30192, "c": 23390, "S": 18970, "N": 12800, "2": 9473, "3": 8831, "[nH]": 7712, "4": 4450, "Cl": 4384, "s": 3482, "others": 3247, "F": 3079, "[O-]": 1870, "/": 1687, "[C@]": 1677, "[C@@H]": 1354, "Br": 1169, ".": 1142}}}