{"0.20": {"activatedMoleculePct": 0.01985157821731275, "activatedTokens": {"C": 7450, "O": 6591, "[C@H]": 4687, ")": 4198, "c": 3201, "o": 2424, "F": 2050, "=": 2036, "[nH]": 1976, "2": 1682, "n": 1239, "1": 1017, "3": 877, "[C@]": 741, "4": 624, "-": 431, "[C@@H]": 301, "others": 301, "s": 300, "\\": 266, "#": 244, "(": 216, "N": 194}}, "0.00": {"activatedMoleculePct": 0.05453874338762869, "activatedTokens": {"O": 26783, "C": 25108, ")": 16589, "c": 12969, "[C@H]": 12837, "=": 8707, "F": 6653, "n": 6361, "o": 5696, "2": 4545, "[nH]": 4211, "1": 3412, "3": 2538, "N": 1482, "4": 1482, "[C@@H]": 1445, "-": 1435, "[C@]": 1395, "(": 1200, "others": 1150, "s": 1038, "\\": 847, "#": 719}}}