{"0.20": {"activatedMoleculePct": 0.4307563974211843, "activatedTokens": {"O": 582465, "=": 518876, "C": 444779, "others": 14962, "n": 5336}}, "0.00": {"activatedMoleculePct": 0.6562357874754748, "activatedTokens": {"O": 1069450, "=": 988601, "C": 879295, "n": 31512, "F": 24265, "others": 23370, "c": 15422, "N": 12425}}}