{"0.20": {"activatedMoleculePct": 0.2370420225672003, "activatedTokens": {"C": 329852, "1": 39968, "2": 21354, "[C@@H]": 7741, "[C@H]": 7587, "3": 3387, "others": 2060}}, "0.00": {"activatedMoleculePct": 0.3481357195849229, "activatedTokens": {"C": 462228, "1": 107233, "2": 61124, "[C@H]": 21894, "c": 19384, "[C@@H]": 19026, "3": 12364, "n": 9340, "others": 5946, "=": 3931}}}