{"0.20": {"activatedMoleculePct": 0.023607163441926482, "activatedTokens": {"[O-]": 33275, "others": 302, "[Na+]": 217, "[C-]": 157, "[Cl-]": 135, "[N-]": 112}}, "0.00": {"activatedMoleculePct": 0.027981599975978315, "activatedTokens": {"[O-]": 33329, "o": 2370, "I": 1259, "[N-]": 941, "F": 604, "C": 435, "others": 377, "[Na+]": 281, "c": 270, "[Cl-]": 240, "Cl": 206, "[C-]": 180, "O": 166, "N": 112, "[Br-]": 102, "[n+]": 98, "[I-]": 78, "[N+]": 69, "[K+]": 68}}}