{"0.20": {"activatedMoleculePct": 0.03236628966781966, "activatedTokens": {"C": 88438, "(": 51093, "1": 39652, "2": 33534, "N": 31331, ")": 29666, "O": 17559, "c": 17360, "[C@@H]": 13615, "3": 11338, "[C@H]": 10188, "=": 9153, "n": 4488, "others": 2905, "F": 1797, "[C@]": 1693}}, "0.00": {"activatedMoleculePct": 0.13245175706167933, "activatedTokens": {"C": 252635, "(": 128168, "1": 123263, "N": 91100, "2": 88434, "c": 88052, ")": 62856, "O": 58970, "=": 42092, "3": 29780, "[C@@H]": 27659, "n": 24022, "[C@H]": 20784, "others": 9613, "F": 7638, "[C@]": 3875, "-": 3475}}}