{"0.20": {"activatedMoleculePct": 0.033204851501318626, "activatedTokens": {"C": 19698, "1": 14755, "(": 4403, "[C@H]": 4330, "c": 4198, "S": 2894, "N": 2618, "O": 2429, "n": 1461, "F": 1200, "3": 880, "2": 797, "=": 661, "others": 587, "Br": 509, "s": 359, ")": 223}}, "0.00": {"activatedMoleculePct": 0.08070333732962365, "activatedTokens": {"C": 59279, "1": 36975, "c": 13452, "(": 10833, "S": 9383, "[C@H]": 8398, "N": 7287, "O": 5849, "n": 4103, "F": 3101, "3": 2338, "2": 2155, "=": 1715, "others": 1626, "Br": 1158, "s": 793, ")": 792}}}