{"0.20": {"activatedMoleculePct": 0.5631554239570891, "activatedTokens": {"[C@@H]": 462711, "C": 271098, "c": 246508, "N": 97962, "n": 68190, "[C@H]": 42734, "=": 37389, "F": 37342, "2": 26284, ")": 23306, "1": 22201, "3": 15017, "others": 12105, "[C@@]": 7919, "(": 5117, "4": 4366, "O": 4233}}, "0.00": {"activatedMoleculePct": 0.7730697881184942, "activatedTokens": {"c": 819686, "C": 599242, "[C@@H]": 594454, "N": 182195, "n": 129042, ")": 124156, "=": 122026, "[C@H]": 107355, "1": 93663, "F": 91888, "2": 88767, "3": 49493, "(": 46937, "others": 30336, "O": 28576, "[C@@]": 14750, "4": 12436, "Cl": 10265}}}