{"0.20": {"activatedMoleculePct": 0.39466821147577363, "activatedTokens": {"1": 351948, "2": 217353, "3": 76070, "4": 11739, "others": 2837}}, "0.00": {"activatedMoleculePct": 0.5041968371937693, "activatedTokens": {"1": 478136, "2": 321741, "3": 112381, "4": 17090, "C": 14434, "c": 8476, "others": 8172, "N": 4972, "O": 3004, "(": 2420}}}