{"0.20": {"activatedMoleculePct": 0.382533599231892, "activatedTokens": {"C": 694164, "others": 1269}}, "0.00": {"activatedMoleculePct": 0.5406197155041661, "activatedTokens": {"C": 1021819, "O": 12452, "=": 11434, "others": 9275}}}