{"0.20": {"activatedMoleculePct": 0.742146264225341, "activatedTokens": {"C": 1671087, "c": 1470748, "1": 603485, "O": 378638, "=": 371613, "2": 363762, "N": 329863, "n": 222072, "3": 171794, "[C@H]": 94886, "[C@@H]": 79006, "others": 57770, "F": 55796, "S": 41168, "4": 31580, "Cl": 31166, "[nH]": 24542, "o": 23836, "s": 21655}}, "0.00": {"activatedMoleculePct": 0.9263515675979708, "activatedTokens": {"C": 3947733, "c": 3317893, "1": 1310069, "O": 921406, "=": 895197, "N": 761981, "2": 755795, "n": 480432, "3": 333541, "[C@H]": 204433, "[C@@H]": 185950, "others": 127127, "F": 118193, "S": 73281, "Cl": 61889, "4": 61521, "o": 53437, "[nH]": 48990, "s": 41356, "(": 30543}}}