{"0.20": {"activatedMoleculePct": 0.32010285381999704, "activatedTokens": {"(": 894260, "others": 1385}}, "0.00": {"activatedMoleculePct": 0.6212351686241654, "activatedTokens": {"(": 2210665, "others": 13888}}}