{"0.20": {"activatedMoleculePct": 0.8715594247392585, "activatedTokens": {"c": 1944802, "others": 777}}, "0.00": {"activatedMoleculePct": 0.8811043822728761, "activatedTokens": {"c": 1987465, "C": 33532, "others": 13477}}}