{"0.20": {"activatedMoleculePct": 0.5469290693867807, "activatedTokens": {"c": 904991, "[C@@H]": 108881, "N": 83138, "[C@H]": 66183, "C": 53956, "n": 47750, "1": 43773, "2": 30320, "others": 12558, "(": 6250, ")": 4124, "3": 3979}}, "0.00": {"activatedMoleculePct": 0.7886494613796503, "activatedTokens": {"c": 1630118, "C": 206640, "[C@@H]": 195314, "N": 182938, "1": 163082, "[C@H]": 130336, "2": 95620, "n": 89971, "(": 55604, "others": 28488, ")": 27019, "O": 15903, "3": 14961, "=": 9189, "-": 8027}}}