{"0.20": {"activatedMoleculePct": 0.09729294663304608, "activatedTokens": {"C": 148442, "[N+]": 14940, "O": 5718, "c": 4715, "1": 1945, "2": 1420, "others": 1394, "[C@H]": 1308, "[C@@H]": 643, "S": 570}}, "0.00": {"activatedMoleculePct": 0.12638042291346407, "activatedTokens": {"C": 173625, "c": 51587, "[N+]": 28445, "O": 9994, "F": 5493, "1": 5300, "S": 3124, "[C@H]": 3079, "2": 3071, "others": 2424, "[C@@H]": 2262, ".": 1605, "N": 1351, "3": 1030, "n": 977}}}