{"0.20": {"activatedMoleculePct": 0.05915486149814747, "activatedTokens": {"c": 28181, "C": 22487, "N": 8580, "1": 8356, "s": 5884, "/": 5533, "2": 5431, "3": 3238, "[C@H]": 2605, "S": 2527, ")": 2218, ".": 1473, "=": 1139, "F": 1094, "n": 1090, "4": 1084, "others": 978, "(": 867, "O": 631, "Br": 608, "I": 508, "-": 367, "5": 329, "Cl": 292, "[C@@]": 213, "#": 200, "[C@@H]": 156, "[nH]": 134, "P": 127}}, "0.00": {"activatedMoleculePct": 0.12725487079922632, "activatedTokens": {"c": 77444, "C": 55284, "N": 23162, "1": 21231, "2": 14258, "s": 11490, "/": 9346, "3": 8176, ")": 7549, "[C@H]": 5757, "S": 4411, "4": 2732, "n": 2726, "F": 2510, ".": 2501, "others": 2276, "(": 2201, "=": 2175, "O": 1982, "Br": 1213, "I": 827, "-": 825, "5": 807, "Cl": 744, "#": 454, "[C@@H]": 446, "[C@@]": 411}}}