{"0.20": {"activatedMoleculePct": 0.5206363109724168, "activatedTokens": {"C": 1264394, "others": 4355}}, "0.00": {"activatedMoleculePct": 0.6786118396142469, "activatedTokens": {"C": 2047407, "O": 19695, "others": 18194, "3": 11333, "2": 8583}}}