{"0.20": {"activatedMoleculePct": 0.005970267307147257, "activatedTokens": {"c": 2690, "n": 1305, "C": 1222, "1": 1212, "[C@H]": 981, "s": 637, "2": 409, "(": 354, "-": 337, "=": 262, "F": 192, "[C@]": 182, "N": 161, "O": 116, "3": 102, "[nH]": 84, "others": 84, "/": 65, ".": 38, "[CH]": 23}}, "0.00": {"activatedMoleculePct": 0.026904286039666537, "activatedTokens": {"c": 14679, "C": 8585, "1": 7821, "[C@H]": 5350, "n": 4461, "(": 2026, "2": 1889, "=": 1814, "s": 1793, "-": 1533, "N": 1321, "O": 919, "[C@]": 913, "F": 678, "3": 578, "[nH]": 507, "others": 494, "/": 349, ".": 149, "[C@@H]": 133}}}