{"0.20": {"activatedMoleculePct": 0.5443694417814715, "activatedTokens": {"1": 526575, "2": 475216, "3": 183033, "c": 168618, "4": 35390, "C": 16779, "others": 10429, "n": 6277, "o": 4808, "s": 4385, "5": 4110}}, "0.00": {"activatedMoleculePct": 0.7852256390463684, "activatedTokens": {"1": 1060063, "2": 808660, "c": 325296, "3": 302636, "C": 102599, "4": 58254, "n": 25441, "others": 24526, "(": 19461, "=": 11704, "o": 9318, "5": 7590, "s": 7571, "[C@H]": 7364}}}