{"0.20": {"activatedMoleculePct": 0.14737522822430688, "activatedTokens": {"1": 141561, "2": 55570, "3": 13851, "4": 1703, "others": 626}}, "0.00": {"activatedMoleculePct": 0.22100242194234357, "activatedTokens": {"1": 221261, "2": 86888, "3": 21243, "C": 9865, "others": 3355, "4": 2585}}}