{"0.20": {"activatedMoleculePct": 0.8779530009894297, "activatedTokens": {"c": 1988009, "others": 2038}}, "0.00": {"activatedMoleculePct": 0.8851316761789118, "activatedTokens": {"c": 2043334, "C": 20574, "others": 13247}}}