{"0.20": {"activatedMoleculePct": 0.4478037369830669, "activatedTokens": {")": 1585510, "others": 730}}, "0.00": {"activatedMoleculePct": 0.7213850844384162, "activatedTokens": {")": 3114696, "others": 6700}}}