{"0.20": {"activatedMoleculePct": 0.40813939607435884, "activatedTokens": {"C": 659865, "c": 383061, "1": 235716, "2": 123207, ")": 59065, "3": 54807, "n": 48373, "O": 21530, "(": 18707, "[C@H]": 17555, "others": 12972, "[C@@H]": 10790, "=": 9022, "N": 8484, "S": 7950, "Cl": 4800, "4": 4735}}, "0.00": {"activatedMoleculePct": 0.614118744749834, "activatedTokens": {"C": 1259630, "c": 831632, "1": 518941, "2": 281581, ")": 233326, "3": 123890, "n": 107485, "(": 91122, "O": 71625, "[C@H]": 38130, "N": 30483, "=": 28543, "[C@@H]": 27677, "others": 26837, "S": 22752, "Cl": 13212, "4": 13097, "F": 11976}}}