{"0.20": {"activatedMoleculePct": 0.21183609887852425, "activatedTokens": {"C": 355005, "c": 182606, "N": 111814, "=": 97298, "O": 96751, "1": 68008, "2": 50888, "[C@H]": 35632, "[C@@H]": 33165, "n": 23240, "3": 20310, "others": 11082, "F": 9998, "S": 5894, "Cl": 5839, "-": 4013, "4": 3801, "s": 3474, "(": 3402, "#": 2315, "Br": 2182, "[C@]": 2152}}, "0.00": {"activatedMoleculePct": 0.6290942140698226, "activatedTokens": {"C": 1401435, "c": 967489, "O": 405298, "=": 387825, "N": 340110, "1": 339449, "2": 225949, "n": 113678, "[C@H]": 108620, "[C@@H]": 102566, "3": 88357, "F": 79972, "others": 46773, "Cl": 32781, "S": 22021, "-": 19813, "(": 17462, "4": 15673, "s": 11482, "Br": 11161, "#": 9832}}}