{"0.20": {"activatedMoleculePct": 0.26141304626444506, "activatedTokens": {"n": 504293, "=": 5099, "others": 974}}, "0.00": {"activatedMoleculePct": 0.3746415972076257, "activatedTokens": {"n": 715120, "c": 39317, "=": 17181, "others": 6936, "C": 5272}}}