{"0.20": {"activatedMoleculePct": 0.25026859611566443, "activatedTokens": {"n": 599589, "others": 1122}}, "0.00": {"activatedMoleculePct": 0.3061644181735757, "activatedTokens": {"n": 749863, "c": 15987, "[nH]": 8224, "others": 5872, "C": 4338}}}