{"0.20": {"activatedMoleculePct": 0.5507491030317855, "activatedTokens": {"1": 498003, "2": 345974, "3": 125227, "4": 22260, "others": 5949}}, "0.00": {"activatedMoleculePct": 0.7084499935185395, "activatedTokens": {"1": 751575, "2": 467554, "3": 176243, "4": 33849, "c": 25799, "others": 12257, "-": 8363, "C": 8024, "O": 4724, "5": 3659, "=": 3097}}}