{"0.20": {"activatedMoleculePct": 0.40048614615290534, "activatedTokens": {"2": 280883, "1": 278422, "3": 153012, "4": 36196, "others": 6279, "5": 5300, "C": 3345, "N": 2756, "6": 1892, "n": 1686}}, "0.00": {"activatedMoleculePct": 0.650749615689675, "activatedTokens": {"1": 605685, "2": 511757, "3": 246481, "4": 53725, "C": 44223, "c": 20878, "N": 18043, "n": 15577, "others": 13796, "5": 7452, "(": 7123, "O": 6064, ")": 5519, "-": 2938, "6": 2179, "Cl": 2169}}}