{"0.20": {"activatedMoleculePct": 0.2642890570244018, "activatedTokens": {"C": 212066, "N": 79820, "O": 57403, "c": 22353, "[C@H]": 19509, "[C@@H]": 11152, "S": 10368, "n": 7752, "=": 6126, "others": 4234, "o": 2185, "s": 1428, "Cl": 1264, "#": 1055, "[nH]": 819}}, "0.00": {"activatedMoleculePct": 0.4649492139123633, "activatedTokens": {"C": 431451, "N": 141077, "O": 95421, "c": 93370, "n": 34460, "[C@H]": 33979, "[C@@H]": 23281, "S": 19805, "=": 17094, "1": 14520, "2": 12778, "o": 8607, "others": 8006, "s": 5873, "3": 3940, "F": 2641, "Cl": 2554, "#": 1899}}}