{"0.20": {"activatedMoleculePct": 0.008031884391251713, "activatedTokens": {"O": 5257, "=": 3528, "c": 3033, "n": 1811, "(": 1235, ")": 1048, "C": 894, "F": 838, "2": 830, "s": 586, "N": 562, "[C@H]": 521, "/": 478, "[nH]": 424, "others": 195, "4": 184, "1": 179, "Cl": 175, "3": 92, "[C@@H]": 76, "\\": 51}}, "0.00": {"activatedMoleculePct": 0.024755517114351273, "activatedTokens": {"O": 18344, "=": 15136, "c": 11240, "n": 6523, "(": 5917, ")": 4618, "C": 4307, "2": 2983, "[C@H]": 2949, "N": 2369, "F": 1899, "/": 1751, "[nH]": 1735, "s": 1105, "[C@@H]": 835, "1": 657, "4": 621, "Cl": 602, "S": 570, "others": 501, "3": 461, "#": 456, "\\": 388}}}