{"0.20": {"activatedMoleculePct": 0.05955034044145703, "activatedTokens": {"C": 44979, "N": 10545, "[C@@H]": 10335, "2": 9206, "c": 7507, "(": 6204, "[nH]": 3741, "o": 3670, "F": 3488, "[O-]": 3328, "1": 2811, "[C@]": 1917, "O": 1892, "3": 1708, "[C@H]": 1282, "n": 1039, "others": 955, "s": 937, "=": 693, "4": 413, "/": 407, "[N+]": 375}}, "0.00": {"activatedMoleculePct": 0.1405173303999537, "activatedTokens": {"C": 125343, "N": 26912, "[C@@H]": 25971, "c": 25827, "2": 20525, "(": 19577, "F": 12027, "1": 9143, "o": 9030, "[nH]": 8477, "O": 7901, "[O-]": 7515, "[C@]": 4907, "n": 4686, "3": 4601, "[C@H]": 3904, "others": 2964, "=": 2327, "s": 2179, ")": 1172, "4": 1044, "[N+]": 1034}}}