{"0.20": {"activatedMoleculePct": 0.027408887876592992, "activatedTokens": {"C": 14676, "n": 6199, "O": 5281, "1": 3926, "c": 2841, "N": 2395, "s": 1898, "S": 1664, "[C@H]": 1455, "[C@@H]": 1198, "[C@]": 1151, "[nH]": 986, "o": 775, "2": 759, "[C@@]": 526, "others": 452, "3": 358, ")": 291, "[O-]": 174, "I": 171, "Br": 136}}, "0.00": {"activatedMoleculePct": 0.06611748800563631, "activatedTokens": {"C": 42617, "n": 13902, "O": 12879, "1": 12421, "c": 9439, "N": 6074, "[C@H]": 4657, "s": 4401, "[C@@H]": 4052, "S": 3799, "2": 2661, "[C@]": 2386, "[nH]": 1716, "o": 1532, "3": 1523, "others": 1272, "[C@@]": 1085, ")": 1066, "[O-]": 801, "Br": 485, "=": 408}}}