{"0.20": {"activatedMoleculePct": 0.46159716368360804, "activatedTokens": {"(": 1411828, "others": 1413}}, "0.00": {"activatedMoleculePct": 0.7427167792194856, "activatedTokens": {"(": 2977832, "others": 11701}}}