{"0.20": {"activatedMoleculePct": 0.4309673195242828, "activatedTokens": {"C": 758592, "c": 395675, "(": 256570, "N": 212918, "2": 94240, "1": 69923, ")": 53121, "O": 52258, "[C@@H]": 52247, "n": 50332, "3": 43813, "[C@H]": 29416, "4": 19332, "others": 18596, "=": 10868, "F": 8577, "Br": 6117, "S": 5973}}, "0.00": {"activatedMoleculePct": 0.6479021672978462, "activatedTokens": {"C": 1522598, "c": 901539, "(": 607705, "N": 416167, "2": 216218, "1": 196689, ")": 194544, "O": 147100, "n": 99546, "3": 98603, "[C@@H]": 97186, "[C@H]": 53164, "others": 39149, "4": 37514, "=": 27475, "F": 21967, "S": 15862, "Br": 11181, "Cl": 8685}}}