{"0.20": {"activatedMoleculePct": 0.11057957439142016, "activatedTokens": {"C": 67379, "N": 36374, "O": 15644, "[C@@H]": 10642, "[C@H]": 9844, "c": 9282, "=": 5919, "n": 4269, "(": 4197, "S": 1791, "others": 1384, "1": 948, "F": 719, "[C@@]": 467}}, "0.00": {"activatedMoleculePct": 0.20424070606174013, "activatedTokens": {"C": 143578, "N": 62289, "O": 36123, "c": 25263, "[C@@H]": 19608, "[C@H]": 17462, "(": 13800, "1": 12444, "=": 12386, "n": 7368, "S": 4955, "F": 3591, "others": 3477, "#": 1347, "\\": 1057, "[C@@]": 992, "[C@]": 974, "-": 967, "Br": 909, ")": 826, "o": 534}}}