{"0.20": {"activatedMoleculePct": 0.3502493348263884, "activatedTokens": {")": 942353, "others": 1929}}, "0.00": {"activatedMoleculePct": 0.6721757859960906, "activatedTokens": {")": 2517255, "others": 12551}}}