{"0.20": {"activatedMoleculePct": 0.011871691983422108, "activatedTokens": {"2": 3982, "c": 2292, "C": 1899, "1": 1776, "[C@H]": 1681, "=": 1635, "3": 1344, "n": 1240, "O": 1172, ")": 957, "[nH]": 906, "N": 637, "(": 477, "#": 424, "-": 269, ".": 260, "others": 218, "[O-]": 177, "4": 116, "[C@@H]": 86, "[C@]": 58, "Cl": 58, "B": 57, "[C@@]": 35, "5": 34, "/": 30, "s": 30, "S": 24, "F": 17, "6": 15}}, "0.00": {"activatedMoleculePct": 0.039607948540865794, "activatedTokens": {"2": 12484, "c": 11914, "C": 8771, "1": 6750, ")": 5586, "[C@H]": 5562, "n": 5402, "=": 5016, "O": 4904, "3": 4747, "N": 2716, "[nH]": 2669, "(": 2102, "[O-]": 1472, "#": 1154, "-": 863, "others": 772, ".": 522, "4": 450, "[C@@H]": 339, "Cl": 277, "[C@]": 146, "s": 111, "F": 111, "[C@@]": 110, "/": 89}}}