{"0.20": {"activatedMoleculePct": 0.3813288531916249, "activatedTokens": {"c": 458764, "C": 351599, "=": 351593, "1": 285990, "O": 189278, "2": 168396, "[C@H]": 106197, "N": 98426, "[C@@H]": 98230, "(": 61207, "3": 57694, "n": 52721, "others": 17802, "F": 17225, "S": 11541, "Cl": 9043, "[C@]": 8212, "4": 6552}}, "0.00": {"activatedMoleculePct": 0.5784567972211013, "activatedTokens": {"c": 996974, "C": 819575, "=": 672708, "1": 584612, "O": 382264, "2": 342675, "N": 194894, "(": 179891, "[C@H]": 165187, "[C@@H]": 160057, "3": 117894, "n": 111623, "others": 44618, "F": 40754, "S": 21376, "Cl": 19477, "4": 13706, "[C@]": 13365}}}