{"0.20": {"activatedMoleculePct": 0.5480576491120399, "activatedTokens": {")": 1910504, "others": 11147}}, "0.00": {"activatedMoleculePct": 0.7565299798671923, "activatedTokens": {")": 3183624, "others": 25791, "C": 8919}}}