{"0.20": {"activatedMoleculePct": 0.07523620712257577, "activatedTokens": {"C": 159039, "c": 91638, "N": 56659, "1": 55818, "O": 37103, "[C@H]": 27396, "(": 26015, "[C@@H]": 22750, "=": 20613, ")": 8966, "2": 8882, "n": 4800, "others": 4780, "S": 3188, "[C@@]": 2731, "F": 2472, "/": 2435, "[C@]": 2389, "#": 2380, "Cl": 1481}}, "0.00": {"activatedMoleculePct": 0.25405933502412786, "activatedTokens": {"C": 488721, "c": 328267, "1": 182129, "N": 149363, "O": 124886, "=": 90233, "(": 65594, "2": 54662, "[C@H]": 52166, "[C@@H]": 46567, ")": 30116, "n": 18410, "others": 15083, "S": 13736, "F": 11783, "/": 8476, "#": 7481, "3": 7198, "[C@@]": 4883, "o": 4774, "Cl": 4548, "[C@]": 3844}}}