{"0.20": {"activatedMoleculePct": 0.06502625906946734, "activatedTokens": {"=": 94148, "O": 1695, "C": 968, "N": 759, "others": 359}}, "0.00": {"activatedMoleculePct": 0.12377685320334282, "activatedTokens": {"=": 167972, "O": 32002, "C": 15377, "F": 5202, "N": 4154, "n": 2338, "others": 1798, "c": 1024, "s": 761, "#": 675}}}