{"0.20": {"activatedMoleculePct": 0.07287724846257561, "activatedTokens": {"N": 84514, "#": 7171, "F": 5493, "O": 4534, "c": 3951, "1": 3374, "Cl": 2382, "others": 944, "Br": 911, "[N-]": 716}}, "0.00": {"activatedMoleculePct": 0.12021461323990265, "activatedTokens": {"N": 131072, "O": 15965, "#": 13418, "S": 6296, "F": 6159, "1": 5073, "c": 4593, "C": 3568, "Cl": 2825, "[nH]": 2660, "n": 2437, "others": 1976, "Br": 947, "[N-]": 779, "=": 702, "[C@]": 485}}}