{"0.20": {"activatedMoleculePct": 0.5047607608721922, "activatedTokens": {")": 1719440, "others": 6340}}, "0.00": {"activatedMoleculePct": 0.7511229038700544, "activatedTokens": {")": 3199640, "others": 27663}}}