{"0.20": {"activatedMoleculePct": 0.043192159556712045, "activatedTokens": {"c": 199710, "C": 77599, "(": 68124, ")": 62605, "1": 56112, "2": 45121, "n": 45063, "=": 28531, "O": 23304, "3": 21432, "N": 14096, "[nH]": 13528, "-": 8862, "others": 6287, "4": 5131, "F": 3663, "[C@H]": 2694, "[C@@H]": 1966, "Cl": 1516, "S": 1469}}, "0.00": {"activatedMoleculePct": 0.11144743096146058, "activatedTokens": {"c": 315217, "C": 183101, "(": 152796, ")": 143334, "1": 100366, "n": 83013, "2": 79210, "=": 67458, "O": 62921, "N": 46031, "3": 37857, "[nH]": 30314, "-": 14300, "others": 11318, "[C@H]": 10598, "4": 8896, "F": 8158, "[C@@H]": 7731, "S": 3647, "#": 2753}}}