{"0.20": {"activatedMoleculePct": 0.28228554605022727, "activatedTokens": {"C": 684166, "(": 34660, "N": 20766, "F": 8344, "others": 7417, "1": 6416, ")": 6129, "2": 3802}}, "0.00": {"activatedMoleculePct": 0.3107256086530793, "activatedTokens": {"C": 901556, "(": 122231, "F": 40558, ")": 38771, "N": 35231, "c": 15014, "others": 9885, "n": 9835, "1": 8274, "O": 5936, "2": 5324}}}