{"0.20": {"activatedMoleculePct": 0.1272746447463918, "activatedTokens": {"C": 204255, "N": 23591, "S": 21455, "O": 9892, "[C@@]": 3078, "[C@]": 2344, "others": 2145, "[C@@H]": 2104, "c": 1006, "o": 656, "n": 643}}, "0.00": {"activatedMoleculePct": 0.2979340619422557, "activatedTokens": {"C": 502947, "N": 51885, "S": 48936, "O": 29201, "c": 23566, "n": 13477, "[C@@H]": 11644, "[C@@]": 5934, "others": 5816, "[C@]": 4833, "[C@H]": 4548, "s": 4452, "o": 3104, "1": 2134, "Cl": 2096, "[nH]": 1395}}}