{"0.20": {"activatedMoleculePct": 0.49904975198343676, "activatedTokens": {"C": 1170433, "O": 377465, "=": 361826, "c": 156353, "N": 133580, "1": 108560, "[C@H]": 62757, "[C@@H]": 57558, "2": 57044, "others": 21907, "3": 14067, "F": 13682, "o": 11168, "n": 10038, "[C@]": 9174, "[nH]": 7676, "[C@@]": 7152, "(": 6613, "s": 5604}}, "0.00": {"activatedMoleculePct": 0.8070912304009058, "activatedTokens": {"C": 2896294, "O": 996045, "=": 921214, "c": 706807, "N": 369193, "1": 342839, "2": 186904, "[C@H]": 153315, "[C@@H]": 148838, "others": 65913, "F": 53307, "3": 51618, "n": 39265, "o": 31733, "(": 20615, "[C@]": 17746, "[nH]": 17123, "s": 15943, ")": 14469}}}