{"0.20": {"activatedMoleculePct": 0.45106790300219785, "activatedTokens": {")": 1437978, "others": 2287}}, "0.00": {"activatedMoleculePct": 0.7071888551104302, "activatedTokens": {")": 2869212, "others": 13424}}}