{"0.20": {"activatedMoleculePct": 0.9978483016010306, "activatedTokens": {")": 6218014, "others": 3}}, "0.00": {"activatedMoleculePct": 0.9981529668610617, "activatedTokens": {")": 6223516, "others": 571}}}