{"0.20": {"activatedMoleculePct": 0.04887680318258018, "activatedTokens": {"n": 60259, "N": 7075, "others": 518}}, "0.00": {"activatedMoleculePct": 0.08826650593621217, "activatedTokens": {"n": 81814, "N": 26201, "C": 3408, "o": 3231, "[nH]": 2120, "s": 2105, "O": 1731, "[C@H]": 1497, "-": 1313, "c": 1196, "others": 730, "[C@@H]": 548}}}