{"0.20": {"activatedMoleculePct": 0.2856090339108546, "activatedTokens": {"C": 421048, "c": 240505, "n": 47209, "O": 15320, "Cl": 9884, "1": 9638, "N": 9398, "2": 9063, "=": 8874, "3": 7012, "others": 6646, "/": 6224, "F": 3771, "[C@H]": 3689, "S": 3117, "4": 2716, "-": 1827, "Br": 1574}}, "0.00": {"activatedMoleculePct": 0.5728483199102409, "activatedTokens": {"C": 1015014, "c": 714620, "n": 144899, "O": 56828, "1": 54731, "2": 39667, "N": 33267, "Cl": 29401, "3": 29394, "=": 23313, "F": 19976, "others": 18773, "(": 15577, "[C@H]": 12863, "S": 9993, "/": 9453, "4": 9113, "[C@@H]": 7892, "-": 7720, "Br": 5230}}}