{"0.20": {"activatedMoleculePct": 0.29388919119429513, "activatedTokens": {"C": 440196, "O": 4460, "others": 1968}}, "0.00": {"activatedMoleculePct": 0.3699295388349337, "activatedTokens": {"C": 554343, "1": 19842, "[C@H]": 14598, "O": 13158, "2": 9803, "c": 7926, "n": 4934, "others": 4426, "[C@@H]": 2822}}}