{"0.20": {"activatedMoleculePct": 0.5748096025216909, "activatedTokens": {"c": 1184951, "C": 718666, "2": 134605, "1": 109306, "N": 108748, "n": 102599, "O": 67470, "3": 64496, "=": 54951, "F": 44263, "[C@H]": 33595, "[C@@H]": 28797, "o": 27873, "Cl": 26419, "others": 24841, "s": 24720, "[nH]": 17728, "S": 14871, "4": 14473, "-": 12898, "(": 7730, "[C@]": 6395, ")": 5723}}, "0.00": {"activatedMoleculePct": 0.8848072369717151, "activatedTokens": {"c": 3098784, "C": 2202074, "1": 418468, "2": 392610, "N": 325469, "O": 289485, "n": 271634, "=": 253878, "3": 170972, "F": 131919, "[C@H]": 104482, "[C@@H]": 97725, "others": 78715, "Cl": 62063, "(": 54056, "S": 51193, "o": 47671, "s": 44193, "[nH]": 39801, "-": 37478, "4": 36816, ")": 34031}}}