{"0.20": {"activatedMoleculePct": 0.25110203137026865, "activatedTokens": {"c": 238825, "C": 233107, "N": 130189, ")": 60148, "O": 36939, "[C@H]": 28766, "(": 24705, "n": 23272, "others": 7057, "2": 5186, "1": 4552, "=": 3466, "[C@@H]": 3034, "Cl": 2880}}, "0.00": {"activatedMoleculePct": 0.414836172847734, "activatedTokens": {"C": 508935, "c": 496638, "N": 286833, ")": 252642, "O": 108574, "(": 86586, "[C@H]": 60605, "n": 41505, "others": 16968, "1": 15541, "2": 15498, "=": 14498, "[C@@H]": 8773, "Cl": 5562, "[nH]": 4251}}}