{"0.20": {"activatedMoleculePct": 0.20817059496877546, "activatedTokens": {"O": 263939, "N": 49338, "C": 3103, "others": 2159, "Cl": 2025, "S": 1857, "F": 1294}}, "0.00": {"activatedMoleculePct": 0.25736524604283034, "activatedTokens": {"O": 282481, "N": 71262, "C": 41084, "Cl": 9931, "F": 9586, "Br": 5666, "others": 4045, "S": 3042, "[O-]": 2324}}}