{"0.20": {"activatedMoleculePct": 0.010791448573456186, "activatedTokens": {"C": 5208, "O": 1624, "2": 1486, "Cl": 1284, "N": 1200, "c": 1096, "S": 1059, "F": 946, "3": 826, "#": 703, ")": 693, "[C@H]": 308, "=": 273, "[S@@]": 271, "Br": 234, "(": 228, "/": 226, "[C@@H]": 200, "1": 181, "others": 177, "-": 154, "[S@]": 139, "[C@]": 99, ".": 91, "[O-]": 87, "4": 65, "o": 64}}, "0.00": {"activatedMoleculePct": 0.04986843001450822, "activatedTokens": {"C": 31658, "O": 9662, "2": 7993, "N": 7438, "F": 6522, "c": 6151, "S": 6040, ")": 4819, "Cl": 4448, "3": 3943, "#": 1732, "[C@H]": 1148, "=": 1136, "1": 1106, "(": 1101, "/": 1093, "-": 958, "[C@@H]": 949, "others": 807, "Br": 760, "[S@@]": 477, "[S@]": 350, "o": 311, "4": 304, "[O-]": 266, "[C@]": 261, "s": 247}}}