{"0.20": {"activatedMoleculePct": 0.19685110876915968, "activatedTokens": {"c": 695608, "C": 276166, "1": 203219, "2": 104489, "O": 89120, "N": 83643, "n": 76785, "F": 36612, "3": 29373, "=": 22672, "-": 16963, "others": 16704, "Cl": 16439, "Br": 12513, "S": 12401, "#": 8036, "[C@@H]": 6133, "4": 5955, "[N+]": 5703, "[C@H]": 5219, "[O-]": 4870, "s": 4726}}, "0.00": {"activatedMoleculePct": 0.5075825763695473, "activatedTokens": {"c": 1526438, "C": 837556, "1": 431636, "2": 293121, "N": 225140, "O": 198549, "n": 162546, "3": 96905, "F": 84069, "=": 68024, "[C@@H]": 37975, "Cl": 37513, "others": 34113, "-": 33794, "S": 28228, "[C@H]": 26554, "Br": 21797, "4": 19600, "#": 18419, "s": 13213, "o": 11741, "[nH]": 10454, "[N+]": 10287, "[O-]": 9911}}}