{"0.20": {"activatedMoleculePct": 0.16908336036993393, "activatedTokens": {"C": 360799, "c": 60734, "2": 51520, ")": 50275, "1": 39924, "[C@@H]": 35647, "3": 21868, "O": 16008, "=": 15288, "[C@H]": 14476, "N": 14150, "n": 10710, "others": 6205, "(": 4750, "[nH]": 4717, "4": 3493, "/": 3388, "S": 3044, "[C@]": 2217}}, "0.00": {"activatedMoleculePct": 0.33229825264220214, "activatedTokens": {"C": 819808, ")": 194104, "c": 186456, "1": 150007, "2": 129224, "[C@@H]": 80770, "3": 56237, "O": 53837, "=": 45632, "[C@H]": 41468, "n": 38977, "N": 31955, "(": 24845, "others": 14936, "[nH]": 13733, "4": 8599, "/": 8116, "[C@]": 7123, "S": 5210, "[C@@]": 4248}}}