{"0.20": {"activatedMoleculePct": 0.46554169995891415, "activatedTokens": {"C": 475947, "c": 254893, "2": 109225, "n": 106223, "1": 92102, "3": 38611, "O": 33193, "[C@H]": 31199, "[C@@H]": 29418, "o": 24244, "=": 22925, "s": 17703, "[nH]": 14239, "F": 13505, "N": 12122, "others": 11307, "Cl": 8136, "4": 4935, "(": 2418}}, "0.00": {"activatedMoleculePct": 0.6436859223411182, "activatedTokens": {"C": 751442, "c": 431738, "2": 278379, "1": 268976, "n": 174837, "3": 78910, "O": 59924, "[C@H]": 42854, "[C@@H]": 39651, "=": 38108, "o": 29571, "N": 29162, "F": 24931, "s": 21744, "others": 19177, "[nH]": 18804, "Cl": 14276, "(": 13853, "4": 9934, "S": 4682}}}