{"0.20": {"activatedMoleculePct": 0.21711720750853392, "activatedTokens": {"C": 220860, "c": 172302, "[C@H]": 53089, "[C@@H]": 39115, "N": 30451, "-": 20128, "1": 17771, "2": 11113, "n": 9343, "S": 8089, "O": 7930, "others": 5236, "=": 4604, "F": 2231}}, "0.00": {"activatedMoleculePct": 0.49479762097444546, "activatedTokens": {"C": 612808, "c": 496314, "[C@H]": 124573, "[C@@H]": 101473, "1": 86445, "N": 63126, "2": 46883, "-": 46430, "n": 33722, "O": 33201, "=": 24759, "S": 21571, "others": 12902, "(": 11680, "F": 6031, "3": 4850}}}