{"0.20": {"activatedMoleculePct": 0.010033447265446199, "activatedTokens": {"C": 9291, ")": 1637, "/": 1241, "[C@H]": 1061, "O": 821, "[C@@H]": 700, "2": 613, "c": 612, "(": 445, "n": 368, "[C@]": 344, "S": 317, "=": 228, ".": 216, "1": 187, "others": 177, "3": 163, "s": 152, "4": 47}}, "0.00": {"activatedMoleculePct": 0.031069997575860552, "activatedTokens": {"C": 33958, ")": 7687, "O": 5085, "c": 3859, "/": 2760, "[C@H]": 2500, "[C@@H]": 2443, "(": 2263, "2": 2097, "S": 1768, "n": 1751, "=": 1252, "[C@]": 710, "others": 676, "1": 569, ".": 554, "3": 525, "s": 435, "4": 184}}}