{"0.20": {"activatedMoleculePct": 0.5849616934701299, "activatedTokens": {"(": 2189418, "others": 282}}, "0.00": {"activatedMoleculePct": 0.826548794411736, "activatedTokens": {"(": 3769811, "others": 3436}}}