{"0.20": {"activatedMoleculePct": 0.749092778627732, "activatedTokens": {"C": 2199211, "c": 771014, "N": 640000, "1": 509260, "O": 336300, "2": 238392, "n": 207882, "=": 169993, "[C@@H]": 114855, "3": 107223, "[C@H]": 97633, "s": 90359, "-": 68427, "others": 45678, "o": 37615, "/": 34702, "F": 34230, "S": 24023, "Cl": 22251, "Br": 20840, "#": 19384, "[nH]": 18604, "4": 17013, "[C@@]": 16261}}, "0.00": {"activatedMoleculePct": 0.9384905740523336, "activatedTokens": {"C": 4764685, "c": 2501499, "1": 1264471, "N": 1145071, "O": 986116, "2": 654849, "=": 566089, "n": 490719, "3": 290351, "[C@@H]": 253277, "[C@H]": 201634, "others": 136279, "F": 124122, "s": 120743, "-": 113473, "o": 73960, "Cl": 59839, "S": 51593, "4": 49728, "/": 43083, "[nH]": 39737, "Br": 39324, "#": 38258}}}