{"0.20": {"activatedMoleculePct": 0.01836999691672898, "activatedTokens": {"c": 64075, "C": 38011, "1": 26641, ")": 23399, "(": 22336, "2": 20524, "[C@@H]": 11675, "O": 10266, "[C@H]": 9767, "3": 8699, "=": 8046, "F": 4917, "N": 3436, "others": 2298, "n": 2113, "Cl": 1683, "4": 1521, "o": 798}}, "0.00": {"activatedMoleculePct": 0.08206188073673333, "activatedTokens": {"c": 129974, "C": 102439, "1": 56996, "(": 54199, ")": 51582, "2": 40775, "O": 29835, "=": 23101, "[C@@H]": 19688, "3": 17664, "N": 16662, "[C@H]": 15625, "F": 8603, "n": 7736, "others": 5386, "4": 3512, "Cl": 3096, "S": 1932, "[nH]": 1854, "o": 1407, "-": 990, "s": 981}}}