{"0.20": {"activatedMoleculePct": 0.4716848062116559, "activatedTokens": {")": 1680859, "others": 1406}}, "0.00": {"activatedMoleculePct": 0.7219790352217941, "activatedTokens": {")": 3103416, "others": 9662}}}