{"0.20": {"activatedMoleculePct": 0.3940662046398469, "activatedTokens": {"C": 352431, "O": 246240, "c": 236948, "1": 205677, "2": 156110, "n": 108183, "3": 59508, "(": 28110, "o": 22551, "=": 17082, ")": 14664, "others": 14124, "s": 12979, "N": 11701, "F": 5741, "4": 5733}}, "0.00": {"activatedMoleculePct": 0.6042786427455613, "activatedTokens": {"C": 691656, "c": 601032, "O": 556865, "1": 386818, "2": 268891, "n": 179922, "(": 125748, "3": 104615, "=": 72746, ")": 47705, "o": 39880, "N": 25082, "others": 23750, "s": 22380, "F": 19501, "[C@@H]": 13248, "4": 11263}}}