{"0.20": {"activatedMoleculePct": 0.8143167771688541, "activatedTokens": {"(": 2706583, "others": 19}}, "0.00": {"activatedMoleculePct": 0.9503073384047405, "activatedTokens": {"(": 4604024, "others": 784}}}