{"0.20": {"activatedMoleculePct": 0.005815737571891114, "activatedTokens": {"[C@H]": 2479, "2": 1779, "O": 1356, "C": 1227, "3": 1070, "c": 629, "Cl": 547, "=": 533, ")": 333, "1": 301, "(": 276, "N": 159, "s": 156, "n": 126, "[C@@H]": 91, "others": 81, "4": 50}}, "0.00": {"activatedMoleculePct": 0.018566271651556686, "activatedTokens": {"[C@H]": 8026, "O": 6540, "C": 6434, "2": 4958, "=": 3009, "3": 2882, ")": 2085, "c": 1870, "(": 1503, "Cl": 1309, "1": 1158, "N": 901, "s": 451, "n": 380, "others": 337, "[C@@H]": 267, "\\": 164}}}