{"0.20": {"activatedMoleculePct": 0.15903013915732225, "activatedTokens": {"C": 259072, "O": 46732, "N": 5859, "S": 3989, "others": 2449}}, "0.00": {"activatedMoleculePct": 0.24519621248351256, "activatedTokens": {"C": 525678, "O": 55257, "N": 10503, "=": 6348, "S": 5805, "c": 5272, "others": 3505}}}