{"0.20": {"activatedMoleculePct": 0.0025164178689104483, "activatedTokens": {"O": 1548, "n": 577, "-": 410, "C": 361, ".": 234, "2": 233, "=": 155, "F": 92, "S": 78, "N": 62, "c": 47, ")": 37, "others": 29, "[C@H]": 26, "[nH]": 22, "3": 14, "4": 11, "(": 11, "Cl": 11}}, "0.00": {"activatedMoleculePct": 0.022391431875456357, "activatedTokens": {"O": 14843, "n": 6090, "C": 6010, "=": 3073, "-": 3009, "2": 1825, "N": 1676, ".": 978, "c": 947, ")": 921, "F": 731, "[C@H]": 402, "others": 359, "S": 317, "1": 311, "3": 297, "[nH]": 261, "(": 217}}}