{"0.20": {"activatedMoleculePct": 0.00928350200998511, "activatedTokens": {"C": 6695, "c": 3772, "O": 2301, "=": 2269, ")": 1211, "n": 1114, "1": 1029, "[nH]": 573, "S": 500, "2": 323, "[C@@H]": 269, "3": 217, "others": 198, "N": 144, "F": 117, "(": 80}}, "0.00": {"activatedMoleculePct": 0.026809810514320367, "activatedTokens": {"C": 22204, "c": 11476, "O": 8111, "=": 6528, "1": 5057, ")": 4866, "n": 2966, "2": 1679, "[C@@H]": 1364, "3": 1082, "[nH]": 890, "S": 840, "F": 640, "N": 610, "others": 521, "(": 509, "s": 243}}}