{"0.20": {"activatedMoleculePct": 0.4560428816353494, "activatedTokens": {"(": 1150321, "others": 430}}, "0.00": {"activatedMoleculePct": 0.7295158385654953, "activatedTokens": {"(": 2596946, "others": 4613}}}