{"0.20": {"activatedMoleculePct": 0.005436370733679353, "activatedTokens": {"O": 4099, "C": 3711, "=": 3295, "c": 2484, ")": 1705, "F": 747, "1": 603, "[nH]": 400, "2": 384, "N": 383, "n": 328, "s": 317, "(": 299, "others": 181, "3": 162, "[O-]": 118}}, "0.00": {"activatedMoleculePct": 0.01471108432270203, "activatedTokens": {"O": 11727, "C": 11600, "c": 9671, "=": 8346, ")": 5611, "1": 3112, "F": 2585, "s": 1609, "2": 1587, "N": 1474, "n": 1426, "(": 1096, "[nH]": 905, "3": 655, "others": 578, "Cl": 400, "[O-]": 392, "#": 237}}}