{"0.20": {"activatedMoleculePct": 0.19929136032306236, "activatedTokens": {"O": 261374, "C": 111808, "c": 81059, "1": 70891, ")": 47266, "2": 46651, "(": 33655, "=": 23885, "3": 14635, "N": 7146, "others": 6993, "S": 5469, "4": 4814, "[C@H]": 3889, "n": 3115}}, "0.00": {"activatedMoleculePct": 0.4039407279595557, "activatedTokens": {"O": 571569, "C": 334268, "c": 182064, "1": 179661, ")": 151015, "2": 113652, "(": 112927, "=": 82271, "3": 35639, "N": 14040, "others": 13894, "4": 10640, "[C@H]": 9214, "S": 7829, "n": 7691, "[C@@H]": 5372}}}