{"0.20": {"activatedMoleculePct": 0.08736349568232202, "activatedTokens": {"C": 354403, "c": 197817, "1": 84055, "O": 72398, "=": 47785, "N": 38098, "2": 26730, "n": 24953, "(": 21287, ")": 17790, "[C@@H]": 11956, "[C@H]": 11748, "F": 9859, "others": 8449, "S": 6701, "#": 5486, "Cl": 3952, "s": 3771, "3": 3491}}, "0.00": {"activatedMoleculePct": 0.29633969590598735, "activatedTokens": {"C": 834629, "c": 531429, "O": 212234, "1": 201218, "=": 131279, "N": 110744, "n": 92341, "2": 89238, "(": 69612, ")": 51034, "[C@@H]": 36785, "[C@H]": 29222, "F": 24252, "others": 22365, "3": 16717, "S": 14055, "#": 12026, "Cl": 9754, "o": 8364, "s": 8220}}}