{"0.20": {"activatedMoleculePct": 0.06334986777088293, "activatedTokens": {"c": 43001, "(": 27000, "O": 21233, ")": 20516, "=": 14162, "2": 14149, "C": 12963, "1": 9677, "S": 6334, "F": 4306, "3": 4060, "4": 3604, "N": 3582, "Cl": 2379, "#": 2270, "others": 1773, "n": 1612, "[O-]": 1343, "[nH]": 557, "o": 420}}, "0.00": {"activatedMoleculePct": 0.1819005399752313, "activatedTokens": {"c": 110946, "(": 87127, ")": 77587, "O": 75681, "=": 61686, "C": 46533, "2": 36445, "1": 30827, "S": 19527, "F": 14399, "3": 11344, "N": 11246, "4": 8677, "#": 6057, "Cl": 5943, "others": 5670, "n": 5492, "[O-]": 4669, "[nH]": 2461, "[C@@H]": 1705}}}