{"0.20": {"activatedMoleculePct": 0.779817830680817, "activatedTokens": {"C": 2857517, "c": 1340528, "1": 586395, "O": 538908, "N": 336629, "2": 311036, "n": 209079, "=": 160070, "[C@@H]": 151415, "[C@H]": 133085, "3": 104145, "others": 58142, "F": 49367, "S": 38039, "Br": 18218, "4": 16053, "o": 14841, "[O-]": 14022, "#": 12196}}, "0.00": {"activatedMoleculePct": 0.9473507671192948, "activatedTokens": {"C": 5618279, "c": 3412574, "1": 1354285, "O": 1241325, "N": 802522, "2": 754739, "=": 495781, "n": 479653, "[C@@H]": 303482, "3": 266604, "[C@H]": 260693, "F": 165292, "others": 150808, "S": 78831, "4": 43602, "o": 41923, "Br": 34624, "#": 29015, "[O-]": 25326}}}