{"0.20": {"activatedMoleculePct": 0.46216694630933924, "activatedTokens": {")": 1545951, "others": 5142}}, "0.00": {"activatedMoleculePct": 0.7267848367514188, "activatedTokens": {")": 3010714, "others": 26069}}}