{"0.20": {"activatedMoleculePct": 0.015041382477206863, "activatedTokens": {"C": 3739, "O": 3514, "[C@H]": 3433, ")": 2761, "c": 2480, "N": 1792, "2": 1571, "S": 1466, "n": 1438, "=": 871, "(": 677, "s": 610, "[C@@H]": 606, "/": 598, "1": 538, "F": 414, "Br": 366, "[C@]": 276, "others": 265, "[O-]": 217, "Cl": 210, ".": 137, "-": 127, "o": 102, "I": 92, "[nH]": 89, "P": 52, "3": 41}}, "0.00": {"activatedMoleculePct": 0.049445121071484285, "activatedTokens": {"C": 17623, "O": 12946, "N": 10047, "c": 9730, ")": 9724, "[C@H]": 7955, "2": 6847, "=": 5966, "n": 5873, "S": 4981, "(": 3024, "1": 2164, "F": 1912, "s": 1838, "/": 1464, "[C@@H]": 1126, "Br": 1046, "others": 897, "[O-]": 878, "Cl": 803, "[C@]": 568, "[nH]": 339, "-": 338, ".": 314, "o": 261, "3": 235}}}