{"0.20": {"activatedMoleculePct": 0.044064410337233684, "activatedTokens": {"c": 157170, "C": 89460, "(": 76655, ")": 64593, "1": 41676, "2": 32335, "O": 30356, "N": 27711, "=": 25508, "n": 20511, "3": 13158, "[C@H]": 6175, "s": 5573, "others": 5442, "-": 5055, "[C@@H]": 4072, "Cl": 2215, "4": 2040, "o": 1529}}, "0.00": {"activatedMoleculePct": 0.1515673050233882, "activatedTokens": {"c": 297555, "C": 237650, "(": 216267, ")": 184715, "1": 100112, "O": 86903, "=": 72193, "N": 71485, "2": 70312, "n": 50743, "3": 27839, "s": 18716, "[C@H]": 17367, "others": 12004, "[C@@H]": 9781, "-": 7316, "Cl": 4255, "4": 4124, "F": 3954, "S": 3000}}}