{"0.20": {"activatedMoleculePct": 0.3652204099358958, "activatedTokens": {"C": 975551, "1": 199950, "O": 134261, "2": 116921, "(": 84583, "c": 65667, "N": 62268, "=": 61069, "n": 52381, ")": 48544, "[C@@H]": 41404, "3": 22765, "[C@H]": 21143, "others": 14906}}, "0.00": {"activatedMoleculePct": 0.5585810508461418, "activatedTokens": {"C": 1703835, "1": 386837, "O": 376351, "(": 286436, "2": 228996, "=": 221876, ")": 205775, "c": 190287, "N": 142864, "n": 122378, "[C@@H]": 74200, "3": 50540, "[C@H]": 43442, "others": 38731}}}