{"0.20": {"activatedMoleculePct": 0.42366560644132667, "activatedTokens": {"C": 1255765, "c": 571096, "O": 69342, "n": 51544, "(": 30467, "1": 19263, "others": 16972, "[C@@H]": 14733, "2": 13505, "[C@H]": 11869, "=": 9835, "o": 9802, "s": 9282, "S": 7812, "[nH]": 5988, "N": 4758}}, "0.00": {"activatedMoleculePct": 0.6161591231499458, "activatedTokens": {"C": 2222799, "c": 1093646, "n": 136456, "O": 127896, "(": 104082, "1": 63327, "[C@@H]": 42961, "others": 39900, "2": 37362, "=": 32271, "[C@H]": 30024, "o": 18227, ")": 17789, "s": 16616, "[nH]": 15876, "N": 12533, "S": 11575}}}