{"0.20": {"activatedMoleculePct": 0.023590318968415146, "activatedTokens": {"1": 16339, "C": 14656, "(": 14462, "c": 13253, "=": 10746, ")": 9384, "O": 5206, "N": 4881, "[C@H]": 3339, "2": 2562, "F": 1780, "[C@]": 1439, "n": 1419, "-": 1287, "[C@@H]": 1137, "others": 1042, "#": 635, "S": 282, "Br": 256, "[C@@]": 215, "I": 197}}, "0.00": {"activatedMoleculePct": 0.0875429259436384, "activatedTokens": {"C": 68879, "c": 55777, "=": 48256, "1": 43749, "(": 42804, ")": 28344, "O": 26281, "N": 17712, "[C@H]": 12029, "2": 8681, "F": 7367, "n": 5124, "[C@@H]": 5111, "-": 4666, "[C@]": 3621, "others": 3528, "#": 1635, "Br": 1070, "S": 786, "[C@@]": 640, ".": 638, "I": 594}}}