{"0.20": {"activatedMoleculePct": 0.00617313335769679, "activatedTokens": {"C": 2498, "O": 2136, "n": 1442, "c": 1169, "[nH]": 726, ")": 557, "2": 555, "s": 473, "1": 452, "N": 438, "o": 431, "(": 275, "=": 166, "/": 104, "3": 102, "others": 95, "[C@@H]": 89, "[C@H]": 30, "S": 27}}, "0.00": {"activatedMoleculePct": 0.02689403288187703, "activatedTokens": {"C": 13579, "O": 9277, "n": 6727, "c": 5539, ")": 4404, "2": 3476, "1": 3142, "N": 2697, "[nH]": 2260, "o": 2108, "s": 1827, "(": 1329, "=": 980, "[C@@H]": 826, "others": 488, "/": 404, "3": 357, "S": 282, "[C@H]": 213}}}