{"0.20": {"activatedMoleculePct": 0.6151360044762357, "activatedTokens": {"=": 1122704, "O": 1077115, "C": 607568, "others": 4109}}, "0.00": {"activatedMoleculePct": 0.7522749193845468, "activatedTokens": {"O": 1534795, "=": 1521078, "C": 970234, "others": 22852}}}