{"0.20": {"activatedMoleculePct": 0.05411323733936414, "activatedTokens": {"C": 117487, "1": 69045, "N": 62463, "2": 40794, "[C@H]": 15484, "=": 10814, "[C@@H]": 10567, ")": 8229, "O": 6834, "(": 6351, "3": 5058, "others": 2885, "c": 1177, "S": 1061}}, "0.00": {"activatedMoleculePct": 0.20131928846014416, "activatedTokens": {"C": 328926, "1": 234427, "N": 166868, "2": 133066, "=": 65135, ")": 49274, "O": 42547, "(": 39206, "[C@H]": 31342, "c": 29950, "[C@@H]": 27468, "n": 17423, "3": 16706, "others": 8464, "S": 5307, "F": 4781, "4": 3669}}}