{"0.20": {"activatedMoleculePct": 0.1626077588574467, "activatedTokens": {"c": 497073, "C": 168243, "1": 101024, "n": 97887, "2": 66350, "N": 47508, "O": 43273, "3": 25083, "F": 19082, "=": 15438, "-": 13055, "[nH]": 12677, "Cl": 10943, "others": 10352, "[C@@H]": 9848, "[C@H]": 9401, "S": 8338, "(": 7480, "4": 5918, "o": 5870, "Br": 5726, "s": 5271}}, "0.00": {"activatedMoleculePct": 0.42544233221256555, "activatedTokens": {"c": 1102065, "C": 579196, "1": 238802, "N": 182678, "O": 178703, "n": 177133, "2": 153746, "=": 85146, "3": 60770, "F": 50895, "[C@@H]": 34380, "-": 29237, "[C@H]": 28110, "(": 27176, "others": 26584, "S": 26198, "Cl": 22123, ")": 21875, "[nH]": 20808, "4": 16291, "o": 14652, "Br": 11687}}}