{"0.20": {"activatedMoleculePct": 0.04756952556441803, "activatedTokens": {"C": 42224, "[C@H]": 33475, "[C@@H]": 24129, "1": 22820, "2": 14550, "O": 3645, "3": 3144, "N": 1943, "[C@]": 1378, "others": 1066, "[C@@]": 699, "4": 459}}, "0.00": {"activatedMoleculePct": 0.08288945704402925, "activatedTokens": {"C": 88709, "[C@H]": 43146, "[C@@H]": 36473, "1": 29532, "2": 21024, "O": 13530, "N": 8690, "n": 8483, "3": 5849, "c": 4123, "others": 2356, "(": 2210, "[C@]": 1740, "[C@@]": 1115, "[nH]": 1062, "4": 1061, "-": 556}}}