{"0.20": {"activatedMoleculePct": 0.02114347609879064, "activatedTokens": {"C": 10066, "O": 6340, "3": 3952, "n": 2689, "2": 2046, "[C@H]": 1792, "c": 1610, "-": 1383, "4": 1234, "F": 995, "=": 984, "[nH]": 623, "Cl": 405, "others": 303, "s": 239, "S": 202, "N": 144, "1": 142, "5": 130, "(": 69}}, "0.00": {"activatedMoleculePct": 0.06468424302034592, "activatedTokens": {"C": 41232, "O": 21240, "3": 10102, "n": 8981, "c": 7240, "2": 5464, "[C@H]": 5237, "=": 4735, "-": 3774, "4": 3276, "F": 2779, "[nH]": 1368, "Cl": 946, "others": 926, "s": 795, "1": 576, "S": 506, "N": 502, "5": 306, "(": 289}}}