{"0.20": {"activatedMoleculePct": 0.902345263370667, "activatedTokens": {"C": 2004919, "S": 140008, "c": 44155, "[N+]": 30338, "others": 17257}}, "0.00": {"activatedMoleculePct": 0.9111475993329589, "activatedTokens": {"C": 2088035, "S": 145709, "c": 73622, "[N+]": 30969, "others": 20589, "/": 16900, "2": 4364, "[S@]": 4342}}}