{"0.20": {"activatedMoleculePct": 0.046711189783753576, "activatedTokens": {"C": 142236, "c": 135349, ")": 97960, "(": 96570, "1": 52991, "n": 42429, "2": 35174, "O": 34190, "=": 30174, "N": 19872, "3": 14420, "others": 6589, "[C@H]": 5289, "F": 5093, "[C@@H]": 4826, "-": 4645, "Cl": 2189}}, "0.00": {"activatedMoleculePct": 0.1679020501189, "activatedTokens": {"C": 356336, "c": 256235, ")": 173763, "(": 172719, "1": 111206, "O": 92395, "n": 83435, "=": 78735, "2": 77455, "N": 58678, "3": 33794, "[C@@H]": 19297, "[C@H]": 17089, "F": 14949, "others": 13009, "-": 9433, "S": 4664, "4": 4656, "Cl": 4582}}}