{"0.20": {"activatedMoleculePct": 0.04023192642919865, "activatedTokens": {"C": 172592, "(": 70771, ")": 66936, "1": 44524, "2": 37513, "O": 30173, "c": 26016, "N": 24424, "=": 18733, "[C@H]": 14870, "[C@@H]": 14176, "3": 14065, "n": 10784, "others": 5296, "[C@]": 3169, "[C@@]": 2706, "4": 2279}}, "0.00": {"activatedMoleculePct": 0.20667729577357513, "activatedTokens": {"C": 409684, "(": 217453, ")": 179405, "c": 118028, "1": 111741, "O": 104269, "2": 89130, "N": 74744, "=": 63147, "n": 40323, "[C@H]": 29131, "3": 26631, "[C@@H]": 26595, "others": 12512, "S": 6804, "[C@]": 5051, "4": 4850, "[nH]": 3981, "#": 3819}}}