{"0.20": {"activatedMoleculePct": 0.03780778698039376, "activatedTokens": {"c": 165591, "C": 113483, "1": 42912, "n": 39082, "2": 30470, "O": 30090, ")": 25482, "(": 24723, "=": 21479, "N": 16710, "S": 10113, "3": 9225, "others": 5186, "-": 5042, "F": 5026, "[C@@H]": 4703, "[C@H]": 4618, "Cl": 3680, "s": 2898, "o": 1951, "[nH]": 1751, "#": 1696}}, "0.00": {"activatedMoleculePct": 0.13258504811294292, "activatedTokens": {"c": 324201, "C": 282878, "1": 94085, "O": 75199, "(": 71932, ")": 70503, "2": 65378, "n": 64156, "=": 53345, "N": 46339, "3": 21970, "S": 21141, "F": 15536, "[C@H]": 14240, "[C@@H]": 13003, "others": 11402, "-": 9595, "Cl": 7841, "#": 4279, "s": 4049, "4": 3345, "o": 3318}}}