{"0.20": {"activatedMoleculePct": 0.009479776744812818, "activatedTokens": {"C": 3858, "O": 2896, "N": 1653, "[C@H]": 1442, "=": 1378, "c": 926, "1": 862, "Cl": 804, ")": 786, "S": 633, "2": 590, ".": 552, "[O-]": 233, "(": 207, "/": 167, "others": 166, "n": 158, "-": 141, "3": 73, "[Na+]": 70, "Br": 69, "[Cl-]": 58, "[Br-]": 47, "#": 46, "I": 40, "s": 38, "[NH+]": 31, "F": 23, "o": 23, "5": 18}}, "0.00": {"activatedMoleculePct": 0.037135472776767514, "activatedTokens": {"C": 21054, "O": 14597, "=": 8470, "N": 7161, "c": 4835, "1": 3846, "[C@H]": 3595, ")": 3379, "2": 2916, "Cl": 2004, "S": 1718, ".": 1656, "[O-]": 1522, "(": 1377, "n": 961, "/": 861, "others": 825, "-": 757, "3": 376, "Br": 328, "s": 260, "F": 205, "[Na+]": 166, "[Cl-]": 123, "I": 106, "#": 97, "4": 87}}}