{"0.20": {"activatedMoleculePct": 0.23439158127861273, "activatedTokens": {"C": 321696, "N": 43300, "O": 26885, "=": 13640, "1": 9216, "others": 4270, "2": 3758, "/": 3719, "S": 3078, "n": 1485, "c": 1323}}, "0.00": {"activatedMoleculePct": 0.4505720895862338, "activatedTokens": {"C": 734135, "N": 120446, "O": 66870, "1": 41058, "=": 38179, "2": 27898, "c": 26293, "n": 19095, "3": 10876, "others": 10421, "/": 8333, "(": 6776, "S": 6084, ")": 6065, "[C@@]": 5175, "[C@]": 4528, "[C@@H]": 3189}}}