{"0.20": {"activatedMoleculePct": 0.016470233252016027, "activatedTokens": {"C": 13266, "c": 5848, "(": 3821, "3": 2642, "[C@@H]": 2579, "1": 2225, "2": 1473, "=": 1039, "N": 852, "O": 587, "-": 423, ")": 370, "5": 360, "4": 317, "others": 312, "#": 190, "o": 184, "n": 173, "I": 153}}, "0.00": {"activatedMoleculePct": 0.057113018361208495, "activatedTokens": {"C": 52508, "c": 27442, "(": 15007, "1": 10871, "3": 9310, "[C@@H]": 9206, "2": 6504, "=": 5038, "O": 3243, "N": 3217, ")": 1652, "others": 1333, "4": 1229, "5": 1208, "-": 955, "o": 805, "n": 793, "#": 707, "F": 442}}}