{"0.20": {"activatedMoleculePct": 0.173452670325091, "activatedTokens": {"F": 319262, "others": 566}}, "0.00": {"activatedMoleculePct": 0.21119527651668005, "activatedTokens": {"F": 409336, "#": 5229, "O": 3475, "others": 3032, "n": 1698, "Br": 1421, "S": 1269}}}