{"0.20": {"activatedMoleculePct": 0.37638756350549607, "activatedTokens": {"N": 523933, "C": 14885, "O": 14823, "others": 2549}}, "0.00": {"activatedMoleculePct": 0.48083501717037747, "activatedTokens": {"N": 634726, "C": 61687, "O": 50678, "others": 7198, "S": 6704, "n": 4194, "-": 3211}}}