{"0.20": {"activatedMoleculePct": 0.003549789700410053, "activatedTokens": {"O": 3426, "(": 2799, ")": 2715, "C": 2370, "F": 1774, "=": 1301, "1": 617, "c": 400, "Cl": 307, "2": 176, "[C@]": 137, "3": 135, "others": 135, "[C@@H]": 59}}, "0.00": {"activatedMoleculePct": 0.008780364909885728, "activatedTokens": {"(": 9442, "O": 8718, ")": 8601, "C": 8585, "=": 4306, "F": 4025, "1": 2379, "c": 1840, "2": 889, "3": 741, "Cl": 339, "others": 325, "[C@]": 250, "N": 247, "[N+]": 216, "[C@@H]": 207}}}