{"0.20": {"activatedMoleculePct": 0.06392990355440362, "activatedTokens": {"N": 169511, "C": 3045, "others": 1570, "[C@H]": 1117}}, "0.00": {"activatedMoleculePct": 0.10701294021749877, "activatedTokens": {"N": 228266, "C": 34085, "[C@H]": 5736, "2": 5624, "[nH]": 5163, "(": 3389, "O": 2884, "[C@@H]": 2621, "n": 2386, "c": 1685, "others": 1676, "3": 1403}}}