{"0.20": {"activatedMoleculePct": 0.030416724950986244, "activatedTokens": {"=": 13773, "C": 11088, "O": 10080, "c": 9529, "[C@H]": 5518, ")": 4220, "1": 3438, "n": 3046, "s": 2977, "-": 2491, "N": 2462, "[nH]": 1460, "o": 1023, "others": 643, "2": 570, "S": 518, "F": 488, "(": 475, "3": 443}}, "0.00": {"activatedMoleculePct": 0.07792473156866724, "activatedTokens": {"=": 36458, "C": 35022, "c": 33235, "O": 29424, ")": 18251, "[C@H]": 14817, "1": 11941, "N": 9176, "n": 7461, "s": 6617, "-": 5616, "[nH]": 4403, "(": 2648, "o": 2616, "2": 2012, "F": 1921, "[C@@H]": 1916, "3": 1573, "S": 1366, "others": 969}}}