{"0.20": {"activatedMoleculePct": 0.0530447118240148, "activatedTokens": {"c": 214837, "n": 62033, "C": 57222, "(": 55372, "2": 44466, "1": 43200, ")": 40550, "3": 21951, "=": 16061, "O": 13456, "N": 11068, "4": 7325, "-": 5971, "others": 5325, "S": 4349, "F": 3987, "s": 2865, "[C@H]": 2601, "[C@@H]": 2498, "Cl": 2234}}, "0.00": {"activatedMoleculePct": 0.18523940757254292, "activatedTokens": {"c": 444177, "C": 225272, "(": 154737, "n": 114730, ")": 111431, "1": 110796, "2": 92419, "O": 63801, "=": 59735, "N": 48985, "3": 44534, "others": 15433, "4": 14839, "[C@H]": 13585, "F": 13032, "-": 12817, "[C@@H]": 10573, "S": 7954, "s": 7788, "Cl": 4020}}}