{"0.20": {"activatedMoleculePct": 0.3481935766895922, "activatedTokens": {"=": 334713, "c": 258409, "C": 215824, "O": 182515, "n": 134741, "1": 64987, "F": 45588, "2": 44725, "N": 38412, "3": 27398, "(": 15764, ")": 14214, "others": 12974, "s": 10153, "[nH]": 7822, "o": 6361, "4": 6332}}, "0.00": {"activatedMoleculePct": 0.5902933355206736, "activatedTokens": {"=": 757579, "C": 573310, "c": 572894, "O": 511086, "n": 209282, "1": 165751, "F": 114383, "N": 110953, "2": 105087, ")": 72676, "3": 64360, "(": 58625, "others": 31395, "s": 19670, "4": 14103, "o": 13487, "[nH]": 12230}}}