{"0.20": {"activatedMoleculePct": 0.6344778542777273, "activatedTokens": {"=": 1197846, "others": 4066}}, "0.00": {"activatedMoleculePct": 0.7584187580057022, "activatedTokens": {"=": 1550169, "C": 22418, "others": 14655, "O": 8246, "F": 5451, "N": 3341, "[O-]": 3122}}}