{"0.20": {"activatedMoleculePct": 0.015704908259870677, "activatedTokens": {"O": 9651, "=": 4890, "[C@H]": 2483, "C": 2424, "2": 2063, "N": 2037, "n": 1445, "c": 1190, "(": 900, "1": 807, "/": 630, "3": 574, "o": 549, "others": 267, "Cl": 239, "[nH]": 161, "4": 97, "S": 66}}, "0.00": {"activatedMoleculePct": 0.04870762607905331, "activatedTokens": {"O": 32248, "=": 18164, "C": 10372, "[C@H]": 8370, "n": 7000, "N": 6144, "c": 5401, "2": 5235, "(": 2816, "1": 2752, "o": 1861, "3": 1678, "/": 1546, "others": 976, "Cl": 906, "S": 483, "F": 339, "\\": 283, "4": 281, "-": 271}}}