{"0.20": {"activatedMoleculePct": 0.029796408904721065, "activatedTokens": {"C": 15132, "O": 11159, "n": 5155, "1": 3621, "[C@@H]": 2688, "c": 2577, "s": 2211, "o": 1611, "N": 1378, "3": 1253, "2": 1157, "(": 1072, ")": 835, "Cl": 743, "S": 668, "others": 526, "-": 479, "[nH]": 412, "5": 321, "[C@]": 301, "7": 218, "I": 171, "4": 164}}, "0.00": {"activatedMoleculePct": 0.09370873561719982, "activatedTokens": {"C": 55643, "O": 47133, "n": 16977, "c": 14254, "1": 12683, "[C@@H]": 6919, ")": 6477, "s": 4927, "N": 4866, "o": 4446, "3": 3557, "(": 3213, "2": 3209, "Cl": 2189, "S": 2096, "-": 1903, "others": 1622, "[nH]": 891, "5": 867, "[C@]": 673, "=": 519, "7": 460, "I": 390}}}