{"0.20": {"activatedMoleculePct": 0.17452485768250803, "activatedTokens": {"C": 159413, "O": 85405, "N": 8486, "2": 3236, "F": 2529, "others": 2447, "1": 2129}}, "0.00": {"activatedMoleculePct": 0.34106177307857655, "activatedTokens": {"C": 346890, "O": 145277, "N": 33050, "F": 12310, "1": 11915, "2": 10570, "3": 6461, "Cl": 6137, "others": 5554, "-": 3460, "[nH]": 3391}}}