{"0.20": {"activatedMoleculePct": 0.03663087093984106, "activatedTokens": {"C": 37554, "n": 6777, "3": 3529, "c": 3335, "[C@H]": 2697, "2": 2635, "/": 806, "S": 624, "[O-]": 618, "4": 566, "others": 548, "(": 534, "[nH]": 471, "O": 237, "[n+]": 213, "[C@]": 182, "F": 171, "I": 142}}, "0.00": {"activatedMoleculePct": 0.11688233695831286, "activatedTokens": {"C": 145628, "n": 18602, "c": 14055, "3": 11291, "2": 8598, "[C@H]": 8149, "[O-]": 2721, "S": 2556, "/": 2426, "others": 1944, "4": 1819, "O": 1720, "(": 1651, "[nH]": 1351, "F": 698, "[C@]": 651, "=": 458}}}