{"0.20": {"activatedMoleculePct": 0.536280432653964, "activatedTokens": {"(": 1726233, "others": 1969}}, "0.00": {"activatedMoleculePct": 0.7824843840745024, "activatedTokens": {"(": 3190756, "others": 11520}}}