{"0.20": {"activatedMoleculePct": 0.6024191593435928, "activatedTokens": {"(": 2101033, "others": 2638}}, "0.00": {"activatedMoleculePct": 0.8249295278494074, "activatedTokens": {"(": 3577915, "others": 15669}}}