{"0.20": {"activatedMoleculePct": 0.26023393311865173, "activatedTokens": {"C": 268068, "c": 247180, "(": 64922, "O": 34367, "1": 33800, "2": 29048, "N": 23862, "o": 14388, "3": 12144, "s": 11191, "n": 10411, "Cl": 10092, "[nH]": 8636, "[C@H]": 8023, ")": 7505, "others": 7206, "[C@@H]": 4407, "4": 3189, "F": 3080, "[N-]": 1489}}, "0.00": {"activatedMoleculePct": 0.479168146661169, "activatedTokens": {"C": 689526, "c": 538867, "(": 230342, "1": 98809, "O": 88947, "2": 80180, "N": 48624, ")": 39781, "3": 33542, "n": 27175, "o": 26527, "[C@H]": 24341, "Cl": 23499, "s": 19361, "others": 17432, "[nH]": 15217, "[C@@H]": 12342, "4": 8400, "F": 8042, "[O-]": 5091, "Br": 3154}}}