{"0.20": {"activatedMoleculePct": 0.5812097700875839, "activatedTokens": {")": 2419344, "others": 690}}, "0.00": {"activatedMoleculePct": 0.8118530898257182, "activatedTokens": {")": 4007389, "others": 5827}}}