{"0.20": {"activatedMoleculePct": 0.008652932805930427, "activatedTokens": {"[C@H]": 4503, "C": 3636, "O": 2047, "(": 1436, "=": 1339, "n": 1338, "s": 830, "c": 271, "3": 227, "others": 139, "Cl": 129, ")": 124, "1": 102, "2": 95, "N": 92}}, "0.00": {"activatedMoleculePct": 0.02523228895156335, "activatedTokens": {"C": 13009, "[C@H]": 12093, "O": 7944, "n": 5533, "(": 5271, "=": 4799, "s": 2140, "c": 1574, ")": 668, "N": 576, "3": 521, "others": 509, "1": 434, "2": 375, "Cl": 316}}}