{"0.20": {"activatedMoleculePct": 0.28569179154158425, "activatedTokens": {"1": 338774, "2": 156929, "3": 80417, "4": 21629, "c": 9162, "5": 6121, "others": 4970, "=": 3314, "C": 2795, "6": 1723}}, "0.00": {"activatedMoleculePct": 0.5145744976135775, "activatedTokens": {"1": 638501, "2": 311299, "c": 148003, "3": 147420, "C": 55350, "4": 35636, "[C@@H]": 12513, "n": 11128, "others": 10510, "=": 8914, "5": 8500, "[C@H]": 7577, "s": 4438, "N": 3646}}}