{"0.20": {"activatedMoleculePct": 0.11332668831059452, "activatedTokens": {"c": 234431, "n": 88669, "C": 85341, "1": 76231, "N": 25782, "O": 23936, "2": 21116, "(": 17382, "=": 11135, "-": 9805, "F": 9484, "s": 7600, "Cl": 7192, "[nH]": 6392, "others": 6108, "#": 4801, ")": 4265, "Br": 4078, "[C@H]": 3026, "[O-]": 2647, "[N+]": 2602, "[C@@H]": 2424}}, "0.00": {"activatedMoleculePct": 0.41165183498567853, "activatedTokens": {"c": 846302, "C": 494615, "1": 269863, "n": 198602, "N": 104840, "(": 99406, "O": 94751, "=": 87796, "2": 85008, ")": 33476, "F": 33429, "-": 29187, "Cl": 25840, "[C@H]": 21314, "others": 20364, "[C@@H]": 16955, "s": 16379, "[nH]": 11904, "Br": 11565, "#": 10711, "[O-]": 7803, "3": 7196, "[N+]": 6314}}}