{"0.20": {"activatedMoleculePct": 0.29531804196910433, "activatedTokens": {"(": 680965, "others": 372}}, "0.00": {"activatedMoleculePct": 0.48326501556649065, "activatedTokens": {"(": 1266352, "others": 2572}}}