{"0.20": {"activatedMoleculePct": 0.15713330496626346, "activatedTokens": {"C": 342540, "[C@H]": 15467, "O": 13921, "[C@@H]": 11384, "N": 4962, "others": 2452, "c": 2200, "=": 1819, "S": 1518}}, "0.00": {"activatedMoleculePct": 0.33753908100946733, "activatedTokens": {"C": 780489, "[C@H]": 39598, "O": 35785, "c": 27370, "[C@@H]": 23829, "N": 13521, "n": 10665, "others": 8074, "=": 6686, "S": 4466, "(": 3797, "[C@]": 3463, "[C@@]": 3051}}}