{"0.20": {"activatedMoleculePct": 0.3777775987543878, "activatedTokens": {"C": 825735, "=": 199832, "O": 190350, "c": 113308, "(": 110112, "1": 103769, "2": 82782, "N": 73064, "[C@H]": 66416, "[C@@H]": 57654, "F": 37281, ")": 31659, "n": 21126, "others": 19601, "3": 17678, "o": 15410, "Cl": 9784, "s": 8253, "[C@@]": 5467}}, "0.00": {"activatedMoleculePct": 0.6126027421338139, "activatedTokens": {"C": 1848772, "=": 527673, "O": 521841, "(": 343755, "c": 311695, "1": 240351, "2": 173823, "N": 167744, ")": 146341, "[C@H]": 121658, "[C@@H]": 101612, "F": 88059, "n": 58835, "3": 42021, "others": 36185, "o": 27858, "Cl": 22482, "s": 17796, "-": 12755, "4": 12280}}}