{"0.20": {"activatedMoleculePct": 0.3614362623431541, "activatedTokens": {"(": 950946, "others": 867}}, "0.00": {"activatedMoleculePct": 0.6364171658367712, "activatedTokens": {"(": 2209081, "others": 7629}}}