{"0.20": {"activatedMoleculePct": 0.9986341329087549, "activatedTokens": {"C": 10383981, "c": 5764815, "O": 2088504, "1": 1301240, "2": 1107249, "=": 1102359, "N": 1068318, "[C@H]": 685724, "[C@@H]": 500420, "n": 414678, "F": 380749, "3": 290538, "others": 227057, "4": 67652, "-": 63790, "S": 55161}}, "0.00": {"activatedMoleculePct": 0.999928960263887, "activatedTokens": {"C": 12242508, "c": 8582743, "O": 3009764, "1": 2715914, "N": 2018794, "2": 1962920, "=": 1902885, "n": 976878, "[C@H]": 764841, "[C@@H]": 670024, "3": 619859, "F": 508096, "others": 324455, "S": 140393, "4": 135964, "-": 126850, "Cl": 105172, "o": 74153, "[nH]": 59908}}}