{"0.20": {"activatedMoleculePct": 0.05718771993938919, "activatedTokens": {"C": 34211, "c": 22940, ")": 20947, "-": 10633, "2": 7555, "=": 6706, "3": 6176, "S": 5950, "1": 5124, "N": 5021, "n": 4761, "(": 4260, "F": 2276, "[C@@H]": 1531, "[C@H]": 1413, "[nH]": 1392, "others": 1257, "4": 985, "#": 840, "O": 583, ".": 481, "5": 478, "s": 285, "P": 209}}, "0.00": {"activatedMoleculePct": 0.1786993576396645, "activatedTokens": {"C": 136663, ")": 77546, "c": 68555, "N": 24833, "n": 24300, "2": 23702, "-": 22202, "3": 21868, "=": 21823, "1": 21291, "S": 17308, "(": 15218, "F": 10386, "[C@@H]": 8147, "[nH]": 5857, "others": 4833, "O": 3647, "4": 3495, "[C@H]": 3304, "#": 3182, "5": 1452, "s": 1215, ".": 1079}}}