{"0.20": {"activatedMoleculePct": 0.7373089708539342, "activatedTokens": {"c": 1522961, "C": 1489834, "1": 436592, "2": 352347, "N": 316419, "n": 282273, "O": 248833, "=": 210956, "3": 164619, "F": 120326, "[C@H]": 101504, "[C@@H]": 82638, "-": 42631, "4": 39225, "o": 33977, "others": 32595, "[nH]": 30011, "S": 26485, "#": 26376, "s": 26254, "Cl": 25525}}, "0.00": {"activatedMoleculePct": 0.9328366898998339, "activatedTokens": {"C": 3487808, "c": 3355089, "1": 1084613, "2": 788683, "N": 737079, "O": 689941, "=": 601520, "n": 568663, "3": 341058, "F": 240528, "[C@H]": 220219, "[C@@H]": 199120, "others": 97468, "-": 84882, "4": 73696, "o": 68191, "[nH]": 55191, "S": 52997, "Cl": 51810, "#": 46267, "s": 44014}}}