{"0.20": {"activatedMoleculePct": 0.3446071685685054, "activatedTokens": {"C": 680465, "[C@@H]": 9358, "others": 7011, "[C@H]": 6268, "c": 5895, "N": 4367, "O": 3638}}, "0.00": {"activatedMoleculePct": 0.519972785189753, "activatedTokens": {"C": 1153163, "c": 46238, "n": 25275, "[C@@H]": 19396, "N": 14345, "[C@H]": 14329, "others": 9435, "O": 6550, "1": 5573, "S": 4418, "=": 4362, "2": 4024}}}