{"0.20": {"activatedMoleculePct": 0.04523473506206456, "activatedTokens": {"c": 183511, "(": 70398, "C": 65215, ")": 56369, "1": 38652, "O": 33601, "2": 28718, "F": 27129, "=": 22622, "N": 16914, "3": 12867, "Cl": 10970, "n": 8903, "others": 5283, "[C@@H]": 4334, "[C@H]": 3403, "S": 2895, "Br": 2658, "4": 2652, "-": 2036, "[nH]": 1504, "o": 1217}}, "0.00": {"activatedMoleculePct": 0.21328838544256656, "activatedTokens": {"c": 381149, "C": 265263, "(": 174618, "O": 119475, ")": 117771, "1": 92516, "=": 89046, "2": 64336, "N": 59505, "F": 45812, "n": 40534, "3": 27733, "[C@@H]": 19115, "others": 15216, "Cl": 14803, "S": 12547, "[C@H]": 10896, "-": 6043, "4": 5645, "Br": 4692, "[O-]": 3716, "[nH]": 3266}}}