{"0.20": {"activatedMoleculePct": 0.05008814053856908, "activatedTokens": {"C": 69707, "c": 24898, "(": 17252, "O": 14240, "[C@@H]": 12092, "2": 11857, "1": 10496, ")": 8713, "n": 4194, "=": 4060, "3": 3762, "F": 2898, "N": 2687, "[C@H]": 1745, "others": 1745, "S": 682, "[n+]": 496}}, "0.00": {"activatedMoleculePct": 0.152352403962699, "activatedTokens": {"C": 186224, "c": 70578, "(": 63302, "O": 52634, "1": 39767, ")": 38156, "2": 34546, "[C@@H]": 32940, "=": 24393, "n": 13997, "N": 9977, "F": 9974, "3": 8904, "others": 5553, "[C@H]": 4803, "S": 2146, "[O-]": 1078}}}