{"0.20": {"activatedMoleculePct": 0.01913092769839311, "activatedTokens": {"C": 10147, "c": 5786, "(": 2721, ")": 2407, "N": 2359, "O": 2211, "n": 1798, "S": 1364, "2": 1149, "1": 1086, "s": 813, "Br": 740, "[C@@H]": 725, "3": 573, "[C@H]": 543, "#": 508, "[C@]": 473, "F": 395, "-": 383, "=": 359, "o": 358, "others": 310, "[C@@]": 88}}, "0.00": {"activatedMoleculePct": 0.05130387210503921, "activatedTokens": {"C": 29905, "c": 20612, ")": 9904, "(": 8740, "N": 8140, "O": 7397, "1": 4443, "n": 4364, "2": 4307, "S": 2915, "s": 2380, "[C@@H]": 2273, "3": 1828, "Br": 1608, "[C@H]": 1408, "[C@]": 1274, "=": 1271, "#": 1190, "F": 1174, "o": 1166, "others": 1034, "-": 881}}}