{"0.20": {"activatedMoleculePct": 0.12374316425632016, "activatedTokens": {"c": 365163, "C": 111253, "1": 73883, "O": 62008, "2": 51808, "(": 47011, "=": 43499, "n": 36830, "F": 34221, "N": 26716, "Cl": 19823, "3": 19644, ")": 15468, "S": 8882, "others": 8635, "s": 7354, "Br": 6981, "[C@H]": 5745, "4": 4335, "[C@@H]": 3865, "[nH]": 3226, "#": 2792, "[N+]": 2155}}, "0.00": {"activatedMoleculePct": 0.40073734851874826, "activatedTokens": {"c": 864622, "C": 517158, "1": 247593, "O": 235489, "(": 166049, "=": 163680, "2": 160518, "N": 125154, "n": 103516, "F": 81715, "3": 60815, ")": 60677, "Cl": 39547, "[C@H]": 31058, "[C@@H]": 27785, "others": 27175, "S": 18043, "s": 16100, "Br": 14200, "4": 13526, "[nH]": 10064, "#": 6756, "o": 5532}}}