{"0.20": {"activatedMoleculePct": 0.040787061686659104, "activatedTokens": {"C": 28701, "=": 8851, "c": 7855, "3": 6036, "n": 5519, "1": 4951, "s": 3376, "2": 2960, "4": 2595, ")": 1897, "S": 1500, "o": 1368, "[nH]": 1143, "others": 647, "5": 586, "N": 322, "[O-]": 255, "O": 230}}, "0.00": {"activatedMoleculePct": 0.11407736593446914, "activatedTokens": {"C": 106405, "=": 34428, "c": 23078, "3": 17281, "1": 17244, "n": 17214, "2": 9515, "4": 6642, ")": 6498, "s": 5967, "o": 3409, "S": 2955, "[nH]": 2531, "others": 1809, "5": 1558, "N": 1523, "[O-]": 1371, "O": 934}}}