{"0.20": {"activatedMoleculePct": 0.06760932246400958, "activatedTokens": {"c": 361312, "C": 260919, ")": 181752, "(": 179849, "N": 120836, "1": 103089, "2": 65227, "n": 57593, "O": 51644, "=": 34985, "3": 25447, "#": 23850, "-": 17892, "others": 14318, "[C@H]": 10364, "[C@@H]": 9389, "F": 9125, "S": 4777, "[nH]": 4743, "4": 4525}}, "0.00": {"activatedMoleculePct": 0.1253638955554758, "activatedTokens": {"c": 482153, "C": 447358, ")": 311305, "(": 309875, "1": 170129, "N": 159764, "2": 106770, "O": 94934, "n": 92395, "=": 64918, "#": 42385, "3": 40210, "others": 21257, "-": 20201, "[C@H]": 19889, "[C@@H]": 18513, "F": 14649, "4": 8216, "[nH]": 7299, "S": 6401}}}