{"0.20": {"activatedMoleculePct": 0.35290343795704365, "activatedTokens": {"C": 754785, "1": 207461, "N": 199570, "c": 182019, "2": 180247, "[C@@H]": 115633, "O": 113696, "[C@H]": 87612, "3": 63483, "=": 58082, "n": 27275, "others": 17433, "F": 16463, "4": 12658, "/": 5998, "S": 5634, "[C@]": 5404, "Cl": 4623, "o": 4446, "[C@@]": 3410, "Br": 3291}}, "0.00": {"activatedMoleculePct": 0.7939635265882691, "activatedTokens": {"C": 2495785, "c": 1455431, "1": 693868, "N": 613258, "2": 554389, "O": 481195, "=": 361554, "[C@@H]": 229755, "[C@H]": 197367, "n": 194891, "3": 192615, "others": 73224, "F": 72395, "4": 38870, "Cl": 26724, "S": 23540, "o": 23194, "/": 18207, "Br": 14637, "[N+]": 12410, "s": 10783}}}