{"0.20": {"activatedMoleculePct": 0.05680029704862853, "activatedTokens": {"C": 51960, "N": 32262, "[C@H]": 1911, "[C@@H]": 1812, "[nH]": 1214, "c": 957, "O": 599, "n": 567, "S": 498, "others": 459}}, "0.00": {"activatedMoleculePct": 0.2163423617270126, "activatedTokens": {"C": 226494, "N": 88313, "O": 16885, "[C@@H]": 13042, "[C@H]": 12182, "S": 6115, "c": 5320, "others": 3601, "n": 3377, "=": 3245, "[nH]": 2867, "1": 1543}}}