{"0.20": {"activatedMoleculePct": 0.1804607036742191, "activatedTokens": {"C": 162762, "N": 49996, "c": 37129, "O": 21001, "2": 17006, "1": 13231, "[C@@H]": 9653, "[C@H]": 9367, "3": 6208, "others": 3397, "F": 2859, "S": 2579, "n": 2157, "(": 1341, "=": 1331}}, "0.00": {"activatedMoleculePct": 0.31204680127109863, "activatedTokens": {"C": 315868, "N": 94555, "c": 92460, "2": 43964, "1": 41910, "O": 34319, "[C@H]": 16203, "3": 15938, "[C@@H]": 15689, "(": 15387, "=": 14237, "F": 10358, "S": 7879, "n": 7870, "others": 7105, "4": 3045, "#": 2116}}}