{"0.20": {"activatedMoleculePct": 0.06171668620869717, "activatedTokens": {"c": 167099, "(": 99250, "C": 94643, "1": 56946, ")": 54932, "O": 34503, "N": 32043, "2": 28600, "=": 20625, "F": 16273, "[C@@H]": 13265, "[C@H]": 12840, "3": 7759, "n": 7645, "others": 6269, "Cl": 3355, "[nH]": 2655}}, "0.00": {"activatedMoleculePct": 0.26259582125230607, "activatedTokens": {"c": 388740, "C": 353770, "(": 288811, "1": 148212, ")": 124552, "O": 109875, "N": 99183, "2": 88959, "=": 76962, "F": 42114, "n": 35120, "[C@@H]": 34657, "[C@H]": 31808, "3": 27888, "others": 16035, "Cl": 9597, "[nH]": 7810, "#": 4316, "-": 3526}}}