{"0.20": {"activatedMoleculePct": 0.27795358688416055, "activatedTokens": {"c": 418777, "C": 242949, "N": 67799, "n": 40493, "(": 40242, ")": 39796, "O": 25218, "[C@@H]": 22879, "[C@H]": 18588, "S": 15497, "[nH]": 15318, "1": 9372, "others": 7838, "s": 7101, "=": 6045, "o": 5854, "2": 5588, "[N+]": 5487, "/": 3660, "F": 3345, "-": 2779, "[C@@]": 2756}}, "0.00": {"activatedMoleculePct": 0.5047307337672372, "activatedTokens": {"c": 952393, "C": 685350, "N": 173695, ")": 149990, "(": 136355, "n": 121428, "[C@@H]": 65104, "O": 63349, "[C@H]": 44874, "S": 35020, "1": 30704, "[nH]": 26010, "others": 23380, "2": 20417, "=": 17733, "s": 13048, "o": 12559, "[N+]": 11690, "3": 9782, "F": 9109, "-": 8510, "/": 8166}}}