{"0.20": {"activatedMoleculePct": 0.17577867240648204, "activatedTokens": {"C": 279154, "c": 138102, "O": 88356, "1": 77380, "N": 67082, "=": 65271, "F": 53092, "2": 37425, "n": 27930, "(": 15050, "3": 13117, "[C@H]": 10223, "[C@@H]": 9086, "others": 8777, "S": 8194, "#": 7588, ")": 6552, "-": 5885, "[O-]": 5732, "Cl": 3174, "[nH]": 2191, "4": 1926}}, "0.00": {"activatedMoleculePct": 0.43634949499536047, "activatedTokens": {"C": 827347, "c": 444135, "O": 247301, "1": 232398, "=": 190329, "N": 173895, "F": 110964, "2": 107765, "n": 75939, "(": 44501, "3": 44049, "[C@@H]": 31789, "[C@H]": 30703, ")": 27404, "others": 23934, "S": 23840, "Cl": 12809, "-": 12593, "#": 12044, "[O-]": 10248, "4": 6641, "s": 4719}}}