{"0.20": {"activatedMoleculePct": 0.08471525149897505, "activatedTokens": {"S": 114670, "[C@@H]": 1449, "[C@H]": 1440, "others": 957, "N": 899, "P": 769, "C": 310, "[C@@]": 287}}, "0.00": {"activatedMoleculePct": 0.12419796504112615, "activatedTokens": {"S": 126611, "C": 23297, "N": 10633, "[C@@H]": 7357, "O": 7167, "[C@H]": 6486, "others": 1556, "=": 1503, "P": 1343, "[C@@]": 1301, "n": 1178, "[C@]": 1116, "[S@]": 634}}}