{"0.20": {"activatedMoleculePct": 0.17385620532094948, "activatedTokens": {")": 176743, "c": 139655, "C": 72449, "N": 38753, "n": 35820, "1": 33826, "(": 33682, "O": 25675, "[nH]": 17988, "Cl": 16022, "2": 13930, "o": 13880, "s": 12822, "F": 5996, "S": 4749, "others": 4622, "Br": 3162, "=": 2945, "[C@@H]": 2858, "-": 2829, "3": 2313}}, "0.00": {"activatedMoleculePct": 0.305058541869136, "activatedTokens": {")": 460965, "c": 305645, "C": 164746, "(": 100839, "N": 93363, "1": 85609, "n": 66582, "O": 60835, "2": 36503, "Cl": 28900, "[nH]": 25539, "o": 21221, "s": 18116, "F": 13408, "others": 12407, "S": 11948, "=": 11205, "[C@@H]": 9879, "3": 6814, "Br": 5707, "-": 5391}}}