{"0.20": {"activatedMoleculePct": 0.02730342682504378, "activatedTokens": {"c": 12109, "C": 9402, "[C@H]": 8013, "=": 5210, "N": 3096, ")": 2508, "[O-]": 2434, "n": 2188, "(": 1919, "F": 1108, "2": 1040, "[nH]": 706, "3": 515, "-": 470, "Br": 464, "1": 386, "/": 367, "others": 331, "4": 327, "O": 245, ".": 206}}, "0.00": {"activatedMoleculePct": 0.07791887262135894, "activatedTokens": {"C": 39509, "c": 32147, "=": 22892, "[C@H]": 20455, "N": 8789, "[O-]": 6692, ")": 5950, "n": 5517, "F": 4844, "(": 4803, "2": 2780, "O": 1563, "3": 1550, "1": 1501, "[nH]": 1437, "others": 1408, "Br": 1080, "-": 1053, "4": 962, "/": 687}}}