{"0.20": {"activatedMoleculePct": 0.6086794445425004, "activatedTokens": {"(": 2143367, "others": 1507}}, "0.00": {"activatedMoleculePct": 0.8399994726947423, "activatedTokens": {"(": 3776332, "others": 9372}}}