{"0.20": {"activatedMoleculePct": 0.26680986910379345, "activatedTokens": {"C": 357249, "c": 200064, "1": 92859, "O": 78178, "n": 62197, ")": 61093, "N": 56428, "[C@H]": 54047, "2": 53289, "[C@@H]": 44513, "=": 34330, "(": 24075, "S": 14185, "others": 10757, "s": 10449, "3": 10057, "-": 4988, "o": 4815}}, "0.00": {"activatedMoleculePct": 0.4370533010407687, "activatedTokens": {"C": 764231, "c": 467611, "1": 217266, ")": 186127, "O": 129814, "2": 125105, "n": 120478, "N": 97691, "[C@H]": 97508, "[C@@H]": 92132, "=": 91855, "(": 90188, "3": 28033, "others": 22685, "S": 20436, "s": 17869, "-": 10872, "o": 9273}}}