{"0.20": {"activatedMoleculePct": 0.30403981740590713, "activatedTokens": {"C": 399016, "N": 59705, "O": 27665, "=": 6670, "[C@@H]": 5499, "S": 5018, "others": 4817, "[C@H]": 2955, "/": 2530, "c": 2257, "F": 1625, "Cl": 1550, "-": 1178, "Br": 594}}, "0.00": {"activatedMoleculePct": 0.5373767881690277, "activatedTokens": {"C": 745923, "N": 161525, "O": 64923, "=": 30465, "c": 29609, "S": 22145, "[C@@H]": 18037, "[C@H]": 13253, "others": 10220, "-": 9198, "Cl": 7153, "F": 5723, "n": 5623, "/": 5566, "2": 4281, "3": 3606, "(": 2805, "1": 2352, "\\": 2175, "s": 2078, "Br": 2066}}}