{"0.20": {"activatedMoleculePct": 0.32067117170890114, "activatedTokens": {"O": 443970, "=": 394727, "C": 254344, "N": 8779, "others": 6525}}, "0.00": {"activatedMoleculePct": 0.568764633636363, "activatedTokens": {"O": 921130, "=": 800702, "C": 593081, "N": 36308, "c": 28660, "others": 14649, "1": 14458, "n": 11931}}}