{"0.20": {"activatedMoleculePct": 0.01595098404681885, "activatedTokens": {"C": 9169, "c": 3304, "n": 2453, "1": 2311, "=": 1662, ")": 1387, "[C@H]": 1286, "O": 1215, "s": 1155, "N": 1065, "/": 760, "2": 634, "F": 519, "3": 507, "(": 358, "[nH]": 303, "others": 272, "\\": 130, "[C@@H]": 111, "S": 90, "Br": 82, "7": 64, "5": 59, "9": 48, "[S@@]": 47, "[C@]": 43}}, "0.00": {"activatedMoleculePct": 0.052613346828441966, "activatedTokens": {"C": 39041, "c": 13110, "1": 8919, "=": 8414, "n": 7391, ")": 6719, "O": 5481, "[C@H]": 3966, "N": 3638, "2": 2383, "s": 2361, "F": 1570, "3": 1486, "(": 1459, "/": 1395, "others": 1032, "[nH]": 750, "[C@@H]": 421, "Br": 381, "\\": 350, "S": 349, "5": 176, "Cl": 134}}}