{"0.20": {"activatedMoleculePct": 0.09548472902002515, "activatedTokens": {"O": 96096, "N": 10865, "s": 7811, "S": 6890, "[nH]": 5695, "o": 5480, "C": 1020, "others": 921, "1": 520}}, "0.00": {"activatedMoleculePct": 0.20313849159936812, "activatedTokens": {"O": 185132, "N": 25258, "s": 16768, "o": 16549, "C": 15712, "[nH]": 14332, "S": 12120, "n": 4302, "1": 3764, "[C@H]": 2715, "=": 2657, "others": 2338, "2": 2316, "[C@@H]": 2296, "3": 970}}}