{"0.20": {"activatedMoleculePct": 0.08766083725821772, "activatedTokens": {"O": 106478, "N": 7430, "1": 4999, "2": 3038, "C": 1492, "others": 1127, "3": 684, "n": 580, "s": 243, "[C@H]": 231}}, "0.00": {"activatedMoleculePct": 0.14265071958858472, "activatedTokens": {"O": 126074, "N": 35545, "1": 14533, "C": 13541, "2": 7483, "[C@H]": 6091, "[C@@H]": 3725, "c": 3531, "n": 3005, "3": 2224, "others": 1923, "/": 1840, "o": 1814, "S": 1448, "[S@]": 643, "s": 452}}}