{"0.20": {"activatedMoleculePct": 0.7460827444480982, "activatedTokens": {"C": 1168178, "c": 1078430, "1": 821117, "2": 620812, "N": 493937, "3": 253035, "O": 169957, "n": 134281, "[C@@H]": 96815, "[C@H]": 83416, "F": 69822, "=": 61779, "others": 44470, "Cl": 38231, "4": 34453, "#": 29760, "o": 25203, "S": 22839, "[C@]": 17040, "-": 16761, "(": 14857, "[O-]": 10996, "[C@@]": 10701}}, "0.00": {"activatedMoleculePct": 0.9387088198395673, "activatedTokens": {"c": 3114925, "C": 3044318, "1": 1623546, "2": 1146571, "N": 992328, "3": 457429, "O": 437703, "n": 358834, "[C@@H]": 222227, "=": 198805, "[C@H]": 190754, "F": 190688, "others": 115853, "(": 83380, "Cl": 80608, "4": 72405, ")": 63221, "o": 54717, "#": 48944, "S": 48017, "-": 39609, "[C@]": 27154}}}