{"0.20": {"activatedMoleculePct": 0.16479680804550645, "activatedTokens": {"(": 428287, "others": 724}}, "0.00": {"activatedMoleculePct": 0.3961380748817408, "activatedTokens": {"(": 1086562, "others": 7642}}}