{"0.20": {"activatedMoleculePct": 0.42865376770592184, "activatedTokens": {"1": 426368, "2": 251193, "3": 103602, "4": 20790, "others": 8086}}, "0.00": {"activatedMoleculePct": 0.6742432620275034, "activatedTokens": {"1": 771645, "2": 483878, "3": 193604, "4": 36874, "C": 16940, "others": 15169, "n": 8512, "5": 6719, "Cl": 4678, "-": 4574, "O": 4023, "c": 3179, "F": 2897}}}