{"0.20": {"activatedMoleculePct": 0.4343867476470834, "activatedTokens": {"O": 600465, "=": 538592, "C": 457642, "others": 14568, "N": 5573}}, "0.00": {"activatedMoleculePct": 0.6515361793658129, "activatedTokens": {"O": 1073418, "=": 966369, "C": 852648, "others": 23905, "c": 20553, "N": 15954, "F": 9659, "(": 9242, "n": 8728}}}