{"0.20": {"activatedMoleculePct": 0.4847341466040443, "activatedTokens": {"1": 574680, "2": 417098, "3": 164627, "c": 84907, "4": 23255, "[nH]": 16540, "C": 16209, "others": 11935, "n": 11180, "=": 7588, "O": 6098, "[C@H]": 5117, "s": 4473, "N": 3911}}, "0.00": {"activatedMoleculePct": 0.773398621536172, "activatedTokens": {"1": 1263941, "2": 874184, "c": 468965, "3": 335840, "C": 141940, "n": 66762, "4": 51969, "[nH]": 34923, "O": 34275, "others": 34028, "N": 25977, "=": 23482, "[C@H]": 17343, "(": 15426, "o": 15362}}}