{"0.20": {"activatedMoleculePct": 0.008836757277728017, "activatedTokens": {"C": 30032, "(": 15297, ")": 14923, "1": 11214, "N": 8270, "2": 7988, "3": 7820, "=": 6575, "O": 6356, "c": 5105, "[C@@H]": 5007, "[C@H]": 3892, "4": 3188, "others": 1069, "n": 973, "F": 451, "[nH]": 385, "o": 346}}, "0.00": {"activatedMoleculePct": 0.06617754221554628, "activatedTokens": {"C": 87768, "(": 39381, "c": 38398, ")": 30204, "1": 28468, "N": 20915, "O": 20394, "=": 19343, "3": 15787, "2": 15679, "[C@@H]": 11739, "[C@H]": 8953, "4": 5829, "n": 5804, "[nH]": 3669, "F": 3187, "others": 3151, "o": 2320, "#": 1083, "5": 557}}}