{"0.20": {"activatedMoleculePct": 0.04169226904578987, "activatedTokens": {"(": 20506, "C": 18312, ")": 17958, "c": 9160, "=": 7611, "O": 7596, "N": 7481, "n": 6735, "1": 6656, "2": 4379, "s": 2480, ".": 2269, "[C@@H]": 2217, "o": 1932, "[nH]": 1703, "others": 1222, "[C@H]": 615, "4": 519, "#": 492, "3": 438, "S": 427, "6": 357, "/": 299, "[S@@]": 289, "-": 236, "5": 216, "[C@]": 190, "[n+]": 185, "8": 176, "[N+]": 172, "[Si]": 110, "%10": 110, "P": 88}}, "0.00": {"activatedMoleculePct": 0.15514638946033968, "activatedTokens": {"C": 93297, "(": 68110, ")": 57022, "=": 45194, "O": 44133, "N": 35730, "c": 31426, "1": 24935, "n": 21029, "2": 16433, "[C@@H]": 9207, "s": 6379, ".": 4889, "[nH]": 4700, "others": 4343, "o": 3423, "/": 1680, "[C@H]": 1673, "3": 1409, "#": 1408, "4": 1269, "S": 1236, "[C@]": 637, "6": 632, "[N+]": 614, "[S@@]": 538}}}