{"0.20": {"activatedMoleculePct": 0.4142956849585443, "activatedTokens": {")": 1331475, "others": 2508}}, "0.00": {"activatedMoleculePct": 0.6935419020925963, "activatedTokens": {")": 2809109, "others": 17839}}}