{"0.20": {"activatedMoleculePct": 0.4296153674328949, "activatedTokens": {")": 1689065, "others": 614}}, "0.00": {"activatedMoleculePct": 0.6963051281168684, "activatedTokens": {")": 3215181, "others": 4093}}}