{"0.20": {"activatedMoleculePct": 0.050775102110466055, "activatedTokens": {"[C@H]": 29241, "1": 28878, "[C@@H]": 22044, "2": 16409, "N": 5737, "C": 5634, "3": 3480, "O": 2125, "c": 1182, "others": 1069}}, "0.00": {"activatedMoleculePct": 0.11218199648023741, "activatedTokens": {"[C@H]": 46239, "1": 44596, "[C@@H]": 35231, "C": 30427, "2": 23907, "c": 21208, "N": 19979, "O": 10740, "n": 6683, "3": 4930, "(": 2803, "\\": 2194, "others": 2164, "S": 1081, "/": 1077, "-": 1040, "o": 530}}}