{"0.20": {"activatedMoleculePct": 0.1916403075068495, "activatedTokens": {"C": 290492, "c": 115807, "-": 43227, "1": 38795, ")": 38023, "(": 32804, "O": 31499, "N": 24781, "[C@H]": 19319, "n": 19001, "=": 18936, "2": 18551, "[C@@H]": 17809, "S": 10172, "others": 6909, "F": 3551, "3": 3421, "Cl": 3097}}, "0.00": {"activatedMoleculePct": 0.3680253809597395, "activatedTokens": {"C": 716592, "c": 367791, ")": 166335, "1": 120467, "(": 118481, "O": 98921, "-": 71393, "N": 62352, "=": 58526, "2": 54686, "n": 49764, "[C@H]": 36469, "[C@@H]": 34616, "S": 24397, "others": 19797, "3": 12258, "F": 11279, "Cl": 9942}}}