{"0.20": {"activatedMoleculePct": 0.6676116660429329, "activatedTokens": {"c": 2634607, "C": 648284, "O": 151980, "n": 36393, "others": 27692, ")": 24949, "=": 22329, "[C@H]": 21224, "[C@@H]": 19496, "F": 18946, "2": 16593, "N": 15422, "(": 11739, "[C@@]": 10120, "s": 9409}}, "0.00": {"activatedMoleculePct": 0.8522966707264289, "activatedTokens": {"c": 4130095, "C": 1490559, "O": 379990, ")": 116374, "n": 84827, "=": 79303, "(": 59397, "others": 56140, "2": 52349, "[C@@H]": 50426, "F": 48393, "[C@H]": 45197, "N": 43582, "1": 30863, "s": 18207, "[C@@]": 16532}}}