{"0.20": {"activatedMoleculePct": 0.27549209664626534, "activatedTokens": {"C": 511642, "others": 3966, "1": 2499}}, "0.00": {"activatedMoleculePct": 0.3939424343779592, "activatedTokens": {"C": 835380, "others": 6946, "[C@@H]": 5536, "1": 4293, "2": 3524, "[C@H]": 2821}}}