{"0.20": {"activatedMoleculePct": 0.47270572778012543, "activatedTokens": {")": 1624551, "others": 2970}}, "0.00": {"activatedMoleculePct": 0.708095527206388, "activatedTokens": {")": 2972053, "others": 16156}}}