{"0.20": {"activatedMoleculePct": 0.6739730180829085, "activatedTokens": {"C": 1735057, "c": 1095896, "O": 476976, "1": 461600, "2": 359036, "N": 333892, "3": 167486, "=": 166772, "n": 128917, "[C@H]": 79632, "[C@@H]": 70837, "F": 66434, "others": 52192, "-": 48939, "4": 41078, "Cl": 34539, "S": 30914, "[nH]": 21168, "Br": 19748, "s": 17479, "o": 16571}}, "0.00": {"activatedMoleculePct": 0.8828554751496411, "activatedTokens": {"C": 3673314, "c": 2530064, "O": 1075454, "1": 1025350, "N": 757247, "2": 741182, "=": 479348, "3": 335193, "n": 290602, "[C@@H]": 184760, "[C@H]": 184701, "F": 165430, "others": 109079, "-": 83432, "4": 77463, "S": 68038, "Cl": 66437, "o": 37742, "[nH]": 37530, "s": 34131, "Br": 33395, "[C@@]": 20669}}}