{"0.20": {"activatedMoleculePct": 0.5574385561210253, "activatedTokens": {"1": 622124, "C": 489866, "2": 429626, "O": 404268, "c": 323655, "N": 262776, "3": 156918, "F": 113454, "=": 94037, "[C@H]": 55158, "n": 53269, "Cl": 35824, "[C@@H]": 33529, "4": 33357, "Br": 28000, "others": 27145, "S": 15227, "s": 14612, "o": 12331, "-": 9493, "(": 7659, "#": 6890}}, "0.00": {"activatedMoleculePct": 0.8375182085096815, "activatedTokens": {"C": 1721142, "c": 1435663, "1": 1243231, "O": 917692, "2": 870873, "N": 578014, "=": 394554, "3": 316221, "F": 192405, "n": 185553, "[C@H]": 143529, "[C@@H]": 108725, "others": 67616, "4": 67556, "Cl": 66901, "(": 59676, "S": 47639, ")": 39786, "Br": 39217, "o": 36433, "-": 36259, "s": 33852}}}