{"0.20": {"activatedMoleculePct": 0.007711839394536385, "activatedTokens": {")": 15422, "C": 10953, "O": 8854, "(": 6593, "=": 5956, "c": 2355, "N": 1226, "others": 393, "2": 328, "[C@H]": 240, "n": 191, "1": 181, "/": 158, "S": 140}}, "0.00": {"activatedMoleculePct": 0.020709181629563662, "activatedTokens": {")": 45468, "C": 35813, "O": 25947, "(": 18130, "=": 16331, "c": 6971, "N": 3000, "2": 2154, "others": 1606, "1": 1512, "n": 1380, "[C@H]": 1003, "/": 870, "s": 833, "[O-]": 429}}}