{"0.20": {"activatedMoleculePct": 0.007788005709544152, "activatedTokens": {"C": 4384, "2": 2551, "c": 1353, "[C@]": 946, "n": 873, "1": 702, "3": 638, "(": 616, "=": 591, "O": 522, "F": 364, "s": 345, "4": 266, ")": 210, "S": 185, "N": 173, "others": 153, "[nH]": 103, "[O-]": 94, "[C@H]": 77, "o": 76, "-": 43, ".": 40, "Cl": 38, "[C@@H]": 35}}, "0.00": {"activatedMoleculePct": 0.02673144709407199, "activatedTokens": {"C": 19474, "2": 6439, "c": 5857, "n": 3633, "1": 3606, "O": 3365, "=": 2946, "(": 2754, "[C@]": 2574, "3": 2391, "F": 1476, ")": 1222, "4": 1012, "N": 964, "s": 795, "[O-]": 672, "S": 589, "others": 552, "[C@H]": 488, "[nH]": 291, "Cl": 256, "[C@@H]": 225, "o": 196, ".": 116}}}