{"0.20": {"activatedMoleculePct": 0.5349431279308469, "activatedTokens": {"C": 1509257, "c": 348881, "(": 135490, "O": 100787, "1": 93299, "=": 92475, "2": 63728, "N": 53179, "S": 39093, "n": 24016, "[C@H]": 22055, "3": 21700, ")": 21616, "others": 17817, "-": 17272, "[C@@H]": 13528}}, "0.00": {"activatedMoleculePct": 0.743652746051985, "activatedTokens": {"C": 2831858, "c": 872659, "(": 482772, "O": 304383, "=": 290413, "1": 238317, "2": 154497, ")": 123105, "N": 114510, "n": 79636, "S": 72849, "3": 53633, "others": 52571, "[C@H]": 44636, "[C@@H]": 35832, "-": 34996}}}