{"0.20": {"activatedMoleculePct": 0.2782091834604847, "activatedTokens": {"N": 280357, "c": 191135, "(": 130001, "C": 127369, "1": 47455, "2": 40420, ")": 33723, "n": 33176, "=": 21070, "[C@@H]": 20834, "O": 17270, "o": 14795, "3": 11182, "others": 9986, "s": 8892, "[C@H]": 8868, "4": 3593, "F": 3370}}, "0.00": {"activatedMoleculePct": 0.48659363000601275, "activatedTokens": {"N": 559969, "c": 456772, "(": 371971, "C": 307359, ")": 122747, "1": 122287, "2": 96331, "n": 79962, "=": 53647, "O": 43665, "[C@@H]": 42972, "3": 26849, "o": 24249, "others": 19815, "[C@H]": 19722, "s": 16440, "F": 11396, "4": 8209, "S": 6204}}}