{"0.20": {"activatedMoleculePct": 0.2193992674851128, "activatedTokens": {"C": 300759, "c": 253949, "(": 89732, "N": 61773, "1": 55507, "n": 36627, "2": 23282, ")": 21162, "=": 17028, "O": 14018, "Cl": 11721, "others": 8464, "[C@@H]": 6130, "-": 4581, "3": 4426, "F": 4402, "S": 4315, "[C@H]": 3903}}, "0.00": {"activatedMoleculePct": 0.404412373217873, "activatedTokens": {"C": 741985, "c": 558584, "(": 236779, "N": 163064, "1": 131476, "n": 91281, ")": 82332, "2": 61115, "=": 55790, "O": 38551, "Cl": 23144, "others": 19887, "[C@@H]": 15500, "3": 13317, "[C@H]": 11609, "F": 10872, "-": 9491, "S": 9306}}}