{"0.20": {"activatedMoleculePct": 0.08418501676757482, "activatedTokens": {"N": 53169, "C": 43553, "c": 31710, "1": 12288, "2": 11716, "3": 4173, "O": 2471, "[C@@H]": 2271, "[C@H]": 1988, "others": 1562, "F": 1484, "n": 634, "=": 447, "4": 441}}, "0.00": {"activatedMoleculePct": 0.18456709336891666, "activatedTokens": {"c": 150533, "C": 119149, "N": 101886, "1": 45720, "2": 33086, "=": 20494, "O": 15150, "F": 13326, "3": 11212, "others": 5178, "[C@@H]": 4912, "-": 4679, "n": 4542, "[C@H]": 4299, "4": 1122, "Cl": 1106}}}