{"0.20": {"activatedMoleculePct": 0.6738346004527501, "activatedTokens": {"C": 1755306, "c": 1266537, "2": 401015, "1": 326389, "N": 325865, "=": 289516, "O": 263445, "F": 164512, "n": 152482, "3": 136079, "[C@H]": 90179, "4": 65706, "others": 48877, "-": 41534, "[C@@H]": 40846, "s": 32932, "Cl": 31762, "o": 23501, "[nH]": 21669, "S": 17886, "#": 17875, "Br": 12710}}, "0.00": {"activatedMoleculePct": 0.8953050058113433, "activatedTokens": {"C": 4003310, "c": 2778741, "2": 800135, "1": 798484, "N": 735165, "=": 707600, "O": 683981, "n": 348744, "3": 282348, "F": 276663, "[C@H]": 191823, "[C@@H]": 115856, "4": 104002, "others": 103784, "-": 72023, "Cl": 61467, "s": 54139, "o": 48547, "S": 47937, "[nH]": 38938, "#": 32998, "Br": 22814, ")": 19840}}}