{"0.20": {"activatedMoleculePct": 0.04390109218101511, "activatedTokens": {"C": 115806, "(": 46376, "1": 40806, ")": 32395, "2": 30582, "O": 22261, "=": 20509, "N": 19084, "c": 16730, "3": 11340, "n": 5537, "others": 3743, "[C@@H]": 2826, "[C@H]": 2632, "4": 2189, "s": 1521, "F": 1253, "S": 1187}}, "0.00": {"activatedMoleculePct": 0.19423435642759476, "activatedTokens": {"C": 405312, "(": 214311, ")": 132080, "1": 104284, "O": 99359, "=": 87255, "c": 84944, "N": 77455, "2": 71211, "3": 27438, "n": 21349, "[C@@H]": 13916, "others": 11620, "[C@H]": 10237, "F": 6627, "o": 6524, "S": 5890, "4": 5846, "s": 5338}}}