{"0.20": {"activatedMoleculePct": 0.3114316118037282, "activatedTokens": {"n": 564610, "others": 2860}}, "0.00": {"activatedMoleculePct": 0.402430584290844, "activatedTokens": {"n": 769161, "C": 23559, "c": 10582, "others": 5779, "N": 4875, "O": 3532}}}