{"0.20": {"activatedMoleculePct": 0.11801897273612107, "activatedTokens": {"c": 596043, "Cl": 179111, "(": 136540, "1": 118656, ")": 118517, "2": 82423, "3": 36455, "n": 33506, "C": 26461, "others": 11289, "F": 9853, "O": 8263, "4": 7132, "s": 6299, "N": 5612, "=": 4577, ".": 2948, "/": 2896}}, "0.00": {"activatedMoleculePct": 0.2054271428916688, "activatedTokens": {"c": 782371, ")": 204187, "(": 198350, "Cl": 187563, "1": 183968, "2": 125050, "C": 85321, "3": 55742, "n": 49236, "N": 23858, "O": 20417, "others": 17960, "F": 14859, "4": 12278, "=": 11925, "s": 10748, "Br": 7708, "-": 7323, "[C@@H]": 5625, ".": 4405}}}