{"0.20": {"activatedMoleculePct": 0.7328136935316489, "activatedTokens": {"C": 1815810, "c": 1580723, "1": 551824, "O": 479401, "2": 434706, "=": 378056, "N": 292382, "n": 241570, "3": 106024, "[C@H]": 92147, "[C@@H]": 89542, "F": 86604, "others": 54471, "o": 37634, "S": 36067, "s": 24428, "[nH]": 21371, "Cl": 20711}}, "0.00": {"activatedMoleculePct": 0.9162075327020806, "activatedTokens": {"C": 3924170, "c": 3408293, "1": 1121350, "O": 1081464, "2": 837481, "=": 812275, "N": 600767, "n": 529201, "3": 225965, "[C@@H]": 197530, "F": 188282, "[C@H]": 183131, "others": 111832, "S": 76110, "o": 70701, "Cl": 50400, "s": 42808, "[nH]": 38333, "4": 33420}}}