{"0.20": {"activatedMoleculePct": 0.025627035526459372, "activatedTokens": {"c": 118675, "(": 57850, ")": 55058, "O": 35000, "=": 33886, "[O-]": 30920, "[N+]": 30644, "1": 26832, "2": 14037, "C": 8678, "3": 5634, "n": 4024, "others": 3898, ".": 1992, "N": 1786, "F": 1465, "Cl": 1399, "4": 1114, "[n+]": 838}}, "0.00": {"activatedMoleculePct": 0.09911141740385651, "activatedTokens": {"c": 224778, "(": 77496, ")": 72128, "=": 53168, "1": 52498, "C": 51752, "O": 50632, "2": 33960, "[O-]": 32412, "[N+]": 30907, "3": 14115, "n": 13044, "N": 11733, "others": 7383, "F": 4568, "Cl": 4432, ".": 4229, "[C@H]": 2624, "4": 2254, "[C@@H]": 2044, "-": 1757, "s": 1322}}}