{"0.20": {"activatedMoleculePct": 0.01203793961329483, "activatedTokens": {"O": 6689, "C": 6327, "[C@H]": 3346, "=": 2310, "2": 2094, ")": 1681, "N": 1515, "3": 969, "[nH]": 789, "4": 284, "others": 213, "n": 193, "c": 168, "F": 137, "1": 108, "[C@]": 71}}, "0.00": {"activatedMoleculePct": 0.036240518575426255, "activatedTokens": {"C": 21058, "O": 19062, "[C@H]": 9514, "2": 8928, "=": 7885, "N": 6488, ")": 6472, "3": 4565, "[nH]": 2181, "4": 987, "c": 776, "n": 755, "others": 710, "1": 458, "F": 388, "[C@@H]": 356, "[C@]": 272}}}