{"0.20": {"activatedMoleculePct": 0.4992130701396553, "activatedTokens": {")": 1761138, "others": 2743}}, "0.00": {"activatedMoleculePct": 0.74723256285735, "activatedTokens": {")": 3197853, "others": 20354}}}