{"0.20": {"activatedMoleculePct": 0.00459634416335331, "activatedTokens": {"C": 4587, ")": 2006, "=": 1989, "(": 1621, "O": 699, "/": 526, "c": 339, "n": 244, "4": 223, "5": 178, "3": 177, "[C@]": 162, "S": 133, "[C@H]": 128, "others": 105, "[C@@]": 65, "s": 54, "[nH]": 41}}, "0.00": {"activatedMoleculePct": 0.02051803347363071, "activatedTokens": {"C": 24392, ")": 15221, "(": 14981, "=": 12420, "O": 7886, "c": 3202, "/": 2386, "S": 1538, "n": 1207, "[C@H]": 1014, "4": 961, "3": 935, "others": 737, "5": 681, "[C@]": 532, "1": 374, "s": 298, "[nH]": 294, "2": 254}}}