{"0.20": {"activatedMoleculePct": 0.3044250431914272, "activatedTokens": {"c": 315148, "1": 233596, "C": 157216, "2": 139767, "3": 45540, "n": 41821, "O": 19571, "[C@H]": 13613, "F": 13533, "[C@@H]": 11990, "-": 10479, "others": 9431, "=": 8915, "Cl": 8898, "4": 7956, "N": 6410, "#": 3579, "o": 1955, "[C@]": 1875, "5": 1687}}, "0.00": {"activatedMoleculePct": 0.7767184475547317, "activatedTokens": {"c": 1694288, "C": 1181613, "1": 905319, "2": 578672, "n": 211784, "3": 205111, "O": 121225, "F": 97689, "[C@@H]": 73964, "[C@H]": 72684, "=": 67482, "N": 61693, "others": 54229, "Cl": 45313, "-": 43786, "4": 36427, "#": 16872, "o": 15999, "(": 14931, ")": 11699}}}