{"0.20": {"activatedMoleculePct": 0.7138534076736097, "activatedTokens": {")": 3456023, "others": 29}}, "0.00": {"activatedMoleculePct": 0.8956067415977202, "activatedTokens": {")": 4962079, "others": 573}}}