{"0.20": {"activatedMoleculePct": 0.28758862573264304, "activatedTokens": {"C": 319585, "1": 216547, "2": 178531, "3": 64807, "N": 48036, "[C@H]": 29593, "[C@@H]": 12456, "others": 8946, "c": 8786, "n": 8273, "4": 6074, "O": 3460, "(": 2066}}, "0.00": {"activatedMoleculePct": 0.4747226703910042, "activatedTokens": {"C": 664542, "1": 421741, "2": 315832, "N": 121014, "3": 115483, "[C@H]": 42215, "c": 38525, ")": 20624, "n": 19781, "[C@@H]": 17650, "others": 14345, "4": 12179, "(": 11032, "O": 6162, "S": 4621, "=": 4413}}}