{"0.20": {"activatedMoleculePct": 0.03486659543163231, "activatedTokens": {"C": 30626, "O": 5976, "N": 5413, "c": 4495, "(": 3803, "[C@@H]": 3103, "=": 2640, "1": 2070, "Br": 1844, ")": 1677, "s": 1382, "n": 636, "others": 632, "#": 611, "[nH]": 601, "o": 591, "[C@H]": 591, "3": 591, "-": 584, "S": 381, "[C@]": 284, "5": 230, "[Si]": 168, "F": 138, "2": 130, "[O-]": 125}}, "0.00": {"activatedMoleculePct": 0.08859607172230348, "activatedTokens": {"C": 87526, "O": 18942, "c": 14999, "N": 14725, "(": 11633, "=": 8552, "[C@@H]": 7344, ")": 6302, "1": 6247, "Br": 3643, "s": 3176, "n": 3007, "-": 1996, "o": 1752, "others": 1737, "3": 1510, "[nH]": 1435, "#": 1315, "[C@H]": 1311, "[C@]": 1140, "S": 998, "F": 461, "2": 453, "5": 421}}}