{"0.20": {"activatedMoleculePct": 0.5164354457523731, "activatedTokens": {"c": 721870, "C": 174920, "n": 106063, "N": 47132, "[C@H]": 32749, "1": 13134, "others": 9809, "[C@@H]": 8527, "O": 6514, "2": 4593, "S": 4488, "[C@]": 4185, "[C@@]": 3920, "=": 2177}}, "0.00": {"activatedMoleculePct": 0.7634713676906886, "activatedTokens": {"c": 1306703, "C": 458673, "n": 133594, "N": 125699, "[C@H]": 85430, "1": 59407, "O": 36493, "[C@@H]": 29282, "others": 23116, "2": 22634, "(": 20168, "S": 15354, "=": 11083, "F": 9849, "[C@]": 7662, "[C@@]": 7129, "3": 7118}}}