{"0.20": {"activatedMoleculePct": 0.008418574913598837, "activatedTokens": {"C": 6548, "c": 3872, "1": 3523, ")": 3063, "2": 1604, ".": 1416, "O": 1279, "[C@H]": 1154, "S": 881, "N": 854, "(": 801, "n": 381, "[C@@H]": 341, "4": 332, "others": 281, "3": 236, "=": 168, "6": 149, "s": 147, "[C@]": 124, "5": 105, "Cl": 93, "%11": 89, "%10": 87, "I": 75, "8": 75, "-": 71, "P": 65, "[nH]": 63, "F": 62, "9": 59, "%12": 58, "#": 53, "%13": 48, "7": 46, "[N+]": 38, "[Cl+3]": 30, "%14": 28, "Br": 24, "B": 22, "[V]": 21, "%15": 20, "[O-]": 19, "[NH+]": 19, "o": 19, "%16": 16, "[n-]": 15, "%17": 14, "[n+]": 14, "%18": 12, "[S+]": 11, "[C@@]": 11, "[S-]": 11, "/": 9}}, "0.00": {"activatedMoleculePct": 0.03521154095440787, "activatedTokens": {"C": 29518, "c": 18265, ")": 11210, "1": 10048, "N": 7015, "O": 6294, "2": 5156, "S": 4644, "[C@H]": 4161, ".": 3364, "(": 2625, "n": 1938, "[C@@H]": 1215, "others": 1127, "4": 1087, "3": 842, "Cl": 577, "s": 575, "=": 512, "[C@]": 390, "6": 348, "-": 286, "5": 285, "[N+]": 235, "F": 213, "I": 192, "[nH]": 188, "P": 164, "#": 163, "8": 132, "%10": 129, "Br": 122, "%11": 98, "7": 88, "9": 78, "%12": 58}}}