{"0.20": {"activatedMoleculePct": 0.40785743423514736, "activatedTokens": {"C": 781066, "[C@H]": 8875, "[C@@H]": 6956, "others": 6922, "O": 4133}}, "0.00": {"activatedMoleculePct": 0.6271124251427935, "activatedTokens": {"C": 1363426, "[C@H]": 42815, "[C@@H]": 32130, "O": 23564, "N": 20099, "others": 12801, "1": 11515, "c": 10808, "S": 8111, "n": 6386, "=": 5317, "F": 4159, "2": 3979, "-": 3526, "[C@@]": 2761}}}