{"0.20": {"activatedMoleculePct": 0.1897442056842042, "activatedTokens": {"C": 226101, "F": 171357, "c": 69889, "(": 34436, "N": 33769, "O": 21386, "n": 19161, "1": 15873, "=": 12568, ")": 11003, "-": 9999, "2": 7102, "[C@H]": 5809, "3": 4966, "S": 4664, "others": 4498, "[O-]": 3560}}, "0.00": {"activatedMoleculePct": 0.40666733556315104, "activatedTokens": {"C": 493846, "c": 320457, "F": 252026, "(": 162722, "N": 117970, "O": 91489, ")": 82834, "1": 75627, "n": 73660, "=": 73029, "2": 28927, "-": 25852, "3": 21362, "[C@H]": 20843, "S": 14701, "[C@@H]": 12187, "[O-]": 12186, "others": 9073}}}