{"0.20": {"activatedMoleculePct": 0.02354930633725712, "activatedTokens": {"C": 24481, "=": 23370, "O": 20840, ")": 5520, "c": 3179, "(": 2634, "n": 2204, "1": 2071, "[C@H]": 1315, "others": 852, "2": 829, "N": 586, "o": 225}}, "0.00": {"activatedMoleculePct": 0.07999001049483936, "activatedTokens": {"C": 88950, "O": 68023, "=": 62760, ")": 20420, "c": 12891, "n": 10447, "(": 9470, "1": 7769, "[C@H]": 4448, "2": 3705, "others": 2544, "N": 2382, "o": 1035, "3": 910, "s": 868, "S": 736}}}