{"0.20": {"activatedMoleculePct": 0.9999941410526917, "activatedTokens": {"C": 13138346, "c": 10313901, "1": 4058946, "O": 3427549, "2": 2619231, "N": 2542801, "=": 2367845, "n": 1450959, "3": 970750, "[C@H]": 784351, "[C@@H]": 768726, "F": 561634, "others": 386016, "S": 200194, "4": 195034, "Cl": 186834, "-": 179893, "s": 128646, "o": 117840, "#": 76156}}, "0.00": {"activatedMoleculePct": 0.9999948734211053, "activatedTokens": {"C": 13222845, "c": 10347399, "1": 4079878, "O": 3453764, "N": 2696713, "2": 2656319, "=": 2384811, "n": 1610201, "3": 998335, "[C@H]": 805084, "[C@@H]": 788357, "F": 572468, "others": 382857, "S": 234641, "4": 202317, "Cl": 188460, "-": 182943, "o": 166253, "s": 155815, "[nH]": 97864, "#": 81512}}}