{"0.20": {"activatedMoleculePct": 0.015053832740236979, "activatedTokens": {"C": 5009, "c": 4510, "[C@H]": 2759, "N": 2186, "n": 1723, "=": 1461, "s": 1398, ")": 1297, "3": 1224, "4": 1130, "O": 961, "-": 950, "[S@@]": 748, "1": 672, "[nH]": 510, "2": 473, "5": 405, "S": 330, "[S@]": 247, "o": 243, "others": 206, ".": 142, "[C@@H]": 128, "(": 106}}, "0.00": {"activatedMoleculePct": 0.04542661558641105, "activatedTokens": {"c": 19029, "C": 18709, "[C@H]": 8943, "N": 8386, ")": 5573, "=": 5355, "n": 5169, "3": 4628, "O": 3615, "4": 3604, "s": 3190, "-": 3024, "1": 2434, "2": 1794, "[nH]": 1260, "5": 1039, "[S@@]": 1039, "S": 994, "others": 990, "o": 717, "[C@@H]": 635, "[S@]": 523, "(": 504}}}