{"0.20": {"activatedMoleculePct": 0.5930301962820586, "activatedTokens": {"1": 801874, "2": 18106, "others": 3442}}, "0.00": {"activatedMoleculePct": 0.7493535017829509, "activatedTokens": {"1": 1039446, "2": 48700, "C": 11076, "others": 9524, "c": 2714, "n": 2244, "O": 1989}}}