{"0.20": {"activatedMoleculePct": 0.7114263387511507, "activatedTokens": {")": 3175547, "others": 278}}, "0.00": {"activatedMoleculePct": 0.8888250100883749, "activatedTokens": {")": 4634060, "others": 3474}}}