{"0.20": {"activatedMoleculePct": 0.3559881737148582, "activatedTokens": {"C": 560838, "#": 63513, "c": 24496, "=": 14936, "n": 6665, "[C@@H]": 6656, "others": 5543, "[C@H]": 4686, "1": 3476, "(": 2756, "O": 2342, "Cl": 2253, "N": 2191, "2": 2092, "Br": 1783}}, "0.00": {"activatedMoleculePct": 0.5718713404465836, "activatedTokens": {"C": 1046096, "c": 114061, "#": 64036, "=": 31302, "n": 28873, "Cl": 23686, "[C@@H]": 22244, "1": 20751, "(": 16727, "N": 14450, "others": 11427, "2": 10492, "[C@H]": 9891, "Br": 9866, "O": 7381, "-": 6655, ")": 5769, "/": 4363, "S": 4163}}}