{"0.20": {"activatedMoleculePct": 0.12918026735841304, "activatedTokens": {"c": 155739, "C": 125212, "N": 20213, ")": 10265, "n": 7557, "2": 4425, "1": 3298, "[N+]": 2234, "others": 2192, "3": 1656, "[nH]": 1193}}, "0.00": {"activatedMoleculePct": 0.27164789484361374, "activatedTokens": {"c": 432872, "C": 247468, ")": 97427, "N": 49574, "n": 29607, "2": 19289, "1": 15026, "(": 12184, "3": 7400, "others": 7137, "[nH]": 6995, "O": 5678, "[N+]": 2249}}}