{"0.20": {"activatedMoleculePct": 0.1709611529822408, "activatedTokens": {"C": 222964, ")": 94335, "F": 89444, "(": 79079, "1": 51645, "c": 47221, "N": 41409, "[C@H]": 22531, "2": 22328, "O": 19997, "[C@@H]": 11237, "=": 6021, "others": 6014, "Cl": 5280, "3": 3244, "n": 2188}}, "0.00": {"activatedMoleculePct": 0.3687350459524561, "activatedTokens": {"C": 606181, ")": 318371, "(": 210090, "F": 169620, "1": 149561, "c": 144106, "N": 129963, "2": 64825, "[C@H]": 60590, "O": 45758, "[C@@H]": 35884, "=": 21840, "others": 17739, "Cl": 14119, "3": 11757, "n": 6603}}}