{"0.20": {"activatedMoleculePct": 0.5307239535004646, "activatedTokens": {")": 1613344, "others": 2461}}, "0.00": {"activatedMoleculePct": 0.7666659587105336, "activatedTokens": {")": 3050625, "others": 18712}}}