{"0.20": {"activatedMoleculePct": 0.5023717751072371, "activatedTokens": {")": 1597521, "others": 13312}}, "0.00": {"activatedMoleculePct": 0.7428280992183431, "activatedTokens": {")": 2968375, "others": 26479, "(": 10841, "N": 7000}}}