{"0.20": {"activatedMoleculePct": 0.1805720236730766, "activatedTokens": {"C": 257303, "=": 2087, "N": 1754, "others": 1731}}, "0.00": {"activatedMoleculePct": 0.28868644598453386, "activatedTokens": {"C": 423369, "[C@H]": 9146, "[C@@H]": 8762, "N": 4662, "others": 3995, "=": 3286, "O": 2807}}}