{"0.20": {"activatedMoleculePct": 0.02404072554273992, "activatedTokens": {"C": 59535, "(": 24173, "c": 22816, ")": 19128, "O": 18857, "1": 16536, "N": 13629, "=": 12585, "2": 10147, "[C@@H]": 5084, "[C@H]": 4285, "3": 2346, "others": 1734, "F": 1212, "n": 1122, "S": 720}}, "0.00": {"activatedMoleculePct": 0.14466766219946348, "activatedTokens": {"C": 226162, "(": 108932, "c": 88678, "O": 85363, ")": 81951, "=": 65849, "1": 61075, "N": 51994, "2": 29463, "[C@@H]": 18637, "[C@H]": 11729, "3": 9584, "others": 5200, "n": 4712, "S": 4673, "Cl": 3632, "F": 3498}}}