{"0.20": {"activatedMoleculePct": 0.020449190842758303, "activatedTokens": {"C": 6103, "1": 5453, "2": 4392, "c": 3888, "[nH]": 2189, "[C@H]": 1938, "O": 1809, "S": 1256, "s": 1197, "F": 1083, "n": 709, "#": 707, ")": 528, "[C@]": 523, "=": 434, "[S@@]": 417, "(": 350, "o": 304, "others": 290, "3": 261, "/": 235, "[C@@]": 178, "[S@]": 122, "Cl": 99, "4": 83}}, "0.00": {"activatedMoleculePct": 0.05822109177088879, "activatedTokens": {"C": 22311, "1": 17474, "c": 17114, "2": 11682, "[C@H]": 6219, "O": 6214, "[nH]": 4601, "S": 4482, "s": 3779, "F": 3124, "n": 2738, ")": 2118, "[C@]": 1768, "#": 1739, "(": 1469, "others": 1115, "=": 994, "o": 918, "3": 809, "[C@@]": 686, "[S@@]": 628, "Cl": 542, "/": 467, "[S@]": 258}}}