{"0.20": {"activatedMoleculePct": 0.0196787392717182, "activatedTokens": {"C": 18865, "n": 2637, "2": 1598, ")": 1523, "3": 1408, "c": 1284, "S": 1228, "N": 1175, "(": 1143, "O": 1002, ".": 787, "-": 727, "1": 609, "others": 335, "[C@@H]": 327, "4": 252, "[C@]": 204, "P": 115, "I": 72, "[n+]": 57, "=": 49, "s": 44, "[NH+]": 43, "[Si]": 32, "B": 24, "%13": 24, "%12": 21}}, "0.00": {"activatedMoleculePct": 0.05637772047401813, "activatedTokens": {"C": 61574, "n": 8947, ")": 6446, "c": 6086, "3": 4166, "N": 4144, "2": 4126, "(": 4004, "O": 4000, "S": 2928, "1": 2532, ".": 1475, "others": 1148, "-": 907, "4": 769, "[C@@H]": 741, "[C@]": 551, "=": 264, "P": 178, "I": 145, "[O-]": 115}}}