{"0.20": {"activatedMoleculePct": 0.028369022866738976, "activatedTokens": {"1": 9874, "N": 5714, "O": 4726, "S": 3899, "C": 3212, "2": 2939, "c": 1990, "[C@H]": 1952, "=": 1915, "[C@@H]": 1676, ".": 1658, "s": 1251, "(": 1218, "-": 1213, "[nH]": 867, "P": 648, "#": 562, "[N-]": 550, "o": 477, "others": 472, "F": 431, "[Si]": 333, "/": 236, "Cl": 199, "B": 175, "n": 171, "Br": 159, ")": 150, "I": 141, "3": 125, "[N+]": 78}}, "0.00": {"activatedMoleculePct": 0.08017603207187757, "activatedTokens": {"1": 31748, "N": 17805, "O": 14961, "C": 12762, "2": 10839, "S": 10194, "c": 9699, "=": 9209, "[C@H]": 5328, "[C@@H]": 5292, "(": 3965, ".": 3337, "-": 3320, "[nH]": 3182, "s": 2289, "#": 2289, "F": 2107, "o": 1510, "others": 1491, "[N-]": 988, "P": 950, "/": 765, "Cl": 747, "n": 731, "[Si]": 522, ")": 507, "Br": 502, "3": 415, "[N+]": 307}}}