{"0.20": {"activatedMoleculePct": 0.06507898959524194, "activatedTokens": {"O": 206261, "C": 1260, "others": 1177}}, "0.00": {"activatedMoleculePct": 0.13020265366370962, "activatedTokens": {"O": 319794, "C": 8616, "(": 5913, "F": 4686, "others": 3475, "=": 1742, "1": 1634, "2": 1599, "3": 1146, ")": 1045}}}