{"0.20": {"activatedMoleculePct": 0.010526331207756074, "activatedTokens": {"[C@H]": 2174, "1": 1931, "O": 1876, "2": 1496, "N": 1447, "c": 1273, "n": 1188, "C": 1012, "F": 1011, "=": 781, "o": 695, "-": 530, "[nH]": 477, "P": 256, ")": 254, "[C@]": 245, "(": 224, "[N+]": 178, "s": 156, "Cl": 129, "others": 112, "#": 107, "S": 82}}, "0.00": {"activatedMoleculePct": 0.035998836998959304, "activatedTokens": {"O": 9067, "[C@H]": 8097, "1": 6515, "2": 5783, "C": 5023, "n": 4826, "c": 4711, "N": 4177, "=": 3447, "F": 3047, "o": 2593, "-": 1832, "[nH]": 1625, ")": 1437, "(": 1296, "[C@]": 1181, "[N+]": 637, "others": 616, "Cl": 513, "#": 439, "P": 429, "S": 398, "[C@@H]": 380}}}