{"0.20": {"activatedMoleculePct": 0.007977689128650033, "activatedTokens": {"C": 5338, "2": 2061, "=": 1082, ")": 1000, "N": 825, "[C@]": 679, "S": 597, "O": 490, "3": 489, "F": 356, "#": 270, "/": 239, "[C@H]": 227, "1": 121, "(": 121, "Cl": 121, "others": 118, "c": 80, "-": 30}}, "0.00": {"activatedMoleculePct": 0.021891956617424657, "activatedTokens": {"C": 19849, "2": 4986, "=": 3883, ")": 3314, "N": 2655, "O": 2224, "S": 1415, "[C@H]": 1326, "[C@]": 1279, "3": 917, "F": 806, "#": 662, "/": 574, "(": 505, "1": 477, "c": 454, "others": 454, "Cl": 339}}}