{"0.20": {"activatedMoleculePct": 0.4621501018358279, "activatedTokens": {"C": 347751, "N": 222546, "[C@H]": 84834, "[C@@H]": 71691, "c": 48027, "O": 43107, "S": 34122, "n": 10502, "others": 8906, "s": 6995, "o": 5488, "=": 4675, "1": 4565, "[nH]": 4231, "F": 2589, "[C@]": 2316, "[C@@]": 1963}}, "0.00": {"activatedMoleculePct": 0.6880432800437664, "activatedTokens": {"C": 691235, "N": 390568, "c": 164861, "[C@H]": 119633, "[C@@H]": 106049, "O": 85202, "S": 44845, "n": 40529, "1": 26065, "=": 22238, "o": 17842, "others": 17417, "s": 15255, "(": 15070, "-": 10678, "[nH]": 9266, "2": 8235, "F": 6731, "[C@]": 5390}}}