{"0.20": {"activatedMoleculePct": 0.562476518437741, "activatedTokens": {"C": 916419, "c": 593215, "N": 296694, "1": 276354, "2": 195745, "O": 190495, "n": 123064, "=": 120234, "[C@@H]": 106308, "[C@H]": 87402, "3": 79138, "F": 48155, "others": 28227, "s": 26953, "S": 19186, "o": 17709, "4": 16940, "#": 13083, "-": 11649, "[C@]": 7368, "[nH]": 6795}}, "0.00": {"activatedMoleculePct": 0.8494397015452241, "activatedTokens": {"C": 2748821, "c": 2024044, "1": 790746, "N": 697361, "O": 650496, "2": 544509, "=": 457092, "n": 378562, "[C@@H]": 237222, "3": 215467, "[C@H]": 195137, "F": 158688, "others": 86984, "o": 47523, "S": 47498, "s": 45803, "4": 43547, "-": 36699, "#": 31257, "[nH]": 23099, "Cl": 21020}}}