{"0.20": {"activatedMoleculePct": 0.199284036638927, "activatedTokens": {"c": 146839, "C": 76529, "O": 48463, "N": 47576, "n": 32061, "(": 29382, "=": 24585, "-": 17513, "[nH]": 14798, "o": 5702, "1": 5330, "[C@H]": 5132, "others": 4461, "2": 2703, "#": 1388, "F": 1242, "3": 941, "S": 862, "s": 792}}, "0.00": {"activatedMoleculePct": 0.3810791155626091, "activatedTokens": {"c": 401861, "C": 185648, "N": 126076, "(": 109001, "O": 97985, "=": 74809, "n": 72029, "-": 33818, "[nH]": 21764, "1": 19688, "o": 11631, "[C@H]": 11486, "2": 10575, "others": 9657, "#": 5931, ")": 4904, "3": 4416, "F": 4379, "[O-]": 3673, "Cl": 3443, "[C@@H]": 2597}}}