{"0.20": {"activatedMoleculePct": 0.45605386716155244, "activatedTokens": {"c": 568447, "=": 483330, "O": 426383, "C": 376543, "n": 90400, "(": 50136, "F": 41311, "N": 38087, "1": 36724, "2": 34639, "[C@H]": 28241, "others": 22417, "s": 19828, "[C@@H]": 15277, "3": 9320, "-": 7922, "o": 7744}}, "0.00": {"activatedMoleculePct": 0.665732408693799, "activatedTokens": {"c": 1131924, "=": 928083, "C": 882227, "O": 867713, "n": 183833, "(": 161291, "F": 81357, "1": 78811, "2": 74585, "[C@H]": 62404, "N": 58247, "others": 41221, "[C@@H]": 37583, "s": 31138, ")": 28310, "3": 21541, "o": 15391, "-": 15259}}}