{"0.20": {"activatedMoleculePct": 0.3789340084793615, "activatedTokens": {"O": 378391, "C": 306051, "n": 173703, "c": 114578, "=": 68915, ")": 28647, "N": 27214, "s": 21323, "o": 16583, "Cl": 15923, "1": 15481, "(": 12384, "S": 12299, "[O-]": 11731, "2": 10532, "Br": 10209, "others": 8973, "3": 7914, "[nH]": 7827, "/": 7002, "[C@@H]": 6690, "F": 5974, "#": 5135}}, "0.00": {"activatedMoleculePct": 0.5750930290977294, "activatedTokens": {"O": 746671, "C": 718366, "c": 305248, "n": 283324, "=": 217637, ")": 102212, "(": 73860, "N": 57351, "1": 53661, "s": 30286, "2": 29651, "o": 28903, "Cl": 28776, "S": 26435, "[C@@H]": 24110, "others": 23920, "3": 20627, "[O-]": 18515, "Br": 18099, "[nH]": 17295, "F": 16481, "/": 14577, "#": 9622}}}