{"0.20": {"activatedMoleculePct": 0.015782539311705517, "activatedTokens": {"C": 8344, "1": 2730, ".": 2323, "S": 2104, "[C@@H]": 2018, "c": 2012, "n": 1599, "s": 1480, "=": 992, "(": 640, ")": 599, "N": 474, "/": 360, "2": 322, "-": 317, "others": 284, "[N+]": 274, "P": 239, "F": 224, "O": 221, "[C@H]": 204, "B": 147, "[C@]": 114, "[O-]": 103, "[C-]": 93, "[n+]": 90, "3": 90, "[P+]": 77, "[CH]": 59, "[nH]": 40, "[Si]": 40, "[B-]": 38, "[C]": 36, "[Cl+3]": 25, "[W]": 23, "[SiH]": 22, "[c-]": 22, "#": 20, "[CH2-]": 17, "4": 17, "I": 16, "[PH+]": 16, "[Na+]": 15, "[Y]": 14, "[Cl-]": 14, "[NH+]": 14}}, "0.00": {"activatedMoleculePct": 0.05111199158069272, "activatedTokens": {"C": 38350, "1": 10094, "c": 9033, "[C@@H]": 6057, "S": 5804, "n": 5540, "=": 4939, "s": 3867, ".": 3768, "(": 3376, ")": 2763, "F": 1937, "N": 1718, "2": 1169, "O": 1141, "-": 1132, "others": 1022, "[N+]": 780, "[C@H]": 688, "/": 680, "[O-]": 568, "P": 454, "3": 390, "[C@]": 338, "B": 191, "[n+]": 169, "[C-]": 122, "#": 120, "[nH]": 117, "[P+]": 104, "[CH]": 80, "[Si]": 75, "4": 74, "[B-]": 52}}}