{"0.20": {"activatedMoleculePct": 0.636981089515194, "activatedTokens": {")": 2503505, "others": 596}}, "0.00": {"activatedMoleculePct": 0.8477340155100983, "activatedTokens": {")": 4041940, "others": 3625}}}