{"0.20": {"activatedMoleculePct": 0.9925737842867427, "activatedTokens": {"1": 4067687, "2": 2648571, "3": 988907, "4": 196668, "others": 29264}}, "0.00": {"activatedMoleculePct": 0.9927554116532997, "activatedTokens": {"1": 4078938, "2": 2658732, "3": 1000952, "4": 202323, "others": 72934}}}