{"0.20": {"activatedMoleculePct": 0.48544307922834734, "activatedTokens": {"C": 914547, "=": 10739, "others": 8114}}, "0.00": {"activatedMoleculePct": 0.6059938495700631, "activatedTokens": {"C": 1360735, "c": 19409, "=": 17724, "n": 17437, "others": 14089, "O": 5387, "[C@H]": 4047}}}