{"0.20": {"activatedMoleculePct": 0.05104388131823385, "activatedTokens": {"C": 159524, ")": 109842, "(": 101192, "c": 98947, "O": 67561, "=": 65870, "1": 62845, "N": 20863, "2": 15987, "n": 9178, "[C@@H]": 7852, "others": 7295, "[C@H]": 7233, "3": 6641, "F": 4443, "s": 2051, "S": 1663, "-": 1156}}, "0.00": {"activatedMoleculePct": 0.21941830906386472, "activatedTokens": {"C": 283598, "c": 236931, ")": 219638, "(": 209935, "=": 149053, "O": 126994, "1": 121552, "2": 65175, "N": 39885, "n": 38301, "3": 35522, "F": 23731, "[C@@H]": 13015, "others": 12772, "[C@H]": 12337, "[O-]": 4777, "4": 4290, "S": 3757, "s": 3652, "-": 3546}}}