{"0.20": {"activatedMoleculePct": 0.24928209586263111, "activatedTokens": {"C": 354610, "O": 85044, "2": 60765, "(": 59991, "c": 57992, "[C@@H]": 31652, "N": 24869, "3": 23456, "=": 22869, "1": 22075, "[C@H]": 21222, "Cl": 11958, "S": 9555, "n": 6882, "others": 6763, "4": 4731, "F": 3557, ".": 3235, "-": 3050, "Br": 2603, "#": 2320}}, "0.00": {"activatedMoleculePct": 0.449665417490276, "activatedTokens": {"C": 785100, "O": 251723, "c": 211999, "(": 174118, "2": 87704, "1": 82445, "[C@@H]": 76079, "N": 60527, "=": 58982, "[C@H]": 50224, "3": 37740, "Cl": 26528, "S": 22943, "n": 22895, "others": 16747, "F": 12970, "-": 10227, "4": 8880, ".": 5856, "Br": 5032, "[C@]": 4702, "[C@@]": 4119}}}