{"0.20": {"activatedMoleculePct": 0.3532762134795336, "activatedTokens": {"C": 550884, "c": 133441, "n": 28412, "[C@H]": 21207, "2": 20548, "[C@@H]": 19679, "1": 16859, "O": 10809, "3": 10524, "others": 8338, "(": 5290, "[N+]": 3481, "N": 3180, "[nH]": 2947, "Cl": 2576, "4": 1783}}, "0.00": {"activatedMoleculePct": 0.579047818530825, "activatedTokens": {"C": 1032441, "c": 448827, "n": 98771, "O": 72251, "1": 60284, "2": 47544, "[C@H]": 36169, "(": 32096, "[C@@H]": 31137, "3": 21464, "others": 17938, "N": 13090, "[N+]": 11603, "[nH]": 7646, ")": 5900, "F": 5073, "Cl": 3725}}}