{"0.20": {"activatedMoleculePct": 0.1740649303188073, "activatedTokens": {"C": 196724, "N": 71238, "[C@H]": 49943, "[C@@H]": 46724, "O": 45253, "c": 38685, "1": 28241, "n": 20083, "=": 17422, "S": 8355, "others": 4731, "o": 3793, "(": 3584, "[C@]": 2684, "-": 2661, "#": 2544, "[C@@]": 2499, "/": 990, "s": 918}}, "0.00": {"activatedMoleculePct": 0.3793814855800321, "activatedTokens": {"C": 475552, "c": 160061, "N": 147098, "O": 119886, "[C@H]": 78601, "1": 76883, "[C@@H]": 72251, "=": 66634, "n": 60407, "(": 38297, "S": 22488, "others": 13544, "-": 11203, "o": 8987, "2": 7140, "#": 6221, "s": 4856, "[C@]": 4683, ")": 4467, "[C@@]": 4092, "Cl": 2946}}}