{"0.20": {"activatedMoleculePct": 0.6694894586552398, "activatedTokens": {"C": 1284399, "c": 1131673, "1": 578420, "n": 294341, "N": 254380, "O": 240359, "2": 218712, "=": 141613, "[C@@H]": 128051, "3": 113659, "[C@H]": 83488, "others": 42788, "F": 20748, "S": 18996, "o": 18717, "s": 17392, "4": 12977, "#": 10952, "[nH]": 8584, "[O-]": 7807}}, "0.00": {"activatedMoleculePct": 0.8717740086844247, "activatedTokens": {"C": 2810310, "c": 2605610, "1": 1123627, "n": 555240, "N": 550825, "O": 550542, "2": 448898, "=": 341641, "[C@@H]": 245155, "3": 226138, "[C@H]": 161101, "others": 86111, "F": 61716, "S": 46101, "o": 38651, "s": 34715, "4": 28915, "#": 22184, "(": 21412, "Cl": 20798, "[nH]": 18945}}}