{"0.20": {"activatedMoleculePct": 0.20896301759222166, "activatedTokens": {"C": 90362, "O": 72296, "c": 69574, "[C@@H]": 62018, "[C@H]": 41948, "N": 40678, "=": 33994, "1": 20705, "2": 17333, "#": 14788, "n": 13906, "3": 8462, "(": 8237, "S": 7196, ")": 7128, "others": 3017, "[C@]": 2263, "F": 2161}}, "0.00": {"activatedMoleculePct": 0.380379703727682, "activatedTokens": {"c": 215190, "C": 203308, "O": 135493, "[C@@H]": 125324, "N": 104356, "[C@H]": 88831, "1": 80120, "=": 69725, ")": 54789, "2": 53954, "(": 53578, "n": 36950, "3": 26274, "#": 18958, "S": 12374, "others": 11799, "F": 10064, "[C@]": 5614, "4": 3713}}}