{"0.20": {"activatedMoleculePct": 0.8728147042000596, "activatedTokens": {"C": 2458214, ")": 1687779, "(": 1453639, "2": 372676, "3": 251159, "1": 217107, "n": 98137, "S": 86347, "4": 77322, "others": 58978, "c": 39441, "[C@]": 27193, "/": 22127, "s": 18490}}, "0.00": {"activatedMoleculePct": 0.9696264847854124, "activatedTokens": {"C": 4873467, ")": 2722474, "(": 2321462, "2": 664322, "1": 547455, "3": 434781, "n": 247216, "S": 132495, "c": 126978, "others": 112338, "4": 107036, "[C@]": 36678, "/": 32949, "s": 32937}}}