{"0.20": {"activatedMoleculePct": 0.2705434832760011, "activatedTokens": {"C": 454896, "others": 2383}}, "0.00": {"activatedMoleculePct": 0.37633703008496205, "activatedTokens": {"C": 682068, "others": 5818, "[C@H]": 5018, ".": 4074, "n": 2184}}}