{"0.20": {"activatedMoleculePct": 0.11992459534814232, "activatedTokens": {"C": 152498, "O": 69092, ")": 44692, "=": 17692, "1": 15348, "2": 14392, "3": 7472, "N": 7308, "#": 5840, "c": 4856, "others": 3304, "(": 2287, "s": 1693, "F": 1648, "Cl": 1614, "n": 1326, "/": 1196, "4": 899}}, "0.00": {"activatedMoleculePct": 0.27649544137280996, "activatedTokens": {"C": 417738, "O": 191170, ")": 182571, "=": 71505, "1": 50158, "2": 43591, "c": 35058, "N": 23316, "3": 21363, "#": 13317, "(": 13162, "n": 10319, "others": 8908, "s": 7038, "[C@H]": 5804, "Cl": 4439, "4": 2925, "F": 2872, "[C@@H]": 2643, "/": 2561}}}