{"0.20": {"activatedMoleculePct": 0.9999970705263459, "activatedTokens": {"C": 12731845, "c": 10249197, "(": 6155965, ")": 5927070, "1": 4036771, "O": 2941675, "N": 2648853, "2": 2622701, "=": 2079984, "n": 1618169, "3": 985414, "[C@@H]": 771813, "[C@H]": 760148, "F": 560897, "others": 435947, "S": 229095, "4": 199502, "Cl": 187271, "-": 180297, "o": 173246, "s": 156208, "[nH]": 135586}}, "0.00": {"activatedMoleculePct": 0.9999978028947594, "activatedTokens": {"C": 13202778, "c": 10345831, "(": 6222853, ")": 6214968, "1": 4079572, "O": 3410755, "N": 2699290, "2": 2658192, "=": 2375080, "n": 1691241, "3": 1002300, "[C@H]": 800282, "[C@@H]": 788403, "F": 572046, "others": 457577, "S": 237856, "4": 203249, "Cl": 188411, "-": 183388, "o": 176776, "s": 162672, "[nH]": 141541}}}