{"0.20": {"activatedMoleculePct": 0.4219804267217798, "activatedTokens": {"=": 584787, "O": 471571, "C": 412573, "c": 33329, "N": 14491, "others": 14341}}, "0.00": {"activatedMoleculePct": 0.6640464966058386, "activatedTokens": {"=": 1046454, "O": 953976, "C": 837348, "c": 175336, "N": 52336, "others": 27585, "1": 13245, "[C@H]": 9574, "F": 8839, "(": 6846}}}