{"0.20": {"activatedMoleculePct": 0.47292910014625394, "activatedTokens": {"(": 1630382, "others": 1454}}, "0.00": {"activatedMoleculePct": 0.7532760670058509, "activatedTokens": {"(": 3252346, "others": 11632}}}