{"0.20": {"activatedMoleculePct": 0.4186693891241826, "activatedTokens": {"C": 717802, "[C@H]": 13049, "[C@@H]": 12650, "others": 1119}}, "0.00": {"activatedMoleculePct": 0.5807102948295523, "activatedTokens": {"C": 1118363, "[C@@H]": 56536, "[C@H]": 53724, "others": 9565, "S": 3123}}}