{"0.20": {"activatedMoleculePct": 0.5096793471375014, "activatedTokens": {"(": 1774242, "others": 2284}}, "0.00": {"activatedMoleculePct": 0.7477020110104268, "activatedTokens": {"(": 3136521, "others": 12452}}}