{"0.20": {"activatedMoleculePct": 0.5776336151242866, "activatedTokens": {")": 2427651, "others": 266}}, "0.00": {"activatedMoleculePct": 0.8014087838802783, "activatedTokens": {")": 3949969, "others": 1958}}}