{"0.20": {"activatedMoleculePct": 0.5838353108501113, "activatedTokens": {"=": 933228, "O": 928504, "C": 599165, "others": 1773}}, "0.00": {"activatedMoleculePct": 0.749902778093103, "activatedTokens": {"O": 1437258, "=": 1396557, "C": 981694, "others": 13261}}}