{"0.20": {"activatedMoleculePct": 0.3685248562177712, "activatedTokens": {"c": 813505, "2": 77666, "n": 77171, "1": 76656, "C": 73561, "F": 68467, "O": 47433, "3": 41215, "=": 36571, "N": 26968, "Cl": 16102, "[nH]": 15104, "others": 12606, "4": 11466, "[C@H]": 10064, "o": 8617, "Br": 8437, "[C@@H]": 8275, "S": 8063, "-": 5265, "#": 4319, "[N+]": 3200, "s": 2864, "(": 2727}}, "0.00": {"activatedMoleculePct": 0.7568251243378474, "activatedTokens": {"c": 2685345, "C": 450711, "1": 405427, "2": 319393, "n": 298765, "=": 263959, "O": 253196, "F": 185889, "3": 155342, "N": 98223, "Cl": 48247, "[C@H]": 47170, "[C@@H]": 46807, "others": 46290, "[nH]": 41371, "4": 37304, "o": 29303, "S": 27481, "-": 25854, "Br": 21351, "(": 20510, "#": 14971, "s": 10023}}}