{"0.20": {"activatedMoleculePct": 0.02687279419788448, "activatedTokens": {"c": 46592, ")": 39524, "(": 37462, "C": 24838, "1": 13143, "2": 11781, "O": 10506, "=": 6794, "n": 4738, "3": 3020, "N": 2655, "others": 2009, "[C@H]": 956, "4": 549, "-": 533, "[C@@H]": 513}}, "0.00": {"activatedMoleculePct": 0.11662600801357519, "activatedTokens": {"c": 120528, ")": 114825, "C": 102906, "(": 89172, "O": 42055, "1": 34415, "=": 23210, "2": 20512, "3": 10349, "n": 10024, "N": 6965, "others": 5324, "[C@H]": 3664, "[C@@H]": 3183, "4": 2310, "S": 1962, "-": 1516, "F": 1183, "[O-]": 1118}}}